[Licensing::Module] Trying to connect to existing licensing client channel...
Built from '6000.3/staging' branch; Version is '6000.3.13f1 (8c4f11e4fb20) revision 9195281'; Using compiler version '194234433'; Build Type 'Release'
[Licensing::IpcConnector] Successfully connected to: "LicenseClient-Akshay" at "2026-09-18T10:42:24.3744303Z"
OS: 'Windows 11  (10.0.26200) Professional' Language: 'en' Physical Memory: 32721 MB
BatchMode: 1, IsHumanControllingUs: 0, StartBugReporterOnCrash: 0, Is64bit: 1
System  architecture: x64
Process architecture: x64
Date: 2026-09-18T10:42:24Z

COMMAND LINE ARGUMENTS:
C:\Program Files\Unity\Hub\Editor\6000.3.13f1\Editor\Unity.exe
-adb2
-batchMode
-noUpm
-name
AssetImportWorker3
-projectPath
C:/Users/Akshay/Downloads/basketball/Hoops-Unity-Project-2026-09-14/Basketball Betting
-logFile
Logs/AssetImportWorker3.log
-srvPort
57243
-licensingIpc
LicenseClient-Akshay
-job-worker-count
7
-background-job-worker-count
8
-gc-helper-count
1
-name
AssetImport
Successfully changed project path to: C:/Users/Akshay/Downloads/basketball/Hoops-Unity-Project-2026-09-14/Basketball Betting
C:/Users/Akshay/Downloads/basketball/Hoops-Unity-Project-2026-09-14/Basketball Betting
[UnityMemory] Configuration Parameters - Can be set up in boot.config
    "memorysetup-temp-allocator-size-nav-mesh-worker=65536"
    "memorysetup-temp-allocator-size-audio-worker=65536"
    "memorysetup-temp-allocator-size-gfx=262144"
    "memorysetup-allocator-temp-initial-block-size-main=262144"
    "memorysetup-allocator-temp-initial-block-size-worker=262144"
    "memorysetup-temp-allocator-size-background-worker=32768"
    "memorysetup-temp-allocator-size-job-worker=262144"
    "memorysetup-temp-allocator-size-preload-manager=33554432"
    "memorysetup-temp-allocator-size-gi-baking-worker=262144"
    "memorysetup-temp-allocator-size-gi-baking-worker=262144"
    "memorysetup-temp-allocator-size-gi-baking-worker=262144"
    "memorysetup-temp-allocator-size-gi-baking-worker=262144"
    "memorysetup-temp-allocator-size-gi-baking-worker=262144"
    "memorysetup-bucket-allocator-granularity=16"
    "memorysetup-bucket-allocator-bucket-count=8"
    "memorysetup-bucket-allocator-block-size=33554432"
    "memorysetup-bucket-allocator-block-count=8"
    "memorysetup-main-allocator-block-size=16777216"
    "memorysetup-thread-allocator-block-size=16777216"
    "memorysetup-gfx-main-allocator-block-size=16777216"
    "memorysetup-gfx-thread-allocator-block-size=16777216"
    "memorysetup-cache-allocator-block-size=4194304"
    "memorysetup-typetree-allocator-block-size=2097152"
    "memorysetup-profiler-bucket-allocator-granularity=16"
    "memorysetup-profiler-bucket-allocator-bucket-count=8"
    "memorysetup-profiler-bucket-allocator-block-size=33554432"
    "memorysetup-profiler-bucket-allocator-block-count=8"
    "memorysetup-profiler-allocator-block-size=16777216"
    "memorysetup-profiler-editor-allocator-block-size=1048576"
    "memorysetup-temp-allocator-size-main=16777216"
    "memorysetup-job-temp-allocator-block-size=2097152"
    "memorysetup-job-temp-allocator-block-size-background=1048576"
    "memorysetup-job-temp-allocator-reduction-small-platforms=262144"
    "memorysetup-temp-allocator-size-cloud-worker=32768"
Player connection [21944]  Target information:

Player connection [21944]  * "[IP] 192.168.1.2 [Port] 0 [Flags] 2 [Guid] 2254357808 [EditorId] 2254357808 [Version] 1048832 [Id] WindowsEditor(7,AkshayGOD) [Debug] 1 [PackageName] WindowsEditor [ProjectName] Editor" 

Player connection [21944] Host joined multi-casting on [225.0.0.222:54997]...
Player connection [21944] Host joined alternative multi-casting on [225.0.0.222:34997]...
JobSystem: Creating JobQueue using job-worker-count value 7
Input System module state changed to: Initialized.
[Physics::Module] Initialized fallback backend.
[Physics::Module] Id: 0xdecafbad
Library Redirect Path: Library/
[Physics::Module] Selected backend.
[Physics::Module] Name: PhysX
[Physics::Module] Id: 0xf2b8ea05
[Physics::Module] SDK Version: 4.1.2
[Physics::Module] Integration Version: 1.0.0
[Physics::Module] Threading Mode: Multi-Threaded
Refreshing native plugins compatible for Editor in 5.42 ms, found 4 plugins.
Preloading 0 native plugins for Editor in 0.00 ms.
Initialize engine version: 6000.3.13f1 (8c4f11e4fb20)
[Subsystems] Discovering subsystems at path C:/Program Files/Unity/Hub/Editor/6000.3.13f1/Editor/Data/Resources/UnitySubsystems
[Subsystems] Discovering subsystems at path C:/Users/Akshay/Downloads/basketball/Hoops-Unity-Project-2026-09-14/Basketball Betting/Assets
GfxDevice: creating device client; kGfxThreadingModeNonThreaded
Direct3D:
    Version:  Direct3D 11.0 [level 11.1]
    Renderer: NVIDIA GeForce RTX 3060 (ID=0x2503)
    Vendor:   NVIDIA
    VRAM:     12115 MB
    Driver:   32.0.15.9636
Initialize mono
Mono path[0] = 'C:/Program Files/Unity/Hub/Editor/6000.3.13f1/Editor/Data/Managed'
Mono path[1] = 'C:/Program Files/Unity/Hub/Editor/6000.3.13f1/Editor/Data/MonoBleedingEdge/lib/mono/unityjit-win32'
Mono config path = 'C:/Program Files/Unity/Hub/Editor/6000.3.13f1/Editor/Data/MonoBleedingEdge/etc'
Using monoOptions --debugger-agent=transport=dt_socket,embedding=1,server=y,suspend=n,address=127.0.0.1:56912
Begin MonoManager ReloadAssembly
Registering precompiled unity dll's ...
Register platform support module: C:/Program Files/Unity/Hub/Editor/6000.3.13f1/Editor/Data/PlaybackEngines/WebGLSupport/UnityEditor.WebGL.Extensions.dll
Register platform support module: C:/Program Files/Unity/Hub/Editor/6000.3.13f1/Editor/Data/PlaybackEngines/WindowsStandaloneSupport/UnityEditor.WindowsStandalone.Extensions.dll
[Licensing::Module] Licensing is not yet initialized.
[Licensing::Client] Error: HandshakeResponse reported an error:
	ResponseCode: 505
	ResponseStatus: Unsupported protocol version '1.18.1'.
[Licensing::Module] Error: Failed to handshake to channel: "LicenseClient-Akshay"
[Licensing::IpcConnector] LicenseClient-Akshay channel disconnected successfully.
[Licensing::IpcConnector] Successfully connected to: "LicenseClient-Akshay-6000.3.13" at "2026-09-18T10:42:27.552693Z"
[Licensing::Client] Handshaking with LicensingClient:
  Version:                 1.18.1+9fbee8e
  Session Id:              d6b2401eeaac4b9e923dda74c08ee409
  Correlation Id:          5e93026b5c0b11c00edbe502aa1f5ea4
  External correlation Id: 9021955175149512508
  Machine Id:              3NfW/rOMhHNi3qXUenoIsbRB2l4=
[Licensing::Module] Successfully connected to LicensingClient on channel: "LicenseClient-Akshay-6000.3.13" (connect: 0.01s, validation: 0.00s, handshake: 2.69s)
[Licensing::IpcConnector] Successfully connected to: "LicenseClient-Akshay-6000.3.13-notifications" at "2026-09-18T10:42:30.2512299Z"
[Licensing::Module] Licensing Background thread has ended after 5.88s
[Licensing::Module] Licensing is initialized (took 4.60s).
[Licensing::Client] Successfully resolved entitlement details
[Licensing::Module] License group:
  Id: F4-3PM3-ADE2-V2GM-5WSR-XXXX
  Product: Unity Personal
  Type: ULF
  Expiration: 2026-10-26T11:41:56Z
[Licensing::Module] License group:
  Id: 13469192146326-UnityPersXXXX
  Product: Unity Personal
  Type: Assigned
  Expiration: Unlimited
Register platform support module: C:/Program Files/Unity/Hub/Editor/6000.3.13f1/Editor/Data/PlaybackEngines/AndroidPlayer/UnityEditor.Android.Extensions.dll
[Licensing::Client] Successfully resolved entitlement details
[Licensing::Module] License group:
  Id: F4-3PM3-ADE2-V2GM-5WSR-XXXX
  Product: Unity Personal
  Type: ULF
  Expiration: 2026-10-26T11:41:56Z
[Licensing::Module] License group:
  Id: 13469192146326-UnityPersXXXX
  Product: Unity Personal
  Type: Assigned
  Expiration: Unlimited
Register platform support module: C:/Program Files/Unity/Hub/Editor/6000.3.13f1/Editor/Data/PlaybackEngines/iOSSupport/UnityEditor.iOS.Extensions.dll
Registered in 4.699960 seconds.
- Loaded All Assemblies, in  7.007 seconds
[usbmuxd] Start listen thread
[usbmuxd] Listen thread started
Native extension for iOS target not found
Native extension for Android target not found
Native extension for WindowsStandalone target not found
Native extension for WebGL target not found
Package Manager log level set to [2]
[Package Manager] Failed to launch server process. Reason: Unity was launched with the -noUpm command-line argument
[Package Manager] Unable to send message (not connected to server process).
[Package Manager] Cannot connect to Unity Package Manager local server
ScheduleIndexationOnStartup MainProcess:False IndexOnStartup:True
Mono: successfully reloaded assembly
- Finished resetting the current domain, in  0.658 seconds
Domain Reload Profiling: 7661ms
	BeginReloadAssembly (215ms)
		ExecutionOrderSort (0ms)
		DisableScriptedObjects (0ms)
		BackupInstance (0ms)
		ReleaseScriptingObjects (0ms)
		CreateAndSetChildDomain (1ms)
	RebuildCommonClasses (61ms)
	RebuildNativeTypeToScriptingClass (22ms)
	initialDomainReloadingComplete (4772ms)
	LoadAllAssembliesAndSetupDomain (1933ms)
		LoadAssemblies (555ms)
		RebuildTransferFunctionScriptingTraits (0ms)
		AnalyzeDomain (1582ms)
			TypeCache.Refresh (1579ms)
				TypeCache.ScanAssembly (1323ms)
			BuildScriptInfoCaches (0ms)
			ResolveRequiredComponents (1ms)
	FinalizeReload (659ms)
		ReleaseScriptCaches (0ms)
		RebuildScriptCaches (0ms)
		SetupLoadedEditorAssemblies (613ms)
			LogAssemblyErrors (0ms)
			InitializePlatformSupportModulesInManaged (225ms)
			SetLoadedEditorAssemblies (5ms)
			BeforeProcessingInitializeOnLoad (110ms)
			ProcessInitializeOnLoadAttributes (177ms)
			ProcessInitializeOnLoadMethodAttributes (97ms)
			AfterProcessingInitializeOnLoad (0ms)
			EditorAssembliesLoaded (0ms)
		ExecutionOrderSort2 (0ms)
		AwakeInstancesAfterBackupRestoration (0ms)
========================================================================
Worker process is ready to serve import requests
Import Worker Mode flag is 0x00
Begin MonoManager ReloadAssembly
[Licensing::Client] Successfully resolved entitlement details
[Licensing::Module] License group:
  Id: F4-3PM3-ADE2-V2GM-5WSR-XXXX
  Product: Unity Personal
  Type: ULF
  Expiration: 2026-10-26T11:41:56Z
[Licensing::Module] License group:
  Id: 13469192146326-UnityPersXXXX
  Product: Unity Personal
  Type: Assigned
  Expiration: Unlimited
- Loaded All Assemblies, in 16.266 seconds
Refreshing native plugins compatible for Editor in 68.00 ms, found 4 plugins.
Native extension for iOS target not found
Native extension for Android target not found
Native extension for WindowsStandalone target not found
Native extension for WebGL target not found
[Package Manager] Failed to launch server process. Reason: Unity was launched with the -noUpm command-line argument
[Package Manager] Unable to send message (not connected to server process).
[Package Manager] Cannot connect to Unity Package Manager local server
Refreshing native plugins compatible for Editor in 3.54 ms, found 4 plugins.
[Package Manager] Failed to launch server process. Reason: Unity was launched with the -noUpm command-line argument
[Package Manager] Unable to send message (not connected to server process).
[Package Manager] Cannot connect to Unity Package Manager local server
ScheduleIndexationOnStartup MainProcess:False IndexOnStartup:True
Mono: successfully reloaded assembly
- Finished resetting the current domain, in  1.963 seconds
Domain Reload Profiling: 18222ms
	BeginReloadAssembly (7747ms)
		ExecutionOrderSort (0ms)
		DisableScriptedObjects (7ms)
		BackupInstance (0ms)
		ReleaseScriptingObjects (0ms)
		CreateAndSetChildDomain (38ms)
	RebuildCommonClasses (456ms)
	RebuildNativeTypeToScriptingClass (16ms)
	initialDomainReloadingComplete (54ms)
	LoadAllAssembliesAndSetupDomain (7985ms)
		LoadAssemblies (14891ms)
		RebuildTransferFunctionScriptingTraits (0ms)
		AnalyzeDomain (742ms)
			TypeCache.Refresh (625ms)
				TypeCache.ScanAssembly (598ms)
			BuildScriptInfoCaches (99ms)
			ResolveRequiredComponents (11ms)
	FinalizeReload (1964ms)
		ReleaseScriptCaches (0ms)
		RebuildScriptCaches (0ms)
		SetupLoadedEditorAssemblies (1084ms)
			LogAssemblyErrors (0ms)
			InitializePlatformSupportModulesInManaged (19ms)
			SetLoadedEditorAssemblies (8ms)
			BeforeProcessingInitializeOnLoad (307ms)
			ProcessInitializeOnLoadAttributes (589ms)
			ProcessInitializeOnLoadMethodAttributes (148ms)
			AfterProcessingInitializeOnLoad (12ms)
			EditorAssembliesLoaded (0ms)
		ExecutionOrderSort2 (0ms)
		AwakeInstancesAfterBackupRestoration (11ms)
Launched and connected shader compiler UnityShaderCompiler.exe after 0.05 seconds
Refreshing native plugins compatible for Editor in 7.24 ms, found 4 plugins.
Preloading 0 native plugins for Editor in 0.00 ms.
Unloading 16 Unused Serialized files (Serialized files now loaded: 0)
Unloading 6507 unused Assets / (3.0 MB). Loaded Objects now: 7301.
Memory consumption went from 148.6 MB to 145.6 MB.
Total: 20.905400 ms (FindLiveObjects: 2.011400 ms CreateObjectMapping: 2.063400 ms MarkObjects: 10.895700 ms  DeleteObjects: 5.932700 ms)

========================================================================
Received Import Request.
  Time since last request: 175871.745411 seconds.
  path: Assets/BasketballBetting/Scripts/Arena/CrowdAnimator.cs
  artifactKey: Guid(ce2ce4d14fdede9449ce0eafaadc9545) Importer(2089858483,b0f066a214c2f5e87bad3c948f4d605d)
Start importing Assets/BasketballBetting/Scripts/Arena/CrowdAnimator.cs using Guid(ce2ce4d14fdede9449ce0eafaadc9545) Importer(2089858483,b0f066a214c2f5e87bad3c948f4d605d) (ScriptedImporter) -> (artifact id: '9e9358d58e8a9a7b3581c7be0fac8864') in 0.2220343 seconds
Number of updated asset objects reloaded before import = 0Number of asset objects unloaded after import = 0

========================================================================
Received Import Request.
  Time since last request: 0.000045 seconds.
  path: Assets/BasketballBetting/Resources/PlayerModels/StrikerStreet.prefab
  artifactKey: Guid(1854e090f6a31b5429578951a2b55342) Importer(815301076,1909f56bfc062723c751e8b465ee728b)
Start importing Assets/BasketballBetting/Resources/PlayerModels/StrikerStreet.prefab using Guid(1854e090f6a31b5429578951a2b55342) Importer(815301076,1909f56bfc062723c751e8b465ee728b) (PreviewImporter) -> (artifact id: '49b6a0fe5baf64dc2275752438339cd5') in 8.7986317 seconds
Number of updated asset objects reloaded before import = 0Number of asset objects unloaded after import = 335

========================================================================
Received Import Request.
  Time since last request: 0.000074 seconds.
  path: Assets/BasketballBetting/Art/Meshes/CrowdNorth_3_0.asset
  artifactKey: Guid(b4c6a11dae65f8045b7e99d66da68706) Importer(2089858483,b0f066a214c2f5e87bad3c948f4d605d)
Start importing Assets/BasketballBetting/Art/Meshes/CrowdNorth_3_0.asset using Guid(b4c6a11dae65f8045b7e99d66da68706) Importer(2089858483,b0f066a214c2f5e87bad3c948f4d605d) (ScriptedImporter) -> (artifact id: 'b83c19a10b050421277a772619354f00') in 0.0427053 seconds
Number of updated asset objects reloaded before import = 0Number of asset objects unloaded after import = 1

========================================================================
Received Import Request.
  Time since last request: 0.000075 seconds.
  path: Assets/BasketballBetting/Art/Meshes/CrowdEast_6_0.asset
  artifactKey: Guid(7c56083a40b088f4db98759183f84c29) Importer(2089858483,b0f066a214c2f5e87bad3c948f4d605d)
Start importing Assets/BasketballBetting/Art/Meshes/CrowdEast_6_0.asset using Guid(7c56083a40b088f4db98759183f84c29) Importer(2089858483,b0f066a214c2f5e87bad3c948f4d605d) (ScriptedImporter) -> (artifact id: '23dd1f09fbb4c661726ac4bd5d419a8d') in 0.0503211 seconds
Number of updated asset objects reloaded before import = 0Number of asset objects unloaded after import = 1

========================================================================
Received Import Request.
  Time since last request: 0.000050 seconds.
  path: Assets
  artifactKey: Guid(00000000000000001000000000000000) Importer(815301076,1909f56bfc062723c751e8b465ee728b)
Start importing Assets using Guid(00000000000000001000000000000000) Importer(815301076,1909f56bfc062723c751e8b465ee728b) (PreviewImporter) -> (artifact id: 'c391582d739b6e62a5220f35cbb167ac') in 0.0011033 seconds
Number of updated asset objects reloaded before import = 0Number of asset objects unloaded after import = 0

========================================================================
Received Import Request.
  Time since last request: 0.000051 seconds.
  path: Assets/BasketballBetting/Art/Meshes/CrowdSouth_6_2.asset
  artifactKey: Guid(eafa24803e32ca243a6b236341357235) Importer(2089858483,b0f066a214c2f5e87bad3c948f4d605d)
Start importing Assets/BasketballBetting/Art/Meshes/CrowdSouth_6_2.asset using Guid(eafa24803e32ca243a6b236341357235) Importer(2089858483,b0f066a214c2f5e87bad3c948f4d605d) (ScriptedImporter) -> (artifact id: 'f2a51e2e4766539d1077eaeb55e81054') in 0.0766683 seconds
Number of updated asset objects reloaded before import = 0Number of asset objects unloaded after import = 1

========================================================================
Received Import Request.
  Time since last request: 0.000356 seconds.
  path: Assets/BasketballBetting/Art/Meshes/CrowdWest_6_1.asset
  artifactKey: Guid(383be8cddf850f64cb88569e93b68706) Importer(2089858483,b0f066a214c2f5e87bad3c948f4d605d)
Start importing Assets/BasketballBetting/Art/Meshes/CrowdWest_6_1.asset using Guid(383be8cddf850f64cb88569e93b68706) Importer(2089858483,b0f066a214c2f5e87bad3c948f4d605d) (ScriptedImporter) -> (artifact id: '6e09657a61eb2985c8fa5b9fc09b7628') in 0.0403027 seconds
Number of updated asset objects reloaded before import = 0Number of asset objects unloaded after import = 1

========================================================================
Received Import Request.
  Time since last request: 0.000044 seconds.
  path: Assets/BasketballBetting/Art/Meshes/CrowdNorth_5_1.asset
  artifactKey: Guid(0fbf65b523b43794f999b117ff73b2ca) Importer(2089858483,b0f066a214c2f5e87bad3c948f4d605d)
Start importing Assets/BasketballBetting/Art/Meshes/CrowdNorth_5_1.asset using Guid(0fbf65b523b43794f999b117ff73b2ca) Importer(2089858483,b0f066a214c2f5e87bad3c948f4d605d) (ScriptedImporter) -> (artifact id: 'b9032372e4b1cd15fd8e1dd6974e8cbf') in 0.0385536 seconds
Number of updated asset objects reloaded before import = 0Number of asset objects unloaded after import = 1

========================================================================
Received Import Request.
  Time since last request: 0.000055 seconds.
  path: Assets/BasketballBetting/Art/Meshes/CrowdEast_1_3.asset
  artifactKey: Guid(436f11628cee44e43af71e5e52d7ee4c) Importer(2089858483,b0f066a214c2f5e87bad3c948f4d605d)
Start importing Assets/BasketballBetting/Art/Meshes/CrowdEast_1_3.asset using Guid(436f11628cee44e43af71e5e52d7ee4c) Importer(2089858483,b0f066a214c2f5e87bad3c948f4d605d) (ScriptedImporter) -> (artifact id: '743e4892cc0daf1656f8e6e8620376bd') in 0.0382657 seconds
Number of updated asset objects reloaded before import = 0Number of asset objects unloaded after import = 1

========================================================================
Received Import Request.
  Time since last request: 0.000073 seconds.
  path: Assets/BasketballBetting/Art/Meshes/CrowdNorth_0_3.asset
  artifactKey: Guid(0f246c1c5357fb849a9d0d4d57a71a36) Importer(2089858483,b0f066a214c2f5e87bad3c948f4d605d)
Start importing Assets/BasketballBetting/Art/Meshes/CrowdNorth_0_3.asset using Guid(0f246c1c5357fb849a9d0d4d57a71a36) Importer(2089858483,b0f066a214c2f5e87bad3c948f4d605d) (ScriptedImporter) -> (artifact id: '62a95b094ebcf678beaa006a7a818fed') in 0.0419661 seconds
Number of updated asset objects reloaded before import = 0Number of asset objects unloaded after import = 1

========================================================================
Received Import Request.
  Time since last request: 0.000064 seconds.
  path: Assets/BasketballBetting/Art/Meshes/CrowdWest_0_2.asset
  artifactKey: Guid(beaaeaccb6504ba4c8ad382e86d1e839) Importer(2089858483,b0f066a214c2f5e87bad3c948f4d605d)
Start importing Assets/BasketballBetting/Art/Meshes/CrowdWest_0_2.asset using Guid(beaaeaccb6504ba4c8ad382e86d1e839) Importer(2089858483,b0f066a214c2f5e87bad3c948f4d605d) (ScriptedImporter) -> (artifact id: '6f76f82920f1264faa7372dae63cf4da') in 0.0378847 seconds
Number of updated asset objects reloaded before import = 0Number of asset objects unloaded after import = 1

========================================================================
Received Import Request.
  Time since last request: 0.000048 seconds.
  path: Assets/BasketballBetting/Art/Meshes/CrowdSouth_3_1.asset
  artifactKey: Guid(f3993f1ef4a31fa4abf513ff6125e57d) Importer(2089858483,b0f066a214c2f5e87bad3c948f4d605d)
Start importing Assets/BasketballBetting/Art/Meshes/CrowdSouth_3_1.asset using Guid(f3993f1ef4a31fa4abf513ff6125e57d) Importer(2089858483,b0f066a214c2f5e87bad3c948f4d605d) (ScriptedImporter) -> (artifact id: '5a76f320c95aa5fa7bbf18661a9d78c1') in 0.0419003 seconds
Number of updated asset objects reloaded before import = 0Number of asset objects unloaded after import = 1

========================================================================
Received Import Request.
  Time since last request: 0.000068 seconds.
  path: Assets/BasketballBetting/Art/Meshes/CrowdNorth_7_2.asset
  artifactKey: Guid(ba67a9d39a58ed745845d6dabe4e9fcc) Importer(2089858483,b0f066a214c2f5e87bad3c948f4d605d)
Start importing Assets/BasketballBetting/Art/Meshes/CrowdNorth_7_2.asset using Guid(ba67a9d39a58ed745845d6dabe4e9fcc) Importer(2089858483,b0f066a214c2f5e87bad3c948f4d605d) (ScriptedImporter) -> (artifact id: '02cb1c0eb6da740d4b09dd368bf8582c') in 0.0408482 seconds
Number of updated asset objects reloaded before import = 0Number of asset objects unloaded after import = 1

========================================================================
Received Import Request.
  Time since last request: 0.000062 seconds.
  path: Assets/BasketballBetting/Art/Meshes/CrowdNorth_2_1.asset
  artifactKey: Guid(bc2738ea26dabe94fa60bb1ea84b305e) Importer(2089858483,b0f066a214c2f5e87bad3c948f4d605d)
Start importing Assets/BasketballBetting/Art/Meshes/CrowdNorth_2_1.asset using Guid(bc2738ea26dabe94fa60bb1ea84b305e) Importer(2089858483,b0f066a214c2f5e87bad3c948f4d605d) (ScriptedImporter) -> (artifact id: '074b1e2635adaac452e97f7679787e10') in 0.0441496 seconds
Number of updated asset objects reloaded before import = 0Number of asset objects unloaded after import = 1

========================================================================
Received Import Request.
  Time since last request: 0.000063 seconds.
  path: Assets/BasketballBetting/Art/Meshes/CrowdSouth_0_2.asset
  artifactKey: Guid(3f962423509dbaa43b2e051a423c37b3) Importer(2089858483,b0f066a214c2f5e87bad3c948f4d605d)
Start importing Assets/BasketballBetting/Art/Meshes/CrowdSouth_0_2.asset using Guid(3f962423509dbaa43b2e051a423c37b3) Importer(2089858483,b0f066a214c2f5e87bad3c948f4d605d) (ScriptedImporter) -> (artifact id: '3f499c376d0d7c252226b164c83a937d') in 0.0406412 seconds
Number of updated asset objects reloaded before import = 0Number of asset objects unloaded after import = 1

========================================================================
Received Import Request.
  Time since last request: 0.000082 seconds.
  path: Assets/BasketballBetting/Art/Meshes/CrowdNorth_1_3.asset
  artifactKey: Guid(46254fde6b70c524cae7aa44e8e9287d) Importer(2089858483,b0f066a214c2f5e87bad3c948f4d605d)
Start importing Assets/BasketballBetting/Art/Meshes/CrowdNorth_1_3.asset using Guid(46254fde6b70c524cae7aa44e8e9287d) Importer(2089858483,b0f066a214c2f5e87bad3c948f4d605d) (ScriptedImporter) -> (artifact id: '0dc087f8404ecfbf33f03bcaa5ac30ba') in 0.038367 seconds
Number of updated asset objects reloaded before import = 0Number of asset objects unloaded after import = 1

========================================================================
Received Import Request.
  Time since last request: 0.000053 seconds.
  path: Assets/Settings/Mobile_RPAsset.asset
  artifactKey: Guid(5e6cbd92db86f4b18aec3ed561671858) Importer(2089858483,b0f066a214c2f5e87bad3c948f4d605d)
Start importing Assets/Settings/Mobile_RPAsset.asset using Guid(5e6cbd92db86f4b18aec3ed561671858) Importer(2089858483,b0f066a214c2f5e87bad3c948f4d605d) (ScriptedImporter) -> (artifact id: '28afc72c48ab2a5dd9dc3091c30f0488') in 0.2098984 seconds
Number of updated asset objects reloaded before import = 0Number of asset objects unloaded after import = 2

========================================================================
Received Import Request.
  Time since last request: 0.000105 seconds.
  path: Assets/Settings/PC_RPAsset.asset
  artifactKey: Guid(4b83569d67af61e458304325a23e5dfd) Importer(2089858483,b0f066a214c2f5e87bad3c948f4d605d)
Start importing Assets/Settings/PC_RPAsset.asset using Guid(4b83569d67af61e458304325a23e5dfd) Importer(2089858483,b0f066a214c2f5e87bad3c948f4d605d) (ScriptedImporter) -> (artifact id: '3c863b1141b7cbc4d0c1d50b4ab319fb') in 0.0288105 seconds
Number of updated asset objects reloaded before import = 0Number of asset objects unloaded after import = 1

========================================================================
Received Import Request.
  Time since last request: 0.000066 seconds.
  path: Assets/BasketballBetting/Resources/PlayerModels/BlazeStreet.prefab
  artifactKey: Guid(db107e4689f815049811945be9b1d47f) Importer(815301076,1909f56bfc062723c751e8b465ee728b)
Start importing Assets/BasketballBetting/Resources/PlayerModels/BlazeStreet.prefab using Guid(db107e4689f815049811945be9b1d47f) Importer(815301076,1909f56bfc062723c751e8b465ee728b) (PreviewImporter) -> (artifact id: '6c1ef661bc0b438c19df36112f545dc0') in 6.0457742 seconds
Number of updated asset objects reloaded before import = 0Number of asset objects unloaded after import = 334

========================================================================
Received Import Request.
  Time since last request: 418.045316 seconds.
  path: Assets/Studio33 Interactive_[BasketBall] v1.1/Animations/Basketball Motions Humanoid/1130_AlleyoopCLA.fbx
  artifactKey: Guid(7d84dd64186a26e4eb775fdeb5b811c3) Importer(2089858483,b0f066a214c2f5e87bad3c948f4d605d)
Start importing Assets/Studio33 Interactive_[BasketBall] v1.1/Animations/Basketball Motions Humanoid/1130_AlleyoopCLA.fbx using Guid(7d84dd64186a26e4eb775fdeb5b811c3) Importer(2089858483,b0f066a214c2f5e87bad3c948f4d605d) (ScriptedImporter) -> (artifact id: '5a3b1df49ed8ef96b3de566c951679aa') in 0.280853 seconds
Number of updated asset objects reloaded before import = 0Number of asset objects unloaded after import = 155

========================================================================
Received Import Request.
  Time since last request: 0.000089 seconds.
  path: Assets/Studio33 Interactive_[BasketBall] v1.1/Animations/Basketball Motions Humanoid/460_MarkFaceguardShoot.fbx
  artifactKey: Guid(42baef991d08a34479ce8196f0c0f81f) Importer(2089858483,b0f066a214c2f5e87bad3c948f4d605d)
Start importing Assets/Studio33 Interactive_[BasketBall] v1.1/Animations/Basketball Motions Humanoid/460_MarkFaceguardShoot.fbx using Guid(42baef991d08a34479ce8196f0c0f81f) Importer(2089858483,b0f066a214c2f5e87bad3c948f4d605d) (ScriptedImporter) -> (artifact id: '332d297f719e87dc4552d2d565dca63d') in 0.034077 seconds
Number of updated asset objects reloaded before import = 0Number of asset objects unloaded after import = 155

========================================================================
Received Import Request.
  Time since last request: 0.000057 seconds.
  path: Assets/Studio33 Interactive_[BasketBall] v1.1/Animations/Basketball Motions_Generic/1134_AlleyoopDclutchFRightA.fbx
  artifactKey: Guid(f83984d6c7d6b4b4b9783a51ebeb9bcf) Importer(2089858483,b0f066a214c2f5e87bad3c948f4d605d)
Start importing Assets/Studio33 Interactive_[BasketBall] v1.1/Animations/Basketball Motions_Generic/1134_AlleyoopDclutchFRightA.fbx using Guid(f83984d6c7d6b4b4b9783a51ebeb9bcf) Importer(2089858483,b0f066a214c2f5e87bad3c948f4d605d) (ScriptedImporter) -> (artifact id: '4d48dfb1f5f7125d48abc3d207722ce1') in 0.0356799 seconds
Number of updated asset objects reloaded before import = 0Number of asset objects unloaded after import = 153

========================================================================
Received Import Request.
  Time since last request: 0.000045 seconds.
  path: Assets/Studio33 Interactive_[BasketBall] v1.1/Animations/Basketball Motions Humanoid/1179_DunkClutchRLeftA.fbx
  artifactKey: Guid(090769438670c4e4e82864826e7783ca) Importer(2089858483,b0f066a214c2f5e87bad3c948f4d605d)
Start importing Assets/Studio33 Interactive_[BasketBall] v1.1/Animations/Basketball Motions Humanoid/1179_DunkClutchRLeftA.fbx using Guid(090769438670c4e4e82864826e7783ca) Importer(2089858483,b0f066a214c2f5e87bad3c948f4d605d) (ScriptedImporter) -> (artifact id: '89c47edcce7e653cf83e11a68139d7c1') in 0.0356533 seconds
Number of updated asset objects reloaded before import = 0Number of asset objects unloaded after import = 155

========================================================================
Received Import Request.
  Time since last request: 0.000040 seconds.
  path: Assets/Studio33 Interactive_[BasketBall] v1.1/Animations/Basketball Motions_Generic/268_CrossThLRLA.fbx
  artifactKey: Guid(e3fb5fd3ec67c9b4fae0d8054cd584a5) Importer(2089858483,b0f066a214c2f5e87bad3c948f4d605d)
Start importing Assets/Studio33 Interactive_[BasketBall] v1.1/Animations/Basketball Motions_Generic/268_CrossThLRLA.fbx using Guid(e3fb5fd3ec67c9b4fae0d8054cd584a5) Importer(2089858483,b0f066a214c2f5e87bad3c948f4d605d) (ScriptedImporter) -> (artifact id: '419a5aaf5556a746a16576c20a846878') in 0.0296554 seconds
Number of updated asset objects reloaded before import = 0Number of asset objects unloaded after import = 153

========================================================================
Received Import Request.
  Time since last request: 0.000053 seconds.
  path: Assets/Studio33 Interactive_[BasketBall] v1.1/Animations/Basketball Motions_Generic/1565_LayupCA.fbx
  artifactKey: Guid(2a4b3cf841bac0a49ace11fc6a9db0cb) Importer(2089858483,b0f066a214c2f5e87bad3c948f4d605d)
Start importing Assets/Studio33 Interactive_[BasketBall] v1.1/Animations/Basketball Motions_Generic/1565_LayupCA.fbx using Guid(2a4b3cf841bac0a49ace11fc6a9db0cb) Importer(2089858483,b0f066a214c2f5e87bad3c948f4d605d) (ScriptedImporter) -> (artifact id: 'b286fad9e4f76adf903823a40398966f') in 0.0322609 seconds
Number of updated asset objects reloaded before import = 0Number of asset objects unloaded after import = 153

========================================================================
Received Import Request.
  Time since last request: 0.000049 seconds.
  path: Assets/Studio33 Interactive_[BasketBall] v1.1/Animations/Basketball Motions_Generic/443_FrontDenyRA.fbx
  artifactKey: Guid(75aa761a24832764ea4b5f0d0729bfd2) Importer(2089858483,b0f066a214c2f5e87bad3c948f4d605d)
Start importing Assets/Studio33 Interactive_[BasketBall] v1.1/Animations/Basketball Motions_Generic/443_FrontDenyRA.fbx using Guid(75aa761a24832764ea4b5f0d0729bfd2) Importer(2089858483,b0f066a214c2f5e87bad3c948f4d605d) (ScriptedImporter) -> (artifact id: '60b4bc598d0d91ea0b12136f38dfbf7c') in 0.0370726 seconds
Number of updated asset objects reloaded before import = 0Number of asset objects unloaded after import = 153

========================================================================
Received Import Request.
  Time since last request: 0.000056 seconds.
  path: Assets/Studio33 Interactive_[BasketBall] v1.1/Animations/Basketball Motions_Generic/558_QuickpointMA.fbx
  artifactKey: Guid(37107edb6ed13cb49a6d73d71ce75482) Importer(2089858483,b0f066a214c2f5e87bad3c948f4d605d)
Start importing Assets/Studio33 Interactive_[BasketBall] v1.1/Animations/Basketball Motions_Generic/558_QuickpointMA.fbx using Guid(37107edb6ed13cb49a6d73d71ce75482) Importer(2089858483,b0f066a214c2f5e87bad3c948f4d605d) (ScriptedImporter) -> (artifact id: 'ef24e406a8eee245ee2800ab6e04816a') in 0.0323344 seconds
Number of updated asset objects reloaded before import = 0Number of asset objects unloaded after import = 153

========================================================================
Received Import Request.
  Time since last request: 0.000066 seconds.
  path: Assets/Studio33 Interactive_[BasketBall] v1.1/Animations/Basketball Motions_Generic/863_PassibadA.fbx
  artifactKey: Guid(e9749f99789a42b408db78207af59232) Importer(2089858483,b0f066a214c2f5e87bad3c948f4d605d)
Start importing Assets/Studio33 Interactive_[BasketBall] v1.1/Animations/Basketball Motions_Generic/863_PassibadA.fbx using Guid(e9749f99789a42b408db78207af59232) Importer(2089858483,b0f066a214c2f5e87bad3c948f4d605d) (ScriptedImporter) -> (artifact id: 'aaf5cf8ec217fe95b3941169d9b2164e') in 0.0266279 seconds
Number of updated asset objects reloaded before import = 0Number of asset objects unloaded after import = 153

========================================================================
Received Import Request.
  Time since last request: 0.000033 seconds.
  path: Assets/Studio33 Interactive_[BasketBall] v1.1/Animations/Basketball Motions_Generic/243_CrazystepA.fbx
  artifactKey: Guid(70e9480971727b24182bdc20a5b2fb01) Importer(2089858483,b0f066a214c2f5e87bad3c948f4d605d)
Start importing Assets/Studio33 Interactive_[BasketBall] v1.1/Animations/Basketball Motions_Generic/243_CrazystepA.fbx using Guid(70e9480971727b24182bdc20a5b2fb01) Importer(2089858483,b0f066a214c2f5e87bad3c948f4d605d) (ScriptedImporter) -> (artifact id: '1abfcb09a7d43a4b92821a880c73831c') in 0.0307625 seconds
Number of updated asset objects reloaded before import = 0Number of asset objects unloaded after import = 153

========================================================================
Received Import Request.
  Time since last request: 0.000035 seconds.
  path: Assets/Studio33 Interactive_[BasketBall] v1.1/Animations/Basketball Motions_Generic/368_CrossEurostepShortA.fbx
  artifactKey: Guid(ae768046cbd87af40baac767ac933d8a) Importer(2089858483,b0f066a214c2f5e87bad3c948f4d605d)
Start importing Assets/Studio33 Interactive_[BasketBall] v1.1/Animations/Basketball Motions_Generic/368_CrossEurostepShortA.fbx using Guid(ae768046cbd87af40baac767ac933d8a) Importer(2089858483,b0f066a214c2f5e87bad3c948f4d605d) (ScriptedImporter) -> (artifact id: '43e11bd7f7b7070d73c057b48f677796') in 0.0242971 seconds
Number of updated asset objects reloaded before import = 0Number of asset objects unloaded after import = 153

========================================================================
Received Import Request.
  Time since last request: 0.000049 seconds.
  path: Assets/Studio33 Interactive_[BasketBall] v1.1/Animations/Basketball Motions Humanoid/1412_ReboundAndshootA.fbx
  artifactKey: Guid(c4f84bc6c14eb86449480f1c6d501da0) Importer(2089858483,b0f066a214c2f5e87bad3c948f4d605d)
Start importing Assets/Studio33 Interactive_[BasketBall] v1.1/Animations/Basketball Motions Humanoid/1412_ReboundAndshootA.fbx using Guid(c4f84bc6c14eb86449480f1c6d501da0) Importer(2089858483,b0f066a214c2f5e87bad3c948f4d605d) (ScriptedImporter) -> (artifact id: 'a0f0816bf0aea45bb825a55dbd783447') in 0.0329736 seconds
Number of updated asset objects reloaded before import = 0Number of asset objects unloaded after import = 155

========================================================================
Received Import Request.
  Time since last request: 0.000048 seconds.
  path: Assets/Studio33 Interactive_[BasketBall] v1.1/Animations/Basketball Motions_Generic/1300_DunkClutchFLeftA.fbx
  artifactKey: Guid(107eda05c618cef4a84f44ddbe654911) Importer(2089858483,b0f066a214c2f5e87bad3c948f4d605d)
Start importing Assets/Studio33 Interactive_[BasketBall] v1.1/Animations/Basketball Motions_Generic/1300_DunkClutchFLeftA.fbx using Guid(107eda05c618cef4a84f44ddbe654911) Importer(2089858483,b0f066a214c2f5e87bad3c948f4d605d) (ScriptedImporter) -> (artifact id: 'cbf144c4d6628c62e75673a4df47dadd') in 0.0251659 seconds
Number of updated asset objects reloaded before import = 0Number of asset objects unloaded after import = 153

========================================================================
Received Import Request.
  Time since last request: 0.000035 seconds.
  path: Assets/Studio33 Interactive_[BasketBall] v1.1/Animations/Basketball Motions Humanoid/362_CrossEurostepLayupL.fbx
  artifactKey: Guid(78be65670814e6249b7464164d9e4e91) Importer(2089858483,b0f066a214c2f5e87bad3c948f4d605d)
Start importing Assets/Studio33 Interactive_[BasketBall] v1.1/Animations/Basketball Motions Humanoid/362_CrossEurostepLayupL.fbx using Guid(78be65670814e6249b7464164d9e4e91) Importer(2089858483,b0f066a214c2f5e87bad3c948f4d605d) (ScriptedImporter) -> (artifact id: 'f96d9b80e9a2569383d3e7b7ba11ee7e') in 0.0258828 seconds
Number of updated asset objects reloaded before import = 0Number of asset objects unloaded after import = 155

========================================================================
Received Import Request.
  Time since last request: 0.000035 seconds.
  path: Assets/Studio33 Interactive_[BasketBall] v1.1/Animations/Basketball Motions Humanoid/240_CrazycrossRL.fbx
  artifactKey: Guid(7cbd3b0ee135535439c6cd7d70693e66) Importer(2089858483,b0f066a214c2f5e87bad3c948f4d605d)
Start importing Assets/Studio33 Interactive_[BasketBall] v1.1/Animations/Basketball Motions Humanoid/240_CrazycrossRL.fbx using Guid(7cbd3b0ee135535439c6cd7d70693e66) Importer(2089858483,b0f066a214c2f5e87bad3c948f4d605d) (ScriptedImporter) -> (artifact id: '1f6d452bfc9e3ef5bdadf413aa7ec712') in 0.0279904 seconds
Number of updated asset objects reloaded before import = 0Number of asset objects unloaded after import = 155

========================================================================
Received Import Request.
  Time since last request: 0.000045 seconds.
  path: Assets/Studio33 Interactive_[BasketBall] v1.1/Animations/Basketball Motions Humanoid/1490_DclutchRRightA.fbx
  artifactKey: Guid(14bd380288133064bbff929a60782616) Importer(2089858483,b0f066a214c2f5e87bad3c948f4d605d)
Start importing Assets/Studio33 Interactive_[BasketBall] v1.1/Animations/Basketball Motions Humanoid/1490_DclutchRRightA.fbx using Guid(14bd380288133064bbff929a60782616) Importer(2089858483,b0f066a214c2f5e87bad3c948f4d605d) (ScriptedImporter) -> (artifact id: 'd5356081b844cc423f89ae10676040e0') in 0.0253351 seconds
Number of updated asset objects reloaded before import = 0Number of asset objects unloaded after import = 155

========================================================================
Received Import Request.
  Time since last request: 0.000041 seconds.
  path: Assets/Studio33 Interactive_[BasketBall] v1.1/Animations/Basketball Motions Humanoid/480_DchangeRightRA - 복사본.fbx
  artifactKey: Guid(c28f81dea381fe542b968ca9b00ab0f6) Importer(2089858483,b0f066a214c2f5e87bad3c948f4d605d)
Start importing Assets/Studio33 Interactive_[BasketBall] v1.1/Animations/Basketball Motions Humanoid/480_DchangeRightRA - 복사본.fbx using Guid(c28f81dea381fe542b968ca9b00ab0f6) Importer(2089858483,b0f066a214c2f5e87bad3c948f4d605d) (ScriptedImporter) -> (artifact id: 'd04ebde8b6b89837ee9fb74c4041f84d') in 0.0330384 seconds
Number of updated asset objects reloaded before import = 0Number of asset objects unloaded after import = 155

========================================================================
Received Import Request.
  Time since last request: 0.000077 seconds.
  path: Assets/Studio33 Interactive_[BasketBall] v1.1/Animations/Basketball Motions Humanoid/247_CrossFakeBehirL.fbx
  artifactKey: Guid(5dd07d4607f4e264f8f9df898ad6b07c) Importer(2089858483,b0f066a214c2f5e87bad3c948f4d605d)
Start importing Assets/Studio33 Interactive_[BasketBall] v1.1/Animations/Basketball Motions Humanoid/247_CrossFakeBehirL.fbx using Guid(5dd07d4607f4e264f8f9df898ad6b07c) Importer(2089858483,b0f066a214c2f5e87bad3c948f4d605d) (ScriptedImporter) -> (artifact id: '8c08a6e3c14875243b61b1a1b29ef1b8') in 0.0352036 seconds
Number of updated asset objects reloaded before import = 0Number of asset objects unloaded after import = 155

========================================================================
Received Import Request.
  Time since last request: 0.000029 seconds.
  path: Assets/Studio33 Interactive_[BasketBall] v1.1/Animations/Basketball Motions_Generic/118_ReboundAndBoxOutBaa.fbx
  artifactKey: Guid(ba2482ca7b909e840a2fb0005e345249) Importer(2089858483,b0f066a214c2f5e87bad3c948f4d605d)
Start importing Assets/Studio33 Interactive_[BasketBall] v1.1/Animations/Basketball Motions_Generic/118_ReboundAndBoxOutBaa.fbx using Guid(ba2482ca7b909e840a2fb0005e345249) Importer(2089858483,b0f066a214c2f5e87bad3c948f4d605d) (ScriptedImporter) -> (artifact id: '15827049956c97439a4cfd53fd9f1453') in 0.0327164 seconds
Number of updated asset objects reloaded before import = 0Number of asset objects unloaded after import = 153

========================================================================
Received Import Request.
  Time since last request: 0.000040 seconds.
  path: Assets/Studio33 Interactive_[BasketBall] v1.1/Animations/Basketball Motions Humanoid/2188_Dribbleright.fbx
  artifactKey: Guid(2b37331e414ead043a61a106fceea7b3) Importer(2089858483,b0f066a214c2f5e87bad3c948f4d605d)
Start importing Assets/Studio33 Interactive_[BasketBall] v1.1/Animations/Basketball Motions Humanoid/2188_Dribbleright.fbx using Guid(2b37331e414ead043a61a106fceea7b3) Importer(2089858483,b0f066a214c2f5e87bad3c948f4d605d) (ScriptedImporter) -> (artifact id: 'c6e1b2276ff9aff5c6e1c657c0a34066') in 0.0339968 seconds
Number of updated asset objects reloaded before import = 0Number of asset objects unloaded after import = 155

========================================================================
Received Import Request.
  Time since last request: 0.000040 seconds.
  path: Assets/Studio33 Interactive_[BasketBall] v1.1/Animations/Basketball Motions Humanoid/559_QuickpointMFakeA.fbx
  artifactKey: Guid(8a62ab00f4e95684c81e7b978555bc68) Importer(2089858483,b0f066a214c2f5e87bad3c948f4d605d)
Start importing Assets/Studio33 Interactive_[BasketBall] v1.1/Animations/Basketball Motions Humanoid/559_QuickpointMFakeA.fbx using Guid(8a62ab00f4e95684c81e7b978555bc68) Importer(2089858483,b0f066a214c2f5e87bad3c948f4d605d) (ScriptedImporter) -> (artifact id: '57ef59cdcce5b9b9432fdf521c9370eb') in 0.0318408 seconds
Number of updated asset objects reloaded before import = 0Number of asset objects unloaded after import = 155

========================================================================
Received Import Request.
  Time since last request: 0.000040 seconds.
  path: Assets/Studio33 Interactive_[BasketBall] v1.1/Animations/Basketball Motions Humanoid/151_StopRA.fbx
  artifactKey: Guid(4872c7ba3e6e15a44a784ca62e65b595) Importer(2089858483,b0f066a214c2f5e87bad3c948f4d605d)
Start importing Assets/Studio33 Interactive_[BasketBall] v1.1/Animations/Basketball Motions Humanoid/151_StopRA.fbx using Guid(4872c7ba3e6e15a44a784ca62e65b595) Importer(2089858483,b0f066a214c2f5e87bad3c948f4d605d) (ScriptedImporter) -> (artifact id: 'f8ed3a81d04d53a55c2f2ef27da8f816') in 0.027942 seconds
Number of updated asset objects reloaded before import = 0Number of asset objects unloaded after import = 155

========================================================================
Received Import Request.
  Time since last request: 0.000083 seconds.
  path: Assets/Studio33 Interactive_[BasketBall] v1.1/Animations/Basketball Motions_Generic/1555_FloaterF.fbx
  artifactKey: Guid(cf5f6680043bcd84b8d5b1baa86114c5) Importer(2089858483,b0f066a214c2f5e87bad3c948f4d605d)
Start importing Assets/Studio33 Interactive_[BasketBall] v1.1/Animations/Basketball Motions_Generic/1555_FloaterF.fbx using Guid(cf5f6680043bcd84b8d5b1baa86114c5) Importer(2089858483,b0f066a214c2f5e87bad3c948f4d605d) (ScriptedImporter) -> (artifact id: 'a579a50895b5a915caf2325b08b10d86') in 0.0294136 seconds
Number of updated asset objects reloaded before import = 0Number of asset objects unloaded after import = 153

========================================================================
Received Import Request.
  Time since last request: 0.000035 seconds.
  path: Assets/Studio33 Interactive_[BasketBall] v1.1/Animations/Basketball Motions Humanoid/359_CrossEurostepLayupC.fbx
  artifactKey: Guid(6afc2a17c1216fa43a7ebb7c7e98819f) Importer(2089858483,b0f066a214c2f5e87bad3c948f4d605d)
Start importing Assets/Studio33 Interactive_[BasketBall] v1.1/Animations/Basketball Motions Humanoid/359_CrossEurostepLayupC.fbx using Guid(6afc2a17c1216fa43a7ebb7c7e98819f) Importer(2089858483,b0f066a214c2f5e87bad3c948f4d605d) (ScriptedImporter) -> (artifact id: '4a3845dee399c35c2478775b59bc5ff6') in 0.0323332 seconds
Number of updated asset objects reloaded before import = 0Number of asset objects unloaded after import = 155

========================================================================
Received Import Request.
  Time since last request: 0.000044 seconds.
  path: Assets/Studio33 Interactive_[BasketBall] v1.1/Animations/Basketball Motions Humanoid/50_BlockingckncatchLongFarLayupFA.fbx
  artifactKey: Guid(6497a9c4e8884974d8a82045b19462a4) Importer(2089858483,b0f066a214c2f5e87bad3c948f4d605d)
Start importing Assets/Studio33 Interactive_[BasketBall] v1.1/Animations/Basketball Motions Humanoid/50_BlockingckncatchLongFarLayupFA.fbx using Guid(6497a9c4e8884974d8a82045b19462a4) Importer(2089858483,b0f066a214c2f5e87bad3c948f4d605d) (ScriptedImporter) -> (artifact id: '57531616cd5fe5ac48ba2455be44480d') in 0.0319815 seconds
Number of updated asset objects reloaded before import = 0Number of asset objects unloaded after import = 155

========================================================================
Received Import Request.
  Time since last request: 0.000036 seconds.
  path: Assets/Studio33 Interactive_[BasketBall] v1.1/Animations/Basketball Motions Humanoid/1480_AlleyoopDclutchFRightA.fbx
  artifactKey: Guid(7e65b788dccfa66408d55cda26c7e528) Importer(2089858483,b0f066a214c2f5e87bad3c948f4d605d)
Start importing Assets/Studio33 Interactive_[BasketBall] v1.1/Animations/Basketball Motions Humanoid/1480_AlleyoopDclutchFRightA.fbx using Guid(7e65b788dccfa66408d55cda26c7e528) Importer(2089858483,b0f066a214c2f5e87bad3c948f4d605d) (ScriptedImporter) -> (artifact id: '7d0c534994e89a33f44a941b8eab7b79') in 0.0327069 seconds
Number of updated asset objects reloaded before import = 0Number of asset objects unloaded after import = 155

========================================================================
Received Import Request.
  Time since last request: 0.000030 seconds.
  path: Assets/Studio33 Interactive_[BasketBall] v1.1/Animations/Basketball Motions_Generic/412_DefenceRightA.fbx
  artifactKey: Guid(84fe77efa59a09346b8b7db7a8624ab9) Importer(2089858483,b0f066a214c2f5e87bad3c948f4d605d)
Start importing Assets/Studio33 Interactive_[BasketBall] v1.1/Animations/Basketball Motions_Generic/412_DefenceRightA.fbx using Guid(84fe77efa59a09346b8b7db7a8624ab9) Importer(2089858483,b0f066a214c2f5e87bad3c948f4d605d) (ScriptedImporter) -> (artifact id: 'fb2a27f3d0d0e3484caf2a227f8267b6') in 0.0291051 seconds
Number of updated asset objects reloaded before import = 0Number of asset objects unloaded after import = 153

========================================================================
Received Import Request.
  Time since last request: 0.000047 seconds.
  path: Assets/Studio33 Interactive_[BasketBall] v1.1/Animations/Basketball Motions_Generic/1129_AlleyoopCFA.fbx
  artifactKey: Guid(fa1e099959d67714ba6fbb251f680357) Importer(2089858483,b0f066a214c2f5e87bad3c948f4d605d)
Start importing Assets/Studio33 Interactive_[BasketBall] v1.1/Animations/Basketball Motions_Generic/1129_AlleyoopCFA.fbx using Guid(fa1e099959d67714ba6fbb251f680357) Importer(2089858483,b0f066a214c2f5e87bad3c948f4d605d) (ScriptedImporter) -> (artifact id: 'dca75535e11ee38157143c61bb794fc9') in 0.0294003 seconds
Number of updated asset objects reloaded before import = 0Number of asset objects unloaded after import = 153

========================================================================
Received Import Request.
  Time since last request: 0.000057 seconds.
  path: Assets/Studio33 Interactive_[BasketBall] v1.1/Animations/Basketball Motions_Generic/72_BlockingckncatchLongFarLayupFA.fbx
  artifactKey: Guid(18b47e844a5498948aafda754911dbc5) Importer(2089858483,b0f066a214c2f5e87bad3c948f4d605d)
Start importing Assets/Studio33 Interactive_[BasketBall] v1.1/Animations/Basketball Motions_Generic/72_BlockingckncatchLongFarLayupFA.fbx using Guid(18b47e844a5498948aafda754911dbc5) Importer(2089858483,b0f066a214c2f5e87bad3c948f4d605d) (ScriptedImporter) -> (artifact id: '3b33c7ea2ab755dab1f76205cd20734c') in 0.0257825 seconds
Number of updated asset objects reloaded before import = 0Number of asset objects unloaded after import = 153

========================================================================
Received Import Request.
  Time since last request: 0.000036 seconds.
  path: Assets/Studio33 Interactive_[BasketBall] v1.1/Animations/Basketball Motions_Generic/1893_BjDunkCA.fbx
  artifactKey: Guid(74c039915d3344542a6294f25dc3ab78) Importer(2089858483,b0f066a214c2f5e87bad3c948f4d605d)
Start importing Assets/Studio33 Interactive_[BasketBall] v1.1/Animations/Basketball Motions_Generic/1893_BjDunkCA.fbx using Guid(74c039915d3344542a6294f25dc3ab78) Importer(2089858483,b0f066a214c2f5e87bad3c948f4d605d) (ScriptedImporter) -> (artifact id: 'fd3316b816005677421dee2fa4fddbc3') in 0.0293545 seconds
Number of updated asset objects reloaded before import = 0Number of asset objects unloaded after import = 153

========================================================================
Received Import Request.
  Time since last request: 0.000039 seconds.
  path: Assets/Studio33 Interactive_[BasketBall] v1.1/Animations/Basketball Motions_Generic/132_ReboundAndBoxOutFrontA.fbx
  artifactKey: Guid(5e6cbde2d68c0d24b9a03fdc241acec7) Importer(2089858483,b0f066a214c2f5e87bad3c948f4d605d)
Start importing Assets/Studio33 Interactive_[BasketBall] v1.1/Animations/Basketball Motions_Generic/132_ReboundAndBoxOutFrontA.fbx using Guid(5e6cbde2d68c0d24b9a03fdc241acec7) Importer(2089858483,b0f066a214c2f5e87bad3c948f4d605d) (ScriptedImporter) -> (artifact id: 'ff6e6a3adbea0304cee50979a5840ead') in 0.0280333 seconds
Number of updated asset objects reloaded before import = 0Number of asset objects unloaded after import = 153

========================================================================
Received Import Request.
  Time since last request: 0.000039 seconds.
  path: Assets/Studio33 Interactive_[BasketBall] v1.1/Animations/Basketball Motions Humanoid/122_ReboundAndBoxOutFrontA.fbx
  artifactKey: Guid(5268ede3341a987479be33eb97a8d554) Importer(2089858483,b0f066a214c2f5e87bad3c948f4d605d)
Start importing Assets/Studio33 Interactive_[BasketBall] v1.1/Animations/Basketball Motions Humanoid/122_ReboundAndBoxOutFrontA.fbx using Guid(5268ede3341a987479be33eb97a8d554) Importer(2089858483,b0f066a214c2f5e87bad3c948f4d605d) (ScriptedImporter) -> (artifact id: '44fcf2fd136aec2e992064555a044eea') in 0.0321319 seconds
Number of updated asset objects reloaded before import = 0Number of asset objects unloaded after import = 155

========================================================================
Received Import Request.
  Time since last request: 0.000043 seconds.
  path: Assets/Studio33 Interactive_[BasketBall] v1.1/Animations/Basketball Motions_Generic/2092_JumpshotMFakeA.fbx
  artifactKey: Guid(e9126347a5ff334448faeb1409cddda1) Importer(2089858483,b0f066a214c2f5e87bad3c948f4d605d)
Start importing Assets/Studio33 Interactive_[BasketBall] v1.1/Animations/Basketball Motions_Generic/2092_JumpshotMFakeA.fbx using Guid(e9126347a5ff334448faeb1409cddda1) Importer(2089858483,b0f066a214c2f5e87bad3c948f4d605d) (ScriptedImporter) -> (artifact id: 'd3c0fd292a1b3bf22bac54a0501a734f') in 0.0291801 seconds
Number of updated asset objects reloaded before import = 0Number of asset objects unloaded after import = 153

========================================================================
Received Import Request.
  Time since last request: 0.000033 seconds.
  path: Assets/Studio33 Interactive_[BasketBall] v1.1/Animations/Basketball Motions Humanoid/92_BlockinglongFarJumpF.fbx
  artifactKey: Guid(c8dbbc661cb9a704682aef96bf0fd1df) Importer(2089858483,b0f066a214c2f5e87bad3c948f4d605d)
Start importing Assets/Studio33 Interactive_[BasketBall] v1.1/Animations/Basketball Motions Humanoid/92_BlockinglongFarJumpF.fbx using Guid(c8dbbc661cb9a704682aef96bf0fd1df) Importer(2089858483,b0f066a214c2f5e87bad3c948f4d605d) (ScriptedImporter) -> (artifact id: 'ae3972c93edbc02b0409cfa7dc02ccc7') in 0.029488 seconds
Number of updated asset objects reloaded before import = 0Number of asset objects unloaded after import = 155

========================================================================
Received Import Request.
  Time since last request: 0.000035 seconds.
  path: Assets/Studio33 Interactive_[BasketBall] v1.1/Animations/Basketball Motions_Generic/1518_AlleyoopRSA.fbx
  artifactKey: Guid(795ee7bd89384744c935666b8097ee30) Importer(2089858483,b0f066a214c2f5e87bad3c948f4d605d)
Start importing Assets/Studio33 Interactive_[BasketBall] v1.1/Animations/Basketball Motions_Generic/1518_AlleyoopRSA.fbx using Guid(795ee7bd89384744c935666b8097ee30) Importer(2089858483,b0f066a214c2f5e87bad3c948f4d605d) (ScriptedImporter) -> (artifact id: '623e0efd9d74ff9e0efd1a2f6585524b') in 0.0289034 seconds
Number of updated asset objects reloaded before import = 0Number of asset objects unloaded after import = 153

========================================================================
Received Import Request.
  Time since last request: 0.000033 seconds.
  path: Assets/Studio33 Interactive_[BasketBall] v1.1/Animations/Basketball Motions Humanoid/584_StealA.fbx
  artifactKey: Guid(740c076f9f55cb2458ce8604f51543ec) Importer(2089858483,b0f066a214c2f5e87bad3c948f4d605d)
Start importing Assets/Studio33 Interactive_[BasketBall] v1.1/Animations/Basketball Motions Humanoid/584_StealA.fbx using Guid(740c076f9f55cb2458ce8604f51543ec) Importer(2089858483,b0f066a214c2f5e87bad3c948f4d605d) (ScriptedImporter) -> (artifact id: '7f6b091b620ef560a5cb5aa05cd65532') in 0.027855 seconds
Number of updated asset objects reloaded before import = 0Number of asset objects unloaded after import = 155

========================================================================
Received Import Request.
  Time since last request: 0.000041 seconds.
  path: Assets/Studio33 Interactive_[BasketBall] v1.1/Animations/Basketball Motions Humanoid/1099_ScreequickescapeSidefrontA.fbx
  artifactKey: Guid(648ee8df76e9a664cb94780ada8d51be) Importer(2089858483,b0f066a214c2f5e87bad3c948f4d605d)
Start importing Assets/Studio33 Interactive_[BasketBall] v1.1/Animations/Basketball Motions Humanoid/1099_ScreequickescapeSidefrontA.fbx using Guid(648ee8df76e9a664cb94780ada8d51be) Importer(2089858483,b0f066a214c2f5e87bad3c948f4d605d) (ScriptedImporter) -> (artifact id: '5bb4883fe77ff28a7088044d36d86b73') in 0.0293711 seconds
Number of updated asset objects reloaded before import = 0Number of asset objects unloaded after import = 155

========================================================================
Received Import Request.
  Time since last request: 0.000036 seconds.
  path: Assets/Studio33 Interactive_[BasketBall] v1.1/Animations/Basketball Motions Humanoid/345_JabstepReadyA.fbx
  artifactKey: Guid(34eb73da8d55eb747a33f913cfd3f053) Importer(2089858483,b0f066a214c2f5e87bad3c948f4d605d)
Start importing Assets/Studio33 Interactive_[BasketBall] v1.1/Animations/Basketball Motions Humanoid/345_JabstepReadyA.fbx using Guid(34eb73da8d55eb747a33f913cfd3f053) Importer(2089858483,b0f066a214c2f5e87bad3c948f4d605d) (ScriptedImporter) -> (artifact id: '7e7dec4f9d255671ca4f7a5a68db4c73') in 0.0303912 seconds
Number of updated asset objects reloaded before import = 0Number of asset objects unloaded after import = 155

========================================================================
Received Import Request.
  Time since last request: 0.000028 seconds.
  path: Assets/Studio33 Interactive_[BasketBall] v1.1/Animations/Basketball Motions_Generic/116_SidebloshortR.fbx
  artifactKey: Guid(962b4ab1a575c3b419939df804c3d675) Importer(2089858483,b0f066a214c2f5e87bad3c948f4d605d)
Start importing Assets/Studio33 Interactive_[BasketBall] v1.1/Animations/Basketball Motions_Generic/116_SidebloshortR.fbx using Guid(962b4ab1a575c3b419939df804c3d675) Importer(2089858483,b0f066a214c2f5e87bad3c948f4d605d) (ScriptedImporter) -> (artifact id: '46c92a9b60cbcfaa8853b07786407cb0') in 0.029176 seconds
Number of updated asset objects reloaded before import = 0Number of asset objects unloaded after import = 153

========================================================================
Received Import Request.
  Time since last request: 0.000042 seconds.
  path: Assets/Studio33 Interactive_[BasketBall] v1.1/Animations/Basketball Motions_Generic/776_OverNpassA.fbx
  artifactKey: Guid(5017265164e7ca04384924f4d123281b) Importer(2089858483,b0f066a214c2f5e87bad3c948f4d605d)
Start importing Assets/Studio33 Interactive_[BasketBall] v1.1/Animations/Basketball Motions_Generic/776_OverNpassA.fbx using Guid(5017265164e7ca04384924f4d123281b) Importer(2089858483,b0f066a214c2f5e87bad3c948f4d605d) (ScriptedImporter) -> (artifact id: 'a57385133ca253c0c61f202c5d8a6af3') in 0.0265711 seconds
Number of updated asset objects reloaded before import = 0Number of asset objects unloaded after import = 153

========================================================================
Received Import Request.
  Time since last request: 0.000049 seconds.
  path: Assets/Studio33 Interactive_[BasketBall] v1.1/Animations/Basketball Motions Humanoid/124_ReboundAndBoxOutA.fbx
  artifactKey: Guid(9c7ac352c7dd66f48987fa2b8beb5031) Importer(2089858483,b0f066a214c2f5e87bad3c948f4d605d)
Start importing Assets/Studio33 Interactive_[BasketBall] v1.1/Animations/Basketball Motions Humanoid/124_ReboundAndBoxOutA.fbx using Guid(9c7ac352c7dd66f48987fa2b8beb5031) Importer(2089858483,b0f066a214c2f5e87bad3c948f4d605d) (ScriptedImporter) -> (artifact id: '6b9cb6065839c5c8b53d1dcfbd485323') in 0.0312838 seconds
Number of updated asset objects reloaded before import = 0Number of asset objects unloaded after import = 155

========================================================================
Received Import Request.
  Time since last request: 0.000030 seconds.
  path: Assets/Studio33 Interactive_[BasketBall] v1.1/Animations/Basketball Motions_Generic/32_BlockinglongFarJumpF.fbx
  artifactKey: Guid(67e993a9e483346478cad96a13d24a83) Importer(2089858483,b0f066a214c2f5e87bad3c948f4d605d)
Start importing Assets/Studio33 Interactive_[BasketBall] v1.1/Animations/Basketball Motions_Generic/32_BlockinglongFarJumpF.fbx using Guid(67e993a9e483346478cad96a13d24a83) Importer(2089858483,b0f066a214c2f5e87bad3c948f4d605d) (ScriptedImporter) -> (artifact id: '7f7672a048db085e12c93e2b06b04e5e') in 0.0289706 seconds
Number of updated asset objects reloaded before import = 0Number of asset objects unloaded after import = 153

========================================================================
Received Import Request.
  Time since last request: 0.000043 seconds.
  path: Assets/Studio33 Interactive_[BasketBall] v1.1/Animations/Basketball Motions_Generic/1250_ScoopshotRA.fbx
  artifactKey: Guid(7a8ba260556a944449b8d2211845d217) Importer(2089858483,b0f066a214c2f5e87bad3c948f4d605d)
Start importing Assets/Studio33 Interactive_[BasketBall] v1.1/Animations/Basketball Motions_Generic/1250_ScoopshotRA.fbx using Guid(7a8ba260556a944449b8d2211845d217) Importer(2089858483,b0f066a214c2f5e87bad3c948f4d605d) (ScriptedImporter) -> (artifact id: '091aef99aad91795717abcc28f0c7871') in 0.028708 seconds
Number of updated asset objects reloaded before import = 0Number of asset objects unloaded after import = 153

========================================================================
Received Import Request.
  Time since last request: 0.000030 seconds.
  path: Assets/Studio33 Interactive_[BasketBall] v1.1/Animations/Basketball Motions_Generic/1666_LayupRevRA.fbx
  artifactKey: Guid(3faeb09920926d0428e7395b62eb4105) Importer(2089858483,b0f066a214c2f5e87bad3c948f4d605d)
Start importing Assets/Studio33 Interactive_[BasketBall] v1.1/Animations/Basketball Motions_Generic/1666_LayupRevRA.fbx using Guid(3faeb09920926d0428e7395b62eb4105) Importer(2089858483,b0f066a214c2f5e87bad3c948f4d605d) (ScriptedImporter) -> (artifact id: 'f2f1457a06902c40a2ed87bd5e09897d') in 0.0301142 seconds
Number of updated asset objects reloaded before import = 0Number of asset objects unloaded after import = 153

========================================================================
Received Import Request.
  Time since last request: 0.000059 seconds.
  path: Assets/Studio33 Interactive_[BasketBall] v1.1/Animations/Basketball Motions_Generic/175_AirBigBaA.fbx
  artifactKey: Guid(295b160ff8467e744ba7b04aee7b7bfd) Importer(2089858483,b0f066a214c2f5e87bad3c948f4d605d)
Start importing Assets/Studio33 Interactive_[BasketBall] v1.1/Animations/Basketball Motions_Generic/175_AirBigBaA.fbx using Guid(295b160ff8467e744ba7b04aee7b7bfd) Importer(2089858483,b0f066a214c2f5e87bad3c948f4d605d) (ScriptedImporter) -> (artifact id: 'd994f6d8b5e59a2efab08f93b707a9ad') in 0.0281714 seconds
Number of updated asset objects reloaded before import = 0Number of asset objects unloaded after import = 153

========================================================================
Received Import Request.
  Time since last request: 0.000048 seconds.
  path: Assets/Studio33 Interactive_[BasketBall] v1.1/Animations/Basketball Motions_Generic/2178_Dribbleright.fbx
  artifactKey: Guid(b37f112475699b94b907a5425725e30d) Importer(2089858483,b0f066a214c2f5e87bad3c948f4d605d)
Start importing Assets/Studio33 Interactive_[BasketBall] v1.1/Animations/Basketball Motions_Generic/2178_Dribbleright.fbx using Guid(b37f112475699b94b907a5425725e30d) Importer(2089858483,b0f066a214c2f5e87bad3c948f4d605d) (ScriptedImporter) -> (artifact id: '2d5ffd0bae49c7f2a60aeda27cc293d3') in 0.0277048 seconds
Number of updated asset objects reloaded before import = 0Number of asset objects unloaded after import = 153

========================================================================
Received Import Request.
  Time since last request: 0.000065 seconds.
  path: Assets/Studio33 Interactive_[BasketBall] v1.1/Animations/Basketball Motions_Generic/345_JabstepReadyA.fbx
  artifactKey: Guid(55b1326f8e9ce2c478c6f4d5492c02d1) Importer(2089858483,b0f066a214c2f5e87bad3c948f4d605d)
Start importing Assets/Studio33 Interactive_[BasketBall] v1.1/Animations/Basketball Motions_Generic/345_JabstepReadyA.fbx using Guid(55b1326f8e9ce2c478c6f4d5492c02d1) Importer(2089858483,b0f066a214c2f5e87bad3c948f4d605d) (ScriptedImporter) -> (artifact id: 'c98cdd85e83ff5ab4da7c1daf52ae944') in 0.0261679 seconds
Number of updated asset objects reloaded before import = 0Number of asset objects unloaded after import = 153

========================================================================
Received Import Request.
  Time since last request: 0.000037 seconds.
  path: Assets/Studio33 Interactive_[BasketBall] v1.1/Animations/Basketball Motions Humanoid/986_Rebound rB.fbx
  artifactKey: Guid(8e94f127dfa6a8a458232089bbe4d6c1) Importer(2089858483,b0f066a214c2f5e87bad3c948f4d605d)
Start importing Assets/Studio33 Interactive_[BasketBall] v1.1/Animations/Basketball Motions Humanoid/986_Rebound rB.fbx using Guid(8e94f127dfa6a8a458232089bbe4d6c1) Importer(2089858483,b0f066a214c2f5e87bad3c948f4d605d) (ScriptedImporter) -> (artifact id: '4a706c5f9c7afad2ecf5d65e37808946') in 0.0310024 seconds
Number of updated asset objects reloaded before import = 0Number of asset objects unloaded after import = 155

========================================================================
Received Import Request.
  Time since last request: 0.000039 seconds.
  path: Assets/Studio33 Interactive_[BasketBall] v1.1/Animations/Basketball Motions Humanoid/1381_JumpshotReadyFake.fbx
  artifactKey: Guid(61bc1e7a6df9949458fa57b6e125ad69) Importer(2089858483,b0f066a214c2f5e87bad3c948f4d605d)
Start importing Assets/Studio33 Interactive_[BasketBall] v1.1/Animations/Basketball Motions Humanoid/1381_JumpshotReadyFake.fbx using Guid(61bc1e7a6df9949458fa57b6e125ad69) Importer(2089858483,b0f066a214c2f5e87bad3c948f4d605d) (ScriptedImporter) -> (artifact id: '5e2e36288fcf1e5b46d599d257a81752') in 0.0285105 seconds
Number of updated asset objects reloaded before import = 0Number of asset objects unloaded after import = 155

========================================================================
Received Import Request.
  Time since last request: 0.000028 seconds.
  path: Assets/Studio33 Interactive_[BasketBall] v1.1/Animations/Basketball Motions Humanoid/1863_DunkRA.fbx
  artifactKey: Guid(6f6e18cc4aac71a4a811bdf73d8ea678) Importer(2089858483,b0f066a214c2f5e87bad3c948f4d605d)
Start importing Assets/Studio33 Interactive_[BasketBall] v1.1/Animations/Basketball Motions Humanoid/1863_DunkRA.fbx using Guid(6f6e18cc4aac71a4a811bdf73d8ea678) Importer(2089858483,b0f066a214c2f5e87bad3c948f4d605d) (ScriptedImporter) -> (artifact id: 'de869e36f847d4fadc70910622caa201') in 0.0285894 seconds
Number of updated asset objects reloaded before import = 0Number of asset objects unloaded after import = 155

========================================================================
Received Import Request.
  Time since last request: 0.000036 seconds.
  path: Assets/Studio33 Interactive_[BasketBall] v1.1/Animations/Basketball Motions Humanoid/726_ShootpassJumpLongFrontA.fbx
  artifactKey: Guid(78a60a0a1efb41c43aa9f3f00df628dc) Importer(2089858483,b0f066a214c2f5e87bad3c948f4d605d)
Start importing Assets/Studio33 Interactive_[BasketBall] v1.1/Animations/Basketball Motions Humanoid/726_ShootpassJumpLongFrontA.fbx using Guid(78a60a0a1efb41c43aa9f3f00df628dc) Importer(2089858483,b0f066a214c2f5e87bad3c948f4d605d) (ScriptedImporter) -> (artifact id: '3d1d7f7e418e1926034aa83d280b2526') in 0.0322147 seconds
Number of updated asset objects reloaded before import = 0Number of asset objects unloaded after import = 155

========================================================================
Received Import Request.
  Time since last request: 0.000039 seconds.
  path: Assets/Studio33 Interactive_[BasketBall] v1.1/Animations/Basketball Motions Humanoid/2036_JumpshotMFakeA.fbx
  artifactKey: Guid(c79225ebff1aecb4bbbc8911be2befee) Importer(2089858483,b0f066a214c2f5e87bad3c948f4d605d)
Start importing Assets/Studio33 Interactive_[BasketBall] v1.1/Animations/Basketball Motions Humanoid/2036_JumpshotMFakeA.fbx using Guid(c79225ebff1aecb4bbbc8911be2befee) Importer(2089858483,b0f066a214c2f5e87bad3c948f4d605d) (ScriptedImporter) -> (artifact id: '6567ba9f8d67ec4c16fa4bac0859ec9f') in 0.0309241 seconds
Number of updated asset objects reloaded before import = 0Number of asset objects unloaded after import = 155

========================================================================
Received Import Request.
  Time since last request: 0.000053 seconds.
  path: Assets/Studio33 Interactive_[BasketBall] v1.1/Animations/Basketball Motions Humanoid/2048_DunkCA.fbx
  artifactKey: Guid(2c0274a170dfad64084df63471b6ac8d) Importer(2089858483,b0f066a214c2f5e87bad3c948f4d605d)
Start importing Assets/Studio33 Interactive_[BasketBall] v1.1/Animations/Basketball Motions Humanoid/2048_DunkCA.fbx using Guid(2c0274a170dfad64084df63471b6ac8d) Importer(2089858483,b0f066a214c2f5e87bad3c948f4d605d) (ScriptedImporter) -> (artifact id: '8d9e27f0552833804e68dedde81fccd4') in 0.0301865 seconds
Number of updated asset objects reloaded before import = 0Number of asset objects unloaded after import = 155

========================================================================
Received Import Request.
  Time since last request: 0.000045 seconds.
  path: Assets/Studio33 Interactive_[BasketBall] v1.1/Animations/Basketball Motions Humanoid/466_Dribbleright.fbx
  artifactKey: Guid(d7f14f6b4d7a9a341aa5e2d5872c3d4d) Importer(2089858483,b0f066a214c2f5e87bad3c948f4d605d)
Start importing Assets/Studio33 Interactive_[BasketBall] v1.1/Animations/Basketball Motions Humanoid/466_Dribbleright.fbx using Guid(d7f14f6b4d7a9a341aa5e2d5872c3d4d) Importer(2089858483,b0f066a214c2f5e87bad3c948f4d605d) (ScriptedImporter) -> (artifact id: '528eb443be29384093986a1af2f63777') in 0.0315739 seconds
Number of updated asset objects reloaded before import = 0Number of asset objects unloaded after import = 155

========================================================================
Received Import Request.
  Time since last request: 0.000040 seconds.
  path: Assets/Studio33 Interactive_[BasketBall] v1.1/Animations/Basketball Motions_Generic/1890_JumpshotMA.fbx
  artifactKey: Guid(497766f9c07ac6b41a0e4446fc652a2c) Importer(2089858483,b0f066a214c2f5e87bad3c948f4d605d)
Start importing Assets/Studio33 Interactive_[BasketBall] v1.1/Animations/Basketball Motions_Generic/1890_JumpshotMA.fbx using Guid(497766f9c07ac6b41a0e4446fc652a2c) Importer(2089858483,b0f066a214c2f5e87bad3c948f4d605d) (ScriptedImporter) -> (artifact id: '8ebe746647333e6f707068e5847160ef') in 0.0275094 seconds
Number of updated asset objects reloaded before import = 0Number of asset objects unloaded after import = 153

========================================================================
Received Import Request.
  Time since last request: 0.000037 seconds.
  path: Assets/Studio33 Interactive_[BasketBall] v1.1/Animations/Basketball Motions Humanoid/2118_RstajumpshotMFakeA.fbx
  artifactKey: Guid(4dceddb4b9dd0cf44b8f386a1b228152) Importer(2089858483,b0f066a214c2f5e87bad3c948f4d605d)
Start importing Assets/Studio33 Interactive_[BasketBall] v1.1/Animations/Basketball Motions Humanoid/2118_RstajumpshotMFakeA.fbx using Guid(4dceddb4b9dd0cf44b8f386a1b228152) Importer(2089858483,b0f066a214c2f5e87bad3c948f4d605d) (ScriptedImporter) -> (artifact id: '82822d425fda6819c3b8ef245e16e536') in 0.0280416 seconds
Number of updated asset objects reloaded before import = 0Number of asset objects unloaded after import = 155

========================================================================
Received Import Request.
  Time since last request: 0.000057 seconds.
  path: Assets/Studio33 Interactive_[BasketBall] v1.1/33_basket ball test animations/player/Back_number/Back_number_R/Rack_number_R_c10.png
  artifactKey: Guid(59f8230d5dbd6c94aac97f2edfb1aa2f) Importer(2089858483,b0f066a214c2f5e87bad3c948f4d605d)
Start importing Assets/Studio33 Interactive_[BasketBall] v1.1/33_basket ball test animations/player/Back_number/Back_number_R/Rack_number_R_c10.png using Guid(59f8230d5dbd6c94aac97f2edfb1aa2f) Importer(2089858483,b0f066a214c2f5e87bad3c948f4d605d) (ScriptedImporter)[Licensing::Client] Successfully resolved entitlement details
[Licensing::Module] License group:
  Id: F4-3PM3-ADE2-V2GM-5WSR-XXXX
  Product: Unity Personal
  Type: ULF
  Expiration: 2026-10-26T11:41:56Z
[Licensing::Module] License group:
  Id: 13469192146326-UnityPersXXXX
  Product: Unity Personal
  Type: Assigned
  Expiration: Unlimited
[Licensing::Client] Successfully resolved entitlement details
[Licensing::Module] License group:
  Id: F4-3PM3-ADE2-V2GM-5WSR-XXXX
  Product: Unity Personal
  Type: ULF
  Expiration: 2026-10-26T11:41:56Z
[Licensing::Module] License group:
  Id: 13469192146326-UnityPersXXXX
  Product: Unity Personal
  Type: Assigned
  Expiration: Unlimited
 -> (artifact id: '849d3fb827f7454005b2a19c44b51399') in 0.0595273 seconds
Number of updated asset objects reloaded before import = 0Number of asset objects unloaded after import = 1

========================================================================
Received Import Request.
  Time since last request: 0.000030 seconds.
  path: Assets/Studio33 Interactive_[BasketBall] v1.1/Animations/Basketball Motions Humanoid/346_JabstepReadyA.fbx
  artifactKey: Guid(ba742cca1f26c76409a21475cdd8199a) Importer(2089858483,b0f066a214c2f5e87bad3c948f4d605d)
Start importing Assets/Studio33 Interactive_[BasketBall] v1.1/Animations/Basketball Motions Humanoid/346_JabstepReadyA.fbx using Guid(ba742cca1f26c76409a21475cdd8199a) Importer(2089858483,b0f066a214c2f5e87bad3c948f4d605d) (ScriptedImporter) -> (artifact id: 'd1b15e7e435b2836be1855230ab00273') in 0.0243889 seconds
Number of updated asset objects reloaded before import = 0Number of asset objects unloaded after import = 155

========================================================================
Received Import Request.
  Time since last request: 0.000043 seconds.
  path: Assets/Studio33 Interactive_[BasketBall] v1.1/Animations/Basketball Motions_Generic/1467_DunkRA.fbx
  artifactKey: Guid(eae9f0edacefda94a8b90dc7d2224483) Importer(2089858483,b0f066a214c2f5e87bad3c948f4d605d)
Start importing Assets/Studio33 Interactive_[BasketBall] v1.1/Animations/Basketball Motions_Generic/1467_DunkRA.fbx using Guid(eae9f0edacefda94a8b90dc7d2224483) Importer(2089858483,b0f066a214c2f5e87bad3c948f4d605d) (ScriptedImporter) -> (artifact id: '1c1306bd735b16150eb06fc927077c49') in 0.0278838 seconds
Number of updated asset objects reloaded before import = 0Number of asset objects unloaded after import = 153

========================================================================
Received Import Request.
  Time since last request: 0.000043 seconds.
  path: Assets/Studio33 Interactive_[BasketBall] v1.1/Animations/Basketball Motions Humanoid/170_TravRA.fbx
  artifactKey: Guid(1e90d3256401e0049b0f660dea00ff7f) Importer(2089858483,b0f066a214c2f5e87bad3c948f4d605d)
Start importing Assets/Studio33 Interactive_[BasketBall] v1.1/Animations/Basketball Motions Humanoid/170_TravRA.fbx using Guid(1e90d3256401e0049b0f660dea00ff7f) Importer(2089858483,b0f066a214c2f5e87bad3c948f4d605d) (ScriptedImporter) -> (artifact id: '396184309433311db6901bdede1743ec') in 0.0321624 seconds
Number of updated asset objects reloaded before import = 0Number of asset objects unloaded after import = 155

========================================================================
Received Import Request.
  Time since last request: 0.000055 seconds.
  path: Assets/Studio33 Interactive_[BasketBall] v1.1/Animations/Basketball Motions Humanoid/2148_KeepingA.fbx
  artifactKey: Guid(33f31036b87269a45affc410efdb1b2a) Importer(2089858483,b0f066a214c2f5e87bad3c948f4d605d)
Start importing Assets/Studio33 Interactive_[BasketBall] v1.1/Animations/Basketball Motions Humanoid/2148_KeepingA.fbx using Guid(33f31036b87269a45affc410efdb1b2a) Importer(2089858483,b0f066a214c2f5e87bad3c948f4d605d) (ScriptedImporter) -> (artifact id: '64ccaba1a43fad5dd817eddd10f3c7f6') in 0.0403487 seconds
Number of updated asset objects reloaded before import = 0Number of asset objects unloaded after import = 155

========================================================================
Received Import Request.
  Time since last request: 0.000027 seconds.
  path: Assets/Studio33 Interactive_[BasketBall] v1.1/Animations/Basketball Motions_Generic/992_Rebound rC.fbx
  artifactKey: Guid(779593b0f22864c4a920ae55ba3b802f) Importer(2089858483,b0f066a214c2f5e87bad3c948f4d605d)
Start importing Assets/Studio33 Interactive_[BasketBall] v1.1/Animations/Basketball Motions_Generic/992_Rebound rC.fbx using Guid(779593b0f22864c4a920ae55ba3b802f) Importer(2089858483,b0f066a214c2f5e87bad3c948f4d605d) (ScriptedImporter) -> (artifact id: 'c1518e48519c5950fdb200a815e08f01') in 0.022301 seconds
Number of updated asset objects reloaded before import = 0Number of asset objects unloaded after import = 153

========================================================================
Received Import Request.
  Time since last request: 0.000055 seconds.
  path: Assets/Studio33 Interactive_[BasketBall] v1.1/Animations/Basketball Motions_Generic/1497_JumpshotDriftLA.fbx
  artifactKey: Guid(aada107e3b4878d439b32eccc260d83d) Importer(2089858483,b0f066a214c2f5e87bad3c948f4d605d)
Start importing Assets/Studio33 Interactive_[BasketBall] v1.1/Animations/Basketball Motions_Generic/1497_JumpshotDriftLA.fbx using Guid(aada107e3b4878d439b32eccc260d83d) Importer(2089858483,b0f066a214c2f5e87bad3c948f4d605d) (ScriptedImporter) -> (artifact id: '222e8082aae8ffe12b4fe23f8c666728') in 0.0282276 seconds
Number of updated asset objects reloaded before import = 0Number of asset objects unloaded after import = 153

========================================================================
Received Import Request.
  Time since last request: 0.000046 seconds.
  path: Assets/Studio33 Interactive_[BasketBall] v1.1/Animations/Basketball Motions_Generic/1816_DunkRA.fbx
  artifactKey: Guid(b54918d8692abfd4bafebbb69cc7ecb8) Importer(2089858483,b0f066a214c2f5e87bad3c948f4d605d)
Start importing Assets/Studio33 Interactive_[BasketBall] v1.1/Animations/Basketball Motions_Generic/1816_DunkRA.fbx using Guid(b54918d8692abfd4bafebbb69cc7ecb8) Importer(2089858483,b0f066a214c2f5e87bad3c948f4d605d) (ScriptedImporter) -> (artifact id: 'a4b9373e1f4dc73752db6df53e14cdea') in 0.0286952 seconds
Number of updated asset objects reloaded before import = 0Number of asset objects unloaded after import = 153

========================================================================
Received Import Request.
  Time since last request: 0.000044 seconds.
  path: Assets/Studio33 Interactive_[BasketBall] v1.1/Animations/Basketball Motions Humanoid/1502_LayupRA.fbx
  artifactKey: Guid(d9581f04795a881449ab6205f483bda6) Importer(2089858483,b0f066a214c2f5e87bad3c948f4d605d)
Start importing Assets/Studio33 Interactive_[BasketBall] v1.1/Animations/Basketball Motions Humanoid/1502_LayupRA.fbx using Guid(d9581f04795a881449ab6205f483bda6) Importer(2089858483,b0f066a214c2f5e87bad3c948f4d605d) (ScriptedImporter) -> (artifact id: 'ff43d222b67c4ed65cc4e359cf63c230') in 0.02803 seconds
Number of updated asset objects reloaded before import = 0Number of asset objects unloaded after import = 155

========================================================================
Received Import Request.
  Time since last request: 0.000049 seconds.
  path: Assets/Studio33 Interactive_[BasketBall] v1.1/Animations/Basketball Motions Humanoid/881_RstapassShootfakepassF.fbx
  artifactKey: Guid(122f6191be2a8964cb4a7210cca7dd40) Importer(2089858483,b0f066a214c2f5e87bad3c948f4d605d)
Start importing Assets/Studio33 Interactive_[BasketBall] v1.1/Animations/Basketball Motions Humanoid/881_RstapassShootfakepassF.fbx using Guid(122f6191be2a8964cb4a7210cca7dd40) Importer(2089858483,b0f066a214c2f5e87bad3c948f4d605d) (ScriptedImporter) -> (artifact id: '35d7f3273f54c01e1c32ca300cf509f5') in 0.0269132 seconds
Number of updated asset objects reloaded before import = 0Number of asset objects unloaded after import = 155

========================================================================
Received Import Request.
  Time since last request: 0.000032 seconds.
  path: Assets/Studio33 Interactive_[BasketBall] v1.1/Animations/Basketball Motions_Generic/1078_ScreeleftMoveA.fbx
  artifactKey: Guid(3ae8fcdb2a45603449173ebb98eb354c) Importer(2089858483,b0f066a214c2f5e87bad3c948f4d605d)
Start importing Assets/Studio33 Interactive_[BasketBall] v1.1/Animations/Basketball Motions_Generic/1078_ScreeleftMoveA.fbx using Guid(3ae8fcdb2a45603449173ebb98eb354c) Importer(2089858483,b0f066a214c2f5e87bad3c948f4d605d) (ScriptedImporter) -> (artifact id: '23c8242b13ca8a1f93a081c87007683d') in 0.0216764 seconds
Number of updated asset objects reloaded before import = 0Number of asset objects unloaded after import = 153

========================================================================
Received Import Request.
  Time since last request: 0.000035 seconds.
  path: Assets/Studio33 Interactive_[BasketBall] v1.1/Animations/Basketball Motions Humanoid/2_PostBackingpushA.fbx
  artifactKey: Guid(d2302720e01701e43a78b05799719660) Importer(2089858483,b0f066a214c2f5e87bad3c948f4d605d)
Start importing Assets/Studio33 Interactive_[BasketBall] v1.1/Animations/Basketball Motions Humanoid/2_PostBackingpushA.fbx using Guid(d2302720e01701e43a78b05799719660) Importer(2089858483,b0f066a214c2f5e87bad3c948f4d605d) (ScriptedImporter) -> (artifact id: '4eb7a2169d500973cb317dc627f73918') in 0.0303511 seconds
Number of updated asset objects reloaded before import = 0Number of asset objects unloaded after import = 155

========================================================================
Received Import Request.
  Time since last request: 0.000054 seconds.
  path: Assets/Studio33 Interactive_[BasketBall] v1.1/Animations/Basketball Motions_Generic/2109_JumpshotMFakeA.fbx
  artifactKey: Guid(2071f4c980255d644aaaa2b2b721ba9d) Importer(2089858483,b0f066a214c2f5e87bad3c948f4d605d)
Start importing Assets/Studio33 Interactive_[BasketBall] v1.1/Animations/Basketball Motions_Generic/2109_JumpshotMFakeA.fbx using Guid(2071f4c980255d644aaaa2b2b721ba9d) Importer(2089858483,b0f066a214c2f5e87bad3c948f4d605d) (ScriptedImporter) -> (artifact id: '5ed443a3f220ebfcf6e001c86eefc88c') in 0.0234756 seconds
Number of updated asset objects reloaded before import = 0Number of asset objects unloaded after import = 153

========================================================================
Received Import Request.
  Time since last request: 0.000031 seconds.
  path: Assets/Studio33 Interactive_[BasketBall] v1.1/Animations/Basketball Motions Humanoid/388_CrossThLRLA.fbx
  artifactKey: Guid(b5b4d0395ed8c5c4083b2fc06237f5e2) Importer(2089858483,b0f066a214c2f5e87bad3c948f4d605d)
Start importing Assets/Studio33 Interactive_[BasketBall] v1.1/Animations/Basketball Motions Humanoid/388_CrossThLRLA.fbx using Guid(b5b4d0395ed8c5c4083b2fc06237f5e2) Importer(2089858483,b0f066a214c2f5e87bad3c948f4d605d) (ScriptedImporter) -> (artifact id: 'cdff026e887e1df9e8b74599d0942c88') in 0.0270107 seconds
Number of updated asset objects reloaded before import = 0Number of asset objects unloaded after import = 155

========================================================================
Received Import Request.
  Time since last request: 0.000031 seconds.
  path: Assets/Studio33 Interactive_[BasketBall] v1.1/Animations/Basketball Motions_Generic/1357_JumpshotMFakeAC.fbx
  artifactKey: Guid(ecea38a8962fde245bc01a88768f2a92) Importer(2089858483,b0f066a214c2f5e87bad3c948f4d605d)
Start importing Assets/Studio33 Interactive_[BasketBall] v1.1/Animations/Basketball Motions_Generic/1357_JumpshotMFakeAC.fbx using Guid(ecea38a8962fde245bc01a88768f2a92) Importer(2089858483,b0f066a214c2f5e87bad3c948f4d605d) (ScriptedImporter) -> (artifact id: 'ca201921824765883a577b1fece8a1ce') in 0.0259848 seconds
Number of updated asset objects reloaded before import = 0Number of asset objects unloaded after import = 153

========================================================================
Received Import Request.
  Time since last request: 0.000036 seconds.
  path: Assets/Studio33 Interactive_[BasketBall] v1.1/Animations/Basketball Motions Humanoid/619_SlidingCSucA.fbx
  artifactKey: Guid(129281f1b44d1934a8bd2d31636e996f) Importer(2089858483,b0f066a214c2f5e87bad3c948f4d605d)
Start importing Assets/Studio33 Interactive_[BasketBall] v1.1/Animations/Basketball Motions Humanoid/619_SlidingCSucA.fbx using Guid(129281f1b44d1934a8bd2d31636e996f) Importer(2089858483,b0f066a214c2f5e87bad3c948f4d605d) (ScriptedImporter) -> (artifact id: '8f44eba54c9dedd018964c060c5ca6b8') in 0.0275008 seconds
Number of updated asset objects reloaded before import = 0Number of asset objects unloaded after import = 155

========================================================================
Received Import Request.
  Time since last request: 0.000057 seconds.
  path: Assets/Studio33 Interactive_[BasketBall] v1.1/Animations/Basketball Motions Humanoid/2005_JumpshotReadyFake.fbx
  artifactKey: Guid(6ca7ddd683c712a45b0fa0977de73e9d) Importer(2089858483,b0f066a214c2f5e87bad3c948f4d605d)
Start importing Assets/Studio33 Interactive_[BasketBall] v1.1/Animations/Basketball Motions Humanoid/2005_JumpshotReadyFake.fbx using Guid(6ca7ddd683c712a45b0fa0977de73e9d) Importer(2089858483,b0f066a214c2f5e87bad3c948f4d605d) (ScriptedImporter) -> (artifact id: 'e20aa3187360f49889b162603189f21a') in 0.0288676 seconds
Number of updated asset objects reloaded before import = 0Number of asset objects unloaded after import = 155

========================================================================
Received Import Request.
  Time since last request: 0.000032 seconds.
  path: Assets/Studio33 Interactive_[BasketBall] v1.1/Animations/Basketball Motions Humanoid/957_Rebound B.fbx
  artifactKey: Guid(a167abaf9b306754d92928295b123fc4) Importer(2089858483,b0f066a214c2f5e87bad3c948f4d605d)
Start importing Assets/Studio33 Interactive_[BasketBall] v1.1/Animations/Basketball Motions Humanoid/957_Rebound B.fbx using Guid(a167abaf9b306754d92928295b123fc4) Importer(2089858483,b0f066a214c2f5e87bad3c948f4d605d) (ScriptedImporter) -> (artifact id: 'ae8d72d16ea89e93d2ae6d4bb4740519') in 0.0314481 seconds
Number of updated asset objects reloaded before import = 0Number of asset objects unloaded after import = 155

========================================================================
Received Import Request.
  Time since last request: 0.000053 seconds.
  path: Assets/Studio33 Interactive_[BasketBall] v1.1/Animations/Basketball Motions Humanoid/1342_JumpshotMA.fbx
  artifactKey: Guid(b91cacae283d8f147b553c225e9517a6) Importer(2089858483,b0f066a214c2f5e87bad3c948f4d605d)
Start importing Assets/Studio33 Interactive_[BasketBall] v1.1/Animations/Basketball Motions Humanoid/1342_JumpshotMA.fbx using Guid(b91cacae283d8f147b553c225e9517a6) Importer(2089858483,b0f066a214c2f5e87bad3c948f4d605d) (ScriptedImporter) -> (artifact id: 'fc876e1f694802a2a3c4131dc3a0a3c0') in 0.0297309 seconds
Number of updated asset objects reloaded before import = 0Number of asset objects unloaded after import = 155

========================================================================
Received Import Request.
  Time since last request: 0.000030 seconds.
  path: Assets/Studio33 Interactive_[BasketBall] v1.1/Animations/Basketball Motions_Generic/2214_DunkCA.fbx
  artifactKey: Guid(1202408def813194d8b256c99124e675) Importer(2089858483,b0f066a214c2f5e87bad3c948f4d605d)
Start importing Assets/Studio33 Interactive_[BasketBall] v1.1/Animations/Basketball Motions_Generic/2214_DunkCA.fbx using Guid(1202408def813194d8b256c99124e675) Importer(2089858483,b0f066a214c2f5e87bad3c948f4d605d) (ScriptedImporter) -> (artifact id: '48526e890021ad60615d0397a8fdec8b') in 0.0321297 seconds
Number of updated asset objects reloaded before import = 0Number of asset objects unloaded after import = 153

========================================================================
Received Import Request.
  Time since last request: 0.000042 seconds.
  path: Assets/Studio33 Interactive_[BasketBall] v1.1/Animations/Basketball Motions Humanoid/169_StopRA.fbx
  artifactKey: Guid(2a9a4b320281a9e4c87f30bdb4e70112) Importer(2089858483,b0f066a214c2f5e87bad3c948f4d605d)
Start importing Assets/Studio33 Interactive_[BasketBall] v1.1/Animations/Basketball Motions Humanoid/169_StopRA.fbx using Guid(2a9a4b320281a9e4c87f30bdb4e70112) Importer(2089858483,b0f066a214c2f5e87bad3c948f4d605d) (ScriptedImporter) -> (artifact id: '85fdfd35da732b48db374cb52378b6b8') in 0.0319392 seconds
Number of updated asset objects reloaded before import = 0Number of asset objects unloaded after import = 155

========================================================================
Received Import Request.
  Time since last request: 0.000039 seconds.
  path: Assets/Studio33 Interactive_[BasketBall] v1.1/Animations/Basketball Motions_Generic/1314_DunkRA.fbx
  artifactKey: Guid(2d22676ad70708541864e13677d18c89) Importer(2089858483,b0f066a214c2f5e87bad3c948f4d605d)
Start importing Assets/Studio33 Interactive_[BasketBall] v1.1/Animations/Basketball Motions_Generic/1314_DunkRA.fbx using Guid(2d22676ad70708541864e13677d18c89) Importer(2089858483,b0f066a214c2f5e87bad3c948f4d605d) (ScriptedImporter) -> (artifact id: 'a97702677f69bf76699c5cfff228a0e7') in 0.0296075 seconds
Number of updated asset objects reloaded before import = 0Number of asset objects unloaded after import = 153

========================================================================
Received Import Request.
  Time since last request: 0.000045 seconds.
  path: Assets/Studio33 Interactive_[BasketBall] v1.1/Animations/Basketball Motions Humanoid/739_PostBackingpassKiA.fbx
  artifactKey: Guid(e78018291872498449febdbd5f4ca1de) Importer(2089858483,b0f066a214c2f5e87bad3c948f4d605d)
Start importing Assets/Studio33 Interactive_[BasketBall] v1.1/Animations/Basketball Motions Humanoid/739_PostBackingpassKiA.fbx using Guid(e78018291872498449febdbd5f4ca1de) Importer(2089858483,b0f066a214c2f5e87bad3c948f4d605d) (ScriptedImporter) -> (artifact id: 'a3bd06b5862cdc615aa6542702f9ed4b') in 0.0246499 seconds
Number of updated asset objects reloaded before import = 0Number of asset objects unloaded after import = 155

========================================================================
Received Import Request.
  Time since last request: 0.000039 seconds.
  path: Assets/Studio33 Interactive_[BasketBall] v1.1/Animations/Basketball Motions Humanoid/1504_LayupRevRA.fbx
  artifactKey: Guid(fd580ffc9dc37f949ac802eece489a8f) Importer(2089858483,b0f066a214c2f5e87bad3c948f4d605d)
Start importing Assets/Studio33 Interactive_[BasketBall] v1.1/Animations/Basketball Motions Humanoid/1504_LayupRevRA.fbx using Guid(fd580ffc9dc37f949ac802eece489a8f) Importer(2089858483,b0f066a214c2f5e87bad3c948f4d605d) (ScriptedImporter) -> (artifact id: 'afb89834952b6a733a6573ace0e4249f') in 0.0318442 seconds
Number of updated asset objects reloaded before import = 0Number of asset objects unloaded after import = 155

========================================================================
Received Import Request.
  Time since last request: 0.000093 seconds.
  path: Assets/Studio33 Interactive_[BasketBall] v1.1/Animations/Basketball Motions_Generic/180_BlockingckedFrontA.fbx
  artifactKey: Guid(265ce67d1ff7722459ba2652bc4031fd) Importer(2089858483,b0f066a214c2f5e87bad3c948f4d605d)
Start importing Assets/Studio33 Interactive_[BasketBall] v1.1/Animations/Basketball Motions_Generic/180_BlockingckedFrontA.fbx using Guid(265ce67d1ff7722459ba2652bc4031fd) Importer(2089858483,b0f066a214c2f5e87bad3c948f4d605d) (ScriptedImporter) -> (artifact id: '5e91739cbd2d1cc40af442ce6ac08d72') in 0.02333 seconds
Number of updated asset objects reloaded before import = 0Number of asset objects unloaded after import = 153

========================================================================
Received Import Request.
  Time since last request: 0.000034 seconds.
  path: Assets/Studio33 Interactive_[BasketBall] v1.1/Animations/Basketball Motions Humanoid/1028_Rebound rC.fbx
  artifactKey: Guid(43f3544733b265e48bb91ece07a6616f) Importer(2089858483,b0f066a214c2f5e87bad3c948f4d605d)
Start importing Assets/Studio33 Interactive_[BasketBall] v1.1/Animations/Basketball Motions Humanoid/1028_Rebound rC.fbx using Guid(43f3544733b265e48bb91ece07a6616f) Importer(2089858483,b0f066a214c2f5e87bad3c948f4d605d) (ScriptedImporter) -> (artifact id: 'de470553bf01d0f123f6b03778217ddb') in 0.027924 seconds
Number of updated asset objects reloaded before import = 0Number of asset objects unloaded after import = 155

========================================================================
Received Import Request.
  Time since last request: 0.000050 seconds.
  path: Assets/Studio33 Interactive_[BasketBall] v1.1/Animations/Basketball Motions_Generic/1650_DunkCAC.fbx
  artifactKey: Guid(9cd40cbfd2a00d941bd9c080c6522afb) Importer(2089858483,b0f066a214c2f5e87bad3c948f4d605d)
Start importing Assets/Studio33 Interactive_[BasketBall] v1.1/Animations/Basketball Motions_Generic/1650_DunkCAC.fbx using Guid(9cd40cbfd2a00d941bd9c080c6522afb) Importer(2089858483,b0f066a214c2f5e87bad3c948f4d605d) (ScriptedImporter) -> (artifact id: '89e2d221c75dadfedf6ff1958aa542d0') in 0.0300901 seconds
Number of updated asset objects reloaded before import = 0Number of asset objects unloaded after import = 153

========================================================================
Received Import Request.
  Time since last request: 0.000052 seconds.
  path: Assets/Studio33 Interactive_[BasketBall] v1.1/Animations/Basketball Motions Humanoid/800_PassOverA.fbx
  artifactKey: Guid(6e0fa3d3c40f68f4a8a2cf605a86ac9f) Importer(2089858483,b0f066a214c2f5e87bad3c948f4d605d)
Start importing Assets/Studio33 Interactive_[BasketBall] v1.1/Animations/Basketball Motions Humanoid/800_PassOverA.fbx using Guid(6e0fa3d3c40f68f4a8a2cf605a86ac9f) Importer(2089858483,b0f066a214c2f5e87bad3c948f4d605d) (ScriptedImporter) -> (artifact id: '875b3af6377ce8c7a3e93b47f8362147') in 0.0300783 seconds
Number of updated asset objects reloaded before import = 0Number of asset objects unloaded after import = 155

========================================================================
Received Import Request.
  Time since last request: 0.000073 seconds.
  path: Assets/Studio33 Interactive_[BasketBall] v1.1/Animations/Basketball Motions_Generic/1487_DclutchFRightA.fbx
  artifactKey: Guid(549d07060a8c7764f9a28150d96c1416) Importer(2089858483,b0f066a214c2f5e87bad3c948f4d605d)
Start importing Assets/Studio33 Interactive_[BasketBall] v1.1/Animations/Basketball Motions_Generic/1487_DclutchFRightA.fbx using Guid(549d07060a8c7764f9a28150d96c1416) Importer(2089858483,b0f066a214c2f5e87bad3c948f4d605d) (ScriptedImporter) -> (artifact id: '0e648ce53681e38ff10e917009c582b3') in 0.0295997 seconds
Number of updated asset objects reloaded before import = 0Number of asset objects unloaded after import = 153

========================================================================
Received Import Request.
  Time since last request: 0.000033 seconds.
  path: Assets/Studio33 Interactive_[BasketBall] v1.1/Animations/Basketball Motions Humanoid/988_Rebound rC.fbx
  artifactKey: Guid(490eed0baa0320f48be184cf78727720) Importer(2089858483,b0f066a214c2f5e87bad3c948f4d605d)
Start importing Assets/Studio33 Interactive_[BasketBall] v1.1/Animations/Basketball Motions Humanoid/988_Rebound rC.fbx using Guid(490eed0baa0320f48be184cf78727720) Importer(2089858483,b0f066a214c2f5e87bad3c948f4d605d) (ScriptedImporter) -> (artifact id: '1a6ee049402ca24095151ad36cc84f1e') in 0.0359062 seconds
Number of updated asset objects reloaded before import = 0Number of asset objects unloaded after import = 155

========================================================================
Received Import Request.
  Time since last request: 0.000034 seconds.
  path: Assets/Studio33 Interactive_[BasketBall] v1.1/Animations/Basketball Motions Humanoid/1843_DunkCA.fbx
  artifactKey: Guid(f08c3147930ed9b4d936af37e46cbc89) Importer(2089858483,b0f066a214c2f5e87bad3c948f4d605d)
Start importing Assets/Studio33 Interactive_[BasketBall] v1.1/Animations/Basketball Motions Humanoid/1843_DunkCA.fbx using Guid(f08c3147930ed9b4d936af37e46cbc89) Importer(2089858483,b0f066a214c2f5e87bad3c948f4d605d) (ScriptedImporter) -> (artifact id: '110a3b0eb97976a38204e960fbc76987') in 0.0293468 seconds
Number of updated asset objects reloaded before import = 0Number of asset objects unloaded after import = 155

========================================================================
Received Import Request.
  Time since last request: 0.000124 seconds.
  path: Assets/Studio33 Interactive_[BasketBall] v1.1/Animations/Basketball Motions_Generic/47_BlockingckncatchShortLayupFA.fbx
  artifactKey: Guid(a3adb65e68ffdbf42b28322b3952d7c6) Importer(2089858483,b0f066a214c2f5e87bad3c948f4d605d)
Start importing Assets/Studio33 Interactive_[BasketBall] v1.1/Animations/Basketball Motions_Generic/47_BlockingckncatchShortLayupFA.fbx using Guid(a3adb65e68ffdbf42b28322b3952d7c6) Importer(2089858483,b0f066a214c2f5e87bad3c948f4d605d) (ScriptedImporter) -> (artifact id: '2ef664c273fe0749f481c9ab6d0dd1b9') in 0.0298325 seconds
Number of updated asset objects reloaded before import = 0Number of asset objects unloaded after import = 153

========================================================================
Received Import Request.
  Time since last request: 0.000032 seconds.
  path: Assets/Studio33 Interactive_[BasketBall] v1.1/Animations/Basketball Motions_Generic/761_PassifA.fbx
  artifactKey: Guid(0e4c144ae238f0d4dbdaee9f9cb99cc4) Importer(2089858483,b0f066a214c2f5e87bad3c948f4d605d)
Start importing Assets/Studio33 Interactive_[BasketBall] v1.1/Animations/Basketball Motions_Generic/761_PassifA.fbx using Guid(0e4c144ae238f0d4dbdaee9f9cb99cc4) Importer(2089858483,b0f066a214c2f5e87bad3c948f4d605d) (ScriptedImporter) -> (artifact id: '656cbe13567e62f60c4d7afc1c84c568') in 0.0270761 seconds
Number of updated asset objects reloaded before import = 0Number of asset objects unloaded after import = 153

========================================================================
Received Import Request.
  Time since last request: 0.000039 seconds.
  path: Assets/Studio33 Interactive_[BasketBall] v1.1/Animations/Basketball Motions Humanoid/1791_DunkCA.fbx
  artifactKey: Guid(ab3123b846231be47a743236ede0da00) Importer(2089858483,b0f066a214c2f5e87bad3c948f4d605d)
Start importing Assets/Studio33 Interactive_[BasketBall] v1.1/Animations/Basketball Motions Humanoid/1791_DunkCA.fbx using Guid(ab3123b846231be47a743236ede0da00) Importer(2089858483,b0f066a214c2f5e87bad3c948f4d605d) (ScriptedImporter) -> (artifact id: '1253889804efc9ef40f05907a235ffe7') in 0.0301924 seconds
Number of updated asset objects reloaded before import = 0Number of asset objects unloaded after import = 155

========================================================================
Received Import Request.
  Time since last request: 0.000050 seconds.
  path: Assets/Studio33 Interactive_[BasketBall] v1.1/Animations/Basketball Motions_Generic/2052_JumpshotMA.fbx
  artifactKey: Guid(6bfb176c9ce4cfb418f785d985fc6b56) Importer(2089858483,b0f066a214c2f5e87bad3c948f4d605d)
Start importing Assets/Studio33 Interactive_[BasketBall] v1.1/Animations/Basketball Motions_Generic/2052_JumpshotMA.fbx using Guid(6bfb176c9ce4cfb418f785d985fc6b56) Importer(2089858483,b0f066a214c2f5e87bad3c948f4d605d) (ScriptedImporter) -> (artifact id: '64f2f2c90fea9b42b541353b20ee9726') in 0.027922 seconds
Number of updated asset objects reloaded before import = 0Number of asset objects unloaded after import = 153

========================================================================
Received Import Request.
  Time since last request: 0.000052 seconds.
  path: Assets/Studio33 Interactive_[BasketBall] v1.1/Animations/Basketball Motions_Generic/1982_DunkRA.fbx
  artifactKey: Guid(f3df83a94e45777479dc87f46340d4e6) Importer(2089858483,b0f066a214c2f5e87bad3c948f4d605d)
Start importing Assets/Studio33 Interactive_[BasketBall] v1.1/Animations/Basketball Motions_Generic/1982_DunkRA.fbx using Guid(f3df83a94e45777479dc87f46340d4e6) Importer(2089858483,b0f066a214c2f5e87bad3c948f4d605d) (ScriptedImporter) -> (artifact id: '76ab77b571b71ce9b1a9295fc4844351') in 0.0257966 seconds
Number of updated asset objects reloaded before import = 0Number of asset objects unloaded after import = 153

========================================================================
Received Import Request.
  Time since last request: 0.000034 seconds.
  path: Assets/Studio33 Interactive_[BasketBall] v1.1/Animations/Basketball Motions_Generic/1537_JumpshotCA.fbx
  artifactKey: Guid(4aa79d17578044748861552aeea738e5) Importer(2089858483,b0f066a214c2f5e87bad3c948f4d605d)
Start importing Assets/Studio33 Interactive_[BasketBall] v1.1/Animations/Basketball Motions_Generic/1537_JumpshotCA.fbx using Guid(4aa79d17578044748861552aeea738e5) Importer(2089858483,b0f066a214c2f5e87bad3c948f4d605d) (ScriptedImporter) -> (artifact id: '6ae1e43c8f81c5b6bde15661ac9d43f1') in 0.0269215 seconds
Number of updated asset objects reloaded before import = 0Number of asset objects unloaded after import = 153

========================================================================
Received Import Request.
  Time since last request: 0.000032 seconds.
  path: Assets/Studio33 Interactive_[BasketBall] v1.1/Animations/Basketball Motions Humanoid/297_NutmegThrowRL.fbx
  artifactKey: Guid(780352d0a1771b5499f17249ea67deb3) Importer(2089858483,b0f066a214c2f5e87bad3c948f4d605d)
Start importing Assets/Studio33 Interactive_[BasketBall] v1.1/Animations/Basketball Motions Humanoid/297_NutmegThrowRL.fbx using Guid(780352d0a1771b5499f17249ea67deb3) Importer(2089858483,b0f066a214c2f5e87bad3c948f4d605d) (ScriptedImporter) -> (artifact id: '97928989ad2412b7643625a8360ed14e') in 0.0273005 seconds
Number of updated asset objects reloaded before import = 0Number of asset objects unloaded after import = 155

========================================================================
Received Import Request.
  Time since last request: 0.000034 seconds.
  path: Assets/Studio33 Interactive_[BasketBall] v1.1/Animations/Basketball Motions Humanoid/214_ShoulderdunkTeright.fbx
  artifactKey: Guid(f4ed5ba5ac618bd47b51458855668736) Importer(2089858483,b0f066a214c2f5e87bad3c948f4d605d)
Start importing Assets/Studio33 Interactive_[BasketBall] v1.1/Animations/Basketball Motions Humanoid/214_ShoulderdunkTeright.fbx using Guid(f4ed5ba5ac618bd47b51458855668736) Importer(2089858483,b0f066a214c2f5e87bad3c948f4d605d) (ScriptedImporter) -> (artifact id: '6d32f52eda3576567ed445817bf74deb') in 0.0267728 seconds
Number of updated asset objects reloaded before import = 0Number of asset objects unloaded after import = 155

========================================================================
Received Import Request.
  Time since last request: 0.000057 seconds.
  path: Assets/Studio33 Interactive_[BasketBall] v1.1/Animations/Basketball Motions_Generic/1385_JumpshotReadyFake.fbx
  artifactKey: Guid(15c4b1d388e05b843b8e34ce16f4e7c2) Importer(2089858483,b0f066a214c2f5e87bad3c948f4d605d)
Start importing Assets/Studio33 Interactive_[BasketBall] v1.1/Animations/Basketball Motions_Generic/1385_JumpshotReadyFake.fbx using Guid(15c4b1d388e05b843b8e34ce16f4e7c2) Importer(2089858483,b0f066a214c2f5e87bad3c948f4d605d) (ScriptedImporter) -> (artifact id: '0dd1133276a008db0e795dee244a9668') in 0.0298055 seconds
Number of updated asset objects reloaded before import = 0Number of asset objects unloaded after import = 153

========================================================================
Received Import Request.
  Time since last request: 0.000069 seconds.
  path: Assets/Studio33 Interactive_[BasketBall] v1.1/Animations/Basketball Motions Humanoid/2170_PivotLA.fbx
  artifactKey: Guid(840c1c89e1a8bdf4881f83f4d49d31d7) Importer(2089858483,b0f066a214c2f5e87bad3c948f4d605d)
Start importing Assets/Studio33 Interactive_[BasketBall] v1.1/Animations/Basketball Motions Humanoid/2170_PivotLA.fbx using Guid(840c1c89e1a8bdf4881f83f4d49d31d7) Importer(2089858483,b0f066a214c2f5e87bad3c948f4d605d) (ScriptedImporter) -> (artifact id: '834a6311b92c77b342bef4ee30345490') in 0.0255545 seconds
Number of updated asset objects reloaded before import = 0Number of asset objects unloaded after import = 155

========================================================================
Received Import Request.
  Time since last request: 0.000032 seconds.
  path: Assets/Studio33 Interactive_[BasketBall] v1.1/Animations/Basketball Motions Humanoid/537_QuicklayupCA.fbx
  artifactKey: Guid(399c1fdf51e841e419f7a7f8ca3add5c) Importer(2089858483,b0f066a214c2f5e87bad3c948f4d605d)
Start importing Assets/Studio33 Interactive_[BasketBall] v1.1/Animations/Basketball Motions Humanoid/537_QuicklayupCA.fbx using Guid(399c1fdf51e841e419f7a7f8ca3add5c) Importer(2089858483,b0f066a214c2f5e87bad3c948f4d605d) (ScriptedImporter) -> (artifact id: '827895d18e7197ae8a25c5e6f6741859') in 0.0297749 seconds
Number of updated asset objects reloaded before import = 0Number of asset objects unloaded after import = 155

========================================================================
Received Import Request.
  Time since last request: 0.000044 seconds.
  path: Assets/Studio33 Interactive_[BasketBall] v1.1/Animations/Basketball Motions Humanoid/545_SpikeshootMFakeA.fbx
  artifactKey: Guid(54d5364ada255684cad158d8abfbb9b9) Importer(2089858483,b0f066a214c2f5e87bad3c948f4d605d)
Start importing Assets/Studio33 Interactive_[BasketBall] v1.1/Animations/Basketball Motions Humanoid/545_SpikeshootMFakeA.fbx using Guid(54d5364ada255684cad158d8abfbb9b9) Importer(2089858483,b0f066a214c2f5e87bad3c948f4d605d) (ScriptedImporter) -> (artifact id: 'dbbf7d97e04f2ca306d3a6c6a9afe4b7') in 0.027995 seconds
Number of updated asset objects reloaded before import = 0Number of asset objects unloaded after import = 155

========================================================================
Received Import Request.
  Time since last request: 0.000047 seconds.
  path: Assets/Studio33 Interactive_[BasketBall] v1.1/Animations/Basketball Motions_Generic/2170_PivotLA.fbx
  artifactKey: Guid(7690736dd9bbcb44cb40dfd8ecaf87eb) Importer(2089858483,b0f066a214c2f5e87bad3c948f4d605d)
Start importing Assets/Studio33 Interactive_[BasketBall] v1.1/Animations/Basketball Motions_Generic/2170_PivotLA.fbx using Guid(7690736dd9bbcb44cb40dfd8ecaf87eb) Importer(2089858483,b0f066a214c2f5e87bad3c948f4d605d) (ScriptedImporter) -> (artifact id: '2644afb07efe483559f25319fd529813') in 0.0231628 seconds
Number of updated asset objects reloaded before import = 0Number of asset objects unloaded after import = 153

========================================================================
Received Import Request.
  Time since last request: 0.000026 seconds.
  path: Assets/Studio33 Interactive_[BasketBall] v1.1/Animations/Basketball Motions_Generic/931_PostTurfadeawayLAC.fbx
  artifactKey: Guid(8cf83dd7d8a5850418f2f52360ad66ed) Importer(2089858483,b0f066a214c2f5e87bad3c948f4d605d)
Start importing Assets/Studio33 Interactive_[BasketBall] v1.1/Animations/Basketball Motions_Generic/931_PostTurfadeawayLAC.fbx using Guid(8cf83dd7d8a5850418f2f52360ad66ed) Importer(2089858483,b0f066a214c2f5e87bad3c948f4d605d) (ScriptedImporter) -> (artifact id: '460500c3009da697fb2e6706493344d1') in 0.026267 seconds
Number of updated asset objects reloaded before import = 0Number of asset objects unloaded after import = 153

========================================================================
Received Import Request.
  Time since last request: 0.000037 seconds.
  path: Assets/Studio33 Interactive_[BasketBall] v1.1/Animations/Basketball Motions_Generic/2045_JumpshotMA.fbx
  artifactKey: Guid(9dbd0dd8bc7095045b633e740e67f67e) Importer(2089858483,b0f066a214c2f5e87bad3c948f4d605d)
Start importing Assets/Studio33 Interactive_[BasketBall] v1.1/Animations/Basketball Motions_Generic/2045_JumpshotMA.fbx using Guid(9dbd0dd8bc7095045b633e740e67f67e) Importer(2089858483,b0f066a214c2f5e87bad3c948f4d605d) (ScriptedImporter) -> (artifact id: '2232b4a35ce89457042e4b8e024702f3') in 0.027066 seconds
Number of updated asset objects reloaded before import = 0Number of asset objects unloaded after import = 153

========================================================================
Received Import Request.
  Time since last request: 0.000045 seconds.
  path: Assets/Studio33 Interactive_[BasketBall] v1.1/Animations/Basketball Motions_Generic/1248_LongNfloaterF.fbx
  artifactKey: Guid(71db73e353778b044b65fa8fa26afa2b) Importer(2089858483,b0f066a214c2f5e87bad3c948f4d605d)
Start importing Assets/Studio33 Interactive_[BasketBall] v1.1/Animations/Basketball Motions_Generic/1248_LongNfloaterF.fbx using Guid(71db73e353778b044b65fa8fa26afa2b) Importer(2089858483,b0f066a214c2f5e87bad3c948f4d605d) (ScriptedImporter) -> (artifact id: '9c22464a648114933b99360562cf9a2e') in 0.0321243 seconds
Number of updated asset objects reloaded before import = 0Number of asset objects unloaded after import = 153

========================================================================
Received Import Request.
  Time since last request: 0.000042 seconds.
  path: Assets/Studio33 Interactive_[BasketBall] v1.1/Animations/Basketball Motions_Generic/1939_DunkRA.fbx
  artifactKey: Guid(f418588211e10fd47b3e25ac178bb22f) Importer(2089858483,b0f066a214c2f5e87bad3c948f4d605d)
Start importing Assets/Studio33 Interactive_[BasketBall] v1.1/Animations/Basketball Motions_Generic/1939_DunkRA.fbx using Guid(f418588211e10fd47b3e25ac178bb22f) Importer(2089858483,b0f066a214c2f5e87bad3c948f4d605d) (ScriptedImporter) -> (artifact id: 'ea8d187a7e5db887fe33fbb33d967c36') in 0.0273264 seconds
Number of updated asset objects reloaded before import = 0Number of asset objects unloaded after import = 153

========================================================================
Received Import Request.
  Time since last request: 0.000038 seconds.
  path: Assets/Studio33 Interactive_[BasketBall] v1.1/Animations/Basketball Motions_Generic/523_ThlayupCA.fbx
  artifactKey: Guid(40dc25c0caf3c8044a329dcfbd99c1b1) Importer(2089858483,b0f066a214c2f5e87bad3c948f4d605d)
Start importing Assets/Studio33 Interactive_[BasketBall] v1.1/Animations/Basketball Motions_Generic/523_ThlayupCA.fbx using Guid(40dc25c0caf3c8044a329dcfbd99c1b1) Importer(2089858483,b0f066a214c2f5e87bad3c948f4d605d) (ScriptedImporter) -> (artifact id: '41bc52d17769fb8938fc55647354ecee') in 0.0222881 seconds
Number of updated asset objects reloaded before import = 0Number of asset objects unloaded after import = 153

========================================================================
Received Import Request.
  Time since last request: 0.000031 seconds.
  path: Assets/Studio33 Interactive_[BasketBall] v1.1/Animations/Basketball Motions_Generic/975_Rebound B.fbx
  artifactKey: Guid(6d8e445c45fe7b746b6014c27d63fc85) Importer(2089858483,b0f066a214c2f5e87bad3c948f4d605d)
Start importing Assets/Studio33 Interactive_[BasketBall] v1.1/Animations/Basketball Motions_Generic/975_Rebound B.fbx using Guid(6d8e445c45fe7b746b6014c27d63fc85) Importer(2089858483,b0f066a214c2f5e87bad3c948f4d605d) (ScriptedImporter) -> (artifact id: '7b8d05c9484feabf473bc1594d3a0d2f') in 0.0251473 seconds
Number of updated asset objects reloaded before import = 0Number of asset objects unloaded after import = 153

========================================================================
Received Import Request.
  Time since last request: 0.000048 seconds.
  path: Assets/Studio33 Interactive_[BasketBall] v1.1/Animations/Basketball Motions_Generic/1601_DunkClutchFLeftA.fbx
  artifactKey: Guid(fb10f4de3a25e85439610e243efcbea0) Importer(2089858483,b0f066a214c2f5e87bad3c948f4d605d)
Start importing Assets/Studio33 Interactive_[BasketBall] v1.1/Animations/Basketball Motions_Generic/1601_DunkClutchFLeftA.fbx using Guid(fb10f4de3a25e85439610e243efcbea0) Importer(2089858483,b0f066a214c2f5e87bad3c948f4d605d) (ScriptedImporter) -> (artifact id: 'c577f022f8f009b611a8af57019a2047') in 0.0249057 seconds
Number of updated asset objects reloaded before import = 0Number of asset objects unloaded after import = 153

========================================================================
Received Import Request.
  Time since last request: 0.000040 seconds.
  path: Assets/Studio33 Interactive_[BasketBall] v1.1/Animations/Basketball Motions_Generic/1235_LayupfakeFakeCA.fbx
  artifactKey: Guid(d37e47d5a026d174a81a8fbb91d5ddd8) Importer(2089858483,b0f066a214c2f5e87bad3c948f4d605d)
Start importing Assets/Studio33 Interactive_[BasketBall] v1.1/Animations/Basketball Motions_Generic/1235_LayupfakeFakeCA.fbx using Guid(d37e47d5a026d174a81a8fbb91d5ddd8) Importer(2089858483,b0f066a214c2f5e87bad3c948f4d605d) (ScriptedImporter) -> (artifact id: '5b39d0883f774472941345b960971330') in 0.0285075 seconds
Number of updated asset objects reloaded before import = 0Number of asset objects unloaded after import = 153

========================================================================
Received Import Request.
  Time since last request: 0.000043 seconds.
  path: Assets/Studio33 Interactive_[BasketBall] v1.1/Animations/Basketball Motions Humanoid/1740_RrulayupRA.fbx
  artifactKey: Guid(126a91a290e93cc41a6b7e1382092342) Importer(2089858483,b0f066a214c2f5e87bad3c948f4d605d)
Start importing Assets/Studio33 Interactive_[BasketBall] v1.1/Animations/Basketball Motions Humanoid/1740_RrulayupRA.fbx using Guid(126a91a290e93cc41a6b7e1382092342) Importer(2089858483,b0f066a214c2f5e87bad3c948f4d605d) (ScriptedImporter) -> (artifact id: '014ccfd5488482da068250187952397c') in 0.0282069 seconds
Number of updated asset objects reloaded before import = 0Number of asset objects unloaded after import = 155

========================================================================
Received Import Request.
  Time since last request: 0.000041 seconds.
  path: Assets/Studio33 Interactive_[BasketBall] v1.1/Animations/Basketball Motions_Generic/350_TurnstepOverLA.fbx
  artifactKey: Guid(b7ca11b786918974cb7a13fdfba8e49e) Importer(2089858483,b0f066a214c2f5e87bad3c948f4d605d)
Start importing Assets/Studio33 Interactive_[BasketBall] v1.1/Animations/Basketball Motions_Generic/350_TurnstepOverLA.fbx using Guid(b7ca11b786918974cb7a13fdfba8e49e) Importer(2089858483,b0f066a214c2f5e87bad3c948f4d605d) (ScriptedImporter) -> (artifact id: '29916e60bca0ec634c6de01b32ce16be') in 0.0253939 seconds
Number of updated asset objects reloaded before import = 0Number of asset objects unloaded after import = 153

========================================================================
Received Import Request.
  Time since last request: 0.000044 seconds.
  path: Assets/Studio33 Interactive_[BasketBall] v1.1/Animations/Basketball Motions Humanoid/875_PassreqRightA.fbx
  artifactKey: Guid(980a48f056ae88e43845554d1674ea93) Importer(2089858483,b0f066a214c2f5e87bad3c948f4d605d)
Start importing Assets/Studio33 Interactive_[BasketBall] v1.1/Animations/Basketball Motions Humanoid/875_PassreqRightA.fbx using Guid(980a48f056ae88e43845554d1674ea93) Importer(2089858483,b0f066a214c2f5e87bad3c948f4d605d) (ScriptedImporter) -> (artifact id: '43a8be46b294a3f2151434dd2abb44bf') in 0.0286884 seconds
Number of updated asset objects reloaded before import = 0Number of asset objects unloaded after import = 155

========================================================================
Received Import Request.
  Time since last request: 0.000045 seconds.
  path: Assets/Studio33 Interactive_[BasketBall] v1.1/Animations/Basketball Motions_Generic/115_SideblolongR.fbx
  artifactKey: Guid(2a6cd8d576ce4ae41af54645cd35a72d) Importer(2089858483,b0f066a214c2f5e87bad3c948f4d605d)
Start importing Assets/Studio33 Interactive_[BasketBall] v1.1/Animations/Basketball Motions_Generic/115_SideblolongR.fbx using Guid(2a6cd8d576ce4ae41af54645cd35a72d) Importer(2089858483,b0f066a214c2f5e87bad3c948f4d605d) (ScriptedImporter) -> (artifact id: 'ed84720ed786e499e1cf9b4b52e90d75') in 0.031138 seconds
Number of updated asset objects reloaded before import = 0Number of asset objects unloaded after import = 153

========================================================================
Received Import Request.
  Time since last request: 0.000030 seconds.
  path: Assets/Studio33 Interactive_[BasketBall] v1.1/Animations/Basketball Motions_Generic/1447_JumpshotMFakeA.fbx
  artifactKey: Guid(c48c581efd0892447b68160a61143eda) Importer(2089858483,b0f066a214c2f5e87bad3c948f4d605d)
Start importing Assets/Studio33 Interactive_[BasketBall] v1.1/Animations/Basketball Motions_Generic/1447_JumpshotMFakeA.fbx using Guid(c48c581efd0892447b68160a61143eda) Importer(2089858483,b0f066a214c2f5e87bad3c948f4d605d) (ScriptedImporter) -> (artifact id: '0784dd6fecf073aba615856f9819b6c3') in 0.0257045 seconds
Number of updated asset objects reloaded before import = 0Number of asset objects unloaded after import = 153

========================================================================
Received Import Request.
  Time since last request: 0.000043 seconds.
  path: Assets/Studio33 Interactive_[BasketBall] v1.1/Animations/Basketball Motions Humanoid/1733_JumpshotMA.fbx
  artifactKey: Guid(b75a7ab99bb9aea4ca7c27d55d305102) Importer(2089858483,b0f066a214c2f5e87bad3c948f4d605d)
Start importing Assets/Studio33 Interactive_[BasketBall] v1.1/Animations/Basketball Motions Humanoid/1733_JumpshotMA.fbx using Guid(b75a7ab99bb9aea4ca7c27d55d305102) Importer(2089858483,b0f066a214c2f5e87bad3c948f4d605d) (ScriptedImporter) -> (artifact id: '2b8ad5931318a452fbecee9e9afd894c') in 0.0593938 seconds
Number of updated asset objects reloaded before import = 0Number of asset objects unloaded after import = 155

========================================================================
Received Import Request.
  Time since last request: 0.000060 seconds.
  path: Assets/Studio33 Interactive_[BasketBall] v1.1/Animations/Basketball Motions Humanoid/180_BlockingckedFrontA.fbx
  artifactKey: Guid(4d87631cb4260dc47a9a12ef8bd8d557) Importer(2089858483,b0f066a214c2f5e87bad3c948f4d605d)
Start importing Assets/Studio33 Interactive_[BasketBall] v1.1/Animations/Basketball Motions Humanoid/180_BlockingckedFrontA.fbx using Guid(4d87631cb4260dc47a9a12ef8bd8d557) Importer(2089858483,b0f066a214c2f5e87bad3c948f4d605d) (ScriptedImporter) -> (artifact id: '256ce88eb0ff55bb865248e9766d8393') in 0.0363059 seconds
Number of updated asset objects reloaded before import = 0Number of asset objects unloaded after import = 155

========================================================================
Received Import Request.
  Time since last request: 0.000060 seconds.
  path: Assets/Studio33 Interactive_[BasketBall] v1.1/Animations/Basketball Motions Humanoid/1009_Rebound C.fbx
  artifactKey: Guid(20fb891baabf9904bb4d77e4479ddac9) Importer(2089858483,b0f066a214c2f5e87bad3c948f4d605d)
Start importing Assets/Studio33 Interactive_[BasketBall] v1.1/Animations/Basketball Motions Humanoid/1009_Rebound C.fbx using Guid(20fb891baabf9904bb4d77e4479ddac9) Importer(2089858483,b0f066a214c2f5e87bad3c948f4d605d) (ScriptedImporter) -> (artifact id: '4fc0ddba589736da023f6daaffcdc29e') in 0.0436384 seconds
Number of updated asset objects reloaded before import = 0Number of asset objects unloaded after import = 155

========================================================================
Received Import Request.
  Time since last request: 0.000052 seconds.
  path: Assets/Studio33 Interactive_[BasketBall] v1.1/Animations/Basketball Motions Humanoid/994_Rebound tappassLongBaA.fbx
  artifactKey: Guid(20dc415e837311b4ca5f88b418e165cf) Importer(2089858483,b0f066a214c2f5e87bad3c948f4d605d)
Start importing Assets/Studio33 Interactive_[BasketBall] v1.1/Animations/Basketball Motions Humanoid/994_Rebound tappassLongBaA.fbx using Guid(20dc415e837311b4ca5f88b418e165cf) Importer(2089858483,b0f066a214c2f5e87bad3c948f4d605d) (ScriptedImporter) -> (artifact id: '3c998a3fe366ae222ac2fc8e941f3235') in 0.0343933 seconds
Number of updated asset objects reloaded before import = 0Number of asset objects unloaded after import = 155

========================================================================
Received Import Request.
  Time since last request: 0.000095 seconds.
  path: Assets/Studio33 Interactive_[BasketBall] v1.1/Animations/Basketball Motions Humanoid/228_HopstepFLA.fbx
  artifactKey: Guid(249e0d3eab69c9544bb1f4d61bcf57b9) Importer(2089858483,b0f066a214c2f5e87bad3c948f4d605d)
Start importing Assets/Studio33 Interactive_[BasketBall] v1.1/Animations/Basketball Motions Humanoid/228_HopstepFLA.fbx using Guid(249e0d3eab69c9544bb1f4d61bcf57b9) Importer(2089858483,b0f066a214c2f5e87bad3c948f4d605d) (ScriptedImporter) -> (artifact id: '86067ac6902a4089f42c779cbf4e8b10') in 0.0277196 seconds
Number of updated asset objects reloaded before import = 0Number of asset objects unloaded after import = 155

========================================================================
Received Import Request.
  Time since last request: 0.000047 seconds.
  path: Assets/Studio33 Interactive_[BasketBall] v1.1/Animations/Basketball Motions Humanoid/1042_TappassTapFFA.fbx
  artifactKey: Guid(240a57c96d93eaf499e2dec71e9c6142) Importer(2089858483,b0f066a214c2f5e87bad3c948f4d605d)
Start importing Assets/Studio33 Interactive_[BasketBall] v1.1/Animations/Basketball Motions Humanoid/1042_TappassTapFFA.fbx using Guid(240a57c96d93eaf499e2dec71e9c6142) Importer(2089858483,b0f066a214c2f5e87bad3c948f4d605d) (ScriptedImporter) -> (artifact id: '1af397cf3d660a3b5f1abf3180499d32') in 0.0291625 seconds
Number of updated asset objects reloaded before import = 0Number of asset objects unloaded after import = 155

========================================================================
Received Import Request.
  Time since last request: 0.000046 seconds.
  path: Assets/Studio33 Interactive_[BasketBall] v1.1/Animations/Basketball Motions_Generic/1125_JumpshotReadyFake.fbx
  artifactKey: Guid(9e3532ab54bce874196d69e611ae6e10) Importer(2089858483,b0f066a214c2f5e87bad3c948f4d605d)
Start importing Assets/Studio33 Interactive_[BasketBall] v1.1/Animations/Basketball Motions_Generic/1125_JumpshotReadyFake.fbx using Guid(9e3532ab54bce874196d69e611ae6e10) Importer(2089858483,b0f066a214c2f5e87bad3c948f4d605d) (ScriptedImporter) -> (artifact id: '409464ae35d2ddfd104b313b79fdf9b5') in 0.0305084 seconds
Number of updated asset objects reloaded before import = 0Number of asset objects unloaded after import = 153

========================================================================
Received Import Request.
  Time since last request: 0.000044 seconds.
  path: Assets/Studio33 Interactive_[BasketBall] v1.1/33_basket ball test animations/player/Back_number/Back_number_B/Back_number_B_c12.png
  artifactKey: Guid(752110532fce1e5469f469f84f34b246) Importer(2089858483,b0f066a214c2f5e87bad3c948f4d605d)
Start importing Assets/Studio33 Interactive_[BasketBall] v1.1/33_basket ball test animations/player/Back_number/Back_number_B/Back_number_B_c12.png using Guid(752110532fce1e5469f469f84f34b246) Importer(2089858483,b0f066a214c2f5e87bad3c948f4d605d) (ScriptedImporter) -> (artifact id: '9d3bb20d988e8b213d8a50588721b7ea') in 0.0173604 seconds
Number of updated asset objects reloaded before import = 0Number of asset objects unloaded after import = 1

========================================================================
Received Import Request.
  Time since last request: 0.000046 seconds.
  path: Assets/Studio33 Interactive_[BasketBall] v1.1/Animations/Basketball Motions Humanoid/33_BlockinglongFarL.fbx
  artifactKey: Guid(261207bd10e3c3e4ebc879b10440a9cf) Importer(2089858483,b0f066a214c2f5e87bad3c948f4d605d)
Start importing Assets/Studio33 Interactive_[BasketBall] v1.1/Animations/Basketball Motions Humanoid/33_BlockinglongFarL.fbx using Guid(261207bd10e3c3e4ebc879b10440a9cf) Importer(2089858483,b0f066a214c2f5e87bad3c948f4d605d) (ScriptedImporter) -> (artifact id: 'e1dcd5282405751bd0947f54a8f88249') in 0.0343574 seconds
Number of updated asset objects reloaded before import = 0Number of asset objects unloaded after import = 155

========================================================================
Received Import Request.
  Time since last request: 0.000065 seconds.
  path: Assets/Studio33 Interactive_[BasketBall] v1.1/Animations/Basketball Motions_Generic/805_PassioverFA.fbx
  artifactKey: Guid(24d397f060651a04f97d42e25b236ee6) Importer(2089858483,b0f066a214c2f5e87bad3c948f4d605d)
Start importing Assets/Studio33 Interactive_[BasketBall] v1.1/Animations/Basketball Motions_Generic/805_PassioverFA.fbx using Guid(24d397f060651a04f97d42e25b236ee6) Importer(2089858483,b0f066a214c2f5e87bad3c948f4d605d) (ScriptedImporter) -> (artifact id: '253d07ab00e44e6125bdbaff77634e99') in 0.0295859 seconds
Number of updated asset objects reloaded before import = 0Number of asset objects unloaded after import = 153

========================================================================
Received Import Request.
  Time since last request: 0.000039 seconds.
  path: Assets/Studio33 Interactive_[BasketBall] v1.1/Animations/Basketball Motions Humanoid/1873_DunkRA.fbx
  artifactKey: Guid(2d94b1b0d4c194d409308b42f4287726) Importer(2089858483,b0f066a214c2f5e87bad3c948f4d605d)
Start importing Assets/Studio33 Interactive_[BasketBall] v1.1/Animations/Basketball Motions Humanoid/1873_DunkRA.fbx using Guid(2d94b1b0d4c194d409308b42f4287726) Importer(2089858483,b0f066a214c2f5e87bad3c948f4d605d) (ScriptedImporter) -> (artifact id: '65850e30440b739d33f5a613ef60279d') in 0.030217 seconds
Number of updated asset objects reloaded before import = 0Number of asset objects unloaded after import = 155

========================================================================
Received Import Request.
  Time since last request: 0.000031 seconds.
  path: Assets/Studio33 Interactive_[BasketBall] v1.1/Animations/Basketball Motions Humanoid/703_AlleyooppassCA.fbx
  artifactKey: Guid(31562cd77ef8b42429dbb7f0da586f9f) Importer(2089858483,b0f066a214c2f5e87bad3c948f4d605d)
Start importing Assets/Studio33 Interactive_[BasketBall] v1.1/Animations/Basketball Motions Humanoid/703_AlleyooppassCA.fbx using Guid(31562cd77ef8b42429dbb7f0da586f9f) Importer(2089858483,b0f066a214c2f5e87bad3c948f4d605d) (ScriptedImporter) -> (artifact id: '19ae335b21da25c2ddda70f0033d1390') in 0.0275676 seconds
Number of updated asset objects reloaded before import = 0Number of asset objects unloaded after import = 155

========================================================================
Received Import Request.
  Time since last request: 0.000036 seconds.
  path: Assets/Studio33 Interactive_[BasketBall] v1.1/Animations/Basketball Motions_Generic/999_Rebound tappassLongRightA.fbx
  artifactKey: Guid(68231d285c649034c8ffcee7a7643831) Importer(2089858483,b0f066a214c2f5e87bad3c948f4d605d)
Start importing Assets/Studio33 Interactive_[BasketBall] v1.1/Animations/Basketball Motions_Generic/999_Rebound tappassLongRightA.fbx using Guid(68231d285c649034c8ffcee7a7643831) Importer(2089858483,b0f066a214c2f5e87bad3c948f4d605d) (ScriptedImporter) -> (artifact id: '0f26715337e186bc1904e7752e3477d0') in 0.0270973 seconds
Number of updated asset objects reloaded before import = 0Number of asset objects unloaded after import = 153

========================================================================
Received Import Request.
  Time since last request: 0.000073 seconds.
  path: Assets/Studio33 Interactive_[BasketBall] v1.1/Animations/Basketball Motions Humanoid/1073_ScreefalingDowA.fbx
  artifactKey: Guid(c7ba5972d48f7cd459e2423c480f8bde) Importer(2089858483,b0f066a214c2f5e87bad3c948f4d605d)
Start importing Assets/Studio33 Interactive_[BasketBall] v1.1/Animations/Basketball Motions Humanoid/1073_ScreefalingDowA.fbx using Guid(c7ba5972d48f7cd459e2423c480f8bde) Importer(2089858483,b0f066a214c2f5e87bad3c948f4d605d) (ScriptedImporter) -> (artifact id: 'c185303c075265c4f0524d624a842619') in 0.0402004 seconds
Number of updated asset objects reloaded before import = 0Number of asset objects unloaded after import = 155

========================================================================
Received Import Request.
  Time since last request: 0.000044 seconds.
  path: Assets/Studio33 Interactive_[BasketBall] v1.1/Animations/Basketball Motions_Generic/1030_TappassDash.fbx
  artifactKey: Guid(3b46f2eaab05bb94b9e16d7d493c3a94) Importer(2089858483,b0f066a214c2f5e87bad3c948f4d605d)
Start importing Assets/Studio33 Interactive_[BasketBall] v1.1/Animations/Basketball Motions_Generic/1030_TappassDash.fbx using Guid(3b46f2eaab05bb94b9e16d7d493c3a94) Importer(2089858483,b0f066a214c2f5e87bad3c948f4d605d) (ScriptedImporter) -> (artifact id: 'f66f11a139a921ba4ca29dfc0ebcb490') in 0.0307822 seconds
Number of updated asset objects reloaded before import = 0Number of asset objects unloaded after import = 153

========================================================================
Received Import Request.
  Time since last request: 0.000034 seconds.
  path: Assets/Studio33 Interactive_[BasketBall] v1.1/Animations/Basketball Motions_Generic/1679_FadeawayHookRA.fbx
  artifactKey: Guid(0971bb7097823d4448ea25f67673d323) Importer(2089858483,b0f066a214c2f5e87bad3c948f4d605d)
Start importing Assets/Studio33 Interactive_[BasketBall] v1.1/Animations/Basketball Motions_Generic/1679_FadeawayHookRA.fbx using Guid(0971bb7097823d4448ea25f67673d323) Importer(2089858483,b0f066a214c2f5e87bad3c948f4d605d) (ScriptedImporter) -> (artifact id: 'abfe5ac50863600c7ee0cacb3142f190') in 0.0297674 seconds
Number of updated asset objects reloaded before import = 0Number of asset objects unloaded after import = 153

========================================================================
Received Import Request.
  Time since last request: 0.000045 seconds.
  path: Assets/Studio33 Interactive_[BasketBall] v1.1/Animations/Basketball Motions_Generic/92_BlockinglongFarJumpF.fbx
  artifactKey: Guid(a465c3295ea8e5f4c9aa34cc62deef9d) Importer(2089858483,b0f066a214c2f5e87bad3c948f4d605d)
Start importing Assets/Studio33 Interactive_[BasketBall] v1.1/Animations/Basketball Motions_Generic/92_BlockinglongFarJumpF.fbx using Guid(a465c3295ea8e5f4c9aa34cc62deef9d) Importer(2089858483,b0f066a214c2f5e87bad3c948f4d605d) (ScriptedImporter) -> (artifact id: 'fcc1b9fdf34b57b7a811ed8906c21c08') in 0.026284 seconds
Number of updated asset objects reloaded before import = 0Number of asset objects unloaded after import = 153

========================================================================
Received Import Request.
  Time since last request: 0.000037 seconds.
  path: Assets/Studio33 Interactive_[BasketBall] v1.1/Animations/Basketball Motions Humanoid/447_MarkPressdefenceF.fbx
  artifactKey: Guid(b33f29e1367b55841951fb37918d294d) Importer(2089858483,b0f066a214c2f5e87bad3c948f4d605d)
Start importing Assets/Studio33 Interactive_[BasketBall] v1.1/Animations/Basketball Motions Humanoid/447_MarkPressdefenceF.fbx using Guid(b33f29e1367b55841951fb37918d294d) Importer(2089858483,b0f066a214c2f5e87bad3c948f4d605d) (ScriptedImporter) -> (artifact id: '3b423c1e72274cf3515ed166fa234dee') in 0.0319922 seconds
Number of updated asset objects reloaded before import = 0Number of asset objects unloaded after import = 155

========================================================================
Received Import Request.
  Time since last request: 0.000032 seconds.
  path: Assets/Studio33 Interactive_[BasketBall] v1.1/Animations/Basketball Motions Humanoid/134_ReboundAndBoxOutSpinStepBaa.fbx
  artifactKey: Guid(8d19dff9625d9eb4faa3e5720321d687) Importer(2089858483,b0f066a214c2f5e87bad3c948f4d605d)
Start importing Assets/Studio33 Interactive_[BasketBall] v1.1/Animations/Basketball Motions Humanoid/134_ReboundAndBoxOutSpinStepBaa.fbx using Guid(8d19dff9625d9eb4faa3e5720321d687) Importer(2089858483,b0f066a214c2f5e87bad3c948f4d605d) (ScriptedImporter) -> (artifact id: '8a703787a8739c4061a0070fde1b3a75') in 0.0251474 seconds
Number of updated asset objects reloaded before import = 0Number of asset objects unloaded after import = 155

========================================================================
Received Import Request.
  Time since last request: 0.000037 seconds.
  path: Assets/Studio33 Interactive_[BasketBall] v1.1/Animations/Basketball Motions_Generic/951_Rebound fC.fbx
  artifactKey: Guid(75f99752f57b06b4daf94fbadc48f44e) Importer(2089858483,b0f066a214c2f5e87bad3c948f4d605d)
Start importing Assets/Studio33 Interactive_[BasketBall] v1.1/Animations/Basketball Motions_Generic/951_Rebound fC.fbx using Guid(75f99752f57b06b4daf94fbadc48f44e) Importer(2089858483,b0f066a214c2f5e87bad3c948f4d605d) (ScriptedImporter) -> (artifact id: 'a6ed8aa72769bbf8208f8490ffd11084') in 0.0255008 seconds
Number of updated asset objects reloaded before import = 0Number of asset objects unloaded after import = 153

========================================================================
Received Import Request.
  Time since last request: 0.000060 seconds.
  path: Assets/Studio33 Interactive_[BasketBall] v1.1/Animations/Basketball Motions Humanoid/1417_TipiA.fbx
  artifactKey: Guid(cef0b370df4c6c3429a701cc364a700f) Importer(2089858483,b0f066a214c2f5e87bad3c948f4d605d)
Start importing Assets/Studio33 Interactive_[BasketBall] v1.1/Animations/Basketball Motions Humanoid/1417_TipiA.fbx using Guid(cef0b370df4c6c3429a701cc364a700f) Importer(2089858483,b0f066a214c2f5e87bad3c948f4d605d) (ScriptedImporter) -> (artifact id: 'ad9b5895756240d65ffa1c1a8444fe96') in 0.0301609 seconds
Number of updated asset objects reloaded before import = 0Number of asset objects unloaded after import = 155

========================================================================
Received Import Request.
  Time since last request: 0.000046 seconds.
  path: Assets/Studio33 Interactive_[BasketBall] v1.1/Animations/Basketball Motions Humanoid/525_TripleclutchCA.fbx
  artifactKey: Guid(444ff3c25d8d6b944b500aadf9d975fb) Importer(2089858483,b0f066a214c2f5e87bad3c948f4d605d)
Start importing Assets/Studio33 Interactive_[BasketBall] v1.1/Animations/Basketball Motions Humanoid/525_TripleclutchCA.fbx using Guid(444ff3c25d8d6b944b500aadf9d975fb) Importer(2089858483,b0f066a214c2f5e87bad3c948f4d605d) (ScriptedImporter) -> (artifact id: '3c1419853fdce8b6aa36a46cdb4e7101') in 0.0347369 seconds
Number of updated asset objects reloaded before import = 0Number of asset objects unloaded after import = 155

========================================================================
Received Import Request.
  Time since last request: 0.000035 seconds.
  path: Assets/Studio33 Interactive_[BasketBall] v1.1/Animations/Basketball Motions Humanoid/1231_LayupRevRA.fbx
  artifactKey: Guid(ea5f8643051ad174b82869ec77f1e1f8) Importer(2089858483,b0f066a214c2f5e87bad3c948f4d605d)
Start importing Assets/Studio33 Interactive_[BasketBall] v1.1/Animations/Basketball Motions Humanoid/1231_LayupRevRA.fbx using Guid(ea5f8643051ad174b82869ec77f1e1f8) Importer(2089858483,b0f066a214c2f5e87bad3c948f4d605d) (ScriptedImporter) -> (artifact id: '6ba2b75d90cc5ac46ce15320189c8fed') in 0.0308614 seconds
Number of updated asset objects reloaded before import = 0Number of asset objects unloaded after import = 155

========================================================================
Received Import Request.
  Time since last request: 0.000057 seconds.
  path: Assets/Studio33 Interactive_[BasketBall] v1.1/Animations/Basketball Motions Humanoid/1651_DunkCRevA.fbx
  artifactKey: Guid(395daf65bf4e94e47b1f0afab689e276) Importer(2089858483,b0f066a214c2f5e87bad3c948f4d605d)
Start importing Assets/Studio33 Interactive_[BasketBall] v1.1/Animations/Basketball Motions Humanoid/1651_DunkCRevA.fbx using Guid(395daf65bf4e94e47b1f0afab689e276) Importer(2089858483,b0f066a214c2f5e87bad3c948f4d605d) (ScriptedImporter) -> (artifact id: '5052ec282006a44d4bfe2af582eed0d2') in 0.0292198 seconds
Number of updated asset objects reloaded before import = 0Number of asset objects unloaded after import = 155

========================================================================
Received Import Request.
  Time since last request: 0.000027 seconds.
  path: Assets/Studio33 Interactive_[BasketBall] v1.1/Animations/Basketball Motions_Generic/1169_DunkCA.fbx
  artifactKey: Guid(226cbe718380f614d897723256835c65) Importer(2089858483,b0f066a214c2f5e87bad3c948f4d605d)
Start importing Assets/Studio33 Interactive_[BasketBall] v1.1/Animations/Basketball Motions_Generic/1169_DunkCA.fbx using Guid(226cbe718380f614d897723256835c65) Importer(2089858483,b0f066a214c2f5e87bad3c948f4d605d) (ScriptedImporter) -> (artifact id: '26fa925ea43c43d76ca05f645c6c4371') in 0.0256606 seconds
Number of updated asset objects reloaded before import = 0Number of asset objects unloaded after import = 153

========================================================================
Received Import Request.
  Time since last request: 0.000049 seconds.
  path: Assets/Studio33 Interactive_[BasketBall] v1.1/Animations/Basketball Motions Humanoid/775_NpassRA.fbx
  artifactKey: Guid(2cd255c49160cef4c8af580d6ff61913) Importer(2089858483,b0f066a214c2f5e87bad3c948f4d605d)
Start importing Assets/Studio33 Interactive_[BasketBall] v1.1/Animations/Basketball Motions Humanoid/775_NpassRA.fbx using Guid(2cd255c49160cef4c8af580d6ff61913) Importer(2089858483,b0f066a214c2f5e87bad3c948f4d605d) (ScriptedImporter) -> (artifact id: '57139941747dd45bd273692080e6a489') in 0.02858 seconds
Number of updated asset objects reloaded before import = 0Number of asset objects unloaded after import = 155

========================================================================
Received Import Request.
  Time since last request: 0.000041 seconds.
  path: Assets/Studio33 Interactive_[BasketBall] v1.1/Animations/Basketball Motions Humanoid/1893_BjDunkCA.fbx
  artifactKey: Guid(c359f5dcb29b25e4b947298709beaa81) Importer(2089858483,b0f066a214c2f5e87bad3c948f4d605d)
Start importing Assets/Studio33 Interactive_[BasketBall] v1.1/Animations/Basketball Motions Humanoid/1893_BjDunkCA.fbx using Guid(c359f5dcb29b25e4b947298709beaa81) Importer(2089858483,b0f066a214c2f5e87bad3c948f4d605d) (ScriptedImporter) -> (artifact id: '1026fe4d92f2bc9b4d33f8f5cee56c4a') in 0.0300813 seconds
Number of updated asset objects reloaded before import = 0Number of asset objects unloaded after import = 155

========================================================================
Received Import Request.
  Time since last request: 0.000041 seconds.
  path: Assets/Studio33 Interactive_[BasketBall] v1.1/Animations/Basketball Motions_Generic/337_JabstepFA.fbx
  artifactKey: Guid(b9ee7108e01e05a4abe2cc0b55208059) Importer(2089858483,b0f066a214c2f5e87bad3c948f4d605d)
Start importing Assets/Studio33 Interactive_[BasketBall] v1.1/Animations/Basketball Motions_Generic/337_JabstepFA.fbx using Guid(b9ee7108e01e05a4abe2cc0b55208059) Importer(2089858483,b0f066a214c2f5e87bad3c948f4d605d) (ScriptedImporter) -> (artifact id: '5304915d7aaf782b86f0c71f6fa4f186') in 0.0447051 seconds
Number of updated asset objects reloaded before import = 0Number of asset objects unloaded after import = 153

========================================================================
Received Import Request.
  Time since last request: 0.000036 seconds.
  path: Assets/Studio33 Interactive_[BasketBall] v1.1/Animations/Basketball Motions_Generic/46_BlockingckncatchShortLA.fbx
  artifactKey: Guid(b7ed113907d814b4f893aa87a483b91f) Importer(2089858483,b0f066a214c2f5e87bad3c948f4d605d)
Start importing Assets/Studio33 Interactive_[BasketBall] v1.1/Animations/Basketball Motions_Generic/46_BlockingckncatchShortLA.fbx using Guid(b7ed113907d814b4f893aa87a483b91f) Importer(2089858483,b0f066a214c2f5e87bad3c948f4d605d) (ScriptedImporter) -> (artifact id: 'f30cd536f9b1396e4bfe65a8b8981838') in 0.0304587 seconds
Number of updated asset objects reloaded before import = 0Number of asset objects unloaded after import = 153

========================================================================
Received Import Request.
  Time since last request: 0.000057 seconds.
  path: Assets/Studio33 Interactive_[BasketBall] v1.1/Animations/Basketball Motions_Generic/1859_DunkClutchFLeftA.fbx
  artifactKey: Guid(682c9a2998b2af949bad2a4adbb798e0) Importer(2089858483,b0f066a214c2f5e87bad3c948f4d605d)
Start importing Assets/Studio33 Interactive_[BasketBall] v1.1/Animations/Basketball Motions_Generic/1859_DunkClutchFLeftA.fbx using Guid(682c9a2998b2af949bad2a4adbb798e0) Importer(2089858483,b0f066a214c2f5e87bad3c948f4d605d) (ScriptedImporter) -> (artifact id: 'a7bdeb35fed3ed8a295c93beb878ccb8') in 0.0302151 seconds
Number of updated asset objects reloaded before import = 0Number of asset objects unloaded after import = 153

========================================================================
Received Import Request.
  Time since last request: 0.000040 seconds.
  path: Assets/Studio33 Interactive_[BasketBall] v1.1/Animations/Basketball Motions_Generic/466_Dribbleright.fbx
  artifactKey: Guid(ae18f86fee09881428f63826aaa4492c) Importer(2089858483,b0f066a214c2f5e87bad3c948f4d605d)
Start importing Assets/Studio33 Interactive_[BasketBall] v1.1/Animations/Basketball Motions_Generic/466_Dribbleright.fbx using Guid(ae18f86fee09881428f63826aaa4492c) Importer(2089858483,b0f066a214c2f5e87bad3c948f4d605d) (ScriptedImporter) -> (artifact id: '2b2fc5ef74578052e929a8422d1c6f24') in 0.0289882 seconds
Number of updated asset objects reloaded before import = 0Number of asset objects unloaded after import = 153

========================================================================
Received Import Request.
  Time since last request: 0.000056 seconds.
  path: Assets/Studio33 Interactive_[BasketBall] v1.1/Animations/Basketball Motions Humanoid/2001_DunkRB.fbx
  artifactKey: Guid(99e7343e02da38a408631cedaa426315) Importer(2089858483,b0f066a214c2f5e87bad3c948f4d605d)
Start importing Assets/Studio33 Interactive_[BasketBall] v1.1/Animations/Basketball Motions Humanoid/2001_DunkRB.fbx using Guid(99e7343e02da38a408631cedaa426315) Importer(2089858483,b0f066a214c2f5e87bad3c948f4d605d) (ScriptedImporter) -> (artifact id: '2e6e2bc525a638eeb5bac0fcc9058737') in 0.0395772 seconds
Number of updated asset objects reloaded before import = 0Number of asset objects unloaded after import = 155

========================================================================
Received Import Request.
  Time since last request: 0.000042 seconds.
  path: Assets/Studio33 Interactive_[BasketBall] v1.1/Animations/Basketball Motions_Generic/864_PassibadOverA.fbx
  artifactKey: Guid(eec16515d12e1c646a6ac3ca7d32f60d) Importer(2089858483,b0f066a214c2f5e87bad3c948f4d605d)
Start importing Assets/Studio33 Interactive_[BasketBall] v1.1/Animations/Basketball Motions_Generic/864_PassibadOverA.fbx using Guid(eec16515d12e1c646a6ac3ca7d32f60d) Importer(2089858483,b0f066a214c2f5e87bad3c948f4d605d) (ScriptedImporter) -> (artifact id: 'c64afd69c56e08707731cdb161bd697a') in 0.0281726 seconds
Number of updated asset objects reloaded before import = 0Number of asset objects unloaded after import = 153

========================================================================
Received Import Request.
  Time since last request: 0.000051 seconds.
  path: Assets/Studio33 Interactive_[BasketBall] v1.1/Animations/Basketball Motions_Generic/1712_DunkCA.fbx
  artifactKey: Guid(9394a25f46bb90a43b6b8cef0991c26d) Importer(2089858483,b0f066a214c2f5e87bad3c948f4d605d)
Start importing Assets/Studio33 Interactive_[BasketBall] v1.1/Animations/Basketball Motions_Generic/1712_DunkCA.fbx using Guid(9394a25f46bb90a43b6b8cef0991c26d) Importer(2089858483,b0f066a214c2f5e87bad3c948f4d605d) (ScriptedImporter) -> (artifact id: '755a11066e37adc2df3c3a5bb1a511fe') in 0.0303251 seconds
Number of updated asset objects reloaded before import = 0Number of asset objects unloaded after import = 153

========================================================================
Received Import Request.
  Time since last request: 0.000036 seconds.
  path: Assets/Studio33 Interactive_[BasketBall] v1.1/Animations/Basketball Motions_Generic/1303_DunkClutchRRightA.fbx
  artifactKey: Guid(81234fb6c1b71d54f887b17c07e1dee9) Importer(2089858483,b0f066a214c2f5e87bad3c948f4d605d)
Start importing Assets/Studio33 Interactive_[BasketBall] v1.1/Animations/Basketball Motions_Generic/1303_DunkClutchRRightA.fbx using Guid(81234fb6c1b71d54f887b17c07e1dee9) Importer(2089858483,b0f066a214c2f5e87bad3c948f4d605d) (ScriptedImporter) -> (artifact id: '07e1d3e67fa16261839ca2311c7ebfd2') in 0.0287303 seconds
Number of updated asset objects reloaded before import = 0Number of asset objects unloaded after import = 153

========================================================================
Received Import Request.
  Time since last request: 0.000040 seconds.
  path: Assets/Studio33 Interactive_[BasketBall] v1.1/Animations/Basketball Motions Humanoid/1468_DunkCA.fbx
  artifactKey: Guid(c72ea46f67735f84b90fee884003b03c) Importer(2089858483,b0f066a214c2f5e87bad3c948f4d605d)
Start importing Assets/Studio33 Interactive_[BasketBall] v1.1/Animations/Basketball Motions Humanoid/1468_DunkCA.fbx using Guid(c72ea46f67735f84b90fee884003b03c) Importer(2089858483,b0f066a214c2f5e87bad3c948f4d605d) (ScriptedImporter) -> (artifact id: 'c43b5d8f9cfb143b59cbeb68267f919f') in 0.028407 seconds
Number of updated asset objects reloaded before import = 0Number of asset objects unloaded after import = 155

========================================================================
Received Import Request.
  Time since last request: 0.000031 seconds.
  path: Assets/Studio33 Interactive_[BasketBall] v1.1/Animations/Basketball Motions_Generic/639_MSlidingCA.fbx
  artifactKey: Guid(f4e4c040f85c3c849a300513f897da6e) Importer(2089858483,b0f066a214c2f5e87bad3c948f4d605d)
Start importing Assets/Studio33 Interactive_[BasketBall] v1.1/Animations/Basketball Motions_Generic/639_MSlidingCA.fbx using Guid(f4e4c040f85c3c849a300513f897da6e) Importer(2089858483,b0f066a214c2f5e87bad3c948f4d605d) (ScriptedImporter) -> (artifact id: 'e0b109593c25aa18a18b5ee753b6b643') in 0.0271804 seconds
Number of updated asset objects reloaded before import = 0Number of asset objects unloaded after import = 153

========================================================================
Received Import Request.
  Time since last request: 0.000030 seconds.
  path: Assets/Studio33 Interactive_[BasketBall] v1.1/Animations/Basketball Motions_Generic/908_QpostOverThRightFRA.fbx
  artifactKey: Guid(b90f7ab4b755a2c4ea7c14f421a304f2) Importer(2089858483,b0f066a214c2f5e87bad3c948f4d605d)
Start importing Assets/Studio33 Interactive_[BasketBall] v1.1/Animations/Basketball Motions_Generic/908_QpostOverThRightFRA.fbx using Guid(b90f7ab4b755a2c4ea7c14f421a304f2) Importer(2089858483,b0f066a214c2f5e87bad3c948f4d605d) (ScriptedImporter) -> (artifact id: '489f9490354af7b6526c97d5024a22a4') in 0.0277536 seconds
Number of updated asset objects reloaded before import = 0Number of asset objects unloaded after import = 153

========================================================================
Received Import Request.
  Time since last request: 0.000041 seconds.
  path: Assets/Studio33 Interactive_[BasketBall] v1.1/Animations/Basketball Motions_Generic/1531_FadeawayFakeLA.fbx
  artifactKey: Guid(3a0d0bc2279cba045a2f8c66dddfa8d7) Importer(2089858483,b0f066a214c2f5e87bad3c948f4d605d)
Start importing Assets/Studio33 Interactive_[BasketBall] v1.1/Animations/Basketball Motions_Generic/1531_FadeawayFakeLA.fbx using Guid(3a0d0bc2279cba045a2f8c66dddfa8d7) Importer(2089858483,b0f066a214c2f5e87bad3c948f4d605d) (ScriptedImporter) -> (artifact id: 'fe08963ecd016a06f6fa87faea24e111') in 0.0333232 seconds
Number of updated asset objects reloaded before import = 0Number of asset objects unloaded after import = 153

========================================================================
Received Import Request.
  Time since last request: 0.000048 seconds.
  path: Assets/Studio33 Interactive_[BasketBall] v1.1/Animations/Basketball Motions Humanoid/1205_DunkRA.fbx
  artifactKey: Guid(7067359c8886ad549845b4a0c9c671c9) Importer(2089858483,b0f066a214c2f5e87bad3c948f4d605d)
Start importing Assets/Studio33 Interactive_[BasketBall] v1.1/Animations/Basketball Motions Humanoid/1205_DunkRA.fbx using Guid(7067359c8886ad549845b4a0c9c671c9) Importer(2089858483,b0f066a214c2f5e87bad3c948f4d605d) (ScriptedImporter) -> (artifact id: 'b2d1c956b48093068874c6d4d162126e') in 0.0319898 seconds
Number of updated asset objects reloaded before import = 0Number of asset objects unloaded after import = 155

========================================================================
Received Import Request.
  Time since last request: 0.000045 seconds.
  path: Assets/Studio33 Interactive_[BasketBall] v1.1/Animations/Basketball Motions_Generic/1737_JumpshotMFakeA.fbx
  artifactKey: Guid(04ccf3ede194e6742af9fcc32939142c) Importer(2089858483,b0f066a214c2f5e87bad3c948f4d605d)
Start importing Assets/Studio33 Interactive_[BasketBall] v1.1/Animations/Basketball Motions_Generic/1737_JumpshotMFakeA.fbx using Guid(04ccf3ede194e6742af9fcc32939142c) Importer(2089858483,b0f066a214c2f5e87bad3c948f4d605d) (ScriptedImporter) -> (artifact id: '839ddca752f28bd4f32e4d5c1e139d81') in 0.0295031 seconds
Number of updated asset objects reloaded before import = 0Number of asset objects unloaded after import = 153

========================================================================
Received Import Request.
  Time since last request: 0.000047 seconds.
  path: Assets/Studio33 Interactive_[BasketBall] v1.1/Animations/Basketball Motions_Generic/882_RstapassShootfakepassL.fbx
  artifactKey: Guid(ab52715fe8c424e45a11274b5278e91e) Importer(2089858483,b0f066a214c2f5e87bad3c948f4d605d)
Start importing Assets/Studio33 Interactive_[BasketBall] v1.1/Animations/Basketball Motions_Generic/882_RstapassShootfakepassL.fbx using Guid(ab52715fe8c424e45a11274b5278e91e) Importer(2089858483,b0f066a214c2f5e87bad3c948f4d605d) (ScriptedImporter) -> (artifact id: '7b2d097a7a44c55145498f9b0bccb8a6') in 0.0275007 seconds
Number of updated asset objects reloaded before import = 0Number of asset objects unloaded after import = 153

========================================================================
Received Import Request.
  Time since last request: 0.000058 seconds.
  path: Assets/Studio33 Interactive_[BasketBall] v1.1/Animations/Basketball Motions Humanoid/165_PushPushedBaA.fbx
  artifactKey: Guid(3293f05d2c0dd5448845347b5ddad9aa) Importer(2089858483,b0f066a214c2f5e87bad3c948f4d605d)
Start importing Assets/Studio33 Interactive_[BasketBall] v1.1/Animations/Basketball Motions Humanoid/165_PushPushedBaA.fbx using Guid(3293f05d2c0dd5448845347b5ddad9aa) Importer(2089858483,b0f066a214c2f5e87bad3c948f4d605d) (ScriptedImporter) -> (artifact id: 'f39bc0b2663f05a1c88df04197f0783d') in 0.0346481 seconds
Number of updated asset objects reloaded before import = 0Number of asset objects unloaded after import = 155

========================================================================
Received Import Request.
  Time since last request: 0.000058 seconds.
  path: Assets/Studio33 Interactive_[BasketBall] v1.1/Animations/Basketball Motions Humanoid/2192_DefenceTiredA.fbx
  artifactKey: Guid(1ff159b18059a6d4db2b020bddd42b04) Importer(2089858483,b0f066a214c2f5e87bad3c948f4d605d)
Start importing Assets/Studio33 Interactive_[BasketBall] v1.1/Animations/Basketball Motions Humanoid/2192_DefenceTiredA.fbx using Guid(1ff159b18059a6d4db2b020bddd42b04) Importer(2089858483,b0f066a214c2f5e87bad3c948f4d605d) (ScriptedImporter) -> (artifact id: '3c3ac678d5fad42e97cae4bf23feebac') in 0.0304564 seconds
Number of updated asset objects reloaded before import = 0Number of asset objects unloaded after import = 155

========================================================================
Received Import Request.
  Time since last request: 0.000053 seconds.
  path: Assets/Studio33 Interactive_[BasketBall] v1.1/Animations/Basketball Motions Humanoid/1787_DunkCA.fbx
  artifactKey: Guid(7e9b093c09aa72d4b8bdd05b9ad739b9) Importer(2089858483,b0f066a214c2f5e87bad3c948f4d605d)
Start importing Assets/Studio33 Interactive_[BasketBall] v1.1/Animations/Basketball Motions Humanoid/1787_DunkCA.fbx using Guid(7e9b093c09aa72d4b8bdd05b9ad739b9) Importer(2089858483,b0f066a214c2f5e87bad3c948f4d605d) (ScriptedImporter) -> (artifact id: '857a0cce747db30d5a98844b6f2bb3cd') in 0.0336651 seconds
Number of updated asset objects reloaded before import = 0Number of asset objects unloaded after import = 155

========================================================================
Received Import Request.
  Time since last request: 0.000035 seconds.
  path: Assets/Studio33 Interactive_[BasketBall] v1.1/Animations/Basketball Motions Humanoid/493_ChangeRightRA.fbx
  artifactKey: Guid(3e169e0e448415d4cbbd4f30d13c0e66) Importer(2089858483,b0f066a214c2f5e87bad3c948f4d605d)
Start importing Assets/Studio33 Interactive_[BasketBall] v1.1/Animations/Basketball Motions Humanoid/493_ChangeRightRA.fbx using Guid(3e169e0e448415d4cbbd4f30d13c0e66) Importer(2089858483,b0f066a214c2f5e87bad3c948f4d605d) (ScriptedImporter) -> (artifact id: 'c03cc1ee3a1665597a426007ebb3c2f5') in 0.031812 seconds
Number of updated asset objects reloaded before import = 0Number of asset objects unloaded after import = 155

========================================================================
Received Import Request.
  Time since last request: 0.000044 seconds.
  path: Assets/Studio33 Interactive_[BasketBall] v1.1/Animations/Basketball Motions Humanoid/1687_JumpshotCCFakeA.fbx
  artifactKey: Guid(157f1d9d585839342a6758c2329c5626) Importer(2089858483,b0f066a214c2f5e87bad3c948f4d605d)
Start importing Assets/Studio33 Interactive_[BasketBall] v1.1/Animations/Basketball Motions Humanoid/1687_JumpshotCCFakeA.fbx using Guid(157f1d9d585839342a6758c2329c5626) Importer(2089858483,b0f066a214c2f5e87bad3c948f4d605d) (ScriptedImporter) -> (artifact id: '18206d2836616b0e793000164a7dea6f') in 0.0302902 seconds
Number of updated asset objects reloaded before import = 0Number of asset objects unloaded after import = 155

========================================================================
Received Import Request.
  Time since last request: 0.000060 seconds.
  path: Assets/Studio33 Interactive_[BasketBall] v1.1/Animations/Basketball Motions_Generic/845_PassOverA.fbx
  artifactKey: Guid(e3716301a5c87294998ad261c86340c0) Importer(2089858483,b0f066a214c2f5e87bad3c948f4d605d)
Start importing Assets/Studio33 Interactive_[BasketBall] v1.1/Animations/Basketball Motions_Generic/845_PassOverA.fbx using Guid(e3716301a5c87294998ad261c86340c0) Importer(2089858483,b0f066a214c2f5e87bad3c948f4d605d) (ScriptedImporter) -> (artifact id: 'dd87b9259a7177a07445c2bd1adf631a') in 0.0244789 seconds
Number of updated asset objects reloaded before import = 0Number of asset objects unloaded after import = 153

========================================================================
Received Import Request.
  Time since last request: 0.000032 seconds.
  path: Assets/Studio33 Interactive_[BasketBall] v1.1/Animations/Basketball Motions Humanoid/1553_LayupRevCA.fbx
  artifactKey: Guid(09f49b20438e22e4f8f952655878375c) Importer(2089858483,b0f066a214c2f5e87bad3c948f4d605d)
Start importing Assets/Studio33 Interactive_[BasketBall] v1.1/Animations/Basketball Motions Humanoid/1553_LayupRevCA.fbx using Guid(09f49b20438e22e4f8f952655878375c) Importer(2089858483,b0f066a214c2f5e87bad3c948f4d605d) (ScriptedImporter) -> (artifact id: 'e16fd18a15fbc1369dd566acb262fb12') in 0.0358132 seconds
Number of updated asset objects reloaded before import = 0Number of asset objects unloaded after import = 155

========================================================================
Received Import Request.
  Time since last request: 0.000032 seconds.
  path: Assets/Studio33 Interactive_[BasketBall] v1.1/Animations/Basketball Motions_Generic/1448_JumpshotReadyFake.fbx
  artifactKey: Guid(225ff2a91fbee9b4f9bb10c2b320e1a9) Importer(2089858483,b0f066a214c2f5e87bad3c948f4d605d)
Start importing Assets/Studio33 Interactive_[BasketBall] v1.1/Animations/Basketball Motions_Generic/1448_JumpshotReadyFake.fbx using Guid(225ff2a91fbee9b4f9bb10c2b320e1a9) Importer(2089858483,b0f066a214c2f5e87bad3c948f4d605d) (ScriptedImporter) -> (artifact id: '5acadc2f8d6f322ab551c5402d49246d') in 0.0282684 seconds
Number of updated asset objects reloaded before import = 0Number of asset objects unloaded after import = 153

========================================================================
Received Import Request.
  Time since last request: 0.000056 seconds.
  path: Assets/Studio33 Interactive_[BasketBall] v1.1/Animations/Basketball Motions_Generic/1268_AlleyoopDclutchRevRightA.fbx
  artifactKey: Guid(934534dfd494dd642beda8280ed722d2) Importer(2089858483,b0f066a214c2f5e87bad3c948f4d605d)
Start importing Assets/Studio33 Interactive_[BasketBall] v1.1/Animations/Basketball Motions_Generic/1268_AlleyoopDclutchRevRightA.fbx using Guid(934534dfd494dd642beda8280ed722d2) Importer(2089858483,b0f066a214c2f5e87bad3c948f4d605d) (ScriptedImporter) -> (artifact id: '81c4074b575cf03ab867e288d7267c73') in 0.0260273 seconds
Number of updated asset objects reloaded before import = 0Number of asset objects unloaded after import = 153

========================================================================
Received Import Request.
  Time since last request: 0.000058 seconds.
  path: Assets/Studio33 Interactive_[BasketBall] v1.1/Animations/Basketball Motions Humanoid/69_Shadowbloshort.fbx
  artifactKey: Guid(2b6cc5e5c3e0573409e952aec48bcab2) Importer(2089858483,b0f066a214c2f5e87bad3c948f4d605d)
Start importing Assets/Studio33 Interactive_[BasketBall] v1.1/Animations/Basketball Motions Humanoid/69_Shadowbloshort.fbx using Guid(2b6cc5e5c3e0573409e952aec48bcab2) Importer(2089858483,b0f066a214c2f5e87bad3c948f4d605d) (ScriptedImporter) -> (artifact id: '52d5dd111c725de05ed8dc7bc0507e2f') in 0.0291047 seconds
Number of updated asset objects reloaded before import = 0Number of asset objects unloaded after import = 155

========================================================================
Received Import Request.
  Time since last request: 0.000035 seconds.
  path: Assets/Studio33 Interactive_[BasketBall] v1.1/Animations/Basketball Motions Humanoid/1652_DunkRA.fbx
  artifactKey: Guid(dccd6e0990ad3214492b0366a70b1874) Importer(2089858483,b0f066a214c2f5e87bad3c948f4d605d)
Start importing Assets/Studio33 Interactive_[BasketBall] v1.1/Animations/Basketball Motions Humanoid/1652_DunkRA.fbx using Guid(dccd6e0990ad3214492b0366a70b1874) Importer(2089858483,b0f066a214c2f5e87bad3c948f4d605d) (ScriptedImporter) -> (artifact id: '1878d0098a0c61902ca1b58225318d6b') in 0.028393 seconds
Number of updated asset objects reloaded before import = 0Number of asset objects unloaded after import = 155

========================================================================
Received Import Request.
  Time since last request: 0.000030 seconds.
  path: Assets/Studio33 Interactive_[BasketBall] v1.1/Animations/Basketball Motions_Generic/27_BlockinglongNearF.fbx
  artifactKey: Guid(b7929e7978440394e882a74e18ac3ae6) Importer(2089858483,b0f066a214c2f5e87bad3c948f4d605d)
Start importing Assets/Studio33 Interactive_[BasketBall] v1.1/Animations/Basketball Motions_Generic/27_BlockinglongNearF.fbx using Guid(b7929e7978440394e882a74e18ac3ae6) Importer(2089858483,b0f066a214c2f5e87bad3c948f4d605d) (ScriptedImporter) -> (artifact id: '77c0b8875609c91a884c0f5f03d5f7c2') in 0.0267149 seconds
Number of updated asset objects reloaded before import = 0Number of asset objects unloaded after import = 153

========================================================================
Received Import Request.
  Time since last request: 0.000055 seconds.
  path: Assets/Studio33 Interactive_[BasketBall] v1.1/Animations/Basketball Motions Humanoid/1404_LayupRA.fbx
  artifactKey: Guid(73ff27101fcd81e48a2f42cead8a63f3) Importer(2089858483,b0f066a214c2f5e87bad3c948f4d605d)
Start importing Assets/Studio33 Interactive_[BasketBall] v1.1/Animations/Basketball Motions Humanoid/1404_LayupRA.fbx using Guid(73ff27101fcd81e48a2f42cead8a63f3) Importer(2089858483,b0f066a214c2f5e87bad3c948f4d605d) (ScriptedImporter) -> (artifact id: 'c564c477fc668ed71937c963914a390c') in 0.0266812 seconds
Number of updated asset objects reloaded before import = 0Number of asset objects unloaded after import = 155

========================================================================
Received Import Request.
  Time since last request: 0.000080 seconds.
  path: Assets/Studio33 Interactive_[BasketBall] v1.1/Animations/Basketball Motions Humanoid/2067_JumpshotCAA.fbx
  artifactKey: Guid(7bd6efbd271064642843a3fcd0034554) Importer(2089858483,b0f066a214c2f5e87bad3c948f4d605d)
Start importing Assets/Studio33 Interactive_[BasketBall] v1.1/Animations/Basketball Motions Humanoid/2067_JumpshotCAA.fbx using Guid(7bd6efbd271064642843a3fcd0034554) Importer(2089858483,b0f066a214c2f5e87bad3c948f4d605d) (ScriptedImporter) -> (artifact id: 'ea1e98f29364c24638aa910dcc4c0b1c') in 0.0293017 seconds
Number of updated asset objects reloaded before import = 0Number of asset objects unloaded after import = 155

========================================================================
Received Import Request.
  Time since last request: 0.000056 seconds.
  path: Assets/Studio33 Interactive_[BasketBall] v1.1/Animations/Basketball Motions_Generic/1247_LayupfakeTurnjumpRA.fbx
  artifactKey: Guid(27b54c9d28abb444fbeaf309f49d114f) Importer(2089858483,b0f066a214c2f5e87bad3c948f4d605d)
Start importing Assets/Studio33 Interactive_[BasketBall] v1.1/Animations/Basketball Motions_Generic/1247_LayupfakeTurnjumpRA.fbx using Guid(27b54c9d28abb444fbeaf309f49d114f) Importer(2089858483,b0f066a214c2f5e87bad3c948f4d605d) (ScriptedImporter) -> (artifact id: '2e9109c5e04e25df1718b83b6ef80e69') in 0.0238948 seconds
Number of updated asset objects reloaded before import = 0Number of asset objects unloaded after import = 153

========================================================================
Received Import Request.
  Time since last request: 0.000042 seconds.
  path: Assets/Studio33 Interactive_[BasketBall] v1.1/Animations/Basketball Motions Humanoid/594_OverintA.fbx
  artifactKey: Guid(fd97ee050a0e5744183c40feab3c5e7b) Importer(2089858483,b0f066a214c2f5e87bad3c948f4d605d)
Start importing Assets/Studio33 Interactive_[BasketBall] v1.1/Animations/Basketball Motions Humanoid/594_OverintA.fbx using Guid(fd97ee050a0e5744183c40feab3c5e7b) Importer(2089858483,b0f066a214c2f5e87bad3c948f4d605d) (ScriptedImporter) -> (artifact id: '4abbf2fd77b4520e9fdd7a6f6fc038bb') in 0.031319 seconds
Number of updated asset objects reloaded before import = 0Number of asset objects unloaded after import = 155

========================================================================
Received Import Request.
  Time since last request: 0.000065 seconds.
  path: Assets/Studio33 Interactive_[BasketBall] v1.1/Animations/Basketball Motions Humanoid/1559_LayupRA.fbx
  artifactKey: Guid(7efcb51d388c4f843906911d71cf1a7e) Importer(2089858483,b0f066a214c2f5e87bad3c948f4d605d)
Start importing Assets/Studio33 Interactive_[BasketBall] v1.1/Animations/Basketball Motions Humanoid/1559_LayupRA.fbx using Guid(7efcb51d388c4f843906911d71cf1a7e) Importer(2089858483,b0f066a214c2f5e87bad3c948f4d605d) (ScriptedImporter) -> (artifact id: '927dba766b52a12225cbc81e93a6c156') in 0.0319743 seconds
Number of updated asset objects reloaded before import = 0Number of asset objects unloaded after import = 155

========================================================================
Received Import Request.
  Time since last request: 0.000068 seconds.
  path: Assets/Studio33 Interactive_[BasketBall] v1.1/Animations/Basketball Motions Humanoid/1041_TappassTapFB.fbx
  artifactKey: Guid(b76895122c05a6948a67cd7fbaa7810e) Importer(2089858483,b0f066a214c2f5e87bad3c948f4d605d)
Start importing Assets/Studio33 Interactive_[BasketBall] v1.1/Animations/Basketball Motions Humanoid/1041_TappassTapFB.fbx using Guid(b76895122c05a6948a67cd7fbaa7810e) Importer(2089858483,b0f066a214c2f5e87bad3c948f4d605d) (ScriptedImporter) -> (artifact id: '157b5f7cf04c5bae5dac696e666a6032') in 0.0327431 seconds
Number of updated asset objects reloaded before import = 0Number of asset objects unloaded after import = 155

========================================================================
Received Import Request.
  Time since last request: 0.000045 seconds.
  path: Assets/Studio33 Interactive_[BasketBall] v1.1/Animations/Basketball Motions Humanoid/1113_ScreerightA.fbx
  artifactKey: Guid(2cd252e468eaabc4880a996ecd56d591) Importer(2089858483,b0f066a214c2f5e87bad3c948f4d605d)
Start importing Assets/Studio33 Interactive_[BasketBall] v1.1/Animations/Basketball Motions Humanoid/1113_ScreerightA.fbx using Guid(2cd252e468eaabc4880a996ecd56d591) Importer(2089858483,b0f066a214c2f5e87bad3c948f4d605d) (ScriptedImporter) -> (artifact id: '988317de0102e5be98022087bbe56ae3') in 0.0303778 seconds
Number of updated asset objects reloaded before import = 0Number of asset objects unloaded after import = 155

========================================================================
Received Import Request.
  Time since last request: 0.000047 seconds.
  path: Assets/Studio33 Interactive_[BasketBall] v1.1/Animations/Basketball Motions_Generic/329_CrossThLRLA.fbx
  artifactKey: Guid(b79452ce6c1a60247a955a05276d803a) Importer(2089858483,b0f066a214c2f5e87bad3c948f4d605d)
Start importing Assets/Studio33 Interactive_[BasketBall] v1.1/Animations/Basketball Motions_Generic/329_CrossThLRLA.fbx using Guid(b79452ce6c1a60247a955a05276d803a) Importer(2089858483,b0f066a214c2f5e87bad3c948f4d605d) (ScriptedImporter) -> (artifact id: '3543e628536ac3698c9b620ebc1c38d3') in 0.0303958 seconds
Number of updated asset objects reloaded before import = 0Number of asset objects unloaded after import = 153

========================================================================
Received Import Request.
  Time since last request: 0.000063 seconds.
  path: Assets/Studio33 Interactive_[BasketBall] v1.1/Animations/Basketball Motions_Generic/2119_RstajumpshotMFakeA.fbx
  artifactKey: Guid(8fbd36d23d21f4441afb5501e7d261e5) Importer(2089858483,b0f066a214c2f5e87bad3c948f4d605d)
Start importing Assets/Studio33 Interactive_[BasketBall] v1.1/Animations/Basketball Motions_Generic/2119_RstajumpshotMFakeA.fbx using Guid(8fbd36d23d21f4441afb5501e7d261e5) Importer(2089858483,b0f066a214c2f5e87bad3c948f4d605d) (ScriptedImporter) -> (artifact id: '0706b9b5219ffc6d5c6c2e3a3cbff75e') in 0.0334622 seconds
Number of updated asset objects reloaded before import = 0Number of asset objects unloaded after import = 153

========================================================================
Received Import Request.
  Time since last request: 0.000060 seconds.
  path: Assets/Studio33 Interactive_[BasketBall] v1.1/Animations/Basketball Motions Humanoid/1565_LayupCA.fbx
  artifactKey: Guid(9a340ae776269c44ca2f1404ddee5013) Importer(2089858483,b0f066a214c2f5e87bad3c948f4d605d)
Start importing Assets/Studio33 Interactive_[BasketBall] v1.1/Animations/Basketball Motions Humanoid/1565_LayupCA.fbx using Guid(9a340ae776269c44ca2f1404ddee5013) Importer(2089858483,b0f066a214c2f5e87bad3c948f4d605d) (ScriptedImporter) -> (artifact id: 'c92977fa75663c4e7acf5dee784a5316') in 0.0260235 seconds
Number of updated asset objects reloaded before import = 0Number of asset objects unloaded after import = 155

========================================================================
Received Import Request.
  Time since last request: 0.000034 seconds.
  path: Assets/Studio33 Interactive_[BasketBall] v1.1/Animations/Basketball Motions Humanoid/1972_DunkCA.fbx
  artifactKey: Guid(c1a002d984025054ab75035364908b7f) Importer(2089858483,b0f066a214c2f5e87bad3c948f4d605d)
Start importing Assets/Studio33 Interactive_[BasketBall] v1.1/Animations/Basketball Motions Humanoid/1972_DunkCA.fbx using Guid(c1a002d984025054ab75035364908b7f) Importer(2089858483,b0f066a214c2f5e87bad3c948f4d605d) (ScriptedImporter) -> (artifact id: '3a2fd186c8380cd9e05f300c5dde6918') in 0.0284768 seconds
Number of updated asset objects reloaded before import = 0Number of asset objects unloaded after import = 155

========================================================================
Received Import Request.
  Time since last request: 0.000038 seconds.
  path: Assets/Studio33 Interactive_[BasketBall] v1.1/33_basket ball test animations/player/Back_number/Back_number_B/Back_number_B_c06.png
  artifactKey: Guid(110ce246800164944a39630051c23339) Importer(2089858483,b0f066a214c2f5e87bad3c948f4d605d)
Start importing Assets/Studio33 Interactive_[BasketBall] v1.1/33_basket ball test animations/player/Back_number/Back_number_B/Back_number_B_c06.png using Guid(110ce246800164944a39630051c23339) Importer(2089858483,b0f066a214c2f5e87bad3c948f4d605d) (ScriptedImporter) -> (artifact id: '0d1076c231e652035d7b8422f1b5064c') in 0.0175339 seconds
Number of updated asset objects reloaded before import = 0Number of asset objects unloaded after import = 1

========================================================================
Received Import Request.
  Time since last request: 0.000047 seconds.
  path: Assets/Studio33 Interactive_[BasketBall] v1.1/Animations/Basketball Motions Humanoid/1591_DunkCB.fbx
  artifactKey: Guid(6527ff3d8faffba4fbb69fb743ec494e) Importer(2089858483,b0f066a214c2f5e87bad3c948f4d605d)
Start importing Assets/Studio33 Interactive_[BasketBall] v1.1/Animations/Basketball Motions Humanoid/1591_DunkCB.fbx using Guid(6527ff3d8faffba4fbb69fb743ec494e) Importer(2089858483,b0f066a214c2f5e87bad3c948f4d605d) (ScriptedImporter) -> (artifact id: '47eb8858cf33667c0a93c663d9bb049a') in 0.0649317 seconds
Number of updated asset objects reloaded before import = 0Number of asset objects unloaded after import = 155

========================================================================
Received Import Request.
  Time since last request: 0.000045 seconds.
  path: Assets/Studio33 Interactive_[BasketBall] v1.1/Animations/Basketball Motions_Generic/1788_DunkCA.fbx
  artifactKey: Guid(eb1b8b9abdec4564ca9569694f2e1170) Importer(2089858483,b0f066a214c2f5e87bad3c948f4d605d)
Start importing Assets/Studio33 Interactive_[BasketBall] v1.1/Animations/Basketball Motions_Generic/1788_DunkCA.fbx using Guid(eb1b8b9abdec4564ca9569694f2e1170) Importer(2089858483,b0f066a214c2f5e87bad3c948f4d605d) (ScriptedImporter) -> (artifact id: '4672942ac9c68cd9f44166fde69eb8b6') in 0.0276925 seconds
Number of updated asset objects reloaded before import = 0Number of asset objects unloaded after import = 153

========================================================================
Received Import Request.
  Time since last request: 0.000027 seconds.
  path: Assets/Studio33 Interactive_[BasketBall] v1.1/Animations/Basketball Motions_Generic/2132_JumpshotMA.fbx
  artifactKey: Guid(952c9d9b395026c4abe961599ca8e28f) Importer(2089858483,b0f066a214c2f5e87bad3c948f4d605d)
Start importing Assets/Studio33 Interactive_[BasketBall] v1.1/Animations/Basketball Motions_Generic/2132_JumpshotMA.fbx using Guid(952c9d9b395026c4abe961599ca8e28f) Importer(2089858483,b0f066a214c2f5e87bad3c948f4d605d) (ScriptedImporter) -> (artifact id: 'e6c64c9d179f88602d981dd0f37a6c95') in 0.0249512 seconds
Number of updated asset objects reloaded before import = 0Number of asset objects unloaded after import = 153

========================================================================
Received Import Request.
  Time since last request: 0.000037 seconds.
  path: Assets/Studio33 Interactive_[BasketBall] v1.1/Animations/Basketball Motions_Generic/1659_LayupCA.fbx
  artifactKey: Guid(324b9ec8cb93a7841860a6e84763036c) Importer(2089858483,b0f066a214c2f5e87bad3c948f4d605d)
Start importing Assets/Studio33 Interactive_[BasketBall] v1.1/Animations/Basketball Motions_Generic/1659_LayupCA.fbx using Guid(324b9ec8cb93a7841860a6e84763036c) Importer(2089858483,b0f066a214c2f5e87bad3c948f4d605d) (ScriptedImporter) -> (artifact id: 'b1ec1c43d4d3219c32e65e5811053e9d') in 0.0278558 seconds
Number of updated asset objects reloaded before import = 0Number of asset objects unloaded after import = 153

========================================================================
Received Import Request.
  Time since last request: 0.000034 seconds.
  path: Assets/Studio33 Interactive_[BasketBall] v1.1/Animations/Basketball Motions Humanoid/888_PostBafrontLayupRA.fbx
  artifactKey: Guid(7a02edf1619a20c47a2b500a2be7e524) Importer(2089858483,b0f066a214c2f5e87bad3c948f4d605d)
Start importing Assets/Studio33 Interactive_[BasketBall] v1.1/Animations/Basketball Motions Humanoid/888_PostBafrontLayupRA.fbx using Guid(7a02edf1619a20c47a2b500a2be7e524) Importer(2089858483,b0f066a214c2f5e87bad3c948f4d605d) (ScriptedImporter) -> (artifact id: '16fa019a61665145731ac80aafd74f03') in 0.0312589 seconds
Number of updated asset objects reloaded before import = 0Number of asset objects unloaded after import = 155

========================================================================
Received Import Request.
  Time since last request: 0.000051 seconds.
  path: Assets/Studio33 Interactive_[BasketBall] v1.1/Animations/Basketball Motions Humanoid/750_PassKirA.fbx
  artifactKey: Guid(ffa44f39853d09e45a95f4064f2f638d) Importer(2089858483,b0f066a214c2f5e87bad3c948f4d605d)
Start importing Assets/Studio33 Interactive_[BasketBall] v1.1/Animations/Basketball Motions Humanoid/750_PassKirA.fbx using Guid(ffa44f39853d09e45a95f4064f2f638d) Importer(2089858483,b0f066a214c2f5e87bad3c948f4d605d) (ScriptedImporter) -> (artifact id: 'e7b3e2cf1dec10f7275bda326570a9bc') in 0.0314017 seconds
Number of updated asset objects reloaded before import = 0Number of asset objects unloaded after import = 155

========================================================================
Received Import Request.
  Time since last request: 0.000034 seconds.
  path: Assets/Studio33 Interactive_[BasketBall] v1.1/Animations/Basketball Motions Humanoid/717_PassOverLA.fbx
  artifactKey: Guid(0216f756103e06e46af89bbb1e328a6a) Importer(2089858483,b0f066a214c2f5e87bad3c948f4d605d)
Start importing Assets/Studio33 Interactive_[BasketBall] v1.1/Animations/Basketball Motions Humanoid/717_PassOverLA.fbx using Guid(0216f756103e06e46af89bbb1e328a6a) Importer(2089858483,b0f066a214c2f5e87bad3c948f4d605d) (ScriptedImporter) -> (artifact id: '49f2cc4b4e5abd6065fac7c15b540aac') in 0.0282292 seconds
Number of updated asset objects reloaded before import = 0Number of asset objects unloaded after import = 155

========================================================================
Received Import Request.
  Time since last request: 0.000031 seconds.
  path: Assets/Studio33 Interactive_[BasketBall] v1.1/Animations/Basketball Motions_Generic/74_BlockingckncatchLongNearLA.fbx
  artifactKey: Guid(c00495e28cc814e4db0083cf8a4ac86e) Importer(2089858483,b0f066a214c2f5e87bad3c948f4d605d)
Start importing Assets/Studio33 Interactive_[BasketBall] v1.1/Animations/Basketball Motions_Generic/74_BlockingckncatchLongNearLA.fbx using Guid(c00495e28cc814e4db0083cf8a4ac86e) Importer(2089858483,b0f066a214c2f5e87bad3c948f4d605d) (ScriptedImporter) -> (artifact id: 'fa691e83fe8d123d63e4d1ea3dd3c062') in 0.0295488 seconds
Number of updated asset objects reloaded before import = 0Number of asset objects unloaded after import = 153

========================================================================
Received Import Request.
  Time since last request: 0.000030 seconds.
  path: Assets/Studio33 Interactive_[BasketBall] v1.1/Animations/Basketball Motions Humanoid/2215_JumpshotMA.fbx
  artifactKey: Guid(bd2cb4b955143184bb621b0997a5a7de) Importer(2089858483,b0f066a214c2f5e87bad3c948f4d605d)
Start importing Assets/Studio33 Interactive_[BasketBall] v1.1/Animations/Basketball Motions Humanoid/2215_JumpshotMA.fbx using Guid(bd2cb4b955143184bb621b0997a5a7de) Importer(2089858483,b0f066a214c2f5e87bad3c948f4d605d) (ScriptedImporter) -> (artifact id: '880288d539d9aee4b6c8950c2997b75e') in 0.0280861 seconds
Number of updated asset objects reloaded before import = 0Number of asset objects unloaded after import = 155

========================================================================
Received Import Request.
  Time since last request: 0.000048 seconds.
  path: Assets/Studio33 Interactive_[BasketBall] v1.1/Animations/Basketball Motions Humanoid/277_CrossThSRRRA.fbx
  artifactKey: Guid(06d23ce4b53ced2429905d0e19d86ebe) Importer(2089858483,b0f066a214c2f5e87bad3c948f4d605d)
Start importing Assets/Studio33 Interactive_[BasketBall] v1.1/Animations/Basketball Motions Humanoid/277_CrossThSRRRA.fbx using Guid(06d23ce4b53ced2429905d0e19d86ebe) Importer(2089858483,b0f066a214c2f5e87bad3c948f4d605d) (ScriptedImporter) -> (artifact id: '574153b4f2540dfbe65fc6431afac719') in 0.0289824 seconds
Number of updated asset objects reloaded before import = 0Number of asset objects unloaded after import = 155

========================================================================
Received Import Request.
  Time since last request: 0.000029 seconds.
  path: Assets/Studio33 Interactive_[BasketBall] v1.1/33_basket ball test animations/player/Back_number/Back_number_W/Back_number_W_c18.png
  artifactKey: Guid(cf8fb7a570830c54e9d7684200a26ab4) Importer(2089858483,b0f066a214c2f5e87bad3c948f4d605d)
Start importing Assets/Studio33 Interactive_[BasketBall] v1.1/33_basket ball test animations/player/Back_number/Back_number_W/Back_number_W_c18.png using Guid(cf8fb7a570830c54e9d7684200a26ab4) Importer(2089858483,b0f066a214c2f5e87bad3c948f4d605d) (ScriptedImporter) -> (artifact id: 'a42fc097dc417a0e17603f3b595398ea') in 0.0176567 seconds
Number of updated asset objects reloaded before import = 0Number of asset objects unloaded after import = 1

========================================================================
Received Import Request.
  Time since last request: 0.000028 seconds.
  path: Assets/Studio33 Interactive_[BasketBall] v1.1/Animations/Basketball Motions_Generic/2106_DunkCA.fbx
  artifactKey: Guid(1dbb128a1af08134a9ffe489c9b2c10f) Importer(2089858483,b0f066a214c2f5e87bad3c948f4d605d)
Start importing Assets/Studio33 Interactive_[BasketBall] v1.1/Animations/Basketball Motions_Generic/2106_DunkCA.fbx using Guid(1dbb128a1af08134a9ffe489c9b2c10f) Importer(2089858483,b0f066a214c2f5e87bad3c948f4d605d) (ScriptedImporter) -> (artifact id: '8cfd1deb5b6ceacb0bc9f1c864dd536c') in 0.0346664 seconds
Number of updated asset objects reloaded before import = 0Number of asset objects unloaded after import = 153

========================================================================
Received Import Request.
  Time since last request: 0.000042 seconds.
  path: Assets/Studio33 Interactive_[BasketBall] v1.1/Animations/Basketball Motions_Generic/1809_DunkRAG.fbx
  artifactKey: Guid(03e6084e8972d324d9388a39e7b448a7) Importer(2089858483,b0f066a214c2f5e87bad3c948f4d605d)
Start importing Assets/Studio33 Interactive_[BasketBall] v1.1/Animations/Basketball Motions_Generic/1809_DunkRAG.fbx using Guid(03e6084e8972d324d9388a39e7b448a7) Importer(2089858483,b0f066a214c2f5e87bad3c948f4d605d) (ScriptedImporter) -> (artifact id: '91eda09f3e9ae16d63648055908983eb') in 0.0279328 seconds
Number of updated asset objects reloaded before import = 0Number of asset objects unloaded after import = 153

========================================================================
Received Import Request.
  Time since last request: 0.000046 seconds.
  path: Assets/Studio33 Interactive_[BasketBall] v1.1/Animations/Basketball Motions_Generic/1192_DunkRA.fbx
  artifactKey: Guid(3751453f500207c4589f68150701baf1) Importer(2089858483,b0f066a214c2f5e87bad3c948f4d605d)
Start importing Assets/Studio33 Interactive_[BasketBall] v1.1/Animations/Basketball Motions_Generic/1192_DunkRA.fbx using Guid(3751453f500207c4589f68150701baf1) Importer(2089858483,b0f066a214c2f5e87bad3c948f4d605d) (ScriptedImporter) -> (artifact id: 'dd01d99441cad979ed6b3c97aa89b1f9') in 0.0273323 seconds
Number of updated asset objects reloaded before import = 0Number of asset objects unloaded after import = 153

========================================================================
Received Import Request.
  Time since last request: 0.000030 seconds.
  path: Assets/Studio33 Interactive_[BasketBall] v1.1/Animations/Basketball Motions_Generic/453_MarkSideStepFL.fbx
  artifactKey: Guid(a96ff3c64ed62764184a7864cd054ffe) Importer(2089858483,b0f066a214c2f5e87bad3c948f4d605d)
Start importing Assets/Studio33 Interactive_[BasketBall] v1.1/Animations/Basketball Motions_Generic/453_MarkSideStepFL.fbx using Guid(a96ff3c64ed62764184a7864cd054ffe) Importer(2089858483,b0f066a214c2f5e87bad3c948f4d605d) (ScriptedImporter) -> (artifact id: '7cc8e4605263f03b581dc360808d7cdf') in 0.0290359 seconds
Number of updated asset objects reloaded before import = 0Number of asset objects unloaded after import = 153

========================================================================
Received Import Request.
  Time since last request: 0.000039 seconds.
  path: Assets/Studio33 Interactive_[BasketBall] v1.1/Animations/Basketball Motions_Generic/948_Rebound fB.fbx
  artifactKey: Guid(3dc50ea3173a132469469241b5222baf) Importer(2089858483,b0f066a214c2f5e87bad3c948f4d605d)
Start importing Assets/Studio33 Interactive_[BasketBall] v1.1/Animations/Basketball Motions_Generic/948_Rebound fB.fbx using Guid(3dc50ea3173a132469469241b5222baf) Importer(2089858483,b0f066a214c2f5e87bad3c948f4d605d) (ScriptedImporter) -> (artifact id: 'd4a240b39be862d94ea82d1f0811d43c') in 0.0280847 seconds
Number of updated asset objects reloaded before import = 0Number of asset objects unloaded after import = 153

========================================================================
Received Import Request.
  Time since last request: 0.000055 seconds.
  path: Assets/Studio33 Interactive_[BasketBall] v1.1/Animations/Basketball Motions Humanoid/1056_SceneEntAway.fbx
  artifactKey: Guid(b6825deaff983734dacc811b1c7eabb3) Importer(2089858483,b0f066a214c2f5e87bad3c948f4d605d)
Start importing Assets/Studio33 Interactive_[BasketBall] v1.1/Animations/Basketball Motions Humanoid/1056_SceneEntAway.fbx using Guid(b6825deaff983734dacc811b1c7eabb3) Importer(2089858483,b0f066a214c2f5e87bad3c948f4d605d) (ScriptedImporter) -> (artifact id: '47b394101103bb9345680c9987e2c599') in 0.0296994 seconds
Number of updated asset objects reloaded before import = 0Number of asset objects unloaded after import = 155

========================================================================
Received Import Request.
  Time since last request: 0.000056 seconds.
  path: Assets/Studio33 Interactive_[BasketBall] v1.1/33_basket ball test animations/player/Back_number/Back_number_W/Back_number_W_c02.png
  artifactKey: Guid(28ef5867cc35f704385a2a8d394f4ded) Importer(2089858483,b0f066a214c2f5e87bad3c948f4d605d)
Start importing Assets/Studio33 Interactive_[BasketBall] v1.1/33_basket ball test animations/player/Back_number/Back_number_W/Back_number_W_c02.png using Guid(28ef5867cc35f704385a2a8d394f4ded) Importer(2089858483,b0f066a214c2f5e87bad3c948f4d605d) (ScriptedImporter) -> (artifact id: '2d89a44a0c89b02f6e509f29f4408e58') in 0.0177999 seconds
Number of updated asset objects reloaded before import = 0Number of asset objects unloaded after import = 1

========================================================================
Received Import Request.
  Time since last request: 0.000047 seconds.
  path: Assets/Studio33 Interactive_[BasketBall] v1.1/Animations/Basketball Motions_Generic/1661_LayupRA.fbx
  artifactKey: Guid(8b2bcffc01a3a7240a512708f995c639) Importer(2089858483,b0f066a214c2f5e87bad3c948f4d605d)
Start importing Assets/Studio33 Interactive_[BasketBall] v1.1/Animations/Basketball Motions_Generic/1661_LayupRA.fbx using Guid(8b2bcffc01a3a7240a512708f995c639) Importer(2089858483,b0f066a214c2f5e87bad3c948f4d605d) (ScriptedImporter) -> (artifact id: '03392158ac7f8d4b49fce7515f807599') in 0.0292234 seconds
Number of updated asset objects reloaded before import = 0Number of asset objects unloaded after import = 153

========================================================================
Received Import Request.
  Time since last request: 0.000049 seconds.
  path: Assets/Studio33 Interactive_[BasketBall] v1.1/Animations/Basketball Motions_Generic/1728_TossReadyA.fbx
  artifactKey: Guid(ab69980890b7bf246a46646f4246e2be) Importer(2089858483,b0f066a214c2f5e87bad3c948f4d605d)
Start importing Assets/Studio33 Interactive_[BasketBall] v1.1/Animations/Basketball Motions_Generic/1728_TossReadyA.fbx using Guid(ab69980890b7bf246a46646f4246e2be) Importer(2089858483,b0f066a214c2f5e87bad3c948f4d605d) (ScriptedImporter) -> (artifact id: 'a0f978f3352837e06b7bc08786469c9f') in 0.0298227 seconds
Number of updated asset objects reloaded before import = 0Number of asset objects unloaded after import = 153

========================================================================
Received Import Request.
  Time since last request: 0.000062 seconds.
  path: Assets/Studio33 Interactive_[BasketBall] v1.1/Animations/Basketball Motions_Generic/637_LoosebatopA.fbx
  artifactKey: Guid(5d7ce9c5f63bf8b40b21faa6daedc7d2) Importer(2089858483,b0f066a214c2f5e87bad3c948f4d605d)
Start importing Assets/Studio33 Interactive_[BasketBall] v1.1/Animations/Basketball Motions_Generic/637_LoosebatopA.fbx using Guid(5d7ce9c5f63bf8b40b21faa6daedc7d2) Importer(2089858483,b0f066a214c2f5e87bad3c948f4d605d) (ScriptedImporter) -> (artifact id: '039e3c68df6dd1045027c35607a742cb') in 0.0394526 seconds
Number of updated asset objects reloaded before import = 0Number of asset objects unloaded after import = 153

========================================================================
Received Import Request.
  Time since last request: 0.000068 seconds.
  path: Assets/Studio33 Interactive_[BasketBall] v1.1/Animations/Basketball Motions_Generic/1594_DunkClutchFRightA.fbx
  artifactKey: Guid(dcf5ff5ffa7373c4da98e59ca689c15c) Importer(2089858483,b0f066a214c2f5e87bad3c948f4d605d)
Start importing Assets/Studio33 Interactive_[BasketBall] v1.1/Animations/Basketball Motions_Generic/1594_DunkClutchFRightA.fbx using Guid(dcf5ff5ffa7373c4da98e59ca689c15c) Importer(2089858483,b0f066a214c2f5e87bad3c948f4d605d) (ScriptedImporter) -> (artifact id: '21b4e558b7aa69741af6c6c8e049b424') in 0.0319289 seconds
Number of updated asset objects reloaded before import = 0Number of asset objects unloaded after import = 153

========================================================================
Received Import Request.
  Time since last request: 0.000053 seconds.
  path: Assets/Studio33 Interactive_[BasketBall] v1.1/Animations/Basketball Motions Humanoid/958_Rebound C.fbx
  artifactKey: Guid(f1d4c938cbad5754180eb0c6f0222dd3) Importer(2089858483,b0f066a214c2f5e87bad3c948f4d605d)
Start importing Assets/Studio33 Interactive_[BasketBall] v1.1/Animations/Basketball Motions Humanoid/958_Rebound C.fbx using Guid(f1d4c938cbad5754180eb0c6f0222dd3) Importer(2089858483,b0f066a214c2f5e87bad3c948f4d605d) (ScriptedImporter) -> (artifact id: '49341837254da3829c2d0fc1c36a5776') in 0.0339501 seconds
Number of updated asset objects reloaded before import = 0Number of asset objects unloaded after import = 155

========================================================================
Received Import Request.
  Time since last request: 0.000033 seconds.
  path: Assets/Studio33 Interactive_[BasketBall] v1.1/Animations/Basketball Motions Humanoid
  artifactKey: Guid(d6d5976bdd53df940a18b39e150f49cd) Importer(2089858483,b0f066a214c2f5e87bad3c948f4d605d)
Start importing Assets/Studio33 Interactive_[BasketBall] v1.1/Animations/Basketball Motions Humanoid using Guid(d6d5976bdd53df940a18b39e150f49cd) Importer(2089858483,b0f066a214c2f5e87bad3c948f4d605d) (ScriptedImporter) -> (artifact id: 'c6ba43b526af3bba11af9ad77125f1ff') in 0.0135211 seconds
Number of updated asset objects reloaded before import = 0Number of asset objects unloaded after import = 1

========================================================================
Received Import Request.
  Time since last request: 0.000049 seconds.
  path: Assets/Studio33 Interactive_[BasketBall] v1.1/Animations/Basketball Motions Humanoid/1518_AlleyoopRSA.fbx
  artifactKey: Guid(c5f5f1c649a563349b0cc6f524070479) Importer(2089858483,b0f066a214c2f5e87bad3c948f4d605d)
Start importing Assets/Studio33 Interactive_[BasketBall] v1.1/Animations/Basketball Motions Humanoid/1518_AlleyoopRSA.fbx using Guid(c5f5f1c649a563349b0cc6f524070479) Importer(2089858483,b0f066a214c2f5e87bad3c948f4d605d) (ScriptedImporter) -> (artifact id: '6f3f75c1064f1d36527cfd78b6a72927') in 0.0291496 seconds
Number of updated asset objects reloaded before import = 0Number of asset objects unloaded after import = 155

========================================================================
Received Import Request.
  Time since last request: 0.000056 seconds.
  path: Assets/Studio33 Interactive_[BasketBall] v1.1/Animations/Basketball Motions Humanoid/709_PassChestA.fbx
  artifactKey: Guid(4ea25b22dca2ef941a4fdf65296c177a) Importer(2089858483,b0f066a214c2f5e87bad3c948f4d605d)
Start importing Assets/Studio33 Interactive_[BasketBall] v1.1/Animations/Basketball Motions Humanoid/709_PassChestA.fbx using Guid(4ea25b22dca2ef941a4fdf65296c177a) Importer(2089858483,b0f066a214c2f5e87bad3c948f4d605d) (ScriptedImporter) -> (artifact id: '38766b7233b6b7a71e64c80aea40f708') in 0.0298027 seconds
Number of updated asset objects reloaded before import = 0Number of asset objects unloaded after import = 155

========================================================================
Received Import Request.
  Time since last request: 0.000039 seconds.
  path: Assets/Studio33 Interactive_[BasketBall] v1.1/Animations/Basketball Motions_Generic/311_TurnstepFRA.fbx
  artifactKey: Guid(073db16f5ee108b4daf225ddd91b1887) Importer(2089858483,b0f066a214c2f5e87bad3c948f4d605d)
Start importing Assets/Studio33 Interactive_[BasketBall] v1.1/Animations/Basketball Motions_Generic/311_TurnstepFRA.fbx using Guid(073db16f5ee108b4daf225ddd91b1887) Importer(2089858483,b0f066a214c2f5e87bad3c948f4d605d) (ScriptedImporter) -> (artifact id: 'ea494b92ac8625ce196e36257a4454b8') in 0.0282076 seconds
Number of updated asset objects reloaded before import = 0Number of asset objects unloaded after import = 153

========================================================================
Received Import Request.
  Time since last request: 0.000055 seconds.
  path: Assets/Studio33 Interactive_[BasketBall] v1.1/Animations/Basketball Motions Humanoid/1597_DunkClutchRRightA.fbx
  artifactKey: Guid(eef9884e2b2816c4389ea2426635755e) Importer(2089858483,b0f066a214c2f5e87bad3c948f4d605d)
Start importing Assets/Studio33 Interactive_[BasketBall] v1.1/Animations/Basketball Motions Humanoid/1597_DunkClutchRRightA.fbx using Guid(eef9884e2b2816c4389ea2426635755e) Importer(2089858483,b0f066a214c2f5e87bad3c948f4d605d) (ScriptedImporter) -> (artifact id: 'dc777f1924e5996130bb28b9bc4ddebc') in 0.0312515 seconds
Number of updated asset objects reloaded before import = 0Number of asset objects unloaded after import = 155

========================================================================
Received Import Request.
  Time since last request: 0.000039 seconds.
  path: Assets/Studio33 Interactive_[BasketBall] v1.1/Animations/Basketball Motions_Generic/944_Rebound B.fbx
  artifactKey: Guid(aa8b1af6bb853f449aca24419fc26437) Importer(2089858483,b0f066a214c2f5e87bad3c948f4d605d)
Start importing Assets/Studio33 Interactive_[BasketBall] v1.1/Animations/Basketball Motions_Generic/944_Rebound B.fbx using Guid(aa8b1af6bb853f449aca24419fc26437) Importer(2089858483,b0f066a214c2f5e87bad3c948f4d605d) (ScriptedImporter) -> (artifact id: '6a53596683adf4b7e5f8fdfc38f78998') in 0.0281089 seconds
Number of updated asset objects reloaded before import = 0Number of asset objects unloaded after import = 153

========================================================================
Received Import Request.
  Time since last request: 0.000052 seconds.
  path: Assets/Studio33 Interactive_[BasketBall] v1.1/Animations/Basketball Motions_Generic/1090_Screebaa.fbx
  artifactKey: Guid(7589bc8f05d7dc5499cee81eba44810e) Importer(2089858483,b0f066a214c2f5e87bad3c948f4d605d)
Start importing Assets/Studio33 Interactive_[BasketBall] v1.1/Animations/Basketball Motions_Generic/1090_Screebaa.fbx using Guid(7589bc8f05d7dc5499cee81eba44810e) Importer(2089858483,b0f066a214c2f5e87bad3c948f4d605d) (ScriptedImporter) -> (artifact id: 'e4ac9cf72448fa84f75c1029802f581c') in 0.0249846 seconds
Number of updated asset objects reloaded before import = 0Number of asset objects unloaded after import = 153

========================================================================
Received Import Request.
  Time since last request: 0.000036 seconds.
  path: Assets/Studio33 Interactive_[BasketBall] v1.1/Animations/Basketball Motions Humanoid/1474_FakelayupCA.fbx
  artifactKey: Guid(fb621d2691bee054bb7c13d13a634b0b) Importer(2089858483,b0f066a214c2f5e87bad3c948f4d605d)
Start importing Assets/Studio33 Interactive_[BasketBall] v1.1/Animations/Basketball Motions Humanoid/1474_FakelayupCA.fbx using Guid(fb621d2691bee054bb7c13d13a634b0b) Importer(2089858483,b0f066a214c2f5e87bad3c948f4d605d) (ScriptedImporter) -> (artifact id: '18ba2d9d262d0151339e9fc12acdb7b4') in 0.0302688 seconds
Number of updated asset objects reloaded before import = 0Number of asset objects unloaded after import = 155

========================================================================
Received Import Request.
  Time since last request: 0.000063 seconds.
  path: Assets/Studio33 Interactive_[BasketBall] v1.1/Animations/Basketball Motions_Generic/2215_JumpshotMA.fbx
  artifactKey: Guid(93ec7933976d794488e2a7370df66416) Importer(2089858483,b0f066a214c2f5e87bad3c948f4d605d)
Start importing Assets/Studio33 Interactive_[BasketBall] v1.1/Animations/Basketball Motions_Generic/2215_JumpshotMA.fbx using Guid(93ec7933976d794488e2a7370df66416) Importer(2089858483,b0f066a214c2f5e87bad3c948f4d605d) (ScriptedImporter) -> (artifact id: '98d5e86131079ea34a95c51b84baabec') in 0.0257421 seconds
Number of updated asset objects reloaded before import = 0Number of asset objects unloaded after import = 153

========================================================================
Received Import Request.
  Time since last request: 0.000041 seconds.
  path: Assets/Studio33 Interactive_[BasketBall] v1.1/Animations/Basketball Motions_Generic/1919_DunkCA.fbx
  artifactKey: Guid(17b009f7bfafdd64e8d881e1e27f814f) Importer(2089858483,b0f066a214c2f5e87bad3c948f4d605d)
Start importing Assets/Studio33 Interactive_[BasketBall] v1.1/Animations/Basketball Motions_Generic/1919_DunkCA.fbx using Guid(17b009f7bfafdd64e8d881e1e27f814f) Importer(2089858483,b0f066a214c2f5e87bad3c948f4d605d) (ScriptedImporter) -> (artifact id: '087b25a53ef60f5686ee4d37a2c23051') in 0.0321947 seconds
Number of updated asset objects reloaded before import = 0Number of asset objects unloaded after import = 153

========================================================================
Received Import Request.
  Time since last request: 0.000049 seconds.
  path: Assets/Studio33 Interactive_[BasketBall] v1.1/Animations/Basketball Motions_Generic/1511_AlleyoopDclutchFRightA.fbx
  artifactKey: Guid(4aacfc3f133758d4f966f19f8bd44d93) Importer(2089858483,b0f066a214c2f5e87bad3c948f4d605d)
Start importing Assets/Studio33 Interactive_[BasketBall] v1.1/Animations/Basketball Motions_Generic/1511_AlleyoopDclutchFRightA.fbx using Guid(4aacfc3f133758d4f966f19f8bd44d93) Importer(2089858483,b0f066a214c2f5e87bad3c948f4d605d) (ScriptedImporter) -> (artifact id: '55b092443a6e6c08acc87de93f4d270c') in 0.0273771 seconds
Number of updated asset objects reloaded before import = 0Number of asset objects unloaded after import = 153

========================================================================
Received Import Request.
  Time since last request: 0.000033 seconds.
  path: Assets/Studio33 Interactive_[BasketBall] v1.1/Animations/Basketball Motions Humanoid/536_OhpowerslcA.fbx
  artifactKey: Guid(1193b68c4d9feb64dad0cfabde4853e2) Importer(2089858483,b0f066a214c2f5e87bad3c948f4d605d)
Start importing Assets/Studio33 Interactive_[BasketBall] v1.1/Animations/Basketball Motions Humanoid/536_OhpowerslcA.fbx using Guid(1193b68c4d9feb64dad0cfabde4853e2) Importer(2089858483,b0f066a214c2f5e87bad3c948f4d605d) (ScriptedImporter) -> (artifact id: '47fb77b2f36b0c0bc89c049288c825f9') in 0.0295508 seconds
Number of updated asset objects reloaded before import = 0Number of asset objects unloaded after import = 155

========================================================================
Received Import Request.
  Time since last request: 0.000037 seconds.
  path: Assets/Studio33 Interactive_[BasketBall] v1.1/Animations/Basketball Motions_Generic/1629_DunkRA.fbx
  artifactKey: Guid(bc0b6cd3008ba9747a8a8eba67136f02) Importer(2089858483,b0f066a214c2f5e87bad3c948f4d605d)
Start importing Assets/Studio33 Interactive_[BasketBall] v1.1/Animations/Basketball Motions_Generic/1629_DunkRA.fbx using Guid(bc0b6cd3008ba9747a8a8eba67136f02) Importer(2089858483,b0f066a214c2f5e87bad3c948f4d605d) (ScriptedImporter) -> (artifact id: '535eb53a4ebb6d2e79df37278b712a61') in 0.0320723 seconds
Number of updated asset objects reloaded before import = 0Number of asset objects unloaded after import = 153

========================================================================
Received Import Request.
  Time since last request: 0.000049 seconds.
  path: Assets/Studio33 Interactive_[BasketBall] v1.1/Animations/Basketball Motions_Generic/2027_JumpshotReadyFake.fbx
  artifactKey: Guid(7fd7e8c34c743ba41b412209d266eb37) Importer(2089858483,b0f066a214c2f5e87bad3c948f4d605d)
Start importing Assets/Studio33 Interactive_[BasketBall] v1.1/Animations/Basketball Motions_Generic/2027_JumpshotReadyFake.fbx using Guid(7fd7e8c34c743ba41b412209d266eb37) Importer(2089858483,b0f066a214c2f5e87bad3c948f4d605d) (ScriptedImporter) -> (artifact id: '949f96dda1b47c0164ad972e9d28ca8e') in 0.0270355 seconds
Number of updated asset objects reloaded before import = 0Number of asset objects unloaded after import = 153

========================================================================
Received Import Request.
  Time since last request: 0.000049 seconds.
  path: Assets/Studio33 Interactive_[BasketBall] v1.1/Animations/Basketball Motions_Generic/1839_JumpshotDriftRA.fbx
  artifactKey: Guid(7c741db7bc39bc4458f47355a20d87b9) Importer(2089858483,b0f066a214c2f5e87bad3c948f4d605d)
Start importing Assets/Studio33 Interactive_[BasketBall] v1.1/Animations/Basketball Motions_Generic/1839_JumpshotDriftRA.fbx using Guid(7c741db7bc39bc4458f47355a20d87b9) Importer(2089858483,b0f066a214c2f5e87bad3c948f4d605d) (ScriptedImporter) -> (artifact id: '95c9de71ed1736db0bb6abad21a3e6f9') in 0.0289992 seconds
Number of updated asset objects reloaded before import = 0Number of asset objects unloaded after import = 153

========================================================================
Received Import Request.
  Time since last request: 0.000043 seconds.
  path: Assets/Studio33 Interactive_[BasketBall] v1.1/Animations/Basketball Motions_Generic/794_PassChestA.fbx
  artifactKey: Guid(b8bf980d44c858543a039c01fe66d7b8) Importer(2089858483,b0f066a214c2f5e87bad3c948f4d605d)
Start importing Assets/Studio33 Interactive_[BasketBall] v1.1/Animations/Basketball Motions_Generic/794_PassChestA.fbx using Guid(b8bf980d44c858543a039c01fe66d7b8) Importer(2089858483,b0f066a214c2f5e87bad3c948f4d605d) (ScriptedImporter) -> (artifact id: 'bb38b48f285e2b78c8ee1cdabb402600') in 0.027655 seconds
Number of updated asset objects reloaded before import = 0Number of asset objects unloaded after import = 153

========================================================================
Received Import Request.
  Time since last request: 0.000035 seconds.
  path: Assets/Studio33 Interactive_[BasketBall] v1.1/Animations/Basketball Motions Humanoid/1670_AlleyoopDclutchFRightA.fbx
  artifactKey: Guid(4b195b2fea76f2746b59a6a246411879) Importer(2089858483,b0f066a214c2f5e87bad3c948f4d605d)
Start importing Assets/Studio33 Interactive_[BasketBall] v1.1/Animations/Basketball Motions Humanoid/1670_AlleyoopDclutchFRightA.fbx using Guid(4b195b2fea76f2746b59a6a246411879) Importer(2089858483,b0f066a214c2f5e87bad3c948f4d605d) (ScriptedImporter) -> (artifact id: 'fca98d2fab25abb21f9d557e2ab93168') in 0.0316955 seconds
Number of updated asset objects reloaded before import = 0Number of asset objects unloaded after import = 155

========================================================================
Received Import Request.
  Time since last request: 0.000042 seconds.
  path: Assets/Studio33 Interactive_[BasketBall] v1.1/Animations/Basketball Motions Humanoid/2187_TravNorLA.fbx
  artifactKey: Guid(e82f75d209455a845aad5d9d0748cdd4) Importer(2089858483,b0f066a214c2f5e87bad3c948f4d605d)
Start importing Assets/Studio33 Interactive_[BasketBall] v1.1/Animations/Basketball Motions Humanoid/2187_TravNorLA.fbx using Guid(e82f75d209455a845aad5d9d0748cdd4) Importer(2089858483,b0f066a214c2f5e87bad3c948f4d605d) (ScriptedImporter) -> (artifact id: '2eef85a8025188b53832a21610708aba') in 0.0292786 seconds
Number of updated asset objects reloaded before import = 0Number of asset objects unloaded after import = 155

========================================================================
Received Import Request.
  Time since last request: 0.000065 seconds.
  path: Assets/Studio33 Interactive_[BasketBall] v1.1/Animations/Basketball Motions Humanoid/2213_Dow.fbx
  artifactKey: Guid(90d6e275e3001264db0348939c1c805a) Importer(2089858483,b0f066a214c2f5e87bad3c948f4d605d)
Start importing Assets/Studio33 Interactive_[BasketBall] v1.1/Animations/Basketball Motions Humanoid/2213_Dow.fbx using Guid(90d6e275e3001264db0348939c1c805a) Importer(2089858483,b0f066a214c2f5e87bad3c948f4d605d) (ScriptedImporter) -> (artifact id: 'f41bbb93bbd2c4a75e44d3080df5f97a') in 0.0279202 seconds
Number of updated asset objects reloaded before import = 0Number of asset objects unloaded after import = 155

========================================================================
Received Import Request.
  Time since last request: 0.000040 seconds.
  path: Assets/Studio33 Interactive_[BasketBall] v1.1/Animations/Basketball Motions Humanoid/1924_DunkCA.fbx
  artifactKey: Guid(d2a686e6f6b58964bb18ed98c9aeb813) Importer(2089858483,b0f066a214c2f5e87bad3c948f4d605d)
Start importing Assets/Studio33 Interactive_[BasketBall] v1.1/Animations/Basketball Motions Humanoid/1924_DunkCA.fbx using Guid(d2a686e6f6b58964bb18ed98c9aeb813) Importer(2089858483,b0f066a214c2f5e87bad3c948f4d605d) (ScriptedImporter) -> (artifact id: '6174fc76df01cc62e84cd7bfd133fc50') in 0.0339596 seconds
Number of updated asset objects reloaded before import = 0Number of asset objects unloaded after import = 155

========================================================================
Received Import Request.
  Time since last request: 0.000041 seconds.
  path: Assets/Studio33 Interactive_[BasketBall] v1.1/Animations/Basketball Motions Humanoid/583_ShadowstealfailA.fbx
  artifactKey: Guid(46b7e2c4fdb99f64bb53c35fd060475e) Importer(2089858483,b0f066a214c2f5e87bad3c948f4d605d)
Start importing Assets/Studio33 Interactive_[BasketBall] v1.1/Animations/Basketball Motions Humanoid/583_ShadowstealfailA.fbx using Guid(46b7e2c4fdb99f64bb53c35fd060475e) Importer(2089858483,b0f066a214c2f5e87bad3c948f4d605d) (ScriptedImporter) -> (artifact id: '4cde1809bcea4177377dba9dc837d478') in 0.0313502 seconds
Number of updated asset objects reloaded before import = 0Number of asset objects unloaded after import = 155

========================================================================
Received Import Request.
  Time since last request: 0.000041 seconds.
  path: Assets/Studio33 Interactive_[BasketBall] v1.1/Animations/Basketball Motions Humanoid/1334_JumpshotCCFakeA.fbx
  artifactKey: Guid(56673c7b4a0493c4baa7ced9c056d3d6) Importer(2089858483,b0f066a214c2f5e87bad3c948f4d605d)
Start importing Assets/Studio33 Interactive_[BasketBall] v1.1/Animations/Basketball Motions Humanoid/1334_JumpshotCCFakeA.fbx using Guid(56673c7b4a0493c4baa7ced9c056d3d6) Importer(2089858483,b0f066a214c2f5e87bad3c948f4d605d) (ScriptedImporter) -> (artifact id: '6db5f475cfd05c6a1717f8677db9cce3') in 0.0323262 seconds
Number of updated asset objects reloaded before import = 0Number of asset objects unloaded after import = 155

========================================================================
Received Import Request.
  Time since last request: 0.000060 seconds.
  path: Assets/Studio33 Interactive_[BasketBall] v1.1/Animations/Basketball Motions_Generic/1727_PutbarA.fbx
  artifactKey: Guid(30156d6219e784843b8c7cf9cc0bf13a) Importer(2089858483,b0f066a214c2f5e87bad3c948f4d605d)
Start importing Assets/Studio33 Interactive_[BasketBall] v1.1/Animations/Basketball Motions_Generic/1727_PutbarA.fbx using Guid(30156d6219e784843b8c7cf9cc0bf13a) Importer(2089858483,b0f066a214c2f5e87bad3c948f4d605d) (ScriptedImporter) -> (artifact id: 'bedfecae0cce79d59cd35268393a50f4') in 0.0328652 seconds
Number of updated asset objects reloaded before import = 0Number of asset objects unloaded after import = 153

========================================================================
Received Import Request.
  Time since last request: 0.000033 seconds.
  path: Assets/Studio33 Interactive_[BasketBall] v1.1/Animations/Basketball Motions Humanoid/1937_DunkRA.fbx
  artifactKey: Guid(70ba62b3136abf648bbcf5070900f68d) Importer(2089858483,b0f066a214c2f5e87bad3c948f4d605d)
Start importing Assets/Studio33 Interactive_[BasketBall] v1.1/Animations/Basketball Motions Humanoid/1937_DunkRA.fbx using Guid(70ba62b3136abf648bbcf5070900f68d) Importer(2089858483,b0f066a214c2f5e87bad3c948f4d605d) (ScriptedImporter) -> (artifact id: '221f00cc680dac1dcef28444840fc509') in 0.0330894 seconds
Number of updated asset objects reloaded before import = 0Number of asset objects unloaded after import = 155

========================================================================
Received Import Request.
  Time since last request: 0.000028 seconds.
  path: Assets/Studio33 Interactive_[BasketBall] v1.1/Animations/Basketball Motions_Generic/1783_DunkCA.fbx
  artifactKey: Guid(5eb88f925f352284bbcc671e01477bc5) Importer(2089858483,b0f066a214c2f5e87bad3c948f4d605d)
Start importing Assets/Studio33 Interactive_[BasketBall] v1.1/Animations/Basketball Motions_Generic/1783_DunkCA.fbx using Guid(5eb88f925f352284bbcc671e01477bc5) Importer(2089858483,b0f066a214c2f5e87bad3c948f4d605d) (ScriptedImporter) -> (artifact id: 'e3e83eea8c0b0f46e25f574356615c12') in 0.0341961 seconds
Number of updated asset objects reloaded before import = 0Number of asset objects unloaded after import = 153

========================================================================
Received Import Request.
  Time since last request: 0.000080 seconds.
  path: Assets/Studio33 Interactive_[BasketBall] v1.1/Animations/Basketball Motions Humanoid/787_ShootpassLayupShortFrontA.fbx
  artifactKey: Guid(7ac8427096b3ae04daf541e26b396539) Importer(2089858483,b0f066a214c2f5e87bad3c948f4d605d)
Start importing Assets/Studio33 Interactive_[BasketBall] v1.1/Animations/Basketball Motions Humanoid/787_ShootpassLayupShortFrontA.fbx using Guid(7ac8427096b3ae04daf541e26b396539) Importer(2089858483,b0f066a214c2f5e87bad3c948f4d605d) (ScriptedImporter) -> (artifact id: '3511312cdf23e799abd8926a33b8c206') in 0.0290577 seconds
Number of updated asset objects reloaded before import = 0Number of asset objects unloaded after import = 155

========================================================================
Received Import Request.
  Time since last request: 0.000041 seconds.
  path: Assets/Studio33 Interactive_[BasketBall] v1.1/Animations/Basketball Motions Humanoid/1941_DunkCA.fbx
  artifactKey: Guid(c05f27282bb57924aacd05579ddb995b) Importer(2089858483,b0f066a214c2f5e87bad3c948f4d605d)
Start importing Assets/Studio33 Interactive_[BasketBall] v1.1/Animations/Basketball Motions Humanoid/1941_DunkCA.fbx using Guid(c05f27282bb57924aacd05579ddb995b) Importer(2089858483,b0f066a214c2f5e87bad3c948f4d605d) (ScriptedImporter) -> (artifact id: 'a1bcc55d2606ea359e4d16fd94de35a8') in 0.0310909 seconds
Number of updated asset objects reloaded before import = 0Number of asset objects unloaded after import = 155

========================================================================
Received Import Request.
  Time since last request: 0.000037 seconds.
  path: Assets/Studio33 Interactive_[BasketBall] v1.1/Animations/Basketball Motions Humanoid/1260_AlleyoopCSA.fbx
  artifactKey: Guid(05198a75acc16c04bab85417ad130fea) Importer(2089858483,b0f066a214c2f5e87bad3c948f4d605d)
Start importing Assets/Studio33 Interactive_[BasketBall] v1.1/Animations/Basketball Motions Humanoid/1260_AlleyoopCSA.fbx using Guid(05198a75acc16c04bab85417ad130fea) Importer(2089858483,b0f066a214c2f5e87bad3c948f4d605d) (ScriptedImporter) -> (artifact id: 'e83e5755d234829491c6f386109a1a69') in 0.0272597 seconds
Number of updated asset objects reloaded before import = 0Number of asset objects unloaded after import = 155

========================================================================
Received Import Request.
  Time since last request: 0.000026 seconds.
  path: Assets/Studio33 Interactive_[BasketBall] v1.1/Animations/Basketball Motions Humanoid/336_JabstepEA.fbx
  artifactKey: Guid(9e496d8b018ced441a92632df5bd16fa) Importer(2089858483,b0f066a214c2f5e87bad3c948f4d605d)
Start importing Assets/Studio33 Interactive_[BasketBall] v1.1/Animations/Basketball Motions Humanoid/336_JabstepEA.fbx using Guid(9e496d8b018ced441a92632df5bd16fa) Importer(2089858483,b0f066a214c2f5e87bad3c948f4d605d) (ScriptedImporter) -> (artifact id: 'ddd6a946a7ea58fe8aa46a58a44bf800') in 0.0289567 seconds
Number of updated asset objects reloaded before import = 0Number of asset objects unloaded after import = 155

========================================================================
Received Import Request.
  Time since last request: 0.000030 seconds.
  path: Assets/Studio33 Interactive_[BasketBall] v1.1/Animations/Basketball Motions Humanoid/1642_TurbashootA.fbx
  artifactKey: Guid(f2cc34162bbec2443b6d79f575bb4d0e) Importer(2089858483,b0f066a214c2f5e87bad3c948f4d605d)
Start importing Assets/Studio33 Interactive_[BasketBall] v1.1/Animations/Basketball Motions Humanoid/1642_TurbashootA.fbx using Guid(f2cc34162bbec2443b6d79f575bb4d0e) Importer(2089858483,b0f066a214c2f5e87bad3c948f4d605d) (ScriptedImporter) -> (artifact id: 'a4f3e9fddba83c5139d52dbbc9312ec8') in 0.0356959 seconds
Number of updated asset objects reloaded before import = 0Number of asset objects unloaded after import = 155

========================================================================
Received Import Request.
  Time since last request: 0.000045 seconds.
  path: Assets/Studio33 Interactive_[BasketBall] v1.1/Animations/Basketball Motions Humanoid/1544_JumpshotQuiA.fbx
  artifactKey: Guid(4e138f37f2b89dc4da209733dab83219) Importer(2089858483,b0f066a214c2f5e87bad3c948f4d605d)
Start importing Assets/Studio33 Interactive_[BasketBall] v1.1/Animations/Basketball Motions Humanoid/1544_JumpshotQuiA.fbx using Guid(4e138f37f2b89dc4da209733dab83219) Importer(2089858483,b0f066a214c2f5e87bad3c948f4d605d) (ScriptedImporter) -> (artifact id: '6c85056c825a8d6c8310c99620666877') in 0.0282377 seconds
Number of updated asset objects reloaded before import = 0Number of asset objects unloaded after import = 155

========================================================================
Received Import Request.
  Time since last request: 0.000036 seconds.
  path: Assets/Studio33 Interactive_[BasketBall] v1.1/Animations/Basketball Motions Humanoid/1968_JumpshotUAA.fbx
  artifactKey: Guid(11659a12471a6874fa84a111245ea853) Importer(2089858483,b0f066a214c2f5e87bad3c948f4d605d)
Start importing Assets/Studio33 Interactive_[BasketBall] v1.1/Animations/Basketball Motions Humanoid/1968_JumpshotUAA.fbx using Guid(11659a12471a6874fa84a111245ea853) Importer(2089858483,b0f066a214c2f5e87bad3c948f4d605d) (ScriptedImporter) -> (artifact id: 'e07cda829e6885a416da4fdacc0a313b') in 0.0304838 seconds
Number of updated asset objects reloaded before import = 0Number of asset objects unloaded after import = 155

========================================================================
Received Import Request.
  Time since last request: 0.000030 seconds.
  path: Assets/Studio33 Interactive_[BasketBall] v1.1/Animations/Basketball Motions_Generic/886_PostBafrontLayupA.fbx
  artifactKey: Guid(a537ffdfe2d746742be671f1c2a51767) Importer(2089858483,b0f066a214c2f5e87bad3c948f4d605d)
Start importing Assets/Studio33 Interactive_[BasketBall] v1.1/Animations/Basketball Motions_Generic/886_PostBafrontLayupA.fbx using Guid(a537ffdfe2d746742be671f1c2a51767) Importer(2089858483,b0f066a214c2f5e87bad3c948f4d605d) (ScriptedImporter) -> (artifact id: 'b5758ac428a4803bea7051a8ea3432e0') in 0.0315435 seconds
Number of updated asset objects reloaded before import = 0Number of asset objects unloaded after import = 153

========================================================================
Received Import Request.
  Time since last request: 0.000033 seconds.
  path: Assets/Studio33 Interactive_[BasketBall] v1.1/Animations/Basketball Motions_Generic/651_Run.fbx
  artifactKey: Guid(1af962f01c2c1a94ea6ae4f904514e55) Importer(2089858483,b0f066a214c2f5e87bad3c948f4d605d)
Start importing Assets/Studio33 Interactive_[BasketBall] v1.1/Animations/Basketball Motions_Generic/651_Run.fbx using Guid(1af962f01c2c1a94ea6ae4f904514e55) Importer(2089858483,b0f066a214c2f5e87bad3c948f4d605d) (ScriptedImporter) -> (artifact id: 'a9a4e5be4808cc55fb8f530553b31fd8') in 0.0279039 seconds
Number of updated asset objects reloaded before import = 0Number of asset objects unloaded after import = 153

========================================================================
Received Import Request.
  Time since last request: 0.000042 seconds.
  path: Assets/Studio33 Interactive_[BasketBall] v1.1/Animations/Basketball Motions Humanoid/987_Rebound rB.fbx
  artifactKey: Guid(5d022fbe0ed42d741a1f70e114bb0b1e) Importer(2089858483,b0f066a214c2f5e87bad3c948f4d605d)
Start importing Assets/Studio33 Interactive_[BasketBall] v1.1/Animations/Basketball Motions Humanoid/987_Rebound rB.fbx using Guid(5d022fbe0ed42d741a1f70e114bb0b1e) Importer(2089858483,b0f066a214c2f5e87bad3c948f4d605d) (ScriptedImporter) -> (artifact id: '9dee0e91e495a6eeca095f9b666e94ea') in 0.0308841 seconds
Number of updated asset objects reloaded before import = 0Number of asset objects unloaded after import = 155

========================================================================
Received Import Request.
  Time since last request: 0.000043 seconds.
  path: Assets/Studio33 Interactive_[BasketBall] v1.1/Animations/Basketball Motions Humanoid/1464_JumpshotMFakeA.fbx
  artifactKey: Guid(787c84079ca5d824f9294126213ca3d2) Importer(2089858483,b0f066a214c2f5e87bad3c948f4d605d)
Start importing Assets/Studio33 Interactive_[BasketBall] v1.1/Animations/Basketball Motions Humanoid/1464_JumpshotMFakeA.fbx using Guid(787c84079ca5d824f9294126213ca3d2) Importer(2089858483,b0f066a214c2f5e87bad3c948f4d605d) (ScriptedImporter) -> (artifact id: '4ce8f27281f44faa7b01a9894f234cb5') in 0.0305006 seconds
Number of updated asset objects reloaded before import = 0Number of asset objects unloaded after import = 155

========================================================================
Received Import Request.
  Time since last request: 0.000034 seconds.
  path: Assets/Studio33 Interactive_[BasketBall] v1.1/Animations/Basketball Motions Humanoid/631_DivpassA.fbx
  artifactKey: Guid(49ac5a305541a304eb620945c940cb5a) Importer(2089858483,b0f066a214c2f5e87bad3c948f4d605d)
Start importing Assets/Studio33 Interactive_[BasketBall] v1.1/Animations/Basketball Motions Humanoid/631_DivpassA.fbx using Guid(49ac5a305541a304eb620945c940cb5a) Importer(2089858483,b0f066a214c2f5e87bad3c948f4d605d) (ScriptedImporter) -> (artifact id: 'a7177a9a96d6946f8d741e025c3fc2e7') in 0.0326825 seconds
Number of updated asset objects reloaded before import = 0Number of asset objects unloaded after import = 155

========================================================================
Received Import Request.
  Time since last request: 0.000038 seconds.
  path: Assets/Studio33 Interactive_[BasketBall] v1.1/Animations/Basketball Motions Humanoid/1713_DunkRA.fbx
  artifactKey: Guid(eaab10b99d631d3469cb328b5f76a3d8) Importer(2089858483,b0f066a214c2f5e87bad3c948f4d605d)
Start importing Assets/Studio33 Interactive_[BasketBall] v1.1/Animations/Basketball Motions Humanoid/1713_DunkRA.fbx using Guid(eaab10b99d631d3469cb328b5f76a3d8) Importer(2089858483,b0f066a214c2f5e87bad3c948f4d605d) (ScriptedImporter) -> (artifact id: '75096e1c688ba9d10dab0a48a97547f7') in 0.0286854 seconds
Number of updated asset objects reloaded before import = 0Number of asset objects unloaded after import = 155

========================================================================
Received Import Request.
  Time since last request: 0.000060 seconds.
  path: Assets/Studio33 Interactive_[BasketBall] v1.1/Animations/Basketball Motions Humanoid/2058_DunkCAC.fbx
  artifactKey: Guid(5d0f623d23ae7524489ed3395370efa8) Importer(2089858483,b0f066a214c2f5e87bad3c948f4d605d)
Start importing Assets/Studio33 Interactive_[BasketBall] v1.1/Animations/Basketball Motions Humanoid/2058_DunkCAC.fbx using Guid(5d0f623d23ae7524489ed3395370efa8) Importer(2089858483,b0f066a214c2f5e87bad3c948f4d605d) (ScriptedImporter) -> (artifact id: 'e74885f0e2f7d45c7d654bf1808b5fe7') in 0.0329344 seconds
Number of updated asset objects reloaded before import = 0Number of asset objects unloaded after import = 155

========================================================================
Received Import Request.
  Time since last request: 0.000037 seconds.
  path: Assets/Studio33 Interactive_[BasketBall] v1.1/Animations/Basketball Motions_Generic/879_PassnrufA.fbx
  artifactKey: Guid(b87d0f5e8eef31c429eaf6789af308b1) Importer(2089858483,b0f066a214c2f5e87bad3c948f4d605d)
Start importing Assets/Studio33 Interactive_[BasketBall] v1.1/Animations/Basketball Motions_Generic/879_PassnrufA.fbx using Guid(b87d0f5e8eef31c429eaf6789af308b1) Importer(2089858483,b0f066a214c2f5e87bad3c948f4d605d) (ScriptedImporter) -> (artifact id: 'b33a34c20eea7a58de69f977cccfa068') in 0.0299609 seconds
Number of updated asset objects reloaded before import = 0Number of asset objects unloaded after import = 153

========================================================================
Received Import Request.
  Time since last request: 0.000056 seconds.
  path: Assets/Studio33 Interactive_[BasketBall] v1.1/Animations/Basketball Motions_Generic/937_RstacrossFakePostRA.fbx
  artifactKey: Guid(2b424f34a688adc45a7b3b5b948862bf) Importer(2089858483,b0f066a214c2f5e87bad3c948f4d605d)
Start importing Assets/Studio33 Interactive_[BasketBall] v1.1/Animations/Basketball Motions_Generic/937_RstacrossFakePostRA.fbx using Guid(2b424f34a688adc45a7b3b5b948862bf) Importer(2089858483,b0f066a214c2f5e87bad3c948f4d605d) (ScriptedImporter) -> (artifact id: 'b80dd8ec02a21ad758ebe63a71bdff60') in 0.0318376 seconds
Number of updated asset objects reloaded before import = 0Number of asset objects unloaded after import = 153

========================================================================
Received Import Request.
  Time since last request: 0.000045 seconds.
  path: Assets/Studio33 Interactive_[BasketBall] v1.1/Animations/Basketball Motions Humanoid/2012_DunkClutchFLeftB.fbx
  artifactKey: Guid(78c9a2334aa06cc42802df3e286d37fa) Importer(2089858483,b0f066a214c2f5e87bad3c948f4d605d)
Start importing Assets/Studio33 Interactive_[BasketBall] v1.1/Animations/Basketball Motions Humanoid/2012_DunkClutchFLeftB.fbx using Guid(78c9a2334aa06cc42802df3e286d37fa) Importer(2089858483,b0f066a214c2f5e87bad3c948f4d605d) (ScriptedImporter) -> (artifact id: '92257d113a1713bf2a86d183019238c3') in 0.0314668 seconds
Number of updated asset objects reloaded before import = 0Number of asset objects unloaded after import = 155

========================================================================
Received Import Request.
  Time since last request: 0.000070 seconds.
  path: Assets/Studio33 Interactive_[BasketBall] v1.1/Animations/Basketball Motions_Generic/918_QpostOverThRightFRA.fbx
  artifactKey: Guid(e2c890a7f46ec314aa9c1e2312306df5) Importer(2089858483,b0f066a214c2f5e87bad3c948f4d605d)
Start importing Assets/Studio33 Interactive_[BasketBall] v1.1/Animations/Basketball Motions_Generic/918_QpostOverThRightFRA.fbx using Guid(e2c890a7f46ec314aa9c1e2312306df5) Importer(2089858483,b0f066a214c2f5e87bad3c948f4d605d) (ScriptedImporter) -> (artifact id: '3eec32d4956f1f7903424c99ae2b5db6') in 0.0265422 seconds
Number of updated asset objects reloaded before import = 0Number of asset objects unloaded after import = 153

========================================================================
Received Import Request.
  Time since last request: 0.000040 seconds.
  path: Assets/Studio33 Interactive_[BasketBall] v1.1/Animations/Basketball Motions Humanoid/1879_DunkRA.fbx
  artifactKey: Guid(ac0fbbb6eed26444cb827e9d33e2c8f6) Importer(2089858483,b0f066a214c2f5e87bad3c948f4d605d)
Start importing Assets/Studio33 Interactive_[BasketBall] v1.1/Animations/Basketball Motions Humanoid/1879_DunkRA.fbx using Guid(ac0fbbb6eed26444cb827e9d33e2c8f6) Importer(2089858483,b0f066a214c2f5e87bad3c948f4d605d) (ScriptedImporter) -> (artifact id: '0d14a4798b1b6856aa788b82892432c1') in 0.0317009 seconds
Number of updated asset objects reloaded before import = 0Number of asset objects unloaded after import = 155

========================================================================
Received Import Request.
  Time since last request: 0.000048 seconds.
  path: Assets/Studio33 Interactive_[BasketBall] v1.1/Animations/Basketball Motions_Generic/1153_DunkCA.fbx
  artifactKey: Guid(6d3154590ce3a3143a511076be8b1dd6) Importer(2089858483,b0f066a214c2f5e87bad3c948f4d605d)
Start importing Assets/Studio33 Interactive_[BasketBall] v1.1/Animations/Basketball Motions_Generic/1153_DunkCA.fbx using Guid(6d3154590ce3a3143a511076be8b1dd6) Importer(2089858483,b0f066a214c2f5e87bad3c948f4d605d) (ScriptedImporter) -> (artifact id: 'b4c01b025f5025fa2669e2cbfb587ce7') in 0.0286255 seconds
Number of updated asset objects reloaded before import = 0Number of asset objects unloaded after import = 153

========================================================================
Received Import Request.
  Time since last request: 0.000047 seconds.
  path: Assets/Studio33 Interactive_[BasketBall] v1.1/Animations/Basketball Motions Humanoid/467_ChangeRightLA.fbx
  artifactKey: Guid(d47470a5781f2e049b28fa33ab76b844) Importer(2089858483,b0f066a214c2f5e87bad3c948f4d605d)
Start importing Assets/Studio33 Interactive_[BasketBall] v1.1/Animations/Basketball Motions Humanoid/467_ChangeRightLA.fbx using Guid(d47470a5781f2e049b28fa33ab76b844) Importer(2089858483,b0f066a214c2f5e87bad3c948f4d605d) (ScriptedImporter) -> (artifact id: 'e3cad486b31b7f9419c154d47b34695a') in 0.0284199 seconds
Number of updated asset objects reloaded before import = 0Number of asset objects unloaded after import = 155

========================================================================
Received Import Request.
  Time since last request: 0.000051 seconds.
  path: Assets/Studio33 Interactive_[BasketBall] v1.1/Animations/Basketball Motions_Generic/509_Dribbleright.fbx
  artifactKey: Guid(8218595c2542cdc4c8d083cbd405fcac) Importer(2089858483,b0f066a214c2f5e87bad3c948f4d605d)
Start importing Assets/Studio33 Interactive_[BasketBall] v1.1/Animations/Basketball Motions_Generic/509_Dribbleright.fbx using Guid(8218595c2542cdc4c8d083cbd405fcac) Importer(2089858483,b0f066a214c2f5e87bad3c948f4d605d) (ScriptedImporter) -> (artifact id: '795d4b967ef45d965d71b52dee0f7611') in 0.0284146 seconds
Number of updated asset objects reloaded before import = 0Number of asset objects unloaded after import = 153

========================================================================
Received Import Request.
  Time since last request: 0.000054 seconds.
  path: Assets/Studio33 Interactive_[BasketBall] v1.1/Animations/Basketball Motions Humanoid/565_SpikeshootMFakeA.fbx
  artifactKey: Guid(f93f3d6431aff0549bcf2dd49e0bce26) Importer(2089858483,b0f066a214c2f5e87bad3c948f4d605d)
Start importing Assets/Studio33 Interactive_[BasketBall] v1.1/Animations/Basketball Motions Humanoid/565_SpikeshootMFakeA.fbx using Guid(f93f3d6431aff0549bcf2dd49e0bce26) Importer(2089858483,b0f066a214c2f5e87bad3c948f4d605d) (ScriptedImporter) -> (artifact id: '3b72d2d5805ed32043ce223b4f5c0992') in 0.0251655 seconds
Number of updated asset objects reloaded before import = 0Number of asset objects unloaded after import = 155

========================================================================
Received Import Request.
  Time since last request: 0.000038 seconds.
  path: Assets/Studio33 Interactive_[BasketBall] v1.1/33_basket ball test animations/player/e0010=RnM run backdown move 1 a.fbx
  artifactKey: Guid(65442c9a0b175f5408db2b7d219a3f3e) Importer(2089858483,b0f066a214c2f5e87bad3c948f4d605d)
Start importing Assets/Studio33 Interactive_[BasketBall] v1.1/33_basket ball test animations/player/e0010=RnM run backdown move 1 a.fbx using Guid(65442c9a0b175f5408db2b7d219a3f3e) Importer(2089858483,b0f066a214c2f5e87bad3c948f4d605d) (ScriptedImporter) -> (artifact id: '395430a026925344fc4481c74e75d8a5') in 0.0277637 seconds
Number of updated asset objects reloaded before import = 0Number of asset objects unloaded after import = 151

========================================================================
Received Import Request.
  Time since last request: 0.000050 seconds.
  path: Assets/Studio33 Interactive_[BasketBall] v1.1/Animations/Basketball Motions Humanoid/1064_RsceneEntAway.fbx
  artifactKey: Guid(b9b6453afd6184c43b4e2fe1193f67d2) Importer(2089858483,b0f066a214c2f5e87bad3c948f4d605d)
Start importing Assets/Studio33 Interactive_[BasketBall] v1.1/Animations/Basketball Motions Humanoid/1064_RsceneEntAway.fbx using Guid(b9b6453afd6184c43b4e2fe1193f67d2) Importer(2089858483,b0f066a214c2f5e87bad3c948f4d605d) (ScriptedImporter) -> (artifact id: '4babd06cee5a62d4bb13d47cc03c58e7') in 0.0304188 seconds
Number of updated asset objects reloaded before import = 0Number of asset objects unloaded after import = 155

========================================================================
Received Import Request.
  Time since last request: 0.000054 seconds.
  path: Assets/Studio33 Interactive_[BasketBall] v1.1/Animations/Basketball Motions_Generic/241_CrazycrossRR.fbx
  artifactKey: Guid(c8898d4d8c35353449f08275ae322e8f) Importer(2089858483,b0f066a214c2f5e87bad3c948f4d605d)
Start importing Assets/Studio33 Interactive_[BasketBall] v1.1/Animations/Basketball Motions_Generic/241_CrazycrossRR.fbx using Guid(c8898d4d8c35353449f08275ae322e8f) Importer(2089858483,b0f066a214c2f5e87bad3c948f4d605d) (ScriptedImporter) -> (artifact id: 'e607a0b3c0578c5dc95de85a108131d9') in 0.0288936 seconds
Number of updated asset objects reloaded before import = 0Number of asset objects unloaded after import = 153

========================================================================
Received Import Request.
  Time since last request: 0.000038 seconds.
  path: Assets/Studio33 Interactive_[BasketBall] v1.1/Animations/Basketball Motions Humanoid/821_PassibadA.fbx
  artifactKey: Guid(c38be4aa7b3dd4748b0fac5c6189232a) Importer(2089858483,b0f066a214c2f5e87bad3c948f4d605d)
Start importing Assets/Studio33 Interactive_[BasketBall] v1.1/Animations/Basketball Motions Humanoid/821_PassibadA.fbx using Guid(c38be4aa7b3dd4748b0fac5c6189232a) Importer(2089858483,b0f066a214c2f5e87bad3c948f4d605d) (ScriptedImporter) -> (artifact id: 'f49dc248463a1f04104c4652015699bc') in 0.0302338 seconds
Number of updated asset objects reloaded before import = 0Number of asset objects unloaded after import = 155

========================================================================
Received Import Request.
  Time since last request: 0.000045 seconds.
  path: Assets/Studio33 Interactive_[BasketBall] v1.1/Animations/Basketball Motions Humanoid/1149_DunkCA.fbx
  artifactKey: Guid(45597290fce96f446b3df1de12dcb5df) Importer(2089858483,b0f066a214c2f5e87bad3c948f4d605d)
Start importing Assets/Studio33 Interactive_[BasketBall] v1.1/Animations/Basketball Motions Humanoid/1149_DunkCA.fbx using Guid(45597290fce96f446b3df1de12dcb5df) Importer(2089858483,b0f066a214c2f5e87bad3c948f4d605d) (ScriptedImporter) -> (artifact id: '6260d9442af1b14e259bc0efaf412634') in 0.0295338 seconds
Number of updated asset objects reloaded before import = 0Number of asset objects unloaded after import = 155

========================================================================
Received Import Request.
  Time since last request: 0.000061 seconds.
  path: Assets/Studio33 Interactive_[BasketBall] v1.1/Animations/Basketball Motions Humanoid/1198_DunkRA.fbx
  artifactKey: Guid(0cdd14684c25a564b9fafbecc4dfc19c) Importer(2089858483,b0f066a214c2f5e87bad3c948f4d605d)
Start importing Assets/Studio33 Interactive_[BasketBall] v1.1/Animations/Basketball Motions Humanoid/1198_DunkRA.fbx using Guid(0cdd14684c25a564b9fafbecc4dfc19c) Importer(2089858483,b0f066a214c2f5e87bad3c948f4d605d) (ScriptedImporter) -> (artifact id: '48a2aeeb827d529c8b4fdeeb452df282') in 0.0285152 seconds
Number of updated asset objects reloaded before import = 0Number of asset objects unloaded after import = 155

========================================================================
Received Import Request.
  Time since last request: 0.000057 seconds.
  path: Assets/Studio33 Interactive_[BasketBall] v1.1/Animations/Basketball Motions Humanoid/1465_JumpshotReadyFake.fbx
  artifactKey: Guid(5af6dff78c008564fb6678965a55c775) Importer(2089858483,b0f066a214c2f5e87bad3c948f4d605d)
Start importing Assets/Studio33 Interactive_[BasketBall] v1.1/Animations/Basketball Motions Humanoid/1465_JumpshotReadyFake.fbx using Guid(5af6dff78c008564fb6678965a55c775) Importer(2089858483,b0f066a214c2f5e87bad3c948f4d605d) (ScriptedImporter) -> (artifact id: 'd6da3b3ed3dbf6fda1eb53aafe7072bb') in 0.0310896 seconds
Number of updated asset objects reloaded before import = 0Number of asset objects unloaded after import = 155

========================================================================
Received Import Request.
  Time since last request: 0.000037 seconds.
  path: Assets/Studio33 Interactive_[BasketBall] v1.1/Animations/Basketball Motions_Generic/2184_PivotLA.fbx
  artifactKey: Guid(e333dfa45bddced47a420f83a2e722ec) Importer(2089858483,b0f066a214c2f5e87bad3c948f4d605d)
Start importing Assets/Studio33 Interactive_[BasketBall] v1.1/Animations/Basketball Motions_Generic/2184_PivotLA.fbx using Guid(e333dfa45bddced47a420f83a2e722ec) Importer(2089858483,b0f066a214c2f5e87bad3c948f4d605d) (ScriptedImporter) -> (artifact id: '00d88672d5a08e65059c9860427f856d') in 0.0279099 seconds
Number of updated asset objects reloaded before import = 0Number of asset objects unloaded after import = 153

========================================================================
Received Import Request.
  Time since last request: 0.000055 seconds.
  path: Assets/Studio33 Interactive_[BasketBall] v1.1/Animations/Basketball Motions Humanoid/101_BlockingshortJumpF.fbx
  artifactKey: Guid(a55e399eb5c33124cb0ac6425b9dc613) Importer(2089858483,b0f066a214c2f5e87bad3c948f4d605d)
Start importing Assets/Studio33 Interactive_[BasketBall] v1.1/Animations/Basketball Motions Humanoid/101_BlockingshortJumpF.fbx using Guid(a55e399eb5c33124cb0ac6425b9dc613) Importer(2089858483,b0f066a214c2f5e87bad3c948f4d605d) (ScriptedImporter) -> (artifact id: '3bdeaa7d2a9af72f4eb385f717dc798b') in 0.0411512 seconds
Number of updated asset objects reloaded before import = 0Number of asset objects unloaded after import = 155

========================================================================
Received Import Request.
  Time since last request: 0.000054 seconds.
  path: Assets/Studio33 Interactive_[BasketBall] v1.1/Animations/Basketball Motions_Generic/1920_DunkRA.fbx
  artifactKey: Guid(e20f6f56c6455754488c33e0b16dbee1) Importer(2089858483,b0f066a214c2f5e87bad3c948f4d605d)
Start importing Assets/Studio33 Interactive_[BasketBall] v1.1/Animations/Basketball Motions_Generic/1920_DunkRA.fbx using Guid(e20f6f56c6455754488c33e0b16dbee1) Importer(2089858483,b0f066a214c2f5e87bad3c948f4d605d) (ScriptedImporter) -> (artifact id: '4bee02c1a754dcff92c6eea36ce3cbee') in 0.0312332 seconds
Number of updated asset objects reloaded before import = 0Number of asset objects unloaded after import = 153

========================================================================
Received Import Request.
  Time since last request: 0.000057 seconds.
  path: Assets/Studio33 Interactive_[BasketBall] v1.1/Animations/Basketball Motions_Generic/327_CrossFakeThLRLA.fbx
  artifactKey: Guid(7435f83ea94503b468cb22cb71332953) Importer(2089858483,b0f066a214c2f5e87bad3c948f4d605d)
Start importing Assets/Studio33 Interactive_[BasketBall] v1.1/Animations/Basketball Motions_Generic/327_CrossFakeThLRLA.fbx using Guid(7435f83ea94503b468cb22cb71332953) Importer(2089858483,b0f066a214c2f5e87bad3c948f4d605d) (ScriptedImporter) -> (artifact id: '95fe347379ab551d478ae003e482f32e') in 0.031068 seconds
Number of updated asset objects reloaded before import = 0Number of asset objects unloaded after import = 153

========================================================================
Received Import Request.
  Time since last request: 0.000044 seconds.
  path: Assets/Studio33 Interactive_[BasketBall] v1.1/Animations/Basketball Motions Humanoid/1934_JumpshotMFakeA.fbx
  artifactKey: Guid(eb0e46358bdb00c469795e8026a289e9) Importer(2089858483,b0f066a214c2f5e87bad3c948f4d605d)
Start importing Assets/Studio33 Interactive_[BasketBall] v1.1/Animations/Basketball Motions Humanoid/1934_JumpshotMFakeA.fbx using Guid(eb0e46358bdb00c469795e8026a289e9) Importer(2089858483,b0f066a214c2f5e87bad3c948f4d605d) (ScriptedImporter) -> (artifact id: '41280eb3208b929ae7baa6d6c0a73ef7') in 0.0249614 seconds
Number of updated asset objects reloaded before import = 0Number of asset objects unloaded after import = 155

========================================================================
Received Import Request.
  Time since last request: 0.000046 seconds.
  path: Assets/Studio33 Interactive_[BasketBall] v1.1/Animations/Basketball Motions_Generic/627_LoosebatopA.fbx
  artifactKey: Guid(a67b8cc27434abe4ea6c43179755fdb5) Importer(2089858483,b0f066a214c2f5e87bad3c948f4d605d)
Start importing Assets/Studio33 Interactive_[BasketBall] v1.1/Animations/Basketball Motions_Generic/627_LoosebatopA.fbx using Guid(a67b8cc27434abe4ea6c43179755fdb5) Importer(2089858483,b0f066a214c2f5e87bad3c948f4d605d) (ScriptedImporter) -> (artifact id: '46055486f61950605615658eb0e3a1d5') in 0.0245691 seconds
Number of updated asset objects reloaded before import = 0Number of asset objects unloaded after import = 153

========================================================================
Received Import Request.
  Time since last request: 0.000078 seconds.
  path: Assets/Studio33 Interactive_[BasketBall] v1.1/Animations/Basketball Motions Humanoid/415_FrontDenyLA.fbx
  artifactKey: Guid(fb8fc5764d03bd846b90a7b32b8e1ee8) Importer(2089858483,b0f066a214c2f5e87bad3c948f4d605d)
Start importing Assets/Studio33 Interactive_[BasketBall] v1.1/Animations/Basketball Motions Humanoid/415_FrontDenyLA.fbx using Guid(fb8fc5764d03bd846b90a7b32b8e1ee8) Importer(2089858483,b0f066a214c2f5e87bad3c948f4d605d) (ScriptedImporter) -> (artifact id: '4c56480404996c306d97510aaad13cb7') in 0.0285779 seconds
Number of updated asset objects reloaded before import = 0Number of asset objects unloaded after import = 155

========================================================================
Received Import Request.
  Time since last request: 0.000045 seconds.
  path: Assets/Studio33 Interactive_[BasketBall] v1.1/Animations/Basketball Motions_Generic/815_PassChestA.fbx
  artifactKey: Guid(99076563bf8cc3146809ecb685adb38f) Importer(2089858483,b0f066a214c2f5e87bad3c948f4d605d)
Start importing Assets/Studio33 Interactive_[BasketBall] v1.1/Animations/Basketball Motions_Generic/815_PassChestA.fbx using Guid(99076563bf8cc3146809ecb685adb38f) Importer(2089858483,b0f066a214c2f5e87bad3c948f4d605d) (ScriptedImporter) -> (artifact id: 'f97ba59ed27aea3a1a181881e9e43abf') in 0.0258018 seconds
Number of updated asset objects reloaded before import = 0Number of asset objects unloaded after import = 153

========================================================================
Received Import Request.
  Time since last request: 0.000052 seconds.
  path: Assets/Studio33 Interactive_[BasketBall] v1.1/Animations/Basketball Motions_Generic/969_ChipoutA.fbx
  artifactKey: Guid(d7354c06ef94863489dc7120a2a30b91) Importer(2089858483,b0f066a214c2f5e87bad3c948f4d605d)
Start importing Assets/Studio33 Interactive_[BasketBall] v1.1/Animations/Basketball Motions_Generic/969_ChipoutA.fbx using Guid(d7354c06ef94863489dc7120a2a30b91) Importer(2089858483,b0f066a214c2f5e87bad3c948f4d605d) (ScriptedImporter) -> (artifact id: '637eacff51ae469e510e70fc6b9f19fc') in 0.0237088 seconds
Number of updated asset objects reloaded before import = 0Number of asset objects unloaded after import = 153

========================================================================
Received Import Request.
  Time since last request: 0.000055 seconds.
  path: Assets/Studio33 Interactive_[BasketBall] v1.1/Animations/Basketball Motions Humanoid/1435_JumpshotMA.fbx
  artifactKey: Guid(b17ca4e7996f29249bbf17b6b4b6949a) Importer(2089858483,b0f066a214c2f5e87bad3c948f4d605d)
Start importing Assets/Studio33 Interactive_[BasketBall] v1.1/Animations/Basketball Motions Humanoid/1435_JumpshotMA.fbx using Guid(b17ca4e7996f29249bbf17b6b4b6949a) Importer(2089858483,b0f066a214c2f5e87bad3c948f4d605d) (ScriptedImporter) -> (artifact id: '12a5a0b97d9e5196238c282bf676d5d0') in 0.0301929 seconds
Number of updated asset objects reloaded before import = 0Number of asset objects unloaded after import = 155

========================================================================
Received Import Request.
  Time since last request: 0.000050 seconds.
  path: Assets/Studio33 Interactive_[BasketBall] v1.1/Animations/Basketball Motions Humanoid/519_KisstherimCA.fbx
  artifactKey: Guid(b8795d487a4e6414682183809aaa4260) Importer(2089858483,b0f066a214c2f5e87bad3c948f4d605d)
Start importing Assets/Studio33 Interactive_[BasketBall] v1.1/Animations/Basketball Motions Humanoid/519_KisstherimCA.fbx using Guid(b8795d487a4e6414682183809aaa4260) Importer(2089858483,b0f066a214c2f5e87bad3c948f4d605d) (ScriptedImporter) -> (artifact id: 'afecf22f34c7570b2424a13eba35b6ce') in 0.0266228 seconds
Number of updated asset objects reloaded before import = 0Number of asset objects unloaded after import = 155

========================================================================
Received Import Request.
  Time since last request: 0.000040 seconds.
  path: Assets/Studio33 Interactive_[BasketBall] v1.1/Animations/Basketball Motions_Generic/1625_JumpshotReadyFake.fbx
  artifactKey: Guid(044fbf0026609e4409ee6d82df779188) Importer(2089858483,b0f066a214c2f5e87bad3c948f4d605d)
Start importing Assets/Studio33 Interactive_[BasketBall] v1.1/Animations/Basketball Motions_Generic/1625_JumpshotReadyFake.fbx using Guid(044fbf0026609e4409ee6d82df779188) Importer(2089858483,b0f066a214c2f5e87bad3c948f4d605d) (ScriptedImporter) -> (artifact id: '95ad18430fb6126642d6299c26c88171') in 0.0232648 seconds
Number of updated asset objects reloaded before import = 0Number of asset objects unloaded after import = 153

========================================================================
Received Import Request.
  Time since last request: 0.000037 seconds.
  path: Assets/Studio33 Interactive_[BasketBall] v1.1/33_basket ball test animations/player/Back_number/Back_number_W/Back_number_W_c16.png
  artifactKey: Guid(c2f8b75055ebabe4b8853f9a981a2513) Importer(2089858483,b0f066a214c2f5e87bad3c948f4d605d)
Start importing Assets/Studio33 Interactive_[BasketBall] v1.1/33_basket ball test animations/player/Back_number/Back_number_W/Back_number_W_c16.png using Guid(c2f8b75055ebabe4b8853f9a981a2513) Importer(2089858483,b0f066a214c2f5e87bad3c948f4d605d) (ScriptedImporter) -> (artifact id: 'a21be85a52c781146131e617494649db') in 0.0162043 seconds
Number of updated asset objects reloaded before import = 0Number of asset objects unloaded after import = 1

========================================================================
Received Import Request.
  Time since last request: 0.000032 seconds.
  path: Assets/Studio33 Interactive_[BasketBall] v1.1/Animations/Basketball Motions_Generic/1655_FakelayupCA.fbx
  artifactKey: Guid(3eb18a7c95c7b24438dbd64225b7da05) Importer(2089858483,b0f066a214c2f5e87bad3c948f4d605d)
Start importing Assets/Studio33 Interactive_[BasketBall] v1.1/Animations/Basketball Motions_Generic/1655_FakelayupCA.fbx using Guid(3eb18a7c95c7b24438dbd64225b7da05) Importer(2089858483,b0f066a214c2f5e87bad3c948f4d605d) (ScriptedImporter) -> (artifact id: 'c7eaeb4ea3186cbce66fbfb37f678524') in 0.0277356 seconds
Number of updated asset objects reloaded before import = 0Number of asset objects unloaded after import = 153

========================================================================
Received Import Request.
  Time since last request: 0.000038 seconds.
  path: Assets/Studio33 Interactive_[BasketBall] v1.1/Animations/Basketball Motions_Generic/160_AirBigRightA.fbx
  artifactKey: Guid(7e7be585e6dde9f45ba1ce7acdd85322) Importer(2089858483,b0f066a214c2f5e87bad3c948f4d605d)
Start importing Assets/Studio33 Interactive_[BasketBall] v1.1/Animations/Basketball Motions_Generic/160_AirBigRightA.fbx using Guid(7e7be585e6dde9f45ba1ce7acdd85322) Importer(2089858483,b0f066a214c2f5e87bad3c948f4d605d) (ScriptedImporter) -> (artifact id: '2c66d33d3b5472776fd0016c3ef60843') in 0.0305055 seconds
Number of updated asset objects reloaded before import = 0Number of asset objects unloaded after import = 153

========================================================================
Received Import Request.
  Time since last request: 0.000051 seconds.
  path: Assets/Studio33 Interactive_[BasketBall] v1.1/Animations/Basketball Motions_Generic/1584_DunkCC.fbx
  artifactKey: Guid(76b553bd3f66c5e45a103b1297359b28) Importer(2089858483,b0f066a214c2f5e87bad3c948f4d605d)
Start importing Assets/Studio33 Interactive_[BasketBall] v1.1/Animations/Basketball Motions_Generic/1584_DunkCC.fbx using Guid(76b553bd3f66c5e45a103b1297359b28) Importer(2089858483,b0f066a214c2f5e87bad3c948f4d605d) (ScriptedImporter) -> (artifact id: '506383c1adb425c0f205385fd4cc1ef8') in 0.0301781 seconds
Number of updated asset objects reloaded before import = 0Number of asset objects unloaded after import = 153

========================================================================
Received Import Request.
  Time since last request: 0.000045 seconds.
  path: Assets/Studio33 Interactive_[BasketBall] v1.1/Animations/Basketball Motions_Generic/402_OffballcutLA.fbx
  artifactKey: Guid(bafea2e84fabf1b429ab0250ee42ebb4) Importer(2089858483,b0f066a214c2f5e87bad3c948f4d605d)
Start importing Assets/Studio33 Interactive_[BasketBall] v1.1/Animations/Basketball Motions_Generic/402_OffballcutLA.fbx using Guid(bafea2e84fabf1b429ab0250ee42ebb4) Importer(2089858483,b0f066a214c2f5e87bad3c948f4d605d) (ScriptedImporter) -> (artifact id: '31313744260b218936cf2b889c3e4bb5') in 0.0245084 seconds
Number of updated asset objects reloaded before import = 0Number of asset objects unloaded after import = 153

========================================================================
Received Import Request.
  Time since last request: 0.000037 seconds.
  path: Assets/Studio33 Interactive_[BasketBall] v1.1/Animations/Basketball Motions_Generic/295_JabstepReadyA.fbx
  artifactKey: Guid(6e039119ff5446d4e8df31d132b01bfb) Importer(2089858483,b0f066a214c2f5e87bad3c948f4d605d)
Start importing Assets/Studio33 Interactive_[BasketBall] v1.1/Animations/Basketball Motions_Generic/295_JabstepReadyA.fbx using Guid(6e039119ff5446d4e8df31d132b01bfb) Importer(2089858483,b0f066a214c2f5e87bad3c948f4d605d) (ScriptedImporter) -> (artifact id: '1e4d6e4ee6409ef0b404c6aed71e886b') in 0.0263738 seconds
Number of updated asset objects reloaded before import = 0Number of asset objects unloaded after import = 153

========================================================================
Received Import Request.
  Time since last request: 0.000034 seconds.
  path: Assets/Studio33 Interactive_[BasketBall] v1.1/Animations/Basketball Motions_Generic/855_PostBackingpassKirA.fbx
  artifactKey: Guid(ade6497ff2e53cc49aa3555577c48662) Importer(2089858483,b0f066a214c2f5e87bad3c948f4d605d)
Start importing Assets/Studio33 Interactive_[BasketBall] v1.1/Animations/Basketball Motions_Generic/855_PostBackingpassKirA.fbx using Guid(ade6497ff2e53cc49aa3555577c48662) Importer(2089858483,b0f066a214c2f5e87bad3c948f4d605d) (ScriptedImporter) -> (artifact id: '5df5938930a4727299eee11b590a7114') in 0.0315022 seconds
Number of updated asset objects reloaded before import = 0Number of asset objects unloaded after import = 153

========================================================================
Received Import Request.
  Time since last request: 0.000050 seconds.
  path: Assets/Studio33 Interactive_[BasketBall] v1.1/Animations/Basketball Motions_Generic/267_CrossThLRLAC.fbx
  artifactKey: Guid(45ed93a7249ef5849b5575061f6889f9) Importer(2089858483,b0f066a214c2f5e87bad3c948f4d605d)
Start importing Assets/Studio33 Interactive_[BasketBall] v1.1/Animations/Basketball Motions_Generic/267_CrossThLRLAC.fbx using Guid(45ed93a7249ef5849b5575061f6889f9) Importer(2089858483,b0f066a214c2f5e87bad3c948f4d605d) (ScriptedImporter) -> (artifact id: '93c0dd7736a30716b77b762f4331eb20') in 0.0259503 seconds
Number of updated asset objects reloaded before import = 0Number of asset objects unloaded after import = 153

========================================================================
Received Import Request.
  Time since last request: 0.000053 seconds.
  path: Assets/Studio33 Interactive_[BasketBall] v1.1/Animations/Basketball Motions Humanoid/2190_C.fbx
  artifactKey: Guid(11eed63b9cecedd479f39eb34eb8eb33) Importer(2089858483,b0f066a214c2f5e87bad3c948f4d605d)
Start importing Assets/Studio33 Interactive_[BasketBall] v1.1/Animations/Basketball Motions Humanoid/2190_C.fbx using Guid(11eed63b9cecedd479f39eb34eb8eb33) Importer(2089858483,b0f066a214c2f5e87bad3c948f4d605d) (ScriptedImporter) -> (artifact id: 'ad88ee23aa4ef88c67e535967e5637e5') in 0.0301924 seconds
Number of updated asset objects reloaded before import = 0Number of asset objects unloaded after import = 155

========================================================================
Received Import Request.
  Time since last request: 0.000036 seconds.
  path: Assets/Studio33 Interactive_[BasketBall] v1.1/Animations/Basketball Motions_Generic/205_PushPushFrontA.fbx
  artifactKey: Guid(600a7eda455f20443b8350b665cfb637) Importer(2089858483,b0f066a214c2f5e87bad3c948f4d605d)
Start importing Assets/Studio33 Interactive_[BasketBall] v1.1/Animations/Basketball Motions_Generic/205_PushPushFrontA.fbx using Guid(600a7eda455f20443b8350b665cfb637) Importer(2089858483,b0f066a214c2f5e87bad3c948f4d605d) (ScriptedImporter) -> (artifact id: '6daa0ea29f69d71376df9bde2156281a') in 0.0289628 seconds
Number of updated asset objects reloaded before import = 0Number of asset objects unloaded after import = 153

========================================================================
Received Import Request.
  Time since last request: 0.000035 seconds.
  path: Assets/Studio33 Interactive_[BasketBall] v1.1/Animations/Basketball Motions Humanoid/2189_.fbx
  artifactKey: Guid(dd2db8162e6cc334abc93327ba8fa48c) Importer(2089858483,b0f066a214c2f5e87bad3c948f4d605d)
Start importing Assets/Studio33 Interactive_[BasketBall] v1.1/Animations/Basketball Motions Humanoid/2189_.fbx using Guid(dd2db8162e6cc334abc93327ba8fa48c) Importer(2089858483,b0f066a214c2f5e87bad3c948f4d605d) (ScriptedImporter) -> (artifact id: 'ad367bef7357277e810e4f91c088ae9f') in 0.0315375 seconds
Number of updated asset objects reloaded before import = 0Number of asset objects unloaded after import = 155

========================================================================
Received Import Request.
  Time since last request: 0.000040 seconds.
  path: Assets/Studio33 Interactive_[BasketBall] v1.1/Animations/Basketball Motions Humanoid/47_BlockingckncatchShortLayupFA.fbx
  artifactKey: Guid(d024a209a450ae547a8b03e9f56a1243) Importer(2089858483,b0f066a214c2f5e87bad3c948f4d605d)
Start importing Assets/Studio33 Interactive_[BasketBall] v1.1/Animations/Basketball Motions Humanoid/47_BlockingckncatchShortLayupFA.fbx using Guid(d024a209a450ae547a8b03e9f56a1243) Importer(2089858483,b0f066a214c2f5e87bad3c948f4d605d) (ScriptedImporter) -> (artifact id: '33e2741d32905cddbe3f4a58c793b8e8') in 0.0303101 seconds
Number of updated asset objects reloaded before import = 0Number of asset objects unloaded after import = 155

========================================================================
Received Import Request.
  Time since last request: 0.000049 seconds.
  path: Assets/Studio33 Interactive_[BasketBall] v1.1/Animations/Basketball Motions Humanoid/1806_DunkClutchRRightA.fbx
  artifactKey: Guid(d9c1f0aa004bf854ba746d068876fe47) Importer(2089858483,b0f066a214c2f5e87bad3c948f4d605d)
Start importing Assets/Studio33 Interactive_[BasketBall] v1.1/Animations/Basketball Motions Humanoid/1806_DunkClutchRRightA.fbx using Guid(d9c1f0aa004bf854ba746d068876fe47) Importer(2089858483,b0f066a214c2f5e87bad3c948f4d605d) (ScriptedImporter) -> (artifact id: 'c0b93e7658622cf18e62f6ece2759bb4') in 0.0295446 seconds
Number of updated asset objects reloaded before import = 0Number of asset objects unloaded after import = 155

========================================================================
Received Import Request.
  Time since last request: 0.000034 seconds.
  path: Assets/Studio33 Interactive_[BasketBall] v1.1/33_basket ball test animations/player/basket ball player_normal.png
  artifactKey: Guid(a6399dc56adcead4c9ec09d66202bbae) Importer(2089858483,b0f066a214c2f5e87bad3c948f4d605d)
Start importing Assets/Studio33 Interactive_[BasketBall] v1.1/33_basket ball test animations/player/basket ball player_normal.png using Guid(a6399dc56adcead4c9ec09d66202bbae) Importer(2089858483,b0f066a214c2f5e87bad3c948f4d605d) (ScriptedImporter) -> (artifact id: '54fd3ccae342b18ae25564dc0467fea1') in 0.0214357 seconds
Number of updated asset objects reloaded before import = 0Number of asset objects unloaded after import = 1

========================================================================
Received Import Request.
  Time since last request: 0.000041 seconds.
  path: Assets/Studio33 Interactive_[BasketBall] v1.1/Animations/Basketball Motions_Generic/1420_TossShootA.fbx
  artifactKey: Guid(13ebf47e4ee4d47469f5f8df055745e2) Importer(2089858483,b0f066a214c2f5e87bad3c948f4d605d)
Start importing Assets/Studio33 Interactive_[BasketBall] v1.1/Animations/Basketball Motions_Generic/1420_TossShootA.fbx using Guid(13ebf47e4ee4d47469f5f8df055745e2) Importer(2089858483,b0f066a214c2f5e87bad3c948f4d605d) (ScriptedImporter) -> (artifact id: '11923d06bed12c3b2449ef73cd774369') in 0.0308652 seconds
Number of updated asset objects reloaded before import = 0Number of asset objects unloaded after import = 153

========================================================================
Received Import Request.
  Time since last request: 0.000044 seconds.
  path: Assets/Studio33 Interactive_[BasketBall] v1.1/Animations/Basketball Motions_Generic/1886_DunkCA.fbx
  artifactKey: Guid(c800e12253c01d8429cfb259855ea4b8) Importer(2089858483,b0f066a214c2f5e87bad3c948f4d605d)
Start importing Assets/Studio33 Interactive_[BasketBall] v1.1/Animations/Basketball Motions_Generic/1886_DunkCA.fbx using Guid(c800e12253c01d8429cfb259855ea4b8) Importer(2089858483,b0f066a214c2f5e87bad3c948f4d605d) (ScriptedImporter) -> (artifact id: 'fdc0dc338b4a76043798e92bcfae9307') in 0.0269931 seconds
Number of updated asset objects reloaded before import = 0Number of asset objects unloaded after import = 153

========================================================================
Received Import Request.
  Time since last request: 0.000052 seconds.
  path: Assets/Studio33 Interactive_[BasketBall] v1.1/Animations/Basketball Motions Humanoid/1704_SkyhookRA.fbx
  artifactKey: Guid(91c29609077d50c4f9d4fb2fbf0e36cf) Importer(2089858483,b0f066a214c2f5e87bad3c948f4d605d)
Start importing Assets/Studio33 Interactive_[BasketBall] v1.1/Animations/Basketball Motions Humanoid/1704_SkyhookRA.fbx using Guid(91c29609077d50c4f9d4fb2fbf0e36cf) Importer(2089858483,b0f066a214c2f5e87bad3c948f4d605d) (ScriptedImporter) -> (artifact id: '6def5ae2dc30a7ae70d8aa0391a09d41') in 0.0260573 seconds
Number of updated asset objects reloaded before import = 0Number of asset objects unloaded after import = 155

========================================================================
Received Import Request.
  Time since last request: 0.000036 seconds.
  path: Assets/Studio33 Interactive_[BasketBall] v1.1/Animations/Basketball Motions_Generic/1981_DunkCA.fbx
  artifactKey: Guid(59ebb3ceaa0f494408954f3248973231) Importer(2089858483,b0f066a214c2f5e87bad3c948f4d605d)
Start importing Assets/Studio33 Interactive_[BasketBall] v1.1/Animations/Basketball Motions_Generic/1981_DunkCA.fbx using Guid(59ebb3ceaa0f494408954f3248973231) Importer(2089858483,b0f066a214c2f5e87bad3c948f4d605d) (ScriptedImporter) -> (artifact id: '49343d321456fe62699deefe6a8c711f') in 0.0267358 seconds
Number of updated asset objects reloaded before import = 0Number of asset objects unloaded after import = 153

========================================================================
Received Import Request.
  Time since last request: 0.000039 seconds.
  path: Assets/Studio33 Interactive_[BasketBall] v1.1/33_basket ball test animations/player/Back_number/Back_number_W/Back_number_W_c04.png
  artifactKey: Guid(640cb11635d2ee04687077a37ce05659) Importer(2089858483,b0f066a214c2f5e87bad3c948f4d605d)
Start importing Assets/Studio33 Interactive_[BasketBall] v1.1/33_basket ball test animations/player/Back_number/Back_number_W/Back_number_W_c04.png using Guid(640cb11635d2ee04687077a37ce05659) Importer(2089858483,b0f066a214c2f5e87bad3c948f4d605d) (ScriptedImporter) -> (artifact id: '6077b26ecf05d84200c9447992c93cbf') in 0.0182953 seconds
Number of updated asset objects reloaded before import = 0Number of asset objects unloaded after import = 1

========================================================================
Received Import Request.
  Time since last request: 0.000036 seconds.
  path: Assets/Studio33 Interactive_[BasketBall] v1.1/Animations/Basketball Motions Humanoid/949_Rebound fB.fbx
  artifactKey: Guid(328128c7cdf2f9d4294b2fb9e5db0f47) Importer(2089858483,b0f066a214c2f5e87bad3c948f4d605d)
Start importing Assets/Studio33 Interactive_[BasketBall] v1.1/Animations/Basketball Motions Humanoid/949_Rebound fB.fbx using Guid(328128c7cdf2f9d4294b2fb9e5db0f47) Importer(2089858483,b0f066a214c2f5e87bad3c948f4d605d) (ScriptedImporter) -> (artifact id: 'afeae7dd7786ef180f898a8d238b9f30') in 0.032332 seconds
Number of updated asset objects reloaded before import = 0Number of asset objects unloaded after import = 155

========================================================================
Received Import Request.
  Time since last request: 0.000028 seconds.
  path: Assets/Studio33 Interactive_[BasketBall] v1.1/Animations/Basketball Motions Humanoid/1764_DunkCA.fbx
  artifactKey: Guid(ade3dcacfabecf5469c8c08e638e9efc) Importer(2089858483,b0f066a214c2f5e87bad3c948f4d605d)
Start importing Assets/Studio33 Interactive_[BasketBall] v1.1/Animations/Basketball Motions Humanoid/1764_DunkCA.fbx using Guid(ade3dcacfabecf5469c8c08e638e9efc) Importer(2089858483,b0f066a214c2f5e87bad3c948f4d605d) (ScriptedImporter) -> (artifact id: '1adaa4cf41666d25539041547068f409') in 0.0320989 seconds
Number of updated asset objects reloaded before import = 0Number of asset objects unloaded after import = 155

========================================================================
Received Import Request.
  Time since last request: 0.000046 seconds.
  path: Assets/Studio33 Interactive_[BasketBall] v1.1/Animations/Basketball Motions Humanoid/182_BlockingckedLeftA.fbx
  artifactKey: Guid(259c7e351826e3440837df3b41a4efc4) Importer(2089858483,b0f066a214c2f5e87bad3c948f4d605d)
Start importing Assets/Studio33 Interactive_[BasketBall] v1.1/Animations/Basketball Motions Humanoid/182_BlockingckedLeftA.fbx using Guid(259c7e351826e3440837df3b41a4efc4) Importer(2089858483,b0f066a214c2f5e87bad3c948f4d605d) (ScriptedImporter) -> (artifact id: '93fd36fa74d4d0d2d3183f6295fb504a') in 0.0308704 seconds
Number of updated asset objects reloaded before import = 0Number of asset objects unloaded after import = 155

========================================================================
Received Import Request.
  Time since last request: 0.000036 seconds.
  path: Assets/Studio33 Interactive_[BasketBall] v1.1/Animations/Basketball Motions_Generic/1862_DunkClutchRRightA.fbx
  artifactKey: Guid(eb0e602239c0ade41aa9a03914ddd264) Importer(2089858483,b0f066a214c2f5e87bad3c948f4d605d)
Start importing Assets/Studio33 Interactive_[BasketBall] v1.1/Animations/Basketball Motions_Generic/1862_DunkClutchRRightA.fbx using Guid(eb0e602239c0ade41aa9a03914ddd264) Importer(2089858483,b0f066a214c2f5e87bad3c948f4d605d) (ScriptedImporter) -> (artifact id: '633c0949e967fc57c73849fd21b5bd63') in 0.0263984 seconds
Number of updated asset objects reloaded before import = 0Number of asset objects unloaded after import = 153

========================================================================
Received Import Request.
  Time since last request: 0.000051 seconds.
  path: Assets/Studio33 Interactive_[BasketBall] v1.1/Animations/Basketball Motions Humanoid/120_ReboundAndBoxOutFrontA.fbx
  artifactKey: Guid(97261e75e4f5d6348ab5d969a36215f3) Importer(2089858483,b0f066a214c2f5e87bad3c948f4d605d)
Start importing Assets/Studio33 Interactive_[BasketBall] v1.1/Animations/Basketball Motions Humanoid/120_ReboundAndBoxOutFrontA.fbx using Guid(97261e75e4f5d6348ab5d969a36215f3) Importer(2089858483,b0f066a214c2f5e87bad3c948f4d605d) (ScriptedImporter) -> (artifact id: 'a8fab1a41fc4b4d7724c02cc65e2df5e') in 0.0389112 seconds
Number of updated asset objects reloaded before import = 0Number of asset objects unloaded after import = 155

========================================================================
Received Import Request.
  Time since last request: 0.000039 seconds.
  path: Assets/Studio33 Interactive_[BasketBall] v1.1/Animations/Basketball Motions_Generic/556_KneehereadyFake.fbx
  artifactKey: Guid(99becd1237026fd4c894621a0655ef30) Importer(2089858483,b0f066a214c2f5e87bad3c948f4d605d)
Start importing Assets/Studio33 Interactive_[BasketBall] v1.1/Animations/Basketball Motions_Generic/556_KneehereadyFake.fbx using Guid(99becd1237026fd4c894621a0655ef30) Importer(2089858483,b0f066a214c2f5e87bad3c948f4d605d) (ScriptedImporter) -> (artifact id: '8b00419d6ee622ca1b292b5cf6212cd5') in 0.0299006 seconds
Number of updated asset objects reloaded before import = 0Number of asset objects unloaded after import = 153

========================================================================
Received Import Request.
  Time since last request: 0.000036 seconds.
  path: Assets/Studio33 Interactive_[BasketBall] v1.1/Animations/Basketball Motions_Generic/1156_DunkCA.fbx
  artifactKey: Guid(31cf5b674f7d9e2448c4c45f8a29f3b7) Importer(2089858483,b0f066a214c2f5e87bad3c948f4d605d)
Start importing Assets/Studio33 Interactive_[BasketBall] v1.1/Animations/Basketball Motions_Generic/1156_DunkCA.fbx using Guid(31cf5b674f7d9e2448c4c45f8a29f3b7) Importer(2089858483,b0f066a214c2f5e87bad3c948f4d605d) (ScriptedImporter) -> (artifact id: '9e48f3d02ba03d9ae42b19a91072c67a') in 0.0296607 seconds
Number of updated asset objects reloaded before import = 0Number of asset objects unloaded after import = 153

========================================================================
Received Import Request.
  Time since last request: 0.000044 seconds.
  path: Assets/Studio33 Interactive_[BasketBall] v1.1/Animations/Basketball Motions_Generic/1194_DunkRA.fbx
  artifactKey: Guid(4f3c19024a56bb549a2a5050d1cc9153) Importer(2089858483,b0f066a214c2f5e87bad3c948f4d605d)
Start importing Assets/Studio33 Interactive_[BasketBall] v1.1/Animations/Basketball Motions_Generic/1194_DunkRA.fbx using Guid(4f3c19024a56bb549a2a5050d1cc9153) Importer(2089858483,b0f066a214c2f5e87bad3c948f4d605d) (ScriptedImporter) -> (artifact id: 'e0d7fec76588854846bf596e4b5c466c') in 0.027632 seconds
Number of updated asset objects reloaded before import = 0Number of asset objects unloaded after import = 153

========================================================================
Received Import Request.
  Time since last request: 0.000080 seconds.
  path: Assets/Studio33 Interactive_[BasketBall] v1.1/Animations/Basketball Motions_Generic/539_QuickpointMFakeA.fbx
  artifactKey: Guid(3bdfed7bf50046a42ba4afb780e94bb9) Importer(2089858483,b0f066a214c2f5e87bad3c948f4d605d)
Start importing Assets/Studio33 Interactive_[BasketBall] v1.1/Animations/Basketball Motions_Generic/539_QuickpointMFakeA.fbx using Guid(3bdfed7bf50046a42ba4afb780e94bb9) Importer(2089858483,b0f066a214c2f5e87bad3c948f4d605d) (ScriptedImporter) -> (artifact id: 'd84105a8b3e26922894dade37b76539a') in 0.0296906 seconds
Number of updated asset objects reloaded before import = 0Number of asset objects unloaded after import = 153

========================================================================
Received Import Request.
  Time since last request: 0.000036 seconds.
  path: Assets/Studio33 Interactive_[BasketBall] v1.1/Animations/Basketball Motions Humanoid/954_Rebound rC.fbx
  artifactKey: Guid(b7a8e535cab72964a816ec2532f3faff) Importer(2089858483,b0f066a214c2f5e87bad3c948f4d605d)
Start importing Assets/Studio33 Interactive_[BasketBall] v1.1/Animations/Basketball Motions Humanoid/954_Rebound rC.fbx using Guid(b7a8e535cab72964a816ec2532f3faff) Importer(2089858483,b0f066a214c2f5e87bad3c948f4d605d) (ScriptedImporter) -> (artifact id: 'ef9ab08e25cc1bf45d03afd4a100c67f') in 0.031631 seconds
Number of updated asset objects reloaded before import = 0Number of asset objects unloaded after import = 155

========================================================================
Received Import Request.
  Time since last request: 0.000051 seconds.
  path: Assets/Studio33 Interactive_[BasketBall] v1.1/Animations/Basketball Motions_Generic/1543_JumpshotPullupRA.fbx
  artifactKey: Guid(c4f5eec8785fb7d41be86b00717466b3) Importer(2089858483,b0f066a214c2f5e87bad3c948f4d605d)
Start importing Assets/Studio33 Interactive_[BasketBall] v1.1/Animations/Basketball Motions_Generic/1543_JumpshotPullupRA.fbx using Guid(c4f5eec8785fb7d41be86b00717466b3) Importer(2089858483,b0f066a214c2f5e87bad3c948f4d605d) (ScriptedImporter) -> (artifact id: '1eff6de70425da5019236ee70fa266bd') in 0.0295024 seconds
Number of updated asset objects reloaded before import = 0Number of asset objects unloaded after import = 153

========================================================================
Received Import Request.
  Time since last request: 0.000040 seconds.
  path: Assets/Studio33 Interactive_[BasketBall] v1.1/Animations/Basketball Motions_Generic/878_PassifailOverFA.fbx
  artifactKey: Guid(5c518bf05882c6a42ae518e5fe2b1b84) Importer(2089858483,b0f066a214c2f5e87bad3c948f4d605d)
Start importing Assets/Studio33 Interactive_[BasketBall] v1.1/Animations/Basketball Motions_Generic/878_PassifailOverFA.fbx using Guid(5c518bf05882c6a42ae518e5fe2b1b84) Importer(2089858483,b0f066a214c2f5e87bad3c948f4d605d) (ScriptedImporter) -> (artifact id: '1d656477e0c52e28285d26e2bce3cfba') in 0.0248694 seconds
Number of updated asset objects reloaded before import = 0Number of asset objects unloaded after import = 153

========================================================================
Received Import Request.
  Time since last request: 0.000045 seconds.
  path: Assets/Studio33 Interactive_[BasketBall] v1.1/Animations/Basketball Motions Humanoid/702_OverNpassRA.fbx
  artifactKey: Guid(02a086bc9da20c245a16f0d542d52188) Importer(2089858483,b0f066a214c2f5e87bad3c948f4d605d)
Start importing Assets/Studio33 Interactive_[BasketBall] v1.1/Animations/Basketball Motions Humanoid/702_OverNpassRA.fbx using Guid(02a086bc9da20c245a16f0d542d52188) Importer(2089858483,b0f066a214c2f5e87bad3c948f4d605d) (ScriptedImporter) -> (artifact id: 'd1cb1ef67a6cf923773b9d39e59c9735') in 0.03164 seconds
Number of updated asset objects reloaded before import = 0Number of asset objects unloaded after import = 155

========================================================================
Received Import Request.
  Time since last request: 0.000054 seconds.
  path: Assets/Studio33 Interactive_[BasketBall] v1.1/Animations/Basketball Motions_Generic/1504_LayupRevRA.fbx
  artifactKey: Guid(1ff64b2c59787c246a190eebdfb0bbf9) Importer(2089858483,b0f066a214c2f5e87bad3c948f4d605d)
Start importing Assets/Studio33 Interactive_[BasketBall] v1.1/Animations/Basketball Motions_Generic/1504_LayupRevRA.fbx using Guid(1ff64b2c59787c246a190eebdfb0bbf9) Importer(2089858483,b0f066a214c2f5e87bad3c948f4d605d) (ScriptedImporter) -> (artifact id: 'c4584dd847c81c95ccb9e4b1e6a5a492') in 0.028985 seconds
Number of updated asset objects reloaded before import = 0Number of asset objects unloaded after import = 153

========================================================================
Received Import Request.
  Time since last request: 0.000038 seconds.
  path: Assets/Studio33 Interactive_[BasketBall] v1.1/Animations/Basketball Motions_Generic/1400_LayupCA.fbx
  artifactKey: Guid(c84eb5e461ed1254c87d3c7d8065dace) Importer(2089858483,b0f066a214c2f5e87bad3c948f4d605d)
Start importing Assets/Studio33 Interactive_[BasketBall] v1.1/Animations/Basketball Motions_Generic/1400_LayupCA.fbx using Guid(c84eb5e461ed1254c87d3c7d8065dace) Importer(2089858483,b0f066a214c2f5e87bad3c948f4d605d) (ScriptedImporter) -> (artifact id: '1298981b7acf3c56296b8a7296f672ce') in 0.0441433 seconds
Number of updated asset objects reloaded before import = 0Number of asset objects unloaded after import = 153

========================================================================
Received Import Request.
  Time since last request: 0.000052 seconds.
  path: Assets/Studio33 Interactive_[BasketBall] v1.1/Animations/Basketball Motions_Generic/2004_JumpshotMFakeA.fbx
  artifactKey: Guid(02f040d38705c3e4e8c830101b4bff2c) Importer(2089858483,b0f066a214c2f5e87bad3c948f4d605d)
Start importing Assets/Studio33 Interactive_[BasketBall] v1.1/Animations/Basketball Motions_Generic/2004_JumpshotMFakeA.fbx using Guid(02f040d38705c3e4e8c830101b4bff2c) Importer(2089858483,b0f066a214c2f5e87bad3c948f4d605d) (ScriptedImporter) -> (artifact id: '4f88d4dfc1e269b509819d6e680540d6') in 0.0264071 seconds
Number of updated asset objects reloaded before import = 0Number of asset objects unloaded after import = 153

========================================================================
Received Import Request.
  Time since last request: 0.000057 seconds.
  path: Assets/Studio33 Interactive_[BasketBall] v1.1/Animations/Basketball Motions_Generic/328_CrossThLRLA.fbx
  artifactKey: Guid(d4dd318b2186cea4b9a675b0818a7216) Importer(2089858483,b0f066a214c2f5e87bad3c948f4d605d)
Start importing Assets/Studio33 Interactive_[BasketBall] v1.1/Animations/Basketball Motions_Generic/328_CrossThLRLA.fbx using Guid(d4dd318b2186cea4b9a675b0818a7216) Importer(2089858483,b0f066a214c2f5e87bad3c948f4d605d) (ScriptedImporter) -> (artifact id: '941b296fdc4fb0ddfe74e4378bb76a49') in 0.0286033 seconds
Number of updated asset objects reloaded before import = 0Number of asset objects unloaded after import = 153

========================================================================
Received Import Request.
  Time since last request: 0.000032 seconds.
  path: Assets/Studio33 Interactive_[BasketBall] v1.1/Animations/Basketball Motions Humanoid/1140_DclutchFBaA.fbx
  artifactKey: Guid(902a8415c9daffe47ba9ce3d383c517a) Importer(2089858483,b0f066a214c2f5e87bad3c948f4d605d)
Start importing Assets/Studio33 Interactive_[BasketBall] v1.1/Animations/Basketball Motions Humanoid/1140_DclutchFBaA.fbx using Guid(902a8415c9daffe47ba9ce3d383c517a) Importer(2089858483,b0f066a214c2f5e87bad3c948f4d605d) (ScriptedImporter) -> (artifact id: '53b9bf015da82edfefc336c4ae50b7d5') in 0.025217 seconds
Number of updated asset objects reloaded before import = 0Number of asset objects unloaded after import = 155

========================================================================
Received Import Request.
  Time since last request: 0.000055 seconds.
  path: Assets/Studio33 Interactive_[BasketBall] v1.1/Animations/Basketball Motions Humanoid/1395_JumpshotUAFakeA.fbx
  artifactKey: Guid(2e1abc1f9bbf43647853358e84f29c30) Importer(2089858483,b0f066a214c2f5e87bad3c948f4d605d)
Start importing Assets/Studio33 Interactive_[BasketBall] v1.1/Animations/Basketball Motions Humanoid/1395_JumpshotUAFakeA.fbx using Guid(2e1abc1f9bbf43647853358e84f29c30) Importer(2089858483,b0f066a214c2f5e87bad3c948f4d605d) (ScriptedImporter) -> (artifact id: '0c93c7b9cb316f64134a32d6253ebf1b') in 0.0270448 seconds
Number of updated asset objects reloaded before import = 0Number of asset objects unloaded after import = 155

========================================================================
Received Import Request.
  Time since last request: 0.000034 seconds.
  path: Assets/Studio33 Interactive_[BasketBall] v1.1/Animations/Basketball Motions Humanoid/1355_JumpshotMFakeAC.fbx
  artifactKey: Guid(10b27e4ab5c7ded4987ce616780f8103) Importer(2089858483,b0f066a214c2f5e87bad3c948f4d605d)
Start importing Assets/Studio33 Interactive_[BasketBall] v1.1/Animations/Basketball Motions Humanoid/1355_JumpshotMFakeAC.fbx using Guid(10b27e4ab5c7ded4987ce616780f8103) Importer(2089858483,b0f066a214c2f5e87bad3c948f4d605d) (ScriptedImporter) -> (artifact id: 'a6c5176729138674e8aa4e057a4c4f5f') in 0.0280881 seconds
Number of updated asset objects reloaded before import = 0Number of asset objects unloaded after import = 155

========================================================================
Received Import Request.
  Time since last request: 0.000045 seconds.
  path: Assets/Studio33 Interactive_[BasketBall] v1.1/Animations/Basketball Motions_Generic/1551_LayupRA.fbx
  artifactKey: Guid(ca03a7b29cc99e441b17bb02f22f9527) Importer(2089858483,b0f066a214c2f5e87bad3c948f4d605d)
Start importing Assets/Studio33 Interactive_[BasketBall] v1.1/Animations/Basketball Motions_Generic/1551_LayupRA.fbx using Guid(ca03a7b29cc99e441b17bb02f22f9527) Importer(2089858483,b0f066a214c2f5e87bad3c948f4d605d) (ScriptedImporter) -> (artifact id: '644005bbdee46429a34d39b62f48c889') in 0.0314778 seconds
Number of updated asset objects reloaded before import = 0Number of asset objects unloaded after import = 153

========================================================================
Received Import Request.
  Time since last request: 0.000035 seconds.
  path: Assets/Studio33 Interactive_[BasketBall] v1.1/Animations/Basketball Motions_Generic/745_PassBadOverA.fbx
  artifactKey: Guid(3545dfd56935526499b1eeeac8e47190) Importer(2089858483,b0f066a214c2f5e87bad3c948f4d605d)
Start importing Assets/Studio33 Interactive_[BasketBall] v1.1/Animations/Basketball Motions_Generic/745_PassBadOverA.fbx using Guid(3545dfd56935526499b1eeeac8e47190) Importer(2089858483,b0f066a214c2f5e87bad3c948f4d605d) (ScriptedImporter) -> (artifact id: '11d765dbba287b8e0063239efd6b854b') in 0.0287003 seconds
Number of updated asset objects reloaded before import = 0Number of asset objects unloaded after import = 153

========================================================================
Received Import Request.
  Time since last request: 0.000031 seconds.
  path: Assets/Studio33 Interactive_[BasketBall] v1.1/Animations/Basketball Motions_Generic/1926_JumpshotMA.fbx
  artifactKey: Guid(7ad14dca456b7a7429f9ac289fde60dd) Importer(2089858483,b0f066a214c2f5e87bad3c948f4d605d)
Start importing Assets/Studio33 Interactive_[BasketBall] v1.1/Animations/Basketball Motions_Generic/1926_JumpshotMA.fbx using Guid(7ad14dca456b7a7429f9ac289fde60dd) Importer(2089858483,b0f066a214c2f5e87bad3c948f4d605d) (ScriptedImporter) -> (artifact id: 'd9df25232a7d9b5bc1c1a5532e1a9bad') in 0.0244076 seconds
Number of updated asset objects reloaded before import = 0Number of asset objects unloaded after import = 153

========================================================================
Received Import Request.
  Time since last request: 0.000041 seconds.
  path: Assets/Studio33 Interactive_[BasketBall] v1.1/Animations/Basketball Motions_Generic/352_WindupRRRMMA.fbx
  artifactKey: Guid(4e0e424b35e0abb40bdce1617124b08f) Importer(2089858483,b0f066a214c2f5e87bad3c948f4d605d)
Start importing Assets/Studio33 Interactive_[BasketBall] v1.1/Animations/Basketball Motions_Generic/352_WindupRRRMMA.fbx using Guid(4e0e424b35e0abb40bdce1617124b08f) Importer(2089858483,b0f066a214c2f5e87bad3c948f4d605d) (ScriptedImporter) -> (artifact id: '936f8e1a87621c97f4df9bc3378b7e8c') in 0.0307109 seconds
Number of updated asset objects reloaded before import = 0Number of asset objects unloaded after import = 153

========================================================================
Received Import Request.
  Time since last request: 0.000040 seconds.
  path: Assets/Studio33 Interactive_[BasketBall] v1.1/Animations/Basketball Motions_Generic/741_PostBackingpassKilA.fbx
  artifactKey: Guid(6ac8c3a1059a8544ebf1fc35f3c4d56a) Importer(2089858483,b0f066a214c2f5e87bad3c948f4d605d)
Start importing Assets/Studio33 Interactive_[BasketBall] v1.1/Animations/Basketball Motions_Generic/741_PostBackingpassKilA.fbx using Guid(6ac8c3a1059a8544ebf1fc35f3c4d56a) Importer(2089858483,b0f066a214c2f5e87bad3c948f4d605d) (ScriptedImporter) -> (artifact id: '07d21ec24b5e9e3f25b7e7fd2ab1003d') in 0.0317993 seconds
Number of updated asset objects reloaded before import = 0Number of asset objects unloaded after import = 153

========================================================================
Received Import Request.
  Time since last request: 0.000061 seconds.
  path: Assets/Studio33 Interactive_[BasketBall] v1.1/Animations/Basketball Motions_Generic/1709_TurbashootA.fbx
  artifactKey: Guid(277258a36a753374fb8568d83b8a5b5e) Importer(2089858483,b0f066a214c2f5e87bad3c948f4d605d)
Start importing Assets/Studio33 Interactive_[BasketBall] v1.1/Animations/Basketball Motions_Generic/1709_TurbashootA.fbx using Guid(277258a36a753374fb8568d83b8a5b5e) Importer(2089858483,b0f066a214c2f5e87bad3c948f4d605d) (ScriptedImporter) -> (artifact id: '0bcc78be6b6503edd54b7b72ede50ac3') in 0.0297742 seconds
Number of updated asset objects reloaded before import = 0Number of asset objects unloaded after import = 153

========================================================================
Received Import Request.
  Time since last request: 0.000028 seconds.
  path: Assets/Studio33 Interactive_[BasketBall] v1.1/Animations/Basketball Motions_Generic/2022_DunkClutchRLeftA.fbx
  artifactKey: Guid(81b6be6e216c8314da6d42ef8c1d1e37) Importer(2089858483,b0f066a214c2f5e87bad3c948f4d605d)
Start importing Assets/Studio33 Interactive_[BasketBall] v1.1/Animations/Basketball Motions_Generic/2022_DunkClutchRLeftA.fbx using Guid(81b6be6e216c8314da6d42ef8c1d1e37) Importer(2089858483,b0f066a214c2f5e87bad3c948f4d605d) (ScriptedImporter) -> (artifact id: '6d9f3b3df8d66ef49d590eed7274df96') in 0.0309911 seconds
Number of updated asset objects reloaded before import = 0Number of asset objects unloaded after import = 153

========================================================================
Received Import Request.
  Time since last request: 0.000047 seconds.
  path: Assets/Studio33 Interactive_[BasketBall] v1.1/Animations/Basketball Motions_Generic/699_NpassRA.fbx
  artifactKey: Guid(db0eba1401acc984195743139d239dea) Importer(2089858483,b0f066a214c2f5e87bad3c948f4d605d)
Start importing Assets/Studio33 Interactive_[BasketBall] v1.1/Animations/Basketball Motions_Generic/699_NpassRA.fbx using Guid(db0eba1401acc984195743139d239dea) Importer(2089858483,b0f066a214c2f5e87bad3c948f4d605d) (ScriptedImporter) -> (artifact id: 'f148651eecbdf5ae883fc41db4913977') in 0.0319005 seconds
Number of updated asset objects reloaded before import = 0Number of asset objects unloaded after import = 153

========================================================================
Received Import Request.
  Time since last request: 0.000047 seconds.
  path: Assets/Studio33 Interactive_[BasketBall] v1.1/Animations/Basketball Motions_Generic/395_PassioffballcutA.fbx
  artifactKey: Guid(14afcbc59cd2c5843abc7e6f4a168992) Importer(2089858483,b0f066a214c2f5e87bad3c948f4d605d)
Start importing Assets/Studio33 Interactive_[BasketBall] v1.1/Animations/Basketball Motions_Generic/395_PassioffballcutA.fbx using Guid(14afcbc59cd2c5843abc7e6f4a168992) Importer(2089858483,b0f066a214c2f5e87bad3c948f4d605d) (ScriptedImporter) -> (artifact id: 'de60b6aa940daf729247b04808aa2782') in 0.0297098 seconds
Number of updated asset objects reloaded before import = 0Number of asset objects unloaded after import = 153

========================================================================
Received Import Request.
  Time since last request: 0.000039 seconds.
  path: Assets/Studio33 Interactive_[BasketBall] v1.1/Animations/Basketball Motions Humanoid/2163_PivotLFA.fbx
  artifactKey: Guid(01b09545d085d9348820c701956d5761) Importer(2089858483,b0f066a214c2f5e87bad3c948f4d605d)
Start importing Assets/Studio33 Interactive_[BasketBall] v1.1/Animations/Basketball Motions Humanoid/2163_PivotLFA.fbx using Guid(01b09545d085d9348820c701956d5761) Importer(2089858483,b0f066a214c2f5e87bad3c948f4d605d) (ScriptedImporter) -> (artifact id: '033f711e6e7d5cceff98d128d5204b5b') in 0.0335442 seconds
Number of updated asset objects reloaded before import = 0Number of asset objects unloaded after import = 155

========================================================================
Received Import Request.
  Time since last request: 0.000032 seconds.
  path: Assets/Studio33 Interactive_[BasketBall] v1.1/Animations/Basketball Motions Humanoid/832_PassChestA.fbx
  artifactKey: Guid(8fd29c6dc1e81654c8370853a7fa6ea9) Importer(2089858483,b0f066a214c2f5e87bad3c948f4d605d)
Start importing Assets/Studio33 Interactive_[BasketBall] v1.1/Animations/Basketball Motions Humanoid/832_PassChestA.fbx using Guid(8fd29c6dc1e81654c8370853a7fa6ea9) Importer(2089858483,b0f066a214c2f5e87bad3c948f4d605d) (ScriptedImporter) -> (artifact id: 'ce9250f568549822605aec34d6569b9d') in 0.031657 seconds
Number of updated asset objects reloaded before import = 0Number of asset objects unloaded after import = 155

========================================================================
Received Import Request.
  Time since last request: 0.000036 seconds.
  path: Assets/Studio33 Interactive_[BasketBall] v1.1/Animations/Basketball Motions Humanoid/1455_DunkRA.fbx
  artifactKey: Guid(5fb3e8e40c8c3d0409739b2d2e75e132) Importer(2089858483,b0f066a214c2f5e87bad3c948f4d605d)
Start importing Assets/Studio33 Interactive_[BasketBall] v1.1/Animations/Basketball Motions Humanoid/1455_DunkRA.fbx using Guid(5fb3e8e40c8c3d0409739b2d2e75e132) Importer(2089858483,b0f066a214c2f5e87bad3c948f4d605d) (ScriptedImporter) -> (artifact id: '7a5b1750206642eb48791fa805c3ab59') in 0.0329774 seconds
Number of updated asset objects reloaded before import = 0Number of asset objects unloaded after import = 155

========================================================================
Received Import Request.
  Time since last request: 0.000079 seconds.
  path: Assets/Studio33 Interactive_[BasketBall] v1.1/Animations/Basketball Motions Humanoid/1805_DunkClutchRLeftA.fbx
  artifactKey: Guid(5b3cf88ff0acb774b9c89c54445f067d) Importer(2089858483,b0f066a214c2f5e87bad3c948f4d605d)
Start importing Assets/Studio33 Interactive_[BasketBall] v1.1/Animations/Basketball Motions Humanoid/1805_DunkClutchRLeftA.fbx using Guid(5b3cf88ff0acb774b9c89c54445f067d) Importer(2089858483,b0f066a214c2f5e87bad3c948f4d605d) (ScriptedImporter) -> (artifact id: '998a54122b8a86e6ea20732feae61b76') in 0.0360635 seconds
Number of updated asset objects reloaded before import = 0Number of asset objects unloaded after import = 155

========================================================================
Received Import Request.
  Time since last request: 0.000060 seconds.
  path: Assets/Studio33 Interactive_[BasketBall] v1.1/Animations/Basketball Motions_Generic/924_PostBafrontLayupCA.fbx
  artifactKey: Guid(75c3f8a3e4d418f4c815e2fac6ebc231) Importer(2089858483,b0f066a214c2f5e87bad3c948f4d605d)
Start importing Assets/Studio33 Interactive_[BasketBall] v1.1/Animations/Basketball Motions_Generic/924_PostBafrontLayupCA.fbx using Guid(75c3f8a3e4d418f4c815e2fac6ebc231) Importer(2089858483,b0f066a214c2f5e87bad3c948f4d605d) (ScriptedImporter) -> (artifact id: '508d558c594b911fc2bee5de6392828a') in 0.0335644 seconds
Number of updated asset objects reloaded before import = 0Number of asset objects unloaded after import = 153

========================================================================
Received Import Request.
  Time since last request: 0.000038 seconds.
  path: Assets/Studio33 Interactive_[BasketBall] v1.1/Animations/Basketball Motions_Generic/25_BlockinglongFarL.fbx
  artifactKey: Guid(3ad6815e5113aa841aabb6d38747f694) Importer(2089858483,b0f066a214c2f5e87bad3c948f4d605d)
Start importing Assets/Studio33 Interactive_[BasketBall] v1.1/Animations/Basketball Motions_Generic/25_BlockinglongFarL.fbx using Guid(3ad6815e5113aa841aabb6d38747f694) Importer(2089858483,b0f066a214c2f5e87bad3c948f4d605d) (ScriptedImporter) -> (artifact id: '1aba0f8cce2007ffd439e36ba574bc78') in 0.0328611 seconds
Number of updated asset objects reloaded before import = 0Number of asset objects unloaded after import = 153

========================================================================
Received Import Request.
  Time since last request: 0.000069 seconds.
  path: Assets/Studio33 Interactive_[BasketBall] v1.1/Animations/Basketball Motions_Generic/1222_LayupCA.fbx
  artifactKey: Guid(a7bec706521cffb4dadd05895d618304) Importer(2089858483,b0f066a214c2f5e87bad3c948f4d605d)
Start importing Assets/Studio33 Interactive_[BasketBall] v1.1/Animations/Basketball Motions_Generic/1222_LayupCA.fbx using Guid(a7bec706521cffb4dadd05895d618304) Importer(2089858483,b0f066a214c2f5e87bad3c948f4d605d) (ScriptedImporter) -> (artifact id: '1deba670575d1095120d5f0822753fda') in 0.0366919 seconds
Number of updated asset objects reloaded before import = 0Number of asset objects unloaded after import = 153

========================================================================
Received Import Request.
  Time since last request: 0.000046 seconds.
  path: Assets/Studio33 Interactive_[BasketBall] v1.1/Animations/Basketball Motions_Generic/2179_MDribbleright.fbx
  artifactKey: Guid(30c0b7d764aba374295903113eb5ed93) Importer(2089858483,b0f066a214c2f5e87bad3c948f4d605d)
Start importing Assets/Studio33 Interactive_[BasketBall] v1.1/Animations/Basketball Motions_Generic/2179_MDribbleright.fbx using Guid(30c0b7d764aba374295903113eb5ed93) Importer(2089858483,b0f066a214c2f5e87bad3c948f4d605d) (ScriptedImporter) -> (artifact id: 'e977f682a8aca7bb987ff99f81d43330') in 0.0356515 seconds
Number of updated asset objects reloaded before import = 0Number of asset objects unloaded after import = 153

========================================================================
Received Import Request.
  Time since last request: 0.000035 seconds.
  path: Assets/Studio33 Interactive_[BasketBall] v1.1/Animations/Basketball Motions Humanoid/778_OverNpassRA.fbx
  artifactKey: Guid(b87a38cb7c96fca49bd82f2f512863a8) Importer(2089858483,b0f066a214c2f5e87bad3c948f4d605d)
Start importing Assets/Studio33 Interactive_[BasketBall] v1.1/Animations/Basketball Motions Humanoid/778_OverNpassRA.fbx using Guid(b87a38cb7c96fca49bd82f2f512863a8) Importer(2089858483,b0f066a214c2f5e87bad3c948f4d605d) (ScriptedImporter) -> (artifact id: '945e1cee27992dda9561d0e69ca749f8') in 0.0278858 seconds
Number of updated asset objects reloaded before import = 0Number of asset objects unloaded after import = 155

========================================================================
Received Import Request.
  Time since last request: 0.000060 seconds.
  path: Assets/Studio33 Interactive_[BasketBall] v1.1/Animations/Basketball Motions Humanoid/130_ReboundAndBoxOutHoldRightA.fbx
  artifactKey: Guid(2f2916a85f81af64fa4f7395e8d9cab1) Importer(2089858483,b0f066a214c2f5e87bad3c948f4d605d)
Start importing Assets/Studio33 Interactive_[BasketBall] v1.1/Animations/Basketball Motions Humanoid/130_ReboundAndBoxOutHoldRightA.fbx using Guid(2f2916a85f81af64fa4f7395e8d9cab1) Importer(2089858483,b0f066a214c2f5e87bad3c948f4d605d) (ScriptedImporter) -> (artifact id: '52db8bc9aa242c1505c0908784d4efd5') in 0.0321418 seconds
Number of updated asset objects reloaded before import = 0Number of asset objects unloaded after import = 155

========================================================================
Received Import Request.
  Time since last request: 0.000045 seconds.
  path: Assets/Studio33 Interactive_[BasketBall] v1.1/Animations/Basketball Motions_Generic/1849_DunkCA.fbx
  artifactKey: Guid(7bcb0ccc30f468843ac7565524d1e668) Importer(2089858483,b0f066a214c2f5e87bad3c948f4d605d)
Start importing Assets/Studio33 Interactive_[BasketBall] v1.1/Animations/Basketball Motions_Generic/1849_DunkCA.fbx using Guid(7bcb0ccc30f468843ac7565524d1e668) Importer(2089858483,b0f066a214c2f5e87bad3c948f4d605d) (ScriptedImporter) -> (artifact id: '6eca2ccfcdc88b90ea270fbc5759a389') in 0.0271904 seconds
Number of updated asset objects reloaded before import = 0Number of asset objects unloaded after import = 153

========================================================================
Received Import Request.
  Time since last request: 0.000053 seconds.
  path: Assets/Studio33 Interactive_[BasketBall] v1.1/Animations/Basketball Motions Humanoid/1081_Screestaa.fbx
  artifactKey: Guid(3a2b1b9b6f6fe364ea52f73902db0026) Importer(2089858483,b0f066a214c2f5e87bad3c948f4d605d)
Start importing Assets/Studio33 Interactive_[BasketBall] v1.1/Animations/Basketball Motions Humanoid/1081_Screestaa.fbx using Guid(3a2b1b9b6f6fe364ea52f73902db0026) Importer(2089858483,b0f066a214c2f5e87bad3c948f4d605d) (ScriptedImporter) -> (artifact id: '5117538511f5b0f6e812e2e8b1d86072') in 0.0282202 seconds
Number of updated asset objects reloaded before import = 0Number of asset objects unloaded after import = 155

========================================================================
Received Import Request.
  Time since last request: 0.000037 seconds.
  path: Assets/Studio33 Interactive_[BasketBall] v1.1/Animations/Basketball Motions Humanoid/792_AlleyooppassRA.fbx
  artifactKey: Guid(524912319beb86f4fb03450430f839fc) Importer(2089858483,b0f066a214c2f5e87bad3c948f4d605d)
Start importing Assets/Studio33 Interactive_[BasketBall] v1.1/Animations/Basketball Motions Humanoid/792_AlleyooppassRA.fbx using Guid(524912319beb86f4fb03450430f839fc) Importer(2089858483,b0f066a214c2f5e87bad3c948f4d605d) (ScriptedImporter) -> (artifact id: 'dfb720ffe592db528a8ab58ed6e75120') in 0.026939 seconds
Number of updated asset objects reloaded before import = 0Number of asset objects unloaded after import = 155

========================================================================
Received Import Request.
  Time since last request: 0.000053 seconds.
  path: Assets/Studio33 Interactive_[BasketBall] v1.1/Animations/Basketball Motions_Generic/1684_JumpshotCA.fbx
  artifactKey: Guid(f932169180f27a34ea463e7bf460c992) Importer(2089858483,b0f066a214c2f5e87bad3c948f4d605d)
Start importing Assets/Studio33 Interactive_[BasketBall] v1.1/Animations/Basketball Motions_Generic/1684_JumpshotCA.fbx using Guid(f932169180f27a34ea463e7bf460c992) Importer(2089858483,b0f066a214c2f5e87bad3c948f4d605d) (ScriptedImporter) -> (artifact id: 'dcd117df25a32fab0ed115a0b016bab3') in 0.0265632 seconds
Number of updated asset objects reloaded before import = 0Number of asset objects unloaded after import = 153

========================================================================
Received Import Request.
  Time since last request: 0.000032 seconds.
  path: Assets/Studio33 Interactive_[BasketBall] v1.1/Animations/Basketball Motions_Generic/825_PassirA.fbx
  artifactKey: Guid(ad413817ba176ff40b40d43407d97238) Importer(2089858483,b0f066a214c2f5e87bad3c948f4d605d)
Start importing Assets/Studio33 Interactive_[BasketBall] v1.1/Animations/Basketball Motions_Generic/825_PassirA.fbx using Guid(ad413817ba176ff40b40d43407d97238) Importer(2089858483,b0f066a214c2f5e87bad3c948f4d605d) (ScriptedImporter) -> (artifact id: '659d58b1906fa4c83e35a7060d07b965') in 0.0300854 seconds
Number of updated asset objects reloaded before import = 0Number of asset objects unloaded after import = 153

========================================================================
Received Import Request.
  Time since last request: 0.000047 seconds.
  path: Assets/Studio33 Interactive_[BasketBall] v1.1/Animations/Basketball Motions_Generic/1089_ScreefalingFrontA.fbx
  artifactKey: Guid(c59de15fbef8ffa4782377dddc2e28b2) Importer(2089858483,b0f066a214c2f5e87bad3c948f4d605d)
Start importing Assets/Studio33 Interactive_[BasketBall] v1.1/Animations/Basketball Motions_Generic/1089_ScreefalingFrontA.fbx using Guid(c59de15fbef8ffa4782377dddc2e28b2) Importer(2089858483,b0f066a214c2f5e87bad3c948f4d605d) (ScriptedImporter) -> (artifact id: 'cfff609f6450e0a6f8381e401e9f10cf') in 0.0257012 seconds
Number of updated asset objects reloaded before import = 0Number of asset objects unloaded after import = 153

========================================================================
Received Import Request.
  Time since last request: 0.000070 seconds.
  path: Assets/Studio33 Interactive_[BasketBall] v1.1/Animations/Basketball Motions_Generic/2065_DunkRA.fbx
  artifactKey: Guid(1f73624e8d6b0fd4892be92e430f2274) Importer(2089858483,b0f066a214c2f5e87bad3c948f4d605d)
Start importing Assets/Studio33 Interactive_[BasketBall] v1.1/Animations/Basketball Motions_Generic/2065_DunkRA.fbx using Guid(1f73624e8d6b0fd4892be92e430f2274) Importer(2089858483,b0f066a214c2f5e87bad3c948f4d605d) (ScriptedImporter) -> (artifact id: '8940d573146ee743b7494e3b5480965a') in 0.0276812 seconds
Number of updated asset objects reloaded before import = 0Number of asset objects unloaded after import = 153

========================================================================
Received Import Request.
  Time since last request: 0.000059 seconds.
  path: Assets/Studio33 Interactive_[BasketBall] v1.1/Animations/Basketball Motions Humanoid/2113_RstajumpshotMA.fbx
  artifactKey: Guid(a376f798294275a478402b739c6288d4) Importer(2089858483,b0f066a214c2f5e87bad3c948f4d605d)
Start importing Assets/Studio33 Interactive_[BasketBall] v1.1/Animations/Basketball Motions Humanoid/2113_RstajumpshotMA.fbx using Guid(a376f798294275a478402b739c6288d4) Importer(2089858483,b0f066a214c2f5e87bad3c948f4d605d) (ScriptedImporter) -> (artifact id: '1b81dee58e8ac754da9a5c497722ce3c') in 0.0322779 seconds
Number of updated asset objects reloaded before import = 0Number of asset objects unloaded after import = 155

========================================================================
Received Import Request.
  Time since last request: 0.000035 seconds.
  path: Assets/Studio33 Interactive_[BasketBall] v1.1/Animations/Basketball Motions Humanoid/597_ShadowstealfailA.fbx
  artifactKey: Guid(27821a54dd31e12409c9e46dd76c2c9a) Importer(2089858483,b0f066a214c2f5e87bad3c948f4d605d)
Start importing Assets/Studio33 Interactive_[BasketBall] v1.1/Animations/Basketball Motions Humanoid/597_ShadowstealfailA.fbx using Guid(27821a54dd31e12409c9e46dd76c2c9a) Importer(2089858483,b0f066a214c2f5e87bad3c948f4d605d) (ScriptedImporter) -> (artifact id: 'b9a7c596918856a3fce01e6bba9a5f70') in 0.0291137 seconds
Number of updated asset objects reloaded before import = 0Number of asset objects unloaded after import = 155

========================================================================
Received Import Request.
  Time since last request: 0.000056 seconds.
  path: Assets/Studio33 Interactive_[BasketBall] v1.1/Animations/Basketball Motions_Generic/677_StartDashC.fbx
  artifactKey: Guid(bbe5a1e0b5ef57f40bef92cbbab174e0) Importer(2089858483,b0f066a214c2f5e87bad3c948f4d605d)
Start importing Assets/Studio33 Interactive_[BasketBall] v1.1/Animations/Basketball Motions_Generic/677_StartDashC.fbx using Guid(bbe5a1e0b5ef57f40bef92cbbab174e0) Importer(2089858483,b0f066a214c2f5e87bad3c948f4d605d) (ScriptedImporter) -> (artifact id: 'c5bfa7ba7212a4882a4eda27cad2f3f6') in 0.0282472 seconds
Number of updated asset objects reloaded before import = 0Number of asset objects unloaded after import = 153

========================================================================
Received Import Request.
  Time since last request: 0.000043 seconds.
  path: Assets/Studio33 Interactive_[BasketBall] v1.1/Animations/Basketball Motions Humanoid/1646_AlleyoopDclutchFRightA.fbx
  artifactKey: Guid(3016e40d41d00ce4ab11972494f4b58f) Importer(2089858483,b0f066a214c2f5e87bad3c948f4d605d)
Start importing Assets/Studio33 Interactive_[BasketBall] v1.1/Animations/Basketball Motions Humanoid/1646_AlleyoopDclutchFRightA.fbx using Guid(3016e40d41d00ce4ab11972494f4b58f) Importer(2089858483,b0f066a214c2f5e87bad3c948f4d605d) (ScriptedImporter) -> (artifact id: 'f5cc2a62c1496e1f42b37b205592e105') in 0.0291824 seconds
Number of updated asset objects reloaded before import = 0Number of asset objects unloaded after import = 155

========================================================================
Received Import Request.
  Time since last request: 0.000053 seconds.
  path: Assets/Studio33 Interactive_[BasketBall] v1.1/Animations/Basketball Motions Humanoid/1749_LayupCA.fbx
  artifactKey: Guid(b4d82538d278f164e8fd717e0eaf881c) Importer(2089858483,b0f066a214c2f5e87bad3c948f4d605d)
Start importing Assets/Studio33 Interactive_[BasketBall] v1.1/Animations/Basketball Motions Humanoid/1749_LayupCA.fbx using Guid(b4d82538d278f164e8fd717e0eaf881c) Importer(2089858483,b0f066a214c2f5e87bad3c948f4d605d) (ScriptedImporter) -> (artifact id: 'c2d66491f2726b713ae713313538446a') in 0.0302614 seconds
Number of updated asset objects reloaded before import = 0Number of asset objects unloaded after import = 155

========================================================================
Received Import Request.
  Time since last request: 0.000049 seconds.
  path: Assets/Studio33 Interactive_[BasketBall] v1.1/Animations/Basketball Motions Humanoid/854_PostBackingpassKilA.fbx
  artifactKey: Guid(c5826bd01d94d7646af0b5d6203b9c89) Importer(2089858483,b0f066a214c2f5e87bad3c948f4d605d)
Start importing Assets/Studio33 Interactive_[BasketBall] v1.1/Animations/Basketball Motions Humanoid/854_PostBackingpassKilA.fbx using Guid(c5826bd01d94d7646af0b5d6203b9c89) Importer(2089858483,b0f066a214c2f5e87bad3c948f4d605d) (ScriptedImporter) -> (artifact id: 'c0f78d204265a37c0bba03fa0ca50dbe') in 0.0291278 seconds
Number of updated asset objects reloaded before import = 0Number of asset objects unloaded after import = 155

========================================================================
Received Import Request.
  Time since last request: 0.000035 seconds.
  path: Assets/Studio33 Interactive_[BasketBall] v1.1/Animations/Basketball Motions Humanoid/864_PassibadOverA.fbx
  artifactKey: Guid(b2284b5c83e8f8e40b715e4224faa746) Importer(2089858483,b0f066a214c2f5e87bad3c948f4d605d)
Start importing Assets/Studio33 Interactive_[BasketBall] v1.1/Animations/Basketball Motions Humanoid/864_PassibadOverA.fbx using Guid(b2284b5c83e8f8e40b715e4224faa746) Importer(2089858483,b0f066a214c2f5e87bad3c948f4d605d) (ScriptedImporter) -> (artifact id: 'b71c9550498edbc9188513a2fc724c75') in 0.025808 seconds
Number of updated asset objects reloaded before import = 0Number of asset objects unloaded after import = 155

========================================================================
Received Import Request.
  Time since last request: 0.000043 seconds.
  path: Assets/Studio33 Interactive_[BasketBall] v1.1/Animations/Basketball Motions_Generic/694_CrossPassOverFA.fbx
  artifactKey: Guid(0b9452da68e74c9419f5f3286c41567c) Importer(2089858483,b0f066a214c2f5e87bad3c948f4d605d)
Start importing Assets/Studio33 Interactive_[BasketBall] v1.1/Animations/Basketball Motions_Generic/694_CrossPassOverFA.fbx using Guid(0b9452da68e74c9419f5f3286c41567c) Importer(2089858483,b0f066a214c2f5e87bad3c948f4d605d) (ScriptedImporter) -> (artifact id: 'babfec79770dca25f713fe1408894d9d') in 0.0277039 seconds
Number of updated asset objects reloaded before import = 0Number of asset objects unloaded after import = 153

========================================================================
Received Import Request.
  Time since last request: 0.000058 seconds.
  path: Assets/Studio33 Interactive_[BasketBall] v1.1/Animations/Basketball Motions Humanoid/1697_LayupRA.fbx
  artifactKey: Guid(cb2324f0086c74244bf5deb99679fc4c) Importer(2089858483,b0f066a214c2f5e87bad3c948f4d605d)
Start importing Assets/Studio33 Interactive_[BasketBall] v1.1/Animations/Basketball Motions Humanoid/1697_LayupRA.fbx using Guid(cb2324f0086c74244bf5deb99679fc4c) Importer(2089858483,b0f066a214c2f5e87bad3c948f4d605d) (ScriptedImporter) -> (artifact id: '0e955bbd1c18ad62b5ec810faf9cb8d8') in 0.0316425 seconds
Number of updated asset objects reloaded before import = 0Number of asset objects unloaded after import = 155

========================================================================
Received Import Request.
  Time since last request: 0.000043 seconds.
  path: Assets/Studio33 Interactive_[BasketBall] v1.1/Animations/Basketball Motions Humanoid/1528_DunkCRevA.fbx
  artifactKey: Guid(c240adee6c2ae23469d5d6ba58bf0c4a) Importer(2089858483,b0f066a214c2f5e87bad3c948f4d605d)
Start importing Assets/Studio33 Interactive_[BasketBall] v1.1/Animations/Basketball Motions Humanoid/1528_DunkCRevA.fbx using Guid(c240adee6c2ae23469d5d6ba58bf0c4a) Importer(2089858483,b0f066a214c2f5e87bad3c948f4d605d) (ScriptedImporter) -> (artifact id: 'e9185b54cb37e8fc8e033ab901bb05b2') in 0.0368862 seconds
Number of updated asset objects reloaded before import = 0Number of asset objects unloaded after import = 155

========================================================================
Received Import Request.
  Time since last request: 0.000054 seconds.
  path: Assets/Studio33 Interactive_[BasketBall] v1.1/Animations/Basketball Motions_Generic/1696_LayupRA.fbx
  artifactKey: Guid(92a21c692042b7f4697f0ed08fc377f9) Importer(2089858483,b0f066a214c2f5e87bad3c948f4d605d)
Start importing Assets/Studio33 Interactive_[BasketBall] v1.1/Animations/Basketball Motions_Generic/1696_LayupRA.fbx using Guid(92a21c692042b7f4697f0ed08fc377f9) Importer(2089858483,b0f066a214c2f5e87bad3c948f4d605d) (ScriptedImporter) -> (artifact id: 'df2ef653dac0152c8950347098ddb4a1') in 0.0265951 seconds
Number of updated asset objects reloaded before import = 0Number of asset objects unloaded after import = 153

========================================================================
Received Import Request.
  Time since last request: 0.000041 seconds.
  path: Assets/Studio33 Interactive_[BasketBall] v1.1/Animations/Basketball Motions Humanoid/1772_DunkCA.fbx
  artifactKey: Guid(7436ab89760fbda499fd9bb6a3c4d5c0) Importer(2089858483,b0f066a214c2f5e87bad3c948f4d605d)
Start importing Assets/Studio33 Interactive_[BasketBall] v1.1/Animations/Basketball Motions Humanoid/1772_DunkCA.fbx using Guid(7436ab89760fbda499fd9bb6a3c4d5c0) Importer(2089858483,b0f066a214c2f5e87bad3c948f4d605d) (ScriptedImporter) -> (artifact id: '7bb29772f8ec4e406a789ceb63a98d5c') in 0.0282976 seconds
Number of updated asset objects reloaded before import = 0Number of asset objects unloaded after import = 155

========================================================================
Received Import Request.
  Time since last request: 0.000051 seconds.
  path: Assets/Studio33 Interactive_[BasketBall] v1.1/Animations/Basketball Motions_Generic/1632_JumpshotReadyFake.fbx
  artifactKey: Guid(d757c99e5b086f142a4380ef18be1016) Importer(2089858483,b0f066a214c2f5e87bad3c948f4d605d)
Start importing Assets/Studio33 Interactive_[BasketBall] v1.1/Animations/Basketball Motions_Generic/1632_JumpshotReadyFake.fbx using Guid(d757c99e5b086f142a4380ef18be1016) Importer(2089858483,b0f066a214c2f5e87bad3c948f4d605d) (ScriptedImporter) -> (artifact id: 'd5deae51eac859fdbed3e319f64c94f4') in 0.0242222 seconds
Number of updated asset objects reloaded before import = 0Number of asset objects unloaded after import = 153

========================================================================
Received Import Request.
  Time since last request: 0.000052 seconds.
  path: Assets/Studio33 Interactive_[BasketBall] v1.1/Animations/Basketball Motions_Generic/153_TravRA.fbx
  artifactKey: Guid(2bcc8a7d4709bcf47a06206cbf92fc0a) Importer(2089858483,b0f066a214c2f5e87bad3c948f4d605d)
Start importing Assets/Studio33 Interactive_[BasketBall] v1.1/Animations/Basketball Motions_Generic/153_TravRA.fbx using Guid(2bcc8a7d4709bcf47a06206cbf92fc0a) Importer(2089858483,b0f066a214c2f5e87bad3c948f4d605d) (ScriptedImporter) -> (artifact id: '7229039facea03a3e39a39c77a3d31e6') in 0.0265344 seconds
Number of updated asset objects reloaded before import = 0Number of asset objects unloaded after import = 153

========================================================================
Received Import Request.
  Time since last request: 0.000031 seconds.
  path: Assets/Studio33 Interactive_[BasketBall] v1.1/Animations/Basketball Motions_Generic/1068_SceneEntAway.fbx
  artifactKey: Guid(91d398867b6f2a04b94ecb149fe6b795) Importer(2089858483,b0f066a214c2f5e87bad3c948f4d605d)
Start importing Assets/Studio33 Interactive_[BasketBall] v1.1/Animations/Basketball Motions_Generic/1068_SceneEntAway.fbx using Guid(91d398867b6f2a04b94ecb149fe6b795) Importer(2089858483,b0f066a214c2f5e87bad3c948f4d605d) (ScriptedImporter) -> (artifact id: '48e2a6ff5a97bac4cec1c6f3f2253a3c') in 0.0267568 seconds
Number of updated asset objects reloaded before import = 0Number of asset objects unloaded after import = 153

========================================================================
Received Import Request.
  Time since last request: 0.000042 seconds.
  path: Assets/Studio33 Interactive_[BasketBall] v1.1/Animations/Basketball Motions Humanoid/1663_LayupRevCA.fbx
  artifactKey: Guid(b85970bd23128834887fbae6c40b3412) Importer(2089858483,b0f066a214c2f5e87bad3c948f4d605d)
Start importing Assets/Studio33 Interactive_[BasketBall] v1.1/Animations/Basketball Motions Humanoid/1663_LayupRevCA.fbx using Guid(b85970bd23128834887fbae6c40b3412) Importer(2089858483,b0f066a214c2f5e87bad3c948f4d605d) (ScriptedImporter) -> (artifact id: '511861aa867586be7261a552f3e8344b') in 0.0268293 seconds
Number of updated asset objects reloaded before import = 0Number of asset objects unloaded after import = 155

========================================================================
Received Import Request.
  Time since last request: 0.000039 seconds.
  path: Assets/Studio33 Interactive_[BasketBall] v1.1/Animations/Basketball Motions Humanoid/562_QuickpointMFakeA.fbx
  artifactKey: Guid(a4e12c3c70a015847a48235b05d3bfd8) Importer(2089858483,b0f066a214c2f5e87bad3c948f4d605d)
Start importing Assets/Studio33 Interactive_[BasketBall] v1.1/Animations/Basketball Motions Humanoid/562_QuickpointMFakeA.fbx using Guid(a4e12c3c70a015847a48235b05d3bfd8) Importer(2089858483,b0f066a214c2f5e87bad3c948f4d605d) (ScriptedImporter) -> (artifact id: '6245b51449c1cc5c19fba8a1112a553b') in 0.0289595 seconds
Number of updated asset objects reloaded before import = 0Number of asset objects unloaded after import = 155

========================================================================
Received Import Request.
  Time since last request: 0.000041 seconds.
  path: Assets/Studio33 Interactive_[BasketBall] v1.1/Animations/Basketball Motions_Generic/567_KisstherimCA.fbx
  artifactKey: Guid(97d3dd0238383ad44a14844d37fc3d19) Importer(2089858483,b0f066a214c2f5e87bad3c948f4d605d)
Start importing Assets/Studio33 Interactive_[BasketBall] v1.1/Animations/Basketball Motions_Generic/567_KisstherimCA.fbx using Guid(97d3dd0238383ad44a14844d37fc3d19) Importer(2089858483,b0f066a214c2f5e87bad3c948f4d605d) (ScriptedImporter) -> (artifact id: '827dd108fee25d67a45962c5881eee88') in 0.0315592 seconds
Number of updated asset objects reloaded before import = 0Number of asset objects unloaded after import = 153

========================================================================
Received Import Request.
  Time since last request: 0.000031 seconds.
  path: Assets/Studio33 Interactive_[BasketBall] v1.1/Animations/Basketball Motions_Generic/1617_JumpshotMFakeA.fbx
  artifactKey: Guid(2d1aba920b8301e40ad3f124658d55a4) Importer(2089858483,b0f066a214c2f5e87bad3c948f4d605d)
Start importing Assets/Studio33 Interactive_[BasketBall] v1.1/Animations/Basketball Motions_Generic/1617_JumpshotMFakeA.fbx using Guid(2d1aba920b8301e40ad3f124658d55a4) Importer(2089858483,b0f066a214c2f5e87bad3c948f4d605d) (ScriptedImporter) -> (artifact id: 'eec90f4c0c7aafe88948deea38a11a44') in 0.034889 seconds
Number of updated asset objects reloaded before import = 0Number of asset objects unloaded after import = 153

========================================================================
Received Import Request.
  Time since last request: 0.000050 seconds.
  path: Assets/Studio33 Interactive_[BasketBall] v1.1/Animations/Basketball Motions Humanoid/913_QpostNormalThRightRA.fbx
  artifactKey: Guid(259ed94d74cd3274b9bed5f4c8d5a2e4) Importer(2089858483,b0f066a214c2f5e87bad3c948f4d605d)
Start importing Assets/Studio33 Interactive_[BasketBall] v1.1/Animations/Basketball Motions Humanoid/913_QpostNormalThRightRA.fbx using Guid(259ed94d74cd3274b9bed5f4c8d5a2e4) Importer(2089858483,b0f066a214c2f5e87bad3c948f4d605d) (ScriptedImporter) -> (artifact id: 'd98c3b1eda97511188e89219ec9bf1e9') in 0.0320295 seconds
Number of updated asset objects reloaded before import = 0Number of asset objects unloaded after import = 155

========================================================================
Received Import Request.
  Time since last request: 0.000084 seconds.
  path: Assets/Studio33 Interactive_[BasketBall] v1.1/Animations/Basketball Motions_Generic/429_MarkQuistepF.fbx
  artifactKey: Guid(0346d00a41113ad478c4ee1438a04f38) Importer(2089858483,b0f066a214c2f5e87bad3c948f4d605d)
Start importing Assets/Studio33 Interactive_[BasketBall] v1.1/Animations/Basketball Motions_Generic/429_MarkQuistepF.fbx using Guid(0346d00a41113ad478c4ee1438a04f38) Importer(2089858483,b0f066a214c2f5e87bad3c948f4d605d) (ScriptedImporter) -> (artifact id: 'b0570e5ae2735fb982207de7faf6b4b8') in 0.0288032 seconds
Number of updated asset objects reloaded before import = 0Number of asset objects unloaded after import = 153

========================================================================
Received Import Request.
  Time since last request: 0.000048 seconds.
  path: Assets/Studio33 Interactive_[BasketBall] v1.1/Animations/Basketball Motions_Generic/68_Shadowblolong.fbx
  artifactKey: Guid(55262e3c3bf4be64397ceb29a10059ee) Importer(2089858483,b0f066a214c2f5e87bad3c948f4d605d)
Start importing Assets/Studio33 Interactive_[BasketBall] v1.1/Animations/Basketball Motions_Generic/68_Shadowblolong.fbx using Guid(55262e3c3bf4be64397ceb29a10059ee) Importer(2089858483,b0f066a214c2f5e87bad3c948f4d605d) (ScriptedImporter) -> (artifact id: '60ff6ef70e575348de60c9c3575f6d44') in 0.0298614 seconds
Number of updated asset objects reloaded before import = 0Number of asset objects unloaded after import = 153

========================================================================
Received Import Request.
  Time since last request: 0.000046 seconds.
  path: Assets/Studio33 Interactive_[BasketBall] v1.1/Animations/Basketball Motions_Generic/394_WindupRRRMMA.fbx
  artifactKey: Guid(b10bbb693f3ea3c499bfd510dcabab4e) Importer(2089858483,b0f066a214c2f5e87bad3c948f4d605d)
Start importing Assets/Studio33 Interactive_[BasketBall] v1.1/Animations/Basketball Motions_Generic/394_WindupRRRMMA.fbx using Guid(b10bbb693f3ea3c499bfd510dcabab4e) Importer(2089858483,b0f066a214c2f5e87bad3c948f4d605d) (ScriptedImporter) -> (artifact id: '710ff7561170e327e4ecf3ba4320df69') in 0.027414 seconds
Number of updated asset objects reloaded before import = 0Number of asset objects unloaded after import = 153

========================================================================
Received Import Request.
  Time since last request: 0.000038 seconds.
  path: Assets/Studio33 Interactive_[BasketBall] v1.1/Animations/Basketball Motions Humanoid/1897_BjDunkMeteorCA.fbx
  artifactKey: Guid(f06745ecaa3e6e84ab8d81ad495ddcac) Importer(2089858483,b0f066a214c2f5e87bad3c948f4d605d)
Start importing Assets/Studio33 Interactive_[BasketBall] v1.1/Animations/Basketball Motions Humanoid/1897_BjDunkMeteorCA.fbx using Guid(f06745ecaa3e6e84ab8d81ad495ddcac) Importer(2089858483,b0f066a214c2f5e87bad3c948f4d605d) (ScriptedImporter) -> (artifact id: '38302119f504ca42eaf8f5a570f699a0') in 0.0287507 seconds
Number of updated asset objects reloaded before import = 0Number of asset objects unloaded after import = 155

========================================================================
Received Import Request.
  Time since last request: 0.000055 seconds.
  path: Assets/Studio33 Interactive_[BasketBall] v1.1/Animations/Basketball Motions Humanoid/1323_FadeawayFakeLA.fbx
  artifactKey: Guid(2e0c681922a471f4cb83e3b1785d0fce) Importer(2089858483,b0f066a214c2f5e87bad3c948f4d605d)
Start importing Assets/Studio33 Interactive_[BasketBall] v1.1/Animations/Basketball Motions Humanoid/1323_FadeawayFakeLA.fbx using Guid(2e0c681922a471f4cb83e3b1785d0fce) Importer(2089858483,b0f066a214c2f5e87bad3c948f4d605d) (ScriptedImporter) -> (artifact id: '2b4ead6ea0fca777409ae1ec91651a59') in 0.0294812 seconds
Number of updated asset objects reloaded before import = 0Number of asset objects unloaded after import = 155

========================================================================
Received Import Request.
  Time since last request: 0.000035 seconds.
  path: Assets/Studio33 Interactive_[BasketBall] v1.1/Animations/Basketball Motions_Generic/1955_DunkRA.fbx
  artifactKey: Guid(48d72448100c4fd4a86c6de27c4a783b) Importer(2089858483,b0f066a214c2f5e87bad3c948f4d605d)
Start importing Assets/Studio33 Interactive_[BasketBall] v1.1/Animations/Basketball Motions_Generic/1955_DunkRA.fbx using Guid(48d72448100c4fd4a86c6de27c4a783b) Importer(2089858483,b0f066a214c2f5e87bad3c948f4d605d) (ScriptedImporter) -> (artifact id: '68c2bc7c000be37b556829f933d33201') in 0.0288213 seconds
Number of updated asset objects reloaded before import = 0Number of asset objects unloaded after import = 153

========================================================================
Received Import Request.
  Time since last request: 0.000034 seconds.
  path: Assets/Studio33 Interactive_[BasketBall] v1.1/Animations/Basketball Motions_Generic/2123_DunkCA.fbx
  artifactKey: Guid(aac0c1a7eb4788047a1d130d684ffa4b) Importer(2089858483,b0f066a214c2f5e87bad3c948f4d605d)
Start importing Assets/Studio33 Interactive_[BasketBall] v1.1/Animations/Basketball Motions_Generic/2123_DunkCA.fbx using Guid(aac0c1a7eb4788047a1d130d684ffa4b) Importer(2089858483,b0f066a214c2f5e87bad3c948f4d605d) (ScriptedImporter) -> (artifact id: '5902f187bb651d7cd9b92579544f2205') in 0.0298538 seconds
Number of updated asset objects reloaded before import = 0Number of asset objects unloaded after import = 153

========================================================================
Received Import Request.
  Time since last request: 0.000040 seconds.
  path: Assets/Studio33 Interactive_[BasketBall] v1.1/Animations/Basketball Motions_Generic/1097_ScreequickescapeFrontA.fbx
  artifactKey: Guid(ef791629b60463741bd8435fb0b9d7c6) Importer(2089858483,b0f066a214c2f5e87bad3c948f4d605d)
Start importing Assets/Studio33 Interactive_[BasketBall] v1.1/Animations/Basketball Motions_Generic/1097_ScreequickescapeFrontA.fbx using Guid(ef791629b60463741bd8435fb0b9d7c6) Importer(2089858483,b0f066a214c2f5e87bad3c948f4d605d) (ScriptedImporter) -> (artifact id: '5e4dd3d0588f65bfcbc67837c97b641a') in 0.0244232 seconds
Number of updated asset objects reloaded before import = 0Number of asset objects unloaded after import = 153

========================================================================
Received Import Request.
  Time since last request: 0.000056 seconds.
  path: Assets/Studio33 Interactive_[BasketBall] v1.1/Animations/Basketball Motions Humanoid/946_Rebound C.fbx
  artifactKey: Guid(f74af92a926f4f54bbbab4799101f1b1) Importer(2089858483,b0f066a214c2f5e87bad3c948f4d605d)
Start importing Assets/Studio33 Interactive_[BasketBall] v1.1/Animations/Basketball Motions Humanoid/946_Rebound C.fbx using Guid(f74af92a926f4f54bbbab4799101f1b1) Importer(2089858483,b0f066a214c2f5e87bad3c948f4d605d) (ScriptedImporter) -> (artifact id: '3bea0df435bedc08d7196c72b3924e1f') in 0.0301439 seconds
Number of updated asset objects reloaded before import = 0Number of asset objects unloaded after import = 155

========================================================================
Received Import Request.
  Time since last request: 0.000034 seconds.
  path: Assets/Studio33 Interactive_[BasketBall] v1.1/Animations/Basketball Motions_Generic/697_NpassA.fbx
  artifactKey: Guid(8ce7990e95f37194887b86983366ac10) Importer(2089858483,b0f066a214c2f5e87bad3c948f4d605d)
Start importing Assets/Studio33 Interactive_[BasketBall] v1.1/Animations/Basketball Motions_Generic/697_NpassA.fbx using Guid(8ce7990e95f37194887b86983366ac10) Importer(2089858483,b0f066a214c2f5e87bad3c948f4d605d) (ScriptedImporter) -> (artifact id: '581b1bed8b2b324cd601033e60f99f1a') in 0.0317852 seconds
Number of updated asset objects reloaded before import = 0Number of asset objects unloaded after import = 153

========================================================================
Received Import Request.
  Time since last request: 0.000047 seconds.
  path: Assets/Studio33 Interactive_[BasketBall] v1.1/Animations/Basketball Motions_Generic/1595_DunkClutchFRightB.fbx
  artifactKey: Guid(069b305008b5fd04cb0e913ee38d7396) Importer(2089858483,b0f066a214c2f5e87bad3c948f4d605d)
Start importing Assets/Studio33 Interactive_[BasketBall] v1.1/Animations/Basketball Motions_Generic/1595_DunkClutchFRightB.fbx using Guid(069b305008b5fd04cb0e913ee38d7396) Importer(2089858483,b0f066a214c2f5e87bad3c948f4d605d) (ScriptedImporter) -> (artifact id: '777c375f11cb158db65d79c603fa5783') in 0.0294564 seconds
Number of updated asset objects reloaded before import = 0Number of asset objects unloaded after import = 153

========================================================================
Received Import Request.
  Time since last request: 0.000061 seconds.
  path: Assets/Studio33 Interactive_[BasketBall] v1.1/Animations/Basketball Motions Humanoid/1531_FadeawayFakeLA.fbx
  artifactKey: Guid(7b16988737fdf7044935f9735962d026) Importer(2089858483,b0f066a214c2f5e87bad3c948f4d605d)
Start importing Assets/Studio33 Interactive_[BasketBall] v1.1/Animations/Basketball Motions Humanoid/1531_FadeawayFakeLA.fbx using Guid(7b16988737fdf7044935f9735962d026) Importer(2089858483,b0f066a214c2f5e87bad3c948f4d605d) (ScriptedImporter) -> (artifact id: '6f19dc9a8402f37d8a7b6b97b3a29b2c') in 0.0303445 seconds
Number of updated asset objects reloaded before import = 0Number of asset objects unloaded after import = 155

========================================================================
Received Import Request.
  Time since last request: 0.000053 seconds.
  path: Assets/Studio33 Interactive_[BasketBall] v1.1/Animator/Dunk.controller
  artifactKey: Guid(597b4afede054b8409edc47fc754b51c) Importer(2089858483,b0f066a214c2f5e87bad3c948f4d605d)
Start importing Assets/Studio33 Interactive_[BasketBall] v1.1/Animator/Dunk.controller using Guid(597b4afede054b8409edc47fc754b51c) Importer(2089858483,b0f066a214c2f5e87bad3c948f4d605d) (ScriptedImporter) -> (artifact id: '20e44852c2115145f0ba451938f6d570') in 1.0062601 seconds
Number of updated asset objects reloaded before import = 0Number of asset objects unloaded after import = 1396

========================================================================
Received Import Request.
  Time since last request: 0.000061 seconds.
  path: Assets/Studio33 Interactive_[BasketBall] v1.1/Animations/Basketball Motions_Generic/1951_DunkCA.fbx
  artifactKey: Guid(b9830f517969039438c880adf7025595) Importer(2089858483,b0f066a214c2f5e87bad3c948f4d605d)
Start importing Assets/Studio33 Interactive_[BasketBall] v1.1/Animations/Basketball Motions_Generic/1951_DunkCA.fbx using Guid(b9830f517969039438c880adf7025595) Importer(2089858483,b0f066a214c2f5e87bad3c948f4d605d) (ScriptedImporter) -> (artifact id: 'f3660f855dba1293f898bc38ec92f3e4') in 0.0356853 seconds
Number of updated asset objects reloaded before import = 0Number of asset objects unloaded after import = 153

========================================================================
Received Import Request.
  Time since last request: 0.000057 seconds.
  path: Assets/Studio33 Interactive_[BasketBall] v1.1/Animations/Basketball Motions Humanoid/354_CutirLA.fbx
  artifactKey: Guid(2ac3b7f22e5d56d4c8f07d7c2ef42d85) Importer(2089858483,b0f066a214c2f5e87bad3c948f4d605d)
Start importing Assets/Studio33 Interactive_[BasketBall] v1.1/Animations/Basketball Motions Humanoid/354_CutirLA.fbx using Guid(2ac3b7f22e5d56d4c8f07d7c2ef42d85) Importer(2089858483,b0f066a214c2f5e87bad3c948f4d605d) (ScriptedImporter) -> (artifact id: 'e91a348647f40ef272441d79802c67be') in 0.0312539 seconds
Number of updated asset objects reloaded before import = 0Number of asset objects unloaded after import = 155

========================================================================
Received Import Request.
  Time since last request: 0.000034 seconds.
  path: Assets/Studio33 Interactive_[BasketBall] v1.1/Animations/Basketball Motions_Generic/1692_LayupCA.fbx
  artifactKey: Guid(b89893b96bc55d1449ec962e841b1505) Importer(2089858483,b0f066a214c2f5e87bad3c948f4d605d)
Start importing Assets/Studio33 Interactive_[BasketBall] v1.1/Animations/Basketball Motions_Generic/1692_LayupCA.fbx using Guid(b89893b96bc55d1449ec962e841b1505) Importer(2089858483,b0f066a214c2f5e87bad3c948f4d605d) (ScriptedImporter) -> (artifact id: 'deda7bda18f4935c16fc22070970da89') in 0.0279427 seconds
Number of updated asset objects reloaded before import = 0Number of asset objects unloaded after import = 153

========================================================================
Received Import Request.
  Time since last request: 0.000043 seconds.
  path: Assets/Studio33 Interactive_[BasketBall] v1.1/Animations/Basketball Motions Humanoid/965_Rebound rB.fbx
  artifactKey: Guid(851e4e75dc1be6c4280309567de489be) Importer(2089858483,b0f066a214c2f5e87bad3c948f4d605d)
Start importing Assets/Studio33 Interactive_[BasketBall] v1.1/Animations/Basketball Motions Humanoid/965_Rebound rB.fbx using Guid(851e4e75dc1be6c4280309567de489be) Importer(2089858483,b0f066a214c2f5e87bad3c948f4d605d) (ScriptedImporter) -> (artifact id: '183d65da054e4cfc5d205ec3a2391930') in 0.0275849 seconds
Number of updated asset objects reloaded before import = 0Number of asset objects unloaded after import = 155

========================================================================
Received Import Request.
  Time since last request: 0.000039 seconds.
  path: Assets/Studio33 Interactive_[BasketBall] v1.1/Animations/Basketball Motions Humanoid/75_BlockingckncatchShortJumpFA.fbx
  artifactKey: Guid(7d6909abc31f0394b81141ff03e863d5) Importer(2089858483,b0f066a214c2f5e87bad3c948f4d605d)
Start importing Assets/Studio33 Interactive_[BasketBall] v1.1/Animations/Basketball Motions Humanoid/75_BlockingckncatchShortJumpFA.fbx using Guid(7d6909abc31f0394b81141ff03e863d5) Importer(2089858483,b0f066a214c2f5e87bad3c948f4d605d) (ScriptedImporter) -> (artifact id: 'c836a4f9ae4d6f834d3241b830c0041a') in 0.1080709 seconds
Number of updated asset objects reloaded before import = 0Number of asset objects unloaded after import = 155

========================================================================
Received Import Request.
  Time since last request: 0.000042 seconds.
  path: Assets/Studio33 Interactive_[BasketBall] v1.1/Animations/Basketball Motions_Generic/1593_DunkClutchFLeftB.fbx
  artifactKey: Guid(657b217d8190c884b978fc7d1657b217) Importer(2089858483,b0f066a214c2f5e87bad3c948f4d605d)
Start importing Assets/Studio33 Interactive_[BasketBall] v1.1/Animations/Basketball Motions_Generic/1593_DunkClutchFLeftB.fbx using Guid(657b217d8190c884b978fc7d1657b217) Importer(2089858483,b0f066a214c2f5e87bad3c948f4d605d) (ScriptedImporter) -> (artifact id: '0101faf5264f94a618c4cab8ba86ff2d') in 0.0300223 seconds
Number of updated asset objects reloaded before import = 0Number of asset objects unloaded after import = 153

========================================================================
Received Import Request.
  Time since last request: 0.000046 seconds.
  path: Assets/Studio33 Interactive_[BasketBall] v1.1/Animations/Basketball Motions Humanoid/1062_RsceneEntAway.fbx
  artifactKey: Guid(083d311879864bf4798918f1a9d262fb) Importer(2089858483,b0f066a214c2f5e87bad3c948f4d605d)
Start importing Assets/Studio33 Interactive_[BasketBall] v1.1/Animations/Basketball Motions Humanoid/1062_RsceneEntAway.fbx using Guid(083d311879864bf4798918f1a9d262fb) Importer(2089858483,b0f066a214c2f5e87bad3c948f4d605d) (ScriptedImporter) -> (artifact id: '6b55cd521f44a9f2a0ae24c962f4233c') in 0.0317822 seconds
Number of updated asset objects reloaded before import = 0Number of asset objects unloaded after import = 155

========================================================================
Received Import Request.
  Time since last request: 0.000048 seconds.
  path: Assets/Studio33 Interactive_[BasketBall] v1.1/33_basket ball test animations/player/Back_number/Back_number_B/Back_number_B_c19.png
  artifactKey: Guid(c7d4955cde407244d9fcfec7019c5d1c) Importer(2089858483,b0f066a214c2f5e87bad3c948f4d605d)
Start importing Assets/Studio33 Interactive_[BasketBall] v1.1/33_basket ball test animations/player/Back_number/Back_number_B/Back_number_B_c19.png using Guid(c7d4955cde407244d9fcfec7019c5d1c) Importer(2089858483,b0f066a214c2f5e87bad3c948f4d605d) (ScriptedImporter) -> (artifact id: 'ee8d74d900ab3254979632ea2c5ead18') in 0.0186046 seconds
Number of updated asset objects reloaded before import = 0Number of asset objects unloaded after import = 1

========================================================================
Received Import Request.
  Time since last request: 0.000036 seconds.
  path: Assets/Studio33 Interactive_[BasketBall] v1.1/Animations/Basketball Motions Humanoid/925_PostBafrontLayupRA.fbx
  artifactKey: Guid(46817ea2561fa7b4dab4e66500f35a43) Importer(2089858483,b0f066a214c2f5e87bad3c948f4d605d)
Start importing Assets/Studio33 Interactive_[BasketBall] v1.1/Animations/Basketball Motions Humanoid/925_PostBafrontLayupRA.fbx using Guid(46817ea2561fa7b4dab4e66500f35a43) Importer(2089858483,b0f066a214c2f5e87bad3c948f4d605d) (ScriptedImporter) -> (artifact id: 'd578b8ca1f58c5c2520e591a836cb0ba') in 0.0307524 seconds
Number of updated asset objects reloaded before import = 0Number of asset objects unloaded after import = 155

========================================================================
Received Import Request.
  Time since last request: 0.000041 seconds.
  path: Assets/Studio33 Interactive_[BasketBall] v1.1/Animations/Basketball Motions_Generic/362_CrossEurostepLayupL.fbx
  artifactKey: Guid(5aabcbcdce5c21e43bc3dc76c9163da1) Importer(2089858483,b0f066a214c2f5e87bad3c948f4d605d)
Start importing Assets/Studio33 Interactive_[BasketBall] v1.1/Animations/Basketball Motions_Generic/362_CrossEurostepLayupL.fbx using Guid(5aabcbcdce5c21e43bc3dc76c9163da1) Importer(2089858483,b0f066a214c2f5e87bad3c948f4d605d) (ScriptedImporter) -> (artifact id: '256e49d55c0476419966ef15726f73b8') in 0.0323383 seconds
Number of updated asset objects reloaded before import = 0Number of asset objects unloaded after import = 153

========================================================================
Received Import Request.
  Time since last request: 0.000037 seconds.
  path: Assets/Studio33 Interactive_[BasketBall] v1.1/Animations/Basketball Motions_Generic/1077_ScreefrontA.fbx
  artifactKey: Guid(9200a3679b2238b4e964ca0d49e1c3cf) Importer(2089858483,b0f066a214c2f5e87bad3c948f4d605d)
Start importing Assets/Studio33 Interactive_[BasketBall] v1.1/Animations/Basketball Motions_Generic/1077_ScreefrontA.fbx using Guid(9200a3679b2238b4e964ca0d49e1c3cf) Importer(2089858483,b0f066a214c2f5e87bad3c948f4d605d) (ScriptedImporter) -> (artifact id: 'ec002c6b582a97b7bc891fb0ffe36173') in 0.0281596 seconds
Number of updated asset objects reloaded before import = 0Number of asset objects unloaded after import = 153

========================================================================
Received Import Request.
  Time since last request: 0.000041 seconds.
  path: Assets/Studio33 Interactive_[BasketBall] v1.1/Animations/Basketball Motions Humanoid/1888_DunkCA.fbx
  artifactKey: Guid(eb5018a84878ce74b953ed8490f605aa) Importer(2089858483,b0f066a214c2f5e87bad3c948f4d605d)
Start importing Assets/Studio33 Interactive_[BasketBall] v1.1/Animations/Basketball Motions Humanoid/1888_DunkCA.fbx using Guid(eb5018a84878ce74b953ed8490f605aa) Importer(2089858483,b0f066a214c2f5e87bad3c948f4d605d) (ScriptedImporter) -> (artifact id: 'b5ac9838ee612b3369a23db230380cb1') in 0.0284887 seconds
Number of updated asset objects reloaded before import = 0Number of asset objects unloaded after import = 155

========================================================================
Received Import Request.
  Time since last request: 0.000050 seconds.
  path: Assets/Studio33 Interactive_[BasketBall] v1.1/Animations/Basketball Motions_Generic/1238_LayupfakeFakeRA.fbx
  artifactKey: Guid(b501888ac14f62d48b382f2b6f150ff2) Importer(2089858483,b0f066a214c2f5e87bad3c948f4d605d)
Start importing Assets/Studio33 Interactive_[BasketBall] v1.1/Animations/Basketball Motions_Generic/1238_LayupfakeFakeRA.fbx using Guid(b501888ac14f62d48b382f2b6f150ff2) Importer(2089858483,b0f066a214c2f5e87bad3c948f4d605d) (ScriptedImporter) -> (artifact id: 'a40027be7ca37b1d4362d21f5f51cc36') in 0.0268809 seconds
Number of updated asset objects reloaded before import = 0Number of asset objects unloaded after import = 153

========================================================================
Received Import Request.
  Time since last request: 0.000163 seconds.
  path: Assets/Studio33 Interactive_[BasketBall] v1.1/Animations/Basketball Motions Humanoid/285_JabstepA.fbx
  artifactKey: Guid(a424c7a0b42a54344baffdd07ad32dda) Importer(2089858483,b0f066a214c2f5e87bad3c948f4d605d)
Start importing Assets/Studio33 Interactive_[BasketBall] v1.1/Animations/Basketball Motions Humanoid/285_JabstepA.fbx using Guid(a424c7a0b42a54344baffdd07ad32dda) Importer(2089858483,b0f066a214c2f5e87bad3c948f4d605d) (ScriptedImporter) -> (artifact id: '43b7640a6d413515fbc879e257764aec') in 0.0316233 seconds
Number of updated asset objects reloaded before import = 0Number of asset objects unloaded after import = 155

========================================================================
Received Import Request.
  Time since last request: 0.000028 seconds.
  path: Assets/Studio33 Interactive_[BasketBall] v1.1/Animations/Basketball Motions_Generic/932_PostTurfadeawayRA.fbx
  artifactKey: Guid(7d62407fe93bfed478dd87932755945e) Importer(2089858483,b0f066a214c2f5e87bad3c948f4d605d)
Start importing Assets/Studio33 Interactive_[BasketBall] v1.1/Animations/Basketball Motions_Generic/932_PostTurfadeawayRA.fbx using Guid(7d62407fe93bfed478dd87932755945e) Importer(2089858483,b0f066a214c2f5e87bad3c948f4d605d) (ScriptedImporter) -> (artifact id: 'd4f65c946955b558c4fbf5987ddc70fa') in 0.0267442 seconds
Number of updated asset objects reloaded before import = 0Number of asset objects unloaded after import = 153

========================================================================
Received Import Request.
  Time since last request: 0.000030 seconds.
  path: Assets/Studio33 Interactive_[BasketBall] v1.1/Animations/Basketball Motions Humanoid/2125_DclutchDunkRA.fbx
  artifactKey: Guid(f0ad78d0b6d64dc46a3a17c148214dde) Importer(2089858483,b0f066a214c2f5e87bad3c948f4d605d)
Start importing Assets/Studio33 Interactive_[BasketBall] v1.1/Animations/Basketball Motions Humanoid/2125_DclutchDunkRA.fbx using Guid(f0ad78d0b6d64dc46a3a17c148214dde) Importer(2089858483,b0f066a214c2f5e87bad3c948f4d605d) (ScriptedImporter) -> (artifact id: '0064f0ebb3e8ad702b491ce8e944e370') in 0.0284051 seconds
Number of updated asset objects reloaded before import = 0Number of asset objects unloaded after import = 155

========================================================================
Received Import Request.
  Time since last request: 0.000046 seconds.
  path: Assets/Studio33 Interactive_[BasketBall] v1.1/Animations/Basketball Motions_Generic/2100_MoveShoulderCA.fbx
  artifactKey: Guid(57c50c016aa12464c979e1eadd48663a) Importer(2089858483,b0f066a214c2f5e87bad3c948f4d605d)
Start importing Assets/Studio33 Interactive_[BasketBall] v1.1/Animations/Basketball Motions_Generic/2100_MoveShoulderCA.fbx using Guid(57c50c016aa12464c979e1eadd48663a) Importer(2089858483,b0f066a214c2f5e87bad3c948f4d605d) (ScriptedImporter) -> (artifact id: '784cf7c9d1b6d3f711e4b3db39d894dd') in 0.0291868 seconds
Number of updated asset objects reloaded before import = 0Number of asset objects unloaded after import = 153

========================================================================
Received Import Request.
  Time since last request: 0.000051 seconds.
  path: Assets/Studio33 Interactive_[BasketBall] v1.1/Animations/Basketball Motions_Generic/1793_DunkCA.fbx
  artifactKey: Guid(a023e3b1437ce9844b4cbed1b847ed32) Importer(2089858483,b0f066a214c2f5e87bad3c948f4d605d)
Start importing Assets/Studio33 Interactive_[BasketBall] v1.1/Animations/Basketball Motions_Generic/1793_DunkCA.fbx using Guid(a023e3b1437ce9844b4cbed1b847ed32) Importer(2089858483,b0f066a214c2f5e87bad3c948f4d605d) (ScriptedImporter) -> (artifact id: '0011e32ac417e5eacc2ad2df76c2498b') in 0.0303067 seconds
Number of updated asset objects reloaded before import = 0Number of asset objects unloaded after import = 153

========================================================================
Received Import Request.
  Time since last request: 0.000032 seconds.
  path: Assets/Studio33 Interactive_[BasketBall] v1.1/Animations/Basketball Motions_Generic/2029_JumpshotMFakeA.fbx
  artifactKey: Guid(0b3b04388cef9274790325868e28d21e) Importer(2089858483,b0f066a214c2f5e87bad3c948f4d605d)
Start importing Assets/Studio33 Interactive_[BasketBall] v1.1/Animations/Basketball Motions_Generic/2029_JumpshotMFakeA.fbx using Guid(0b3b04388cef9274790325868e28d21e) Importer(2089858483,b0f066a214c2f5e87bad3c948f4d605d) (ScriptedImporter) -> (artifact id: '3aba1b3f25116fc835c9c8304ac50bbf') in 0.0288558 seconds
Number of updated asset objects reloaded before import = 0Number of asset objects unloaded after import = 153

========================================================================
Received Import Request.
  Time since last request: 0.000038 seconds.
  path: Assets/Studio33 Interactive_[BasketBall] v1.1/Animations/Basketball Motions_Generic/715_PassOverA.fbx
  artifactKey: Guid(eb3edf271e3c964479c59eb167e5e572) Importer(2089858483,b0f066a214c2f5e87bad3c948f4d605d)
Start importing Assets/Studio33 Interactive_[BasketBall] v1.1/Animations/Basketball Motions_Generic/715_PassOverA.fbx using Guid(eb3edf271e3c964479c59eb167e5e572) Importer(2089858483,b0f066a214c2f5e87bad3c948f4d605d) (ScriptedImporter) -> (artifact id: 'b277cd0e152c722df3a2c1e5b27a24ba') in 0.0290979 seconds
Number of updated asset objects reloaded before import = 0Number of asset objects unloaded after import = 153

========================================================================
Received Import Request.
  Time since last request: 0.000045 seconds.
  path: Assets/Studio33 Interactive_[BasketBall] v1.1/Animations/Basketball Motions Humanoid/2164_TravNorLA.fbx
  artifactKey: Guid(b76174b738c324d428a48472cbd24c79) Importer(2089858483,b0f066a214c2f5e87bad3c948f4d605d)
Start importing Assets/Studio33 Interactive_[BasketBall] v1.1/Animations/Basketball Motions Humanoid/2164_TravNorLA.fbx using Guid(b76174b738c324d428a48472cbd24c79) Importer(2089858483,b0f066a214c2f5e87bad3c948f4d605d) (ScriptedImporter) -> (artifact id: '10bb39eb139c70d8e6e6aa7f1c84521b') in 0.0304126 seconds
Number of updated asset objects reloaded before import = 0Number of asset objects unloaded after import = 155

========================================================================
Received Import Request.
  Time since last request: 0.000064 seconds.
  path: Assets/Studio33 Interactive_[BasketBall] v1.1/Animations/Basketball Motions Humanoid/1913_DunkRA.fbx
  artifactKey: Guid(a2906f2d546b4464496ea5602eec69e3) Importer(2089858483,b0f066a214c2f5e87bad3c948f4d605d)
Start importing Assets/Studio33 Interactive_[BasketBall] v1.1/Animations/Basketball Motions Humanoid/1913_DunkRA.fbx using Guid(a2906f2d546b4464496ea5602eec69e3) Importer(2089858483,b0f066a214c2f5e87bad3c948f4d605d) (ScriptedImporter) -> (artifact id: '502831ba0240e0c2fe9046ab74950de6') in 0.0291295 seconds
Number of updated asset objects reloaded before import = 0Number of asset objects unloaded after import = 155

========================================================================
Received Import Request.
  Time since last request: 0.000037 seconds.
  path: Assets/Studio33 Interactive_[BasketBall] v1.1/Animations/Basketball Motions_Generic/1611_JumpshotReadyFake.fbx
  artifactKey: Guid(921c8926b8142fe4ea80c5408754c7de) Importer(2089858483,b0f066a214c2f5e87bad3c948f4d605d)
Start importing Assets/Studio33 Interactive_[BasketBall] v1.1/Animations/Basketball Motions_Generic/1611_JumpshotReadyFake.fbx using Guid(921c8926b8142fe4ea80c5408754c7de) Importer(2089858483,b0f066a214c2f5e87bad3c948f4d605d) (ScriptedImporter) -> (artifact id: 'b5370800e9bae67464b78be2b25000ca') in 0.0279714 seconds
Number of updated asset objects reloaded before import = 0Number of asset objects unloaded after import = 153

========================================================================
Received Import Request.
  Time since last request: 0.000040 seconds.
  path: Assets/Studio33 Interactive_[BasketBall] v1.1/Animations/Basketball Motions Humanoid/843_PassKifA.fbx
  artifactKey: Guid(a783d7bfb55a090409649b3dedba4f8a) Importer(2089858483,b0f066a214c2f5e87bad3c948f4d605d)
Start importing Assets/Studio33 Interactive_[BasketBall] v1.1/Animations/Basketball Motions Humanoid/843_PassKifA.fbx using Guid(a783d7bfb55a090409649b3dedba4f8a) Importer(2089858483,b0f066a214c2f5e87bad3c948f4d605d) (ScriptedImporter) -> (artifact id: '06927b3351198ba733b78f8c13f7a5d8') in 0.0276332 seconds
Number of updated asset objects reloaded before import = 0Number of asset objects unloaded after import = 155

========================================================================
Received Import Request.
  Time since last request: 0.000030 seconds.
  path: Assets/Studio33 Interactive_[BasketBall] v1.1/Animations/Basketball Motions_Generic/266_CrossThLRLA.fbx
  artifactKey: Guid(049d99fe8d1d61e449ad6736f600b987) Importer(2089858483,b0f066a214c2f5e87bad3c948f4d605d)
Start importing Assets/Studio33 Interactive_[BasketBall] v1.1/Animations/Basketball Motions_Generic/266_CrossThLRLA.fbx using Guid(049d99fe8d1d61e449ad6736f600b987) Importer(2089858483,b0f066a214c2f5e87bad3c948f4d605d) (ScriptedImporter) -> (artifact id: '5de73ea247c8a3f21c4ec061fc71a29f') in 0.0267489 seconds
Number of updated asset objects reloaded before import = 0Number of asset objects unloaded after import = 153

========================================================================
Received Import Request.
  Time since last request: 0.000045 seconds.
  path: Assets/Studio33 Interactive_[BasketBall] v1.1/Animations/Basketball Motions_Generic/131_ReboundAndBoxOutRightA.fbx
  artifactKey: Guid(4bf3929b284588645b6ff13236f370e5) Importer(2089858483,b0f066a214c2f5e87bad3c948f4d605d)
Start importing Assets/Studio33 Interactive_[BasketBall] v1.1/Animations/Basketball Motions_Generic/131_ReboundAndBoxOutRightA.fbx using Guid(4bf3929b284588645b6ff13236f370e5) Importer(2089858483,b0f066a214c2f5e87bad3c948f4d605d) (ScriptedImporter) -> (artifact id: '2ffb36e6163c393dc58853c077d2ffc7') in 0.0270249 seconds
Number of updated asset objects reloaded before import = 0Number of asset objects unloaded after import = 153

========================================================================
Received Import Request.
  Time since last request: 0.000031 seconds.
  path: Assets/Studio33 Interactive_[BasketBall] v1.1/Animations/Basketball Motions_Generic/2074_JumpshotUAFakeA.fbx
  artifactKey: Guid(164036c64c90a0c42913963d1f3eb662) Importer(2089858483,b0f066a214c2f5e87bad3c948f4d605d)
Start importing Assets/Studio33 Interactive_[BasketBall] v1.1/Animations/Basketball Motions_Generic/2074_JumpshotUAFakeA.fbx using Guid(164036c64c90a0c42913963d1f3eb662) Importer(2089858483,b0f066a214c2f5e87bad3c948f4d605d) (ScriptedImporter) -> (artifact id: 'fd417fa2af56d21a436bd04f3bf8507f') in 0.0273071 seconds
Number of updated asset objects reloaded before import = 0Number of asset objects unloaded after import = 153

========================================================================
Received Import Request.
  Time since last request: 0.000037 seconds.
  path: Assets/Studio33 Interactive_[BasketBall] v1.1/Animations/Basketball Motions_Generic/1674_AlleyoopRevSA.fbx
  artifactKey: Guid(53358c261fa44e04ea1bc5a8ae1ed2c5) Importer(2089858483,b0f066a214c2f5e87bad3c948f4d605d)
Start importing Assets/Studio33 Interactive_[BasketBall] v1.1/Animations/Basketball Motions_Generic/1674_AlleyoopRevSA.fbx using Guid(53358c261fa44e04ea1bc5a8ae1ed2c5) Importer(2089858483,b0f066a214c2f5e87bad3c948f4d605d) (ScriptedImporter) -> (artifact id: '525dfb233db449daaf59bf7b24adf5f3') in 0.026806 seconds
Number of updated asset objects reloaded before import = 0Number of asset objects unloaded after import = 153

========================================================================
Received Import Request.
  Time since last request: 0.000049 seconds.
  path: Assets/Studio33 Interactive_[BasketBall] v1.1/Animations/Basketball Motions_Generic/57_BlockinglongFarJumpF.fbx
  artifactKey: Guid(297332d065040f34e8ef31c27aa4fd20) Importer(2089858483,b0f066a214c2f5e87bad3c948f4d605d)
Start importing Assets/Studio33 Interactive_[BasketBall] v1.1/Animations/Basketball Motions_Generic/57_BlockinglongFarJumpF.fbx using Guid(297332d065040f34e8ef31c27aa4fd20) Importer(2089858483,b0f066a214c2f5e87bad3c948f4d605d) (ScriptedImporter) -> (artifact id: '2e5b0ee9c03a090f258f0a2218ac9f8a') in 0.0255497 seconds
Number of updated asset objects reloaded before import = 0Number of asset objects unloaded after import = 153

========================================================================
Received Import Request.
  Time since last request: 0.000036 seconds.
  path: Assets/Studio33 Interactive_[BasketBall] v1.1/Animations/Basketball Motions_Generic/1854_DunkCA.fbx
  artifactKey: Guid(f4e4aa7f4dff7924d828aa86cc97e325) Importer(2089858483,b0f066a214c2f5e87bad3c948f4d605d)
Start importing Assets/Studio33 Interactive_[BasketBall] v1.1/Animations/Basketball Motions_Generic/1854_DunkCA.fbx using Guid(f4e4aa7f4dff7924d828aa86cc97e325) Importer(2089858483,b0f066a214c2f5e87bad3c948f4d605d) (ScriptedImporter) -> (artifact id: 'f78fa49f648bdcc834159e356dcb4612') in 0.030923 seconds
Number of updated asset objects reloaded before import = 0Number of asset objects unloaded after import = 153

========================================================================
Received Import Request.
  Time since last request: 0.000032 seconds.
  path: Assets/Studio33 Interactive_[BasketBall] v1.1/Animations/Basketball Motions Humanoid/102_BlockingshortJumpF.fbx
  artifactKey: Guid(4160b2f248bafa341a26ea7abfb68ac1) Importer(2089858483,b0f066a214c2f5e87bad3c948f4d605d)
Start importing Assets/Studio33 Interactive_[BasketBall] v1.1/Animations/Basketball Motions Humanoid/102_BlockingshortJumpF.fbx using Guid(4160b2f248bafa341a26ea7abfb68ac1) Importer(2089858483,b0f066a214c2f5e87bad3c948f4d605d) (ScriptedImporter) -> (artifact id: '91aa4e84a676271515a048367e7a9f1e') in 0.0310465 seconds
Number of updated asset objects reloaded before import = 0Number of asset objects unloaded after import = 155

========================================================================
Received Import Request.
  Time since last request: 0.000034 seconds.
  path: Assets/Studio33 Interactive_[BasketBall] v1.1/Animations/Basketball Motions_Generic/1309_DunkRA.fbx
  artifactKey: Guid(12ee20904ff2e0847ac7fbcadc6cbddd) Importer(2089858483,b0f066a214c2f5e87bad3c948f4d605d)
Start importing Assets/Studio33 Interactive_[BasketBall] v1.1/Animations/Basketball Motions_Generic/1309_DunkRA.fbx using Guid(12ee20904ff2e0847ac7fbcadc6cbddd) Importer(2089858483,b0f066a214c2f5e87bad3c948f4d605d) (ScriptedImporter) -> (artifact id: '2f63661a558df6fa502d8a5995f88822') in 0.0306547 seconds
Number of updated asset objects reloaded before import = 0Number of asset objects unloaded after import = 153

========================================================================
Received Import Request.
  Time since last request: 0.000048 seconds.
  path: Assets/Studio33 Interactive_[BasketBall] v1.1/Animations/Basketball Motions_Generic/1368_JumpshotMFakeA.fbx
  artifactKey: Guid(6dcd9d9d3aad1c3448a5f41beb107fcf) Importer(2089858483,b0f066a214c2f5e87bad3c948f4d605d)
Start importing Assets/Studio33 Interactive_[BasketBall] v1.1/Animations/Basketball Motions_Generic/1368_JumpshotMFakeA.fbx using Guid(6dcd9d9d3aad1c3448a5f41beb107fcf) Importer(2089858483,b0f066a214c2f5e87bad3c948f4d605d) (ScriptedImporter) -> (artifact id: 'b9dfd07967bae8fb33406c6486f6bb04') in 0.0302138 seconds
Number of updated asset objects reloaded before import = 0Number of asset objects unloaded after import = 153

========================================================================
Received Import Request.
  Time since last request: 0.000039 seconds.
  path: Assets/Studio33 Interactive_[BasketBall] v1.1/Animations/Basketball Motions_Generic/199_MovePushedBa.fbx
  artifactKey: Guid(798356bb9463e3042977c114d0aa47e8) Importer(2089858483,b0f066a214c2f5e87bad3c948f4d605d)
Start importing Assets/Studio33 Interactive_[BasketBall] v1.1/Animations/Basketball Motions_Generic/199_MovePushedBa.fbx using Guid(798356bb9463e3042977c114d0aa47e8) Importer(2089858483,b0f066a214c2f5e87bad3c948f4d605d) (ScriptedImporter) -> (artifact id: '1e3d6f219b4c5ebef44aeaef777b0255') in 0.0296097 seconds
Number of updated asset objects reloaded before import = 0Number of asset objects unloaded after import = 153

========================================================================
Received Import Request.
  Time since last request: 0.000030 seconds.
  path: Assets/Studio33 Interactive_[BasketBall] v1.1/Animations/Basketball Motions Humanoid/1692_LayupCA.fbx
  artifactKey: Guid(52a5b2b2e9ba4b643907a105a7ff65bf) Importer(2089858483,b0f066a214c2f5e87bad3c948f4d605d)
Start importing Assets/Studio33 Interactive_[BasketBall] v1.1/Animations/Basketball Motions Humanoid/1692_LayupCA.fbx using Guid(52a5b2b2e9ba4b643907a105a7ff65bf) Importer(2089858483,b0f066a214c2f5e87bad3c948f4d605d) (ScriptedImporter) -> (artifact id: '89b3dfa1f7711ddc0cccd40c7234b59a') in 0.0342959 seconds
Number of updated asset objects reloaded before import = 0Number of asset objects unloaded after import = 155

========================================================================
Received Import Request.
  Time since last request: 0.000033 seconds.
  path: Assets/Studio33 Interactive_[BasketBall] v1.1/Animations/Basketball Motions_Generic/895_PostTurfadeawayLA.fbx
  artifactKey: Guid(948393c7437c51d42bf523c48d0bc23e) Importer(2089858483,b0f066a214c2f5e87bad3c948f4d605d)
Start importing Assets/Studio33 Interactive_[BasketBall] v1.1/Animations/Basketball Motions_Generic/895_PostTurfadeawayLA.fbx using Guid(948393c7437c51d42bf523c48d0bc23e) Importer(2089858483,b0f066a214c2f5e87bad3c948f4d605d) (ScriptedImporter) -> (artifact id: 'ccfa83287fd07db8d83d257c21128099') in 0.0292447 seconds
Number of updated asset objects reloaded before import = 0Number of asset objects unloaded after import = 153

========================================================================
Received Import Request.
  Time since last request: 0.000074 seconds.
  path: Assets/Studio33 Interactive_[BasketBall] v1.1/Animations/Basketball Motions_Generic/1320_DunkRA.fbx
  artifactKey: Guid(5e0d0655078b10842ad4d06d332116a6) Importer(2089858483,b0f066a214c2f5e87bad3c948f4d605d)
Start importing Assets/Studio33 Interactive_[BasketBall] v1.1/Animations/Basketball Motions_Generic/1320_DunkRA.fbx using Guid(5e0d0655078b10842ad4d06d332116a6) Importer(2089858483,b0f066a214c2f5e87bad3c948f4d605d) (ScriptedImporter) -> (artifact id: 'e703a4f1ec49ee534843ccd583bf7b82') in 0.0292528 seconds
Number of updated asset objects reloaded before import = 0Number of asset objects unloaded after import = 153

========================================================================
Received Import Request.
  Time since last request: 0.000036 seconds.
  path: Assets/Studio33 Interactive_[BasketBall] v1.1/Animations/Basketball Motions Humanoid/2044_DunkRA.fbx
  artifactKey: Guid(40c51722db0e07c4ea18298ec8c2b256) Importer(2089858483,b0f066a214c2f5e87bad3c948f4d605d)
Start importing Assets/Studio33 Interactive_[BasketBall] v1.1/Animations/Basketball Motions Humanoid/2044_DunkRA.fbx using Guid(40c51722db0e07c4ea18298ec8c2b256) Importer(2089858483,b0f066a214c2f5e87bad3c948f4d605d) (ScriptedImporter) -> (artifact id: '7023fb10bedb2618e91a731da442a47c') in 0.0336556 seconds
Number of updated asset objects reloaded before import = 0Number of asset objects unloaded after import = 155

========================================================================
Received Import Request.
  Time since last request: 0.000035 seconds.
  path: Assets/Studio33 Interactive_[BasketBall] v1.1/Animations/Basketball Motions_Generic/2124_DunkRA.fbx
  artifactKey: Guid(b1e9d8107bd0abb4eb338823b8fd8f71) Importer(2089858483,b0f066a214c2f5e87bad3c948f4d605d)
Start importing Assets/Studio33 Interactive_[BasketBall] v1.1/Animations/Basketball Motions_Generic/2124_DunkRA.fbx using Guid(b1e9d8107bd0abb4eb338823b8fd8f71) Importer(2089858483,b0f066a214c2f5e87bad3c948f4d605d) (ScriptedImporter) -> (artifact id: '9606edc4adfb7507b0d50e9ca67e791e') in 0.0323552 seconds
Number of updated asset objects reloaded before import = 0Number of asset objects unloaded after import = 153

========================================================================
Received Import Request.
  Time since last request: 0.000040 seconds.
  path: Assets/Studio33 Interactive_[BasketBall] v1.1/Animations/Basketball Motions Humanoid/578_StealpassRA.fbx
  artifactKey: Guid(caaf728743096e44aa3b47362fed1100) Importer(2089858483,b0f066a214c2f5e87bad3c948f4d605d)
Start importing Assets/Studio33 Interactive_[BasketBall] v1.1/Animations/Basketball Motions Humanoid/578_StealpassRA.fbx using Guid(caaf728743096e44aa3b47362fed1100) Importer(2089858483,b0f066a214c2f5e87bad3c948f4d605d) (ScriptedImporter) -> (artifact id: 'b5b5ca71faf2fa0011f5d66ade6bf2ff') in 0.0333626 seconds
Number of updated asset objects reloaded before import = 0Number of asset objects unloaded after import = 155

========================================================================
Received Import Request.
  Time since last request: 0.000056 seconds.
  path: Assets/Studio33 Interactive_[BasketBall] v1.1/Animations/Basketball Motions Humanoid/250_CrossFakeSideStepbarL.fbx
  artifactKey: Guid(cd2465c5c547800469f5e9e8cc232b2e) Importer(2089858483,b0f066a214c2f5e87bad3c948f4d605d)
Start importing Assets/Studio33 Interactive_[BasketBall] v1.1/Animations/Basketball Motions Humanoid/250_CrossFakeSideStepbarL.fbx using Guid(cd2465c5c547800469f5e9e8cc232b2e) Importer(2089858483,b0f066a214c2f5e87bad3c948f4d605d) (ScriptedImporter) -> (artifact id: 'f271403329ec6f9266d921b0585b7307') in 0.0330335 seconds
Number of updated asset objects reloaded before import = 0Number of asset objects unloaded after import = 155

========================================================================
Received Import Request.
  Time since last request: 0.000036 seconds.
  path: Assets/Studio33 Interactive_[BasketBall] v1.1/Animations/Basketball Motions Humanoid/980_Rebound fC.fbx
  artifactKey: Guid(b863511dd10630143a268a1969846204) Importer(2089858483,b0f066a214c2f5e87bad3c948f4d605d)
Start importing Assets/Studio33 Interactive_[BasketBall] v1.1/Animations/Basketball Motions Humanoid/980_Rebound fC.fbx using Guid(b863511dd10630143a268a1969846204) Importer(2089858483,b0f066a214c2f5e87bad3c948f4d605d) (ScriptedImporter) -> (artifact id: 'c98883f57e311413f5fc97a685627c41') in 0.0348924 seconds
Number of updated asset objects reloaded before import = 0Number of asset objects unloaded after import = 155

========================================================================
Received Import Request.
  Time since last request: 0.000047 seconds.
  path: Assets/Studio33 Interactive_[BasketBall] v1.1/Animations/Basketball Motions_Generic/1363_JumpshotMFakeA.fbx
  artifactKey: Guid(ad29142e48c0d104db5b743e11311177) Importer(2089858483,b0f066a214c2f5e87bad3c948f4d605d)
Start importing Assets/Studio33 Interactive_[BasketBall] v1.1/Animations/Basketball Motions_Generic/1363_JumpshotMFakeA.fbx using Guid(ad29142e48c0d104db5b743e11311177) Importer(2089858483,b0f066a214c2f5e87bad3c948f4d605d) (ScriptedImporter) -> (artifact id: '8242e186f1f2e5090166c9b094008445') in 0.0268677 seconds
Number of updated asset objects reloaded before import = 0Number of asset objects unloaded after import = 153

========================================================================
Received Import Request.
  Time since last request: 0.000045 seconds.
  path: Assets/Studio33 Interactive_[BasketBall] v1.1/33_basket ball test animations/player/skin_map_c01.png
  artifactKey: Guid(7abe9760048661741ae90b831fee0508) Importer(2089858483,b0f066a214c2f5e87bad3c948f4d605d)
Start importing Assets/Studio33 Interactive_[BasketBall] v1.1/33_basket ball test animations/player/skin_map_c01.png using Guid(7abe9760048661741ae90b831fee0508) Importer(2089858483,b0f066a214c2f5e87bad3c948f4d605d) (ScriptedImporter) -> (artifact id: '3843f7f07792c931fcb4f9b1db8a1b63') in 0.0231523 seconds
Number of updated asset objects reloaded before import = 0Number of asset objects unloaded after import = 1

========================================================================
Received Import Request.
  Time since last request: 0.000080 seconds.
  path: Assets/Studio33 Interactive_[BasketBall] v1.1/Animations/Basketball Motions Humanoid/1070_SceneEntAway.fbx
  artifactKey: Guid(ad860b5e9babfa7469db8488f4db899f) Importer(2089858483,b0f066a214c2f5e87bad3c948f4d605d)
Start importing Assets/Studio33 Interactive_[BasketBall] v1.1/Animations/Basketball Motions Humanoid/1070_SceneEntAway.fbx using Guid(ad860b5e9babfa7469db8488f4db899f) Importer(2089858483,b0f066a214c2f5e87bad3c948f4d605d) (ScriptedImporter) -> (artifact id: '1c1aace8a787db5b84fb7f46d94b1b9c') in 0.0316129 seconds
Number of updated asset objects reloaded before import = 0Number of asset objects unloaded after import = 155

========================================================================
Received Import Request.
  Time since last request: 0.000036 seconds.
  path: Assets/Studio33 Interactive_[BasketBall] v1.1/Animations/Basketball Motions Humanoid/154_BlockingckedBaA.fbx
  artifactKey: Guid(560607713eb5bf443bc21d861c854bdb) Importer(2089858483,b0f066a214c2f5e87bad3c948f4d605d)
Start importing Assets/Studio33 Interactive_[BasketBall] v1.1/Animations/Basketball Motions Humanoid/154_BlockingckedBaA.fbx using Guid(560607713eb5bf443bc21d861c854bdb) Importer(2089858483,b0f066a214c2f5e87bad3c948f4d605d) (ScriptedImporter) -> (artifact id: 'da0f90e474a23b53b14e513b609f53d1') in 0.0321482 seconds
Number of updated asset objects reloaded before import = 0Number of asset objects unloaded after import = 155

========================================================================
Received Import Request.
  Time since last request: 0.000053 seconds.
  path: Assets/Studio33 Interactive_[BasketBall] v1.1/Animations/Basketball Motions Humanoid/1345_JumpshotMA.fbx
  artifactKey: Guid(5dde1079ef7a3c34d9d9bc06d4fc46da) Importer(2089858483,b0f066a214c2f5e87bad3c948f4d605d)
Start importing Assets/Studio33 Interactive_[BasketBall] v1.1/Animations/Basketball Motions Humanoid/1345_JumpshotMA.fbx using Guid(5dde1079ef7a3c34d9d9bc06d4fc46da) Importer(2089858483,b0f066a214c2f5e87bad3c948f4d605d) (ScriptedImporter) -> (artifact id: '9b8276bc9bd963baa444c25f7c8a085a') in 0.0312414 seconds
Number of updated asset objects reloaded before import = 0Number of asset objects unloaded after import = 155

========================================================================
Received Import Request.
  Time since last request: 0.000034 seconds.
  path: Assets/Studio33 Interactive_[BasketBall] v1.1/Animations/Basketball Motions Humanoid/831_AlleyooppassRevA.fbx
  artifactKey: Guid(05afa7dd9e74adf48815567a3d616497) Importer(2089858483,b0f066a214c2f5e87bad3c948f4d605d)
Start importing Assets/Studio33 Interactive_[BasketBall] v1.1/Animations/Basketball Motions Humanoid/831_AlleyooppassRevA.fbx using Guid(05afa7dd9e74adf48815567a3d616497) Importer(2089858483,b0f066a214c2f5e87bad3c948f4d605d) (ScriptedImporter) -> (artifact id: '2f98070519d9cf50cf77397b05121c6f') in 0.0366032 seconds
Number of updated asset objects reloaded before import = 0Number of asset objects unloaded after import = 155

========================================================================
Received Import Request.
  Time since last request: 0.000050 seconds.
  path: Assets/Studio33 Interactive_[BasketBall] v1.1/Animations/Basketball Motions_Generic/1564_LayupCA.fbx
  artifactKey: Guid(b252c70693e55ac409d9a1c16d349e05) Importer(2089858483,b0f066a214c2f5e87bad3c948f4d605d)
Start importing Assets/Studio33 Interactive_[BasketBall] v1.1/Animations/Basketball Motions_Generic/1564_LayupCA.fbx using Guid(b252c70693e55ac409d9a1c16d349e05) Importer(2089858483,b0f066a214c2f5e87bad3c948f4d605d) (ScriptedImporter) -> (artifact id: 'e304f97fccd4eacfdd49d3d678d3df0a') in 0.0334425 seconds
Number of updated asset objects reloaded before import = 0Number of asset objects unloaded after import = 153

========================================================================
Received Import Request.
  Time since last request: 0.000034 seconds.
  path: Assets/Studio33 Interactive_[BasketBall] v1.1/Animations/Basketball Motions Humanoid/1780_DunkCA.fbx
  artifactKey: Guid(235cd77be72e8b548b91149e1c239496) Importer(2089858483,b0f066a214c2f5e87bad3c948f4d605d)
Start importing Assets/Studio33 Interactive_[BasketBall] v1.1/Animations/Basketball Motions Humanoid/1780_DunkCA.fbx using Guid(235cd77be72e8b548b91149e1c239496) Importer(2089858483,b0f066a214c2f5e87bad3c948f4d605d) (ScriptedImporter) -> (artifact id: 'c3ab6ce5d3de98b407ae61ef868a0e4d') in 0.0312739 seconds
Number of updated asset objects reloaded before import = 0Number of asset objects unloaded after import = 155

========================================================================
Received Import Request.
  Time since last request: 0.000030 seconds.
  path: Assets/Studio33 Interactive_[BasketBall] v1.1/Animations/Basketball Motions_Generic/538_QuickpointMA.fbx
  artifactKey: Guid(ec491bd406216d247b4f39c83b84fbc5) Importer(2089858483,b0f066a214c2f5e87bad3c948f4d605d)
Start importing Assets/Studio33 Interactive_[BasketBall] v1.1/Animations/Basketball Motions_Generic/538_QuickpointMA.fbx using Guid(ec491bd406216d247b4f39c83b84fbc5) Importer(2089858483,b0f066a214c2f5e87bad3c948f4d605d) (ScriptedImporter) -> (artifact id: '4db5111f725553b0b37fc22a2dd2decc') in 0.0280767 seconds
Number of updated asset objects reloaded before import = 0Number of asset objects unloaded after import = 153

========================================================================
Received Import Request.
  Time since last request: 0.000056 seconds.
  path: Assets/Studio33 Interactive_[BasketBall] v1.1/Animations/Basketball Motions Humanoid/417_MarkDefenceF.fbx
  artifactKey: Guid(bbfe884d571b6d34cbb623c7e6ad0ec6) Importer(2089858483,b0f066a214c2f5e87bad3c948f4d605d)
Start importing Assets/Studio33 Interactive_[BasketBall] v1.1/Animations/Basketball Motions Humanoid/417_MarkDefenceF.fbx using Guid(bbfe884d571b6d34cbb623c7e6ad0ec6) Importer(2089858483,b0f066a214c2f5e87bad3c948f4d605d) (ScriptedImporter) -> (artifact id: '844124ba7426ecc7b1e1d3dd47e08584') in 0.0315846 seconds
Number of updated asset objects reloaded before import = 0Number of asset objects unloaded after import = 155

========================================================================
Received Import Request.
  Time since last request: 0.000055 seconds.
  path: Assets/Studio33 Interactive_[BasketBall] v1.1/Animations/Basketball Motions_Generic/601_LoosebahighA.fbx
  artifactKey: Guid(9ba96e6e6be8d42428ffcd8519f86073) Importer(2089858483,b0f066a214c2f5e87bad3c948f4d605d)
Start importing Assets/Studio33 Interactive_[BasketBall] v1.1/Animations/Basketball Motions_Generic/601_LoosebahighA.fbx using Guid(9ba96e6e6be8d42428ffcd8519f86073) Importer(2089858483,b0f066a214c2f5e87bad3c948f4d605d) (ScriptedImporter) -> (artifact id: '8ea4ce6a3ca544d3b792e8d6d61a29d7') in 0.0294151 seconds
Number of updated asset objects reloaded before import = 0Number of asset objects unloaded after import = 153

========================================================================
Received Import Request.
  Time since last request: 0.000028 seconds.
  path: Assets/Studio33 Interactive_[BasketBall] v1.1/Animations/Basketball Motions_Generic/565_SpikeshootMFakeA.fbx
  artifactKey: Guid(aa8ce4d1ba3ff6847a6da7742ed70432) Importer(2089858483,b0f066a214c2f5e87bad3c948f4d605d)
Start importing Assets/Studio33 Interactive_[BasketBall] v1.1/Animations/Basketball Motions_Generic/565_SpikeshootMFakeA.fbx using Guid(aa8ce4d1ba3ff6847a6da7742ed70432) Importer(2089858483,b0f066a214c2f5e87bad3c948f4d605d) (ScriptedImporter) -> (artifact id: 'd72ccd0620f8aad16e9e42f5d3f02a4a') in 0.0243913 seconds
Number of updated asset objects reloaded before import = 0Number of asset objects unloaded after import = 153

========================================================================
Received Import Request.
  Time since last request: 0.000042 seconds.
  path: Assets/Studio33 Interactive_[BasketBall] v1.1/Animations/Basketball Motions_Generic/1335_JumpshotDashReadyFake.fbx
  artifactKey: Guid(bdd4006996aa85f4f9b49036cf43cf97) Importer(2089858483,b0f066a214c2f5e87bad3c948f4d605d)
Start importing Assets/Studio33 Interactive_[BasketBall] v1.1/Animations/Basketball Motions_Generic/1335_JumpshotDashReadyFake.fbx using Guid(bdd4006996aa85f4f9b49036cf43cf97) Importer(2089858483,b0f066a214c2f5e87bad3c948f4d605d) (ScriptedImporter) -> (artifact id: '1652729a4171cc09e3b3c0d54acd77e4') in 0.0292894 seconds
Number of updated asset objects reloaded before import = 0Number of asset objects unloaded after import = 153

========================================================================
Received Import Request.
  Time since last request: 0.000031 seconds.
  path: Assets/Studio33 Interactive_[BasketBall] v1.1/Animations/Basketball Motions Humanoid/274_CrossThRRRA.fbx
  artifactKey: Guid(ee2320836c07e1848ad1f251d7c43397) Importer(2089858483,b0f066a214c2f5e87bad3c948f4d605d)
Start importing Assets/Studio33 Interactive_[BasketBall] v1.1/Animations/Basketball Motions Humanoid/274_CrossThRRRA.fbx using Guid(ee2320836c07e1848ad1f251d7c43397) Importer(2089858483,b0f066a214c2f5e87bad3c948f4d605d) (ScriptedImporter) -> (artifact id: '5634ebf47d28bafbfd6ad6298f21117f') in 0.0258588 seconds
Number of updated asset objects reloaded before import = 0Number of asset objects unloaded after import = 155

========================================================================
Received Import Request.
  Time since last request: 0.000044 seconds.
  path: Assets/Studio33 Interactive_[BasketBall] v1.1/Animations/Basketball Motions Humanoid/1384_JumpshotReadyFake.fbx
  artifactKey: Guid(f6edef314652ca746bada46d4a6ecc38) Importer(2089858483,b0f066a214c2f5e87bad3c948f4d605d)
Start importing Assets/Studio33 Interactive_[BasketBall] v1.1/Animations/Basketball Motions Humanoid/1384_JumpshotReadyFake.fbx using Guid(f6edef314652ca746bada46d4a6ecc38) Importer(2089858483,b0f066a214c2f5e87bad3c948f4d605d) (ScriptedImporter) -> (artifact id: '36f7d050d4650be65c073c329a178e4d') in 0.0415071 seconds
Number of updated asset objects reloaded before import = 0Number of asset objects unloaded after import = 155

========================================================================
Received Import Request.
  Time since last request: 0.000044 seconds.
  path: Assets/Studio33 Interactive_[BasketBall] v1.1/Animations/Basketball Motions Humanoid/244_CrazystepB.fbx
  artifactKey: Guid(308e244acc805c048adfd732bad3d34c) Importer(2089858483,b0f066a214c2f5e87bad3c948f4d605d)
Start importing Assets/Studio33 Interactive_[BasketBall] v1.1/Animations/Basketball Motions Humanoid/244_CrazystepB.fbx using Guid(308e244acc805c048adfd732bad3d34c) Importer(2089858483,b0f066a214c2f5e87bad3c948f4d605d) (ScriptedImporter) -> (artifact id: '4f9edae87b7a05b6bb3899426c5f94f3') in 0.0317373 seconds
Number of updated asset objects reloaded before import = 0Number of asset objects unloaded after import = 155

========================================================================
Received Import Request.
  Time since last request: 0.000040 seconds.
  path: Assets/Studio33 Interactive_[BasketBall] v1.1/33_basket ball test animations/player/Back_number/Back_number_W
  artifactKey: Guid(6d1dd6479adce5d409c1ce9c9faacf56) Importer(2089858483,b0f066a214c2f5e87bad3c948f4d605d)
Start importing Assets/Studio33 Interactive_[BasketBall] v1.1/33_basket ball test animations/player/Back_number/Back_number_W using Guid(6d1dd6479adce5d409c1ce9c9faacf56) Importer(2089858483,b0f066a214c2f5e87bad3c948f4d605d) (ScriptedImporter) -> (artifact id: 'e3920738f6718258b1697a9943d222ae') in 0.0128001 seconds
Number of updated asset objects reloaded before import = 0Number of asset objects unloaded after import = 1

========================================================================
Received Import Request.
  Time since last request: 0.000052 seconds.
  path: Assets/Studio33 Interactive_[BasketBall] v1.1/Animations/Basketball Motions Humanoid/868_PassinmissBadOverA.fbx
  artifactKey: Guid(e6ef28b9e9f6cbf408e009dc113a77f8) Importer(2089858483,b0f066a214c2f5e87bad3c948f4d605d)
Start importing Assets/Studio33 Interactive_[BasketBall] v1.1/Animations/Basketball Motions Humanoid/868_PassinmissBadOverA.fbx using Guid(e6ef28b9e9f6cbf408e009dc113a77f8) Importer(2089858483,b0f066a214c2f5e87bad3c948f4d605d) (ScriptedImporter) -> (artifact id: '854f47428049bf52803f6e7f329ee5d3') in 0.0277827 seconds
Number of updated asset objects reloaded before import = 0Number of asset objects unloaded after import = 155

========================================================================
Received Import Request.
  Time since last request: 0.000053 seconds.
  path: Assets/Studio33 Interactive_[BasketBall] v1.1/Animations/Basketball Motions Humanoid/1335_JumpshotDashReadyFake.fbx
  artifactKey: Guid(5ce36a37123d0ba46a183f48d8cde14f) Importer(2089858483,b0f066a214c2f5e87bad3c948f4d605d)
Start importing Assets/Studio33 Interactive_[BasketBall] v1.1/Animations/Basketball Motions Humanoid/1335_JumpshotDashReadyFake.fbx using Guid(5ce36a37123d0ba46a183f48d8cde14f) Importer(2089858483,b0f066a214c2f5e87bad3c948f4d605d) (ScriptedImporter) -> (artifact id: 'fb8464a22b7f20e3b32246524a51bfad') in 0.0274868 seconds
Number of updated asset objects reloaded before import = 0Number of asset objects unloaded after import = 155

========================================================================
Received Import Request.
  Time since last request: 0.000030 seconds.
  path: Assets/Studio33 Interactive_[BasketBall] v1.1/Animations/Basketball Motions Humanoid/1630_JumpshotMA.fbx
  artifactKey: Guid(bfa282ac717c45e44a513daf8b4a302d) Importer(2089858483,b0f066a214c2f5e87bad3c948f4d605d)
Start importing Assets/Studio33 Interactive_[BasketBall] v1.1/Animations/Basketball Motions Humanoid/1630_JumpshotMA.fbx using Guid(bfa282ac717c45e44a513daf8b4a302d) Importer(2089858483,b0f066a214c2f5e87bad3c948f4d605d) (ScriptedImporter) -> (artifact id: 'f9687066c0c06fab295f6887b286d989') in 0.0285964 seconds
Number of updated asset objects reloaded before import = 0Number of asset objects unloaded after import = 155

========================================================================
Received Import Request.
  Time since last request: 0.000037 seconds.
  path: Assets/Studio33 Interactive_[BasketBall] v1.1/Animations/Basketball Motions Humanoid/1475_FakelayupRA.fbx
  artifactKey: Guid(22f9250859f43314c9ffd3d7634cd1be) Importer(2089858483,b0f066a214c2f5e87bad3c948f4d605d)
Start importing Assets/Studio33 Interactive_[BasketBall] v1.1/Animations/Basketball Motions Humanoid/1475_FakelayupRA.fbx using Guid(22f9250859f43314c9ffd3d7634cd1be) Importer(2089858483,b0f066a214c2f5e87bad3c948f4d605d) (ScriptedImporter) -> (artifact id: 'c6e35b6ae610b9dc9fd7238e580d5157') in 0.0278549 seconds
Number of updated asset objects reloaded before import = 0Number of asset objects unloaded after import = 155

========================================================================
Received Import Request.
  Time since last request: 0.000068 seconds.
  path: Assets/Studio33 Interactive_[BasketBall] v1.1/Animations/Basketball Motions_Generic/1062_RsceneEntAway.fbx
  artifactKey: Guid(9a24bb02899dfba4a98ece9b54db6ba1) Importer(2089858483,b0f066a214c2f5e87bad3c948f4d605d)
Start importing Assets/Studio33 Interactive_[BasketBall] v1.1/Animations/Basketball Motions_Generic/1062_RsceneEntAway.fbx using Guid(9a24bb02899dfba4a98ece9b54db6ba1) Importer(2089858483,b0f066a214c2f5e87bad3c948f4d605d) (ScriptedImporter) -> (artifact id: 'ab61f23aac25dd001680d7640a467cca') in 0.0261607 seconds
Number of updated asset objects reloaded before import = 0Number of asset objects unloaded after import = 153

========================================================================
Received Import Request.
  Time since last request: 0.000039 seconds.
  path: Assets/Studio33 Interactive_[BasketBall] v1.1/Animations/Basketball Motions_Generic/1538_JumpshotCFakeA.fbx
  artifactKey: Guid(89b9a7c7dca76354786f1cb16c03eec5) Importer(2089858483,b0f066a214c2f5e87bad3c948f4d605d)
Start importing Assets/Studio33 Interactive_[BasketBall] v1.1/Animations/Basketball Motions_Generic/1538_JumpshotCFakeA.fbx using Guid(89b9a7c7dca76354786f1cb16c03eec5) Importer(2089858483,b0f066a214c2f5e87bad3c948f4d605d) (ScriptedImporter) -> (artifact id: '8ba39deac495f593d51dc04e149922a9') in 0.0262532 seconds
Number of updated asset objects reloaded before import = 0Number of asset objects unloaded after import = 153

========================================================================
Received Import Request.
  Time since last request: 0.000045 seconds.
  path: Assets/Studio33 Interactive_[BasketBall] v1.1/Animations/Basketball Motions Humanoid/1188_DunkRA.fbx
  artifactKey: Guid(a7663867d3f36384ba2859c01a37a715) Importer(2089858483,b0f066a214c2f5e87bad3c948f4d605d)
Start importing Assets/Studio33 Interactive_[BasketBall] v1.1/Animations/Basketball Motions Humanoid/1188_DunkRA.fbx using Guid(a7663867d3f36384ba2859c01a37a715) Importer(2089858483,b0f066a214c2f5e87bad3c948f4d605d) (ScriptedImporter) -> (artifact id: '535e3967709de2223c8bceb26b030b67') in 0.0336592 seconds
Number of updated asset objects reloaded before import = 0Number of asset objects unloaded after import = 155

========================================================================
Received Import Request.
  Time since last request: 0.000033 seconds.
  path: Assets/Studio33 Interactive_[BasketBall] v1.1/Animations/Basketball Motions_Generic/995_Rebound tappassLongBaA.fbx
  artifactKey: Guid(7c27cd295f190ce4799d00b23cb45597) Importer(2089858483,b0f066a214c2f5e87bad3c948f4d605d)
Start importing Assets/Studio33 Interactive_[BasketBall] v1.1/Animations/Basketball Motions_Generic/995_Rebound tappassLongBaA.fbx using Guid(7c27cd295f190ce4799d00b23cb45597) Importer(2089858483,b0f066a214c2f5e87bad3c948f4d605d) (ScriptedImporter) -> (artifact id: '3081400c9abd23cb29cd07ea47488f7f') in 0.0265017 seconds
Number of updated asset objects reloaded before import = 0Number of asset objects unloaded after import = 153

========================================================================
Received Import Request.
  Time since last request: 0.000047 seconds.
  path: Assets/Studio33 Interactive_[BasketBall] v1.1/Animations/Basketball Motions Humanoid/1524_DclutchRBaA.fbx
  artifactKey: Guid(9a729b38884899a4b806f8c1e0e460b4) Importer(2089858483,b0f066a214c2f5e87bad3c948f4d605d)
Start importing Assets/Studio33 Interactive_[BasketBall] v1.1/Animations/Basketball Motions Humanoid/1524_DclutchRBaA.fbx using Guid(9a729b38884899a4b806f8c1e0e460b4) Importer(2089858483,b0f066a214c2f5e87bad3c948f4d605d) (ScriptedImporter) -> (artifact id: 'a2638118bdafd9b0cb08fc259071b0cd') in 0.0273988 seconds
Number of updated asset objects reloaded before import = 0Number of asset objects unloaded after import = 155

========================================================================
Received Import Request.
  Time since last request: 0.000040 seconds.
  path: Assets/Studio33 Interactive_[BasketBall] v1.1/Animations/Basketball Motions Humanoid/944_Rebound B.fbx
  artifactKey: Guid(2824b696bddb79947bace82bcc2634da) Importer(2089858483,b0f066a214c2f5e87bad3c948f4d605d)
Start importing Assets/Studio33 Interactive_[BasketBall] v1.1/Animations/Basketball Motions Humanoid/944_Rebound B.fbx using Guid(2824b696bddb79947bace82bcc2634da) Importer(2089858483,b0f066a214c2f5e87bad3c948f4d605d) (ScriptedImporter) -> (artifact id: '504520bacedecf3532e689eebb3681c6') in 0.0330088 seconds
Number of updated asset objects reloaded before import = 0Number of asset objects unloaded after import = 155

========================================================================
Received Import Request.
  Time since last request: 0.000031 seconds.
  path: Assets/Studio33 Interactive_[BasketBall] v1.1/Animations/Basketball Motions Humanoid/906_QpostOverThRightRA.fbx
  artifactKey: Guid(ef0723d5e50826d49ba62e8b0f7da59f) Importer(2089858483,b0f066a214c2f5e87bad3c948f4d605d)
Start importing Assets/Studio33 Interactive_[BasketBall] v1.1/Animations/Basketball Motions Humanoid/906_QpostOverThRightRA.fbx using Guid(ef0723d5e50826d49ba62e8b0f7da59f) Importer(2089858483,b0f066a214c2f5e87bad3c948f4d605d) (ScriptedImporter) -> (artifact id: '30fd96aeb7c68abd909574360074b6b4') in 0.0317286 seconds
Number of updated asset objects reloaded before import = 0Number of asset objects unloaded after import = 155

========================================================================
Received Import Request.
  Time since last request: 0.000033 seconds.
  path: Assets/Studio33 Interactive_[BasketBall] v1.1/Animations/Basketball Motions Humanoid/1251_ScoopshotRA.fbx
  artifactKey: Guid(05ec273b2f4d37a4ea9b7048af5dc743) Importer(2089858483,b0f066a214c2f5e87bad3c948f4d605d)
Start importing Assets/Studio33 Interactive_[BasketBall] v1.1/Animations/Basketball Motions Humanoid/1251_ScoopshotRA.fbx using Guid(05ec273b2f4d37a4ea9b7048af5dc743) Importer(2089858483,b0f066a214c2f5e87bad3c948f4d605d) (ScriptedImporter) -> (artifact id: '58b811f96a0ff327d89442567a1e256e') in 0.0292276 seconds
Number of updated asset objects reloaded before import = 0Number of asset objects unloaded after import = 155

========================================================================
Received Import Request.
  Time since last request: 0.000050 seconds.
  path: Assets/Studio33 Interactive_[BasketBall] v1.1/Animations/Basketball Motions Humanoid/2214_DunkCA.fbx
  artifactKey: Guid(8b10960ec0c534445a778ff6d4dac35c) Importer(2089858483,b0f066a214c2f5e87bad3c948f4d605d)
Start importing Assets/Studio33 Interactive_[BasketBall] v1.1/Animations/Basketball Motions Humanoid/2214_DunkCA.fbx using Guid(8b10960ec0c534445a778ff6d4dac35c) Importer(2089858483,b0f066a214c2f5e87bad3c948f4d605d) (ScriptedImporter) -> (artifact id: 'd13a3c6e0a22e3c5dfd551a766f71a00') in 0.029649 seconds
Number of updated asset objects reloaded before import = 0Number of asset objects unloaded after import = 155

========================================================================
Received Import Request.
  Time since last request: 0.000027 seconds.
  path: Assets/Studio33 Interactive_[BasketBall] v1.1/Animations/Basketball Motions Humanoid/423_MQuickDefenseF.fbx
  artifactKey: Guid(6adc3fd72cb2ed34099a65676bfea1fb) Importer(2089858483,b0f066a214c2f5e87bad3c948f4d605d)
Start importing Assets/Studio33 Interactive_[BasketBall] v1.1/Animations/Basketball Motions Humanoid/423_MQuickDefenseF.fbx using Guid(6adc3fd72cb2ed34099a65676bfea1fb) Importer(2089858483,b0f066a214c2f5e87bad3c948f4d605d) (ScriptedImporter) -> (artifact id: '2f15ed5b1d13a706c325d5e033c453ea') in 0.029853 seconds
Number of updated asset objects reloaded before import = 0Number of asset objects unloaded after import = 155

========================================================================
Received Import Request.
  Time since last request: 0.000033 seconds.
  path: Assets/Studio33 Interactive_[BasketBall] v1.1/Animations/Basketball Motions_Generic/455_SideDenyLA.fbx
  artifactKey: Guid(2d1da81a8f66a444288ceb949000f4dc) Importer(2089858483,b0f066a214c2f5e87bad3c948f4d605d)
Start importing Assets/Studio33 Interactive_[BasketBall] v1.1/Animations/Basketball Motions_Generic/455_SideDenyLA.fbx using Guid(2d1da81a8f66a444288ceb949000f4dc) Importer(2089858483,b0f066a214c2f5e87bad3c948f4d605d) (ScriptedImporter) -> (artifact id: '606aee3b995f734b9ef1f9e70478ec5d') in 0.0260457 seconds
Number of updated asset objects reloaded before import = 0Number of asset objects unloaded after import = 153

========================================================================
Received Import Request.
  Time since last request: 0.000033 seconds.
  path: Assets/Studio33 Interactive_[BasketBall] v1.1/Animations/Basketball Motions_Generic/1870_DunkRA.fbx
  artifactKey: Guid(27eaeb411409cd8438768498c4bd48d3) Importer(2089858483,b0f066a214c2f5e87bad3c948f4d605d)
Start importing Assets/Studio33 Interactive_[BasketBall] v1.1/Animations/Basketball Motions_Generic/1870_DunkRA.fbx using Guid(27eaeb411409cd8438768498c4bd48d3) Importer(2089858483,b0f066a214c2f5e87bad3c948f4d605d) (ScriptedImporter) -> (artifact id: 'ac6eb073ed4508d938263dcd7f46aaf4') in 0.0292751 seconds
Number of updated asset objects reloaded before import = 0Number of asset objects unloaded after import = 153

========================================================================
Received Import Request.
  Time since last request: 0.000044 seconds.
  path: Assets/Studio33 Interactive_[BasketBall] v1.1/Animations/Basketball Motions_Generic/1345_JumpshotMA.fbx
  artifactKey: Guid(c43d84fd546c7ed4a8033abda0ed5857) Importer(2089858483,b0f066a214c2f5e87bad3c948f4d605d)
Start importing Assets/Studio33 Interactive_[BasketBall] v1.1/Animations/Basketball Motions_Generic/1345_JumpshotMA.fbx using Guid(c43d84fd546c7ed4a8033abda0ed5857) Importer(2089858483,b0f066a214c2f5e87bad3c948f4d605d) (ScriptedImporter) -> (artifact id: '70e61085abb46f3a7f655e007361f10c') in 0.0309092 seconds
Number of updated asset objects reloaded before import = 0Number of asset objects unloaded after import = 153

========================================================================
Received Import Request.
  Time since last request: 0.000030 seconds.
  path: Assets/Studio33 Interactive_[BasketBall] v1.1/Animations/Basketball Motions Humanoid/570_IntCA.fbx
  artifactKey: Guid(db7008a6636b5564cb42f23af755dd39) Importer(2089858483,b0f066a214c2f5e87bad3c948f4d605d)
Start importing Assets/Studio33 Interactive_[BasketBall] v1.1/Animations/Basketball Motions Humanoid/570_IntCA.fbx using Guid(db7008a6636b5564cb42f23af755dd39) Importer(2089858483,b0f066a214c2f5e87bad3c948f4d605d) (ScriptedImporter) -> (artifact id: 'f417371168a38135546e111ccdb6102d') in 0.0294415 seconds
Number of updated asset objects reloaded before import = 0Number of asset objects unloaded after import = 155

========================================================================
Received Import Request.
  Time since last request: 0.000034 seconds.
  path: Assets/Studio33 Interactive_[BasketBall] v1.1/Animations/Basketball Motions_Generic/836_AlleyoopOverNpassA.fbx
  artifactKey: Guid(3620aff1c3ba7304ba388e217a6bea85) Importer(2089858483,b0f066a214c2f5e87bad3c948f4d605d)
Start importing Assets/Studio33 Interactive_[BasketBall] v1.1/Animations/Basketball Motions_Generic/836_AlleyoopOverNpassA.fbx using Guid(3620aff1c3ba7304ba388e217a6bea85) Importer(2089858483,b0f066a214c2f5e87bad3c948f4d605d) (ScriptedImporter) -> (artifact id: '27ebccf4920f927d47961efb972ec685') in 0.0298712 seconds
Number of updated asset objects reloaded before import = 0Number of asset objects unloaded after import = 153

========================================================================
Received Import Request.
  Time since last request: 0.000057 seconds.
  path: Assets/Studio33 Interactive_[BasketBall] v1.1/Animations/Basketball Motions Humanoid/1675_DunkCA.fbx
  artifactKey: Guid(0d6b55c1d36c51848961b8209c30a0ac) Importer(2089858483,b0f066a214c2f5e87bad3c948f4d605d)
Start importing Assets/Studio33 Interactive_[BasketBall] v1.1/Animations/Basketball Motions Humanoid/1675_DunkCA.fbx using Guid(0d6b55c1d36c51848961b8209c30a0ac) Importer(2089858483,b0f066a214c2f5e87bad3c948f4d605d) (ScriptedImporter) -> (artifact id: '6413f9ec95e63dc821c181baa4f4b0db') in 0.0282279 seconds
Number of updated asset objects reloaded before import = 0Number of asset objects unloaded after import = 155

========================================================================
Received Import Request.
  Time since last request: 0.000041 seconds.
  path: Assets/Studio33 Interactive_[BasketBall] v1.1/Animations/Basketball Motions Humanoid/950_Rebound fC.fbx
  artifactKey: Guid(d207646b20aedca4080ba2343f59aa37) Importer(2089858483,b0f066a214c2f5e87bad3c948f4d605d)
Start importing Assets/Studio33 Interactive_[BasketBall] v1.1/Animations/Basketball Motions Humanoid/950_Rebound fC.fbx using Guid(d207646b20aedca4080ba2343f59aa37) Importer(2089858483,b0f066a214c2f5e87bad3c948f4d605d) (ScriptedImporter) -> (artifact id: '13ce314721900a9c8951ec7ec8d0fafe') in 0.0355428 seconds
Number of updated asset objects reloaded before import = 0Number of asset objects unloaded after import = 155

========================================================================
Received Import Request.
  Time since last request: 0.000036 seconds.
  path: Assets/Studio33 Interactive_[BasketBall] v1.1/Animations/Basketball Motions_Generic/656_StartDashC.fbx
  artifactKey: Guid(0f2ce72fef1509349a48c02b39305294) Importer(2089858483,b0f066a214c2f5e87bad3c948f4d605d)
Start importing Assets/Studio33 Interactive_[BasketBall] v1.1/Animations/Basketball Motions_Generic/656_StartDashC.fbx using Guid(0f2ce72fef1509349a48c02b39305294) Importer(2089858483,b0f066a214c2f5e87bad3c948f4d605d) (ScriptedImporter) -> (artifact id: 'a092a1f78b4ee3648ad04c7154878b62') in 0.0415913 seconds
Number of updated asset objects reloaded before import = 0Number of asset objects unloaded after import = 153

========================================================================
Received Import Request.
  Time since last request: 0.000049 seconds.
  path: Assets/Studio33 Interactive_[BasketBall] v1.1/Animations/Basketball Motions_Generic/774_NpassFA.fbx
  artifactKey: Guid(a1feeeb307aa0c84382b6bd2b58f54ae) Importer(2089858483,b0f066a214c2f5e87bad3c948f4d605d)
Start importing Assets/Studio33 Interactive_[BasketBall] v1.1/Animations/Basketball Motions_Generic/774_NpassFA.fbx using Guid(a1feeeb307aa0c84382b6bd2b58f54ae) Importer(2089858483,b0f066a214c2f5e87bad3c948f4d605d) (ScriptedImporter) -> (artifact id: '254188975a36e8b674fc1617aa6550d3') in 0.032773 seconds
Number of updated asset objects reloaded before import = 0Number of asset objects unloaded after import = 153

========================================================================
Received Import Request.
  Time since last request: 0.000068 seconds.
  path: Assets/Studio33 Interactive_[BasketBall] v1.1/Animations/Basketball Motions Humanoid/2146_Dribbleright.fbx
  artifactKey: Guid(1dfc2504710f6a2409febcff39851e3a) Importer(2089858483,b0f066a214c2f5e87bad3c948f4d605d)
Start importing Assets/Studio33 Interactive_[BasketBall] v1.1/Animations/Basketball Motions Humanoid/2146_Dribbleright.fbx using Guid(1dfc2504710f6a2409febcff39851e3a) Importer(2089858483,b0f066a214c2f5e87bad3c948f4d605d) (ScriptedImporter) -> (artifact id: 'bbad3628ddf99c9570384c28c8a63235') in 0.0349419 seconds
Number of updated asset objects reloaded before import = 0Number of asset objects unloaded after import = 155

========================================================================
Received Import Request.
  Time since last request: 0.000048 seconds.
  path: Assets/Studio33 Interactive_[BasketBall] v1.1/Animations/Basketball Motions_Generic/392_CrossThSLRLA.fbx
  artifactKey: Guid(ef85a111658dc604182ae2a31c569847) Importer(2089858483,b0f066a214c2f5e87bad3c948f4d605d)
Start importing Assets/Studio33 Interactive_[BasketBall] v1.1/Animations/Basketball Motions_Generic/392_CrossThSLRLA.fbx using Guid(ef85a111658dc604182ae2a31c569847) Importer(2089858483,b0f066a214c2f5e87bad3c948f4d605d) (ScriptedImporter) -> (artifact id: 'ef59094d32c8ef6634ba1d2f6ca041b6') in 0.0337253 seconds
Number of updated asset objects reloaded before import = 0Number of asset objects unloaded after import = 153

========================================================================
Received Import Request.
  Time since last request: 0.000048 seconds.
  path: Assets/Studio33 Interactive_[BasketBall] v1.1/Animations/Basketball Motions_Generic/571_JumpshotStealFaceguard.fbx
  artifactKey: Guid(d788cf78321648540aeb34eec6ccbd11) Importer(2089858483,b0f066a214c2f5e87bad3c948f4d605d)
Start importing Assets/Studio33 Interactive_[BasketBall] v1.1/Animations/Basketball Motions_Generic/571_JumpshotStealFaceguard.fbx using Guid(d788cf78321648540aeb34eec6ccbd11) Importer(2089858483,b0f066a214c2f5e87bad3c948f4d605d) (ScriptedImporter) -> (artifact id: '03cbf30256735acb375ae890ed686788') in 0.0309837 seconds
Number of updated asset objects reloaded before import = 0Number of asset objects unloaded after import = 153

========================================================================
Received Import Request.
  Time since last request: 0.000066 seconds.
  path: Assets/Studio33 Interactive_[BasketBall] v1.1/Animations/Basketball Motions Humanoid/1821_DunkRA.fbx
  artifactKey: Guid(4d3e5957c9a4c9949be8b5e8ad7299b3) Importer(2089858483,b0f066a214c2f5e87bad3c948f4d605d)
Start importing Assets/Studio33 Interactive_[BasketBall] v1.1/Animations/Basketball Motions Humanoid/1821_DunkRA.fbx using Guid(4d3e5957c9a4c9949be8b5e8ad7299b3) Importer(2089858483,b0f066a214c2f5e87bad3c948f4d605d) (ScriptedImporter) -> (artifact id: 'e850e00401d03a143cab3f98d08c0468') in 0.0334591 seconds
Number of updated asset objects reloaded before import = 0Number of asset objects unloaded after import = 155

========================================================================
Received Import Request.
  Time since last request: 0.000036 seconds.
  path: Assets/Studio33 Interactive_[BasketBall] v1.1/Animations/Basketball Motions_Generic/1507_AlleyoopCSA.fbx
  artifactKey: Guid(d8747bfdcaaa27f448760d072bbdf443) Importer(2089858483,b0f066a214c2f5e87bad3c948f4d605d)
Start importing Assets/Studio33 Interactive_[BasketBall] v1.1/Animations/Basketball Motions_Generic/1507_AlleyoopCSA.fbx using Guid(d8747bfdcaaa27f448760d072bbdf443) Importer(2089858483,b0f066a214c2f5e87bad3c948f4d605d) (ScriptedImporter) -> (artifact id: 'ec1c36b42e8235224b294e1cac7aa204') in 0.029114 seconds
Number of updated asset objects reloaded before import = 0Number of asset objects unloaded after import = 153

========================================================================
Received Import Request.
  Time since last request: 0.000047 seconds.
  path: Assets/Studio33 Interactive_[BasketBall] v1.1/Animations/Basketball Motions Humanoid/1132_AlleyoopCLA.fbx
  artifactKey: Guid(716b6990c0f00f547804acf7419e62b2) Importer(2089858483,b0f066a214c2f5e87bad3c948f4d605d)
Start importing Assets/Studio33 Interactive_[BasketBall] v1.1/Animations/Basketball Motions Humanoid/1132_AlleyoopCLA.fbx using Guid(716b6990c0f00f547804acf7419e62b2) Importer(2089858483,b0f066a214c2f5e87bad3c948f4d605d) (ScriptedImporter) -> (artifact id: '65ca3c26c93418da4f376eda680a1447') in 0.0313497 seconds
Number of updated asset objects reloaded before import = 0Number of asset objects unloaded after import = 155

========================================================================
Received Import Request.
  Time since last request: 0.000059 seconds.
  path: Assets/Studio33 Interactive_[BasketBall] v1.1/Animations/Basketball Motions_Generic/989_Rebound rC.fbx
  artifactKey: Guid(b24c46bd54e11f84992b97c10da71fde) Importer(2089858483,b0f066a214c2f5e87bad3c948f4d605d)
Start importing Assets/Studio33 Interactive_[BasketBall] v1.1/Animations/Basketball Motions_Generic/989_Rebound rC.fbx using Guid(b24c46bd54e11f84992b97c10da71fde) Importer(2089858483,b0f066a214c2f5e87bad3c948f4d605d) (ScriptedImporter) -> (artifact id: '2a421102080c13826ce7a38241bdaec3') in 0.0255921 seconds
Number of updated asset objects reloaded before import = 0Number of asset objects unloaded after import = 153

========================================================================
Received Import Request.
  Time since last request: 0.000045 seconds.
  path: Assets/Studio33 Interactive_[BasketBall] v1.1/Animations/Basketball Motions_Generic/2086_MkJumpshotReadyFake.fbx
  artifactKey: Guid(bc94c753705d08f4ba9e0b669337e079) Importer(2089858483,b0f066a214c2f5e87bad3c948f4d605d)
Start importing Assets/Studio33 Interactive_[BasketBall] v1.1/Animations/Basketball Motions_Generic/2086_MkJumpshotReadyFake.fbx using Guid(bc94c753705d08f4ba9e0b669337e079) Importer(2089858483,b0f066a214c2f5e87bad3c948f4d605d) (ScriptedImporter) -> (artifact id: 'c36cf0f2da6b6c0cfb986ee79b64979f') in 0.0302336 seconds
Number of updated asset objects reloaded before import = 0Number of asset objects unloaded after import = 153

========================================================================
Received Import Request.
  Time since last request: 0.000036 seconds.
  path: Assets/Studio33 Interactive_[BasketBall] v1.1/33_basket ball test animations/player/Back_number/Back_number_W/Back_number_W_c19.png
  artifactKey: Guid(ae4ec28fd3202654192e2a83c36780d5) Importer(2089858483,b0f066a214c2f5e87bad3c948f4d605d)
Start importing Assets/Studio33 Interactive_[BasketBall] v1.1/33_basket ball test animations/player/Back_number/Back_number_W/Back_number_W_c19.png using Guid(ae4ec28fd3202654192e2a83c36780d5) Importer(2089858483,b0f066a214c2f5e87bad3c948f4d605d) (ScriptedImporter) -> (artifact id: '7f3860579b613eedab04909155a77189') in 0.0154726 seconds
Number of updated asset objects reloaded before import = 0Number of asset objects unloaded after import = 1

========================================================================
Received Import Request.
  Time since last request: 0.000028 seconds.
  path: Assets/Studio33 Interactive_[BasketBall] v1.1/Animations/Basketball Motions_Generic/1529_DunkRA.fbx
  artifactKey: Guid(1f54b126e901c1b4ea7c5e63a93e6650) Importer(2089858483,b0f066a214c2f5e87bad3c948f4d605d)
Start importing Assets/Studio33 Interactive_[BasketBall] v1.1/Animations/Basketball Motions_Generic/1529_DunkRA.fbx using Guid(1f54b126e901c1b4ea7c5e63a93e6650) Importer(2089858483,b0f066a214c2f5e87bad3c948f4d605d) (ScriptedImporter) -> (artifact id: '26340204a7d65bfcc3229d33edb71c5c') in 0.0254176 seconds
Number of updated asset objects reloaded before import = 0Number of asset objects unloaded after import = 153

========================================================================
Received Import Request.
  Time since last request: 0.000032 seconds.
  path: Assets/Studio33 Interactive_[BasketBall] v1.1/Animations/Basketball Motions_Generic/1579_JumpshotReadyFake.fbx
  artifactKey: Guid(15eb46020cad79540b072cc39f7bda4b) Importer(2089858483,b0f066a214c2f5e87bad3c948f4d605d)
Start importing Assets/Studio33 Interactive_[BasketBall] v1.1/Animations/Basketball Motions_Generic/1579_JumpshotReadyFake.fbx using Guid(15eb46020cad79540b072cc39f7bda4b) Importer(2089858483,b0f066a214c2f5e87bad3c948f4d605d) (ScriptedImporter) -> (artifact id: '2daef92bb9def203abf3078132956a30') in 0.0279605 seconds
Number of updated asset objects reloaded before import = 0Number of asset objects unloaded after import = 153

========================================================================
Received Import Request.
  Time since last request: 0.000051 seconds.
  path: Assets/Studio33 Interactive_[BasketBall] v1.1/Animations/Basketball Motions_Generic/343_JabstepRRA.fbx
  artifactKey: Guid(0aa4f2630ac5a404ea95df2c8615edf9) Importer(2089858483,b0f066a214c2f5e87bad3c948f4d605d)
Start importing Assets/Studio33 Interactive_[BasketBall] v1.1/Animations/Basketball Motions_Generic/343_JabstepRRA.fbx using Guid(0aa4f2630ac5a404ea95df2c8615edf9) Importer(2089858483,b0f066a214c2f5e87bad3c948f4d605d) (ScriptedImporter) -> (artifact id: 'd5bd25e7d34048fbdf590281d101eeac') in 0.0314147 seconds
Number of updated asset objects reloaded before import = 0Number of asset objects unloaded after import = 153

========================================================================
Received Import Request.
  Time since last request: 0.000035 seconds.
  path: Assets/Studio33 Interactive_[BasketBall] v1.1/Animations/Basketball Motions Humanoid/1194_DunkRA.fbx
  artifactKey: Guid(cf48fcddd99790a428ad963ba715979e) Importer(2089858483,b0f066a214c2f5e87bad3c948f4d605d)
Start importing Assets/Studio33 Interactive_[BasketBall] v1.1/Animations/Basketball Motions Humanoid/1194_DunkRA.fbx using Guid(cf48fcddd99790a428ad963ba715979e) Importer(2089858483,b0f066a214c2f5e87bad3c948f4d605d) (ScriptedImporter) -> (artifact id: 'ff328d1daa16b3a3d27f4b3e1a505b22') in 0.0317961 seconds
Number of updated asset objects reloaded before import = 0Number of asset objects unloaded after import = 155

========================================================================
Received Import Request.
  Time since last request: 0.000027 seconds.
  path: Assets/Studio33 Interactive_[BasketBall] v1.1/Animations/Basketball Motions Humanoid/736_ShootpassLayupShortRightA.fbx
  artifactKey: Guid(c5096422f57107549880ccfa14abcc59) Importer(2089858483,b0f066a214c2f5e87bad3c948f4d605d)
Start importing Assets/Studio33 Interactive_[BasketBall] v1.1/Animations/Basketball Motions Humanoid/736_ShootpassLayupShortRightA.fbx using Guid(c5096422f57107549880ccfa14abcc59) Importer(2089858483,b0f066a214c2f5e87bad3c948f4d605d) (ScriptedImporter) -> (artifact id: '1f5e7b2fba9d273fd453fc1b6478c5a7') in 0.0325401 seconds
Number of updated asset objects reloaded before import = 0Number of asset objects unloaded after import = 155

========================================================================
Received Import Request.
  Time since last request: 0.000066 seconds.
  path: Assets/Studio33 Interactive_[BasketBall] v1.1/Animations/Basketball Motions_Generic/996_Rebound tappassLongFrontA.fbx
  artifactKey: Guid(db7e86ba30dcb9f4ea01fd4c5c117e5e) Importer(2089858483,b0f066a214c2f5e87bad3c948f4d605d)
Start importing Assets/Studio33 Interactive_[BasketBall] v1.1/Animations/Basketball Motions_Generic/996_Rebound tappassLongFrontA.fbx using Guid(db7e86ba30dcb9f4ea01fd4c5c117e5e) Importer(2089858483,b0f066a214c2f5e87bad3c948f4d605d) (ScriptedImporter) -> (artifact id: '0ba3a1850f5a0e596f504ee147429e85') in 0.0260385 seconds
Number of updated asset objects reloaded before import = 0Number of asset objects unloaded after import = 153

========================================================================
Received Import Request.
  Time since last request: 0.000041 seconds.
  path: Assets/Studio33 Interactive_[BasketBall] v1.1/Animations/Basketball Motions Humanoid/90_BlockingfingertipF.fbx
  artifactKey: Guid(f47d659b1d2d4854c979497360a7374f) Importer(2089858483,b0f066a214c2f5e87bad3c948f4d605d)
Start importing Assets/Studio33 Interactive_[BasketBall] v1.1/Animations/Basketball Motions Humanoid/90_BlockingfingertipF.fbx using Guid(f47d659b1d2d4854c979497360a7374f) Importer(2089858483,b0f066a214c2f5e87bad3c948f4d605d) (ScriptedImporter) -> (artifact id: 'e57b72ce107d56da60eb7340a238b16a') in 0.0315233 seconds
Number of updated asset objects reloaded before import = 0Number of asset objects unloaded after import = 155

========================================================================
Received Import Request.
  Time since last request: 0.000042 seconds.
  path: Assets/Studio33 Interactive_[BasketBall] v1.1/Animations/Basketball Motions Humanoid/510_Dribbleright.fbx
  artifactKey: Guid(46686a9f3f8708a41b35dca507bc6691) Importer(2089858483,b0f066a214c2f5e87bad3c948f4d605d)
Start importing Assets/Studio33 Interactive_[BasketBall] v1.1/Animations/Basketball Motions Humanoid/510_Dribbleright.fbx using Guid(46686a9f3f8708a41b35dca507bc6691) Importer(2089858483,b0f066a214c2f5e87bad3c948f4d605d) (ScriptedImporter) -> (artifact id: 'ce23ea45675d63ea1bb12034c7a7aca5') in 0.0325143 seconds
Number of updated asset objects reloaded before import = 0Number of asset objects unloaded after import = 155

========================================================================
Received Import Request.
  Time since last request: 0.000033 seconds.
  path: Assets/Studio33 Interactive_[BasketBall] v1.1/Animations/Basketball Motions_Generic/182_BlockingckedLeftA.fbx
  artifactKey: Guid(38ea53196b79f3b48b6107fb843e2d6d) Importer(2089858483,b0f066a214c2f5e87bad3c948f4d605d)
Start importing Assets/Studio33 Interactive_[BasketBall] v1.1/Animations/Basketball Motions_Generic/182_BlockingckedLeftA.fbx using Guid(38ea53196b79f3b48b6107fb843e2d6d) Importer(2089858483,b0f066a214c2f5e87bad3c948f4d605d) (ScriptedImporter) -> (artifact id: '069746e3d15cf9022eaefe40272345d2') in 0.0293952 seconds
Number of updated asset objects reloaded before import = 0Number of asset objects unloaded after import = 153

========================================================================
Received Import Request.
  Time since last request: 0.000036 seconds.
  path: Assets/Studio33 Interactive_[BasketBall] v1.1/Animations/Basketball Motions Humanoid/1550_LayupCA.fbx
  artifactKey: Guid(f66f7979ad2c47040be4aee9d47951c5) Importer(2089858483,b0f066a214c2f5e87bad3c948f4d605d)
Start importing Assets/Studio33 Interactive_[BasketBall] v1.1/Animations/Basketball Motions Humanoid/1550_LayupCA.fbx using Guid(f66f7979ad2c47040be4aee9d47951c5) Importer(2089858483,b0f066a214c2f5e87bad3c948f4d605d) (ScriptedImporter) -> (artifact id: '132aa67d06c37269c28e725e23989c30') in 0.0323979 seconds
Number of updated asset objects reloaded before import = 0Number of asset objects unloaded after import = 155

========================================================================
Received Import Request.
  Time since last request: 0.000060 seconds.
  path: Assets/Studio33 Interactive_[BasketBall] v1.1/Animations/Basketball Motions_Generic/528_BehindshootMA.fbx
  artifactKey: Guid(807be3a1d1a947c4cbef90201e06fb28) Importer(2089858483,b0f066a214c2f5e87bad3c948f4d605d)
Start importing Assets/Studio33 Interactive_[BasketBall] v1.1/Animations/Basketball Motions_Generic/528_BehindshootMA.fbx using Guid(807be3a1d1a947c4cbef90201e06fb28) Importer(2089858483,b0f066a214c2f5e87bad3c948f4d605d) (ScriptedImporter) -> (artifact id: '34a4e962f76fe2541729b7b8174c42aa') in 0.0290982 seconds
Number of updated asset objects reloaded before import = 0Number of asset objects unloaded after import = 153

========================================================================
Received Import Request.
  Time since last request: 0.000032 seconds.
  path: Assets/Studio33 Interactive_[BasketBall] v1.1/Animations/Basketball Motions Humanoid/1673_AlleyoopRSA.fbx
  artifactKey: Guid(5975ffde2f314184ea76f7f511e28280) Importer(2089858483,b0f066a214c2f5e87bad3c948f4d605d)
Start importing Assets/Studio33 Interactive_[BasketBall] v1.1/Animations/Basketball Motions Humanoid/1673_AlleyoopRSA.fbx using Guid(5975ffde2f314184ea76f7f511e28280) Importer(2089858483,b0f066a214c2f5e87bad3c948f4d605d) (ScriptedImporter) -> (artifact id: '73a8631e997587a699b0e33a3aea9dd5') in 0.033995 seconds
Number of updated asset objects reloaded before import = 0Number of asset objects unloaded after import = 155

========================================================================
Received Import Request.
  Time since last request: 0.000046 seconds.
  path: Assets/Studio33 Interactive_[BasketBall] v1.1/Animations/Basketball Motions Humanoid/245_CrazystepC.fbx
  artifactKey: Guid(e84aa0180e7a97e4f8cb8718d9f243f9) Importer(2089858483,b0f066a214c2f5e87bad3c948f4d605d)
Start importing Assets/Studio33 Interactive_[BasketBall] v1.1/Animations/Basketball Motions Humanoid/245_CrazystepC.fbx using Guid(e84aa0180e7a97e4f8cb8718d9f243f9) Importer(2089858483,b0f066a214c2f5e87bad3c948f4d605d) (ScriptedImporter) -> (artifact id: '94398a7f4aab45dc772e25e29919d3f5') in 0.0293798 seconds
Number of updated asset objects reloaded before import = 0Number of asset objects unloaded after import = 155

========================================================================
Received Import Request.
  Time since last request: 0.000042 seconds.
  path: Assets/Studio33 Interactive_[BasketBall] v1.1/Animations/Basketball Motions Humanoid/1293_DunkCA.fbx
  artifactKey: Guid(fcf99f15c9bb5994f9dd2bd7341a8e2b) Importer(2089858483,b0f066a214c2f5e87bad3c948f4d605d)
Start importing Assets/Studio33 Interactive_[BasketBall] v1.1/Animations/Basketball Motions Humanoid/1293_DunkCA.fbx using Guid(fcf99f15c9bb5994f9dd2bd7341a8e2b) Importer(2089858483,b0f066a214c2f5e87bad3c948f4d605d) (ScriptedImporter) -> (artifact id: '382bd60267a2dbe0ca15a3a97524c545') in 0.0294472 seconds
Number of updated asset objects reloaded before import = 0Number of asset objects unloaded after import = 155

========================================================================
Received Import Request.
  Time since last request: 0.000048 seconds.
  path: Assets/Studio33 Interactive_[BasketBall] v1.1/Animations/Basketball Motions_Generic/638_DivCFailA.fbx
  artifactKey: Guid(f281fb4b3a19f4e418da13815c99a6c9) Importer(2089858483,b0f066a214c2f5e87bad3c948f4d605d)
Start importing Assets/Studio33 Interactive_[BasketBall] v1.1/Animations/Basketball Motions_Generic/638_DivCFailA.fbx using Guid(f281fb4b3a19f4e418da13815c99a6c9) Importer(2089858483,b0f066a214c2f5e87bad3c948f4d605d) (ScriptedImporter) -> (artifact id: '5c242df5d80ad58695d2c3141f5d5068') in 0.0319646 seconds
Number of updated asset objects reloaded before import = 0Number of asset objects unloaded after import = 153

========================================================================
Received Import Request.
  Time since last request: 0.000029 seconds.
  path: Assets/Studio33 Interactive_[BasketBall] v1.1/Animations/Basketball Motions_Generic/1552_LayupRA.fbx
  artifactKey: Guid(b42a84e551c56c6468e3afa93740c2fd) Importer(2089858483,b0f066a214c2f5e87bad3c948f4d605d)
Start importing Assets/Studio33 Interactive_[BasketBall] v1.1/Animations/Basketball Motions_Generic/1552_LayupRA.fbx using Guid(b42a84e551c56c6468e3afa93740c2fd) Importer(2089858483,b0f066a214c2f5e87bad3c948f4d605d) (ScriptedImporter) -> (artifact id: 'fbd07aa2f76642627c0cd5e0a1819c59') in 0.0318069 seconds
Number of updated asset objects reloaded before import = 0Number of asset objects unloaded after import = 153

========================================================================
Received Import Request.
  Time since last request: 0.000038 seconds.
  path: Assets/Studio33 Interactive_[BasketBall] v1.1/Animations/Basketball Motions_Generic/260_CrossFakeThLRL.fbx
  artifactKey: Guid(da4a9b2d488fd5549964f7917659ed27) Importer(2089858483,b0f066a214c2f5e87bad3c948f4d605d)
Start importing Assets/Studio33 Interactive_[BasketBall] v1.1/Animations/Basketball Motions_Generic/260_CrossFakeThLRL.fbx using Guid(da4a9b2d488fd5549964f7917659ed27) Importer(2089858483,b0f066a214c2f5e87bad3c948f4d605d) (ScriptedImporter) -> (artifact id: '80b26230f8eb1fa4c6c25d10950738d3') in 0.0273288 seconds
Number of updated asset objects reloaded before import = 0Number of asset objects unloaded after import = 153

========================================================================
Received Import Request.
  Time since last request: 0.000044 seconds.
  path: Assets/Studio33 Interactive_[BasketBall] v1.1/Animations/Basketball Motions Humanoid/897_PostTurfadeawayRA.fbx
  artifactKey: Guid(da50a011007ac1244b856017a82c767d) Importer(2089858483,b0f066a214c2f5e87bad3c948f4d605d)
Start importing Assets/Studio33 Interactive_[BasketBall] v1.1/Animations/Basketball Motions Humanoid/897_PostTurfadeawayRA.fbx using Guid(da50a011007ac1244b856017a82c767d) Importer(2089858483,b0f066a214c2f5e87bad3c948f4d605d) (ScriptedImporter) -> (artifact id: '23657448d31cf1c5df8fbd8930da9207') in 0.0301545 seconds
Number of updated asset objects reloaded before import = 0Number of asset objects unloaded after import = 155

========================================================================
Received Import Request.
  Time since last request: 0.000038 seconds.
  path: Assets/Studio33 Interactive_[BasketBall] v1.1/Animations/Basketball Motions_Generic/867_PassirA.fbx
  artifactKey: Guid(634d93f28faeb264a88f66409e43a9b7) Importer(2089858483,b0f066a214c2f5e87bad3c948f4d605d)
Start importing Assets/Studio33 Interactive_[BasketBall] v1.1/Animations/Basketball Motions_Generic/867_PassirA.fbx using Guid(634d93f28faeb264a88f66409e43a9b7) Importer(2089858483,b0f066a214c2f5e87bad3c948f4d605d) (ScriptedImporter) -> (artifact id: '40cf44dc378261f52ea9ccb86d764831') in 0.0308039 seconds
Number of updated asset objects reloaded before import = 0Number of asset objects unloaded after import = 153

========================================================================
Received Import Request.
  Time since last request: 0.000028 seconds.
  path: Assets/Studio33 Interactive_[BasketBall] v1.1/Animations/Basketball Motions_Generic/892_PostSpirightLA.fbx
  artifactKey: Guid(a876585d276f2e7469ca8935cccb1d57) Importer(2089858483,b0f066a214c2f5e87bad3c948f4d605d)
Start importing Assets/Studio33 Interactive_[BasketBall] v1.1/Animations/Basketball Motions_Generic/892_PostSpirightLA.fbx using Guid(a876585d276f2e7469ca8935cccb1d57) Importer(2089858483,b0f066a214c2f5e87bad3c948f4d605d) (ScriptedImporter) -> (artifact id: 'fcdec4bdbb73c30cb45ab1b738df537b') in 0.0374532 seconds
Number of updated asset objects reloaded before import = 0Number of asset objects unloaded after import = 153

========================================================================
Received Import Request.
  Time since last request: 0.000044 seconds.
  path: Assets/Studio33 Interactive_[BasketBall] v1.1/Animations/Basketball Motions_Generic/1453_DunkRA.fbx
  artifactKey: Guid(6e7b8587d2521404da67c84490349901) Importer(2089858483,b0f066a214c2f5e87bad3c948f4d605d)
Start importing Assets/Studio33 Interactive_[BasketBall] v1.1/Animations/Basketball Motions_Generic/1453_DunkRA.fbx using Guid(6e7b8587d2521404da67c84490349901) Importer(2089858483,b0f066a214c2f5e87bad3c948f4d605d) (ScriptedImporter) -> (artifact id: '2562d59af1c11f4e841294257a4a7078') in 0.0290203 seconds
Number of updated asset objects reloaded before import = 0Number of asset objects unloaded after import = 153

========================================================================
Received Import Request.
  Time since last request: 0.000043 seconds.
  path: Assets/Studio33 Interactive_[BasketBall] v1.1/Animations/Basketball Motions Humanoid/2154_StealdodgeA.fbx
  artifactKey: Guid(2768528ed431fa94998f7ded79298c7c) Importer(2089858483,b0f066a214c2f5e87bad3c948f4d605d)
Start importing Assets/Studio33 Interactive_[BasketBall] v1.1/Animations/Basketball Motions Humanoid/2154_StealdodgeA.fbx using Guid(2768528ed431fa94998f7ded79298c7c) Importer(2089858483,b0f066a214c2f5e87bad3c948f4d605d) (ScriptedImporter) -> (artifact id: '2d0effb0b99c1b56c4a995bead82a1e5') in 0.031517 seconds
Number of updated asset objects reloaded before import = 0Number of asset objects unloaded after import = 155

========================================================================
Received Import Request.
  Time since last request: 0.000072 seconds.
  path: Assets/Studio33 Interactive_[BasketBall] v1.1/Animations/Basketball Motions_Generic/2062_DunkRRevA.fbx
  artifactKey: Guid(dc28fa33e10292140b4683e37bfec692) Importer(2089858483,b0f066a214c2f5e87bad3c948f4d605d)
Start importing Assets/Studio33 Interactive_[BasketBall] v1.1/Animations/Basketball Motions_Generic/2062_DunkRRevA.fbx using Guid(dc28fa33e10292140b4683e37bfec692) Importer(2089858483,b0f066a214c2f5e87bad3c948f4d605d) (ScriptedImporter) -> (artifact id: '2f4067dbe2c84f819d31298c21308d95') in 0.0305247 seconds
Number of updated asset objects reloaded before import = 0Number of asset objects unloaded after import = 153

========================================================================
Received Import Request.
  Time since last request: 0.000038 seconds.
  path: Assets/Studio33 Interactive_[BasketBall] v1.1/Animations/Basketball Motions Humanoid/1206_DunkRA.fbx
  artifactKey: Guid(608349365a660aa41afffcb62c59dbd3) Importer(2089858483,b0f066a214c2f5e87bad3c948f4d605d)
Start importing Assets/Studio33 Interactive_[BasketBall] v1.1/Animations/Basketball Motions Humanoid/1206_DunkRA.fbx using Guid(608349365a660aa41afffcb62c59dbd3) Importer(2089858483,b0f066a214c2f5e87bad3c948f4d605d) (ScriptedImporter) -> (artifact id: 'e2238dc36c25d8798354cae75075a1c9') in 0.037464 seconds
Number of updated asset objects reloaded before import = 0Number of asset objects unloaded after import = 155

========================================================================
Received Import Request.
  Time since last request: 0.000036 seconds.
  path: Assets/Studio33 Interactive_[BasketBall] v1.1/Animations/Basketball Motions Humanoid/314_TwostepFRA.fbx
  artifactKey: Guid(1bf5930621f2caf488fd49c8cdcd1675) Importer(2089858483,b0f066a214c2f5e87bad3c948f4d605d)
Start importing Assets/Studio33 Interactive_[BasketBall] v1.1/Animations/Basketball Motions Humanoid/314_TwostepFRA.fbx using Guid(1bf5930621f2caf488fd49c8cdcd1675) Importer(2089858483,b0f066a214c2f5e87bad3c948f4d605d) (ScriptedImporter) -> (artifact id: '1fd89cb157070833bf980075217cb0bd') in 0.0287126 seconds
Number of updated asset objects reloaded before import = 0Number of asset objects unloaded after import = 155

========================================================================
Received Import Request.
  Time since last request: 0.000030 seconds.
  path: Assets/Studio33 Interactive_[BasketBall] v1.1/Animations/Basketball Motions_Generic/545_SpikeshootMFakeA.fbx
  artifactKey: Guid(2c1a047b25f262140923f5d0d0e8a051) Importer(2089858483,b0f066a214c2f5e87bad3c948f4d605d)
Start importing Assets/Studio33 Interactive_[BasketBall] v1.1/Animations/Basketball Motions_Generic/545_SpikeshootMFakeA.fbx using Guid(2c1a047b25f262140923f5d0d0e8a051) Importer(2089858483,b0f066a214c2f5e87bad3c948f4d605d) (ScriptedImporter) -> (artifact id: '49c147aef7f0f9ff9d27e1a781a9192f') in 0.0274572 seconds
Number of updated asset objects reloaded before import = 0Number of asset objects unloaded after import = 153

========================================================================
Received Import Request.
  Time since last request: 0.000061 seconds.
  path: Assets/Studio33 Interactive_[BasketBall] v1.1/Animations/Basketball Motions Humanoid/1895_BjDunkRA.fbx
  artifactKey: Guid(e5ed07d5f7da4844dbe97ccd20d71e3b) Importer(2089858483,b0f066a214c2f5e87bad3c948f4d605d)
Start importing Assets/Studio33 Interactive_[BasketBall] v1.1/Animations/Basketball Motions Humanoid/1895_BjDunkRA.fbx using Guid(e5ed07d5f7da4844dbe97ccd20d71e3b) Importer(2089858483,b0f066a214c2f5e87bad3c948f4d605d) (ScriptedImporter) -> (artifact id: 'b107caa699b88d00b41ccf3fd6afc59f') in 0.0293144 seconds
Number of updated asset objects reloaded before import = 0Number of asset objects unloaded after import = 155

========================================================================
Received Import Request.
  Time since last request: 0.000059 seconds.
  path: Assets/Studio33 Interactive_[BasketBall] v1.1/Animations/Basketball Motions_Generic/1075_ScreefalingRightA.fbx
  artifactKey: Guid(b0eedf331cabbcb43ab98a6d35c35ff8) Importer(2089858483,b0f066a214c2f5e87bad3c948f4d605d)
Start importing Assets/Studio33 Interactive_[BasketBall] v1.1/Animations/Basketball Motions_Generic/1075_ScreefalingRightA.fbx using Guid(b0eedf331cabbcb43ab98a6d35c35ff8) Importer(2089858483,b0f066a214c2f5e87bad3c948f4d605d) (ScriptedImporter) -> (artifact id: '2ed53e61a8984992affb872f68632791') in 0.0289747 seconds
Number of updated asset objects reloaded before import = 0Number of asset objects unloaded after import = 153

========================================================================
Received Import Request.
  Time since last request: 0.000030 seconds.
  path: Assets/Studio33 Interactive_[BasketBall] v1.1/Animations/Basketball Motions_Generic/258_CrossFakeStepRRTrB.fbx
  artifactKey: Guid(1f96bcb23a709fb4f9e169a90369e886) Importer(2089858483,b0f066a214c2f5e87bad3c948f4d605d)
Start importing Assets/Studio33 Interactive_[BasketBall] v1.1/Animations/Basketball Motions_Generic/258_CrossFakeStepRRTrB.fbx using Guid(1f96bcb23a709fb4f9e169a90369e886) Importer(2089858483,b0f066a214c2f5e87bad3c948f4d605d) (ScriptedImporter) -> (artifact id: 'f1ea7d46b4570f3b8102dcff2a821981') in 0.0289394 seconds
Number of updated asset objects reloaded before import = 0Number of asset objects unloaded after import = 153

========================================================================
Received Import Request.
  Time since last request: 0.000043 seconds.
  path: Assets/Studio33 Interactive_[BasketBall] v1.1/Animations/Basketball Motions Humanoid/808_AlleyooppassRevA.fbx
  artifactKey: Guid(c8d7f9ac1b44e974a8ffaae7395a3c0e) Importer(2089858483,b0f066a214c2f5e87bad3c948f4d605d)
Start importing Assets/Studio33 Interactive_[BasketBall] v1.1/Animations/Basketball Motions Humanoid/808_AlleyooppassRevA.fbx using Guid(c8d7f9ac1b44e974a8ffaae7395a3c0e) Importer(2089858483,b0f066a214c2f5e87bad3c948f4d605d) (ScriptedImporter) -> (artifact id: 'aa0e3079985e12e01c5a24bfc736c705') in 0.0340568 seconds
Number of updated asset objects reloaded before import = 0Number of asset objects unloaded after import = 155

========================================================================
Received Import Request.
  Time since last request: 0.000044 seconds.
  path: Assets/Studio33 Interactive_[BasketBall] v1.1/Animations/Basketball Motions_Generic/86_BlockingckpassShortJumpFLA.fbx
  artifactKey: Guid(09451b149f42bfb4ea5dcca8baac7021) Importer(2089858483,b0f066a214c2f5e87bad3c948f4d605d)
Start importing Assets/Studio33 Interactive_[BasketBall] v1.1/Animations/Basketball Motions_Generic/86_BlockingckpassShortJumpFLA.fbx using Guid(09451b149f42bfb4ea5dcca8baac7021) Importer(2089858483,b0f066a214c2f5e87bad3c948f4d605d) (ScriptedImporter) -> (artifact id: '682bbbdf211db0dd623f0d1f11eedabf') in 0.0307583 seconds
Number of updated asset objects reloaded before import = 0Number of asset objects unloaded after import = 153

========================================================================
Received Import Request.
  Time since last request: 0.000029 seconds.
  path: Assets/Studio33 Interactive_[BasketBall] v1.1/Animations/Basketball Motions Humanoid/360_CrossEurostepLayupC.fbx
  artifactKey: Guid(e1da9f0ba146ffd4bac2dbb8c1b3c720) Importer(2089858483,b0f066a214c2f5e87bad3c948f4d605d)
Start importing Assets/Studio33 Interactive_[BasketBall] v1.1/Animations/Basketball Motions Humanoid/360_CrossEurostepLayupC.fbx using Guid(e1da9f0ba146ffd4bac2dbb8c1b3c720) Importer(2089858483,b0f066a214c2f5e87bad3c948f4d605d) (ScriptedImporter) -> (artifact id: '3073b2d971c320273a0f853da4c873f9') in 0.0331174 seconds
Number of updated asset objects reloaded before import = 0Number of asset objects unloaded after import = 155

========================================================================
Received Import Request.
  Time since last request: 0.000038 seconds.
  path: Assets/Studio33 Interactive_[BasketBall] v1.1/Animations/Basketball Motions Humanoid/1030_TappassDash.fbx
  artifactKey: Guid(ee41681118b896c4b829962ccda26016) Importer(2089858483,b0f066a214c2f5e87bad3c948f4d605d)
Start importing Assets/Studio33 Interactive_[BasketBall] v1.1/Animations/Basketball Motions Humanoid/1030_TappassDash.fbx using Guid(ee41681118b896c4b829962ccda26016) Importer(2089858483,b0f066a214c2f5e87bad3c948f4d605d) (ScriptedImporter) -> (artifact id: '89990ff37d278ed2900b15edab72e07c') in 0.0259445 seconds
Number of updated asset objects reloaded before import = 0Number of asset objects unloaded after import = 155

========================================================================
Received Import Request.
  Time since last request: 0.000035 seconds.
  path: Assets/Studio33 Interactive_[BasketBall] v1.1/Animations/Basketball Motions_Generic/1673_AlleyoopRSA.fbx
  artifactKey: Guid(e9781d652074275419de146f7ff754ef) Importer(2089858483,b0f066a214c2f5e87bad3c948f4d605d)
Start importing Assets/Studio33 Interactive_[BasketBall] v1.1/Animations/Basketball Motions_Generic/1673_AlleyoopRSA.fbx using Guid(e9781d652074275419de146f7ff754ef) Importer(2089858483,b0f066a214c2f5e87bad3c948f4d605d) (ScriptedImporter) -> (artifact id: 'd3b076b986ff94af6dcbc0875e09879a') in 0.0269815 seconds
Number of updated asset objects reloaded before import = 0Number of asset objects unloaded after import = 153

========================================================================
Received Import Request.
  Time since last request: 0.000044 seconds.
  path: Assets/Studio33 Interactive_[BasketBall] v1.1/Animations/Basketball Motions_Generic/2162_PivotLFA.fbx
  artifactKey: Guid(2527d1648ccc2dd4e995c4dadf628e52) Importer(2089858483,b0f066a214c2f5e87bad3c948f4d605d)
Start importing Assets/Studio33 Interactive_[BasketBall] v1.1/Animations/Basketball Motions_Generic/2162_PivotLFA.fbx using Guid(2527d1648ccc2dd4e995c4dadf628e52) Importer(2089858483,b0f066a214c2f5e87bad3c948f4d605d) (ScriptedImporter) -> (artifact id: '983f12eab23edf90471c18bc59fd3c34') in 0.0236116 seconds
Number of updated asset objects reloaded before import = 0Number of asset objects unloaded after import = 153

========================================================================
Received Import Request.
  Time since last request: 0.000054 seconds.
  path: Assets/Studio33 Interactive_[BasketBall] v1.1/Animations/Basketball Motions_Generic/275_CrossThRRRA.fbx
  artifactKey: Guid(8b36bbe05fafc69478c1d42b9bff7f70) Importer(2089858483,b0f066a214c2f5e87bad3c948f4d605d)
Start importing Assets/Studio33 Interactive_[BasketBall] v1.1/Animations/Basketball Motions_Generic/275_CrossThRRRA.fbx using Guid(8b36bbe05fafc69478c1d42b9bff7f70) Importer(2089858483,b0f066a214c2f5e87bad3c948f4d605d) (ScriptedImporter) -> (artifact id: '4e8411ac321fa756e003fdbea7e2bd30') in 0.0258804 seconds
Number of updated asset objects reloaded before import = 0Number of asset objects unloaded after import = 153

========================================================================
Received Import Request.
  Time since last request: 0.000042 seconds.
  path: Assets/Studio33 Interactive_[BasketBall] v1.1/Animations/Basketball Motions Humanoid/188_AirSmafrontA.fbx
  artifactKey: Guid(c641f15577d125642adcb3526c84719c) Importer(2089858483,b0f066a214c2f5e87bad3c948f4d605d)
Start importing Assets/Studio33 Interactive_[BasketBall] v1.1/Animations/Basketball Motions Humanoid/188_AirSmafrontA.fbx using Guid(c641f15577d125642adcb3526c84719c) Importer(2089858483,b0f066a214c2f5e87bad3c948f4d605d) (ScriptedImporter) -> (artifact id: 'd4fd4e11fc29384b397bb44593e3d41b') in 0.0286585 seconds
Number of updated asset objects reloaded before import = 0Number of asset objects unloaded after import = 155

========================================================================
Received Import Request.
  Time since last request: 0.000048 seconds.
  path: Assets/Studio33 Interactive_[BasketBall] v1.1/Animations/Basketball Motions Humanoid/1478_AlleyoopCLA.fbx
  artifactKey: Guid(adcf7cfe77e35b94492202d49c222572) Importer(2089858483,b0f066a214c2f5e87bad3c948f4d605d)
Start importing Assets/Studio33 Interactive_[BasketBall] v1.1/Animations/Basketball Motions Humanoid/1478_AlleyoopCLA.fbx using Guid(adcf7cfe77e35b94492202d49c222572) Importer(2089858483,b0f066a214c2f5e87bad3c948f4d605d) (ScriptedImporter) -> (artifact id: '30d01a1b04cc6c531abb8d979fd341f1') in 0.0261693 seconds
Number of updated asset objects reloaded before import = 0Number of asset objects unloaded after import = 155

========================================================================
Received Import Request.
  Time since last request: 0.000039 seconds.
  path: Assets/Studio33 Interactive_[BasketBall] v1.1/Animations/Basketball Motions_Generic/189_AirSmarightA.fbx
  artifactKey: Guid(7fb44de7f9b5cc845add033d9b0ea85e) Importer(2089858483,b0f066a214c2f5e87bad3c948f4d605d)
Start importing Assets/Studio33 Interactive_[BasketBall] v1.1/Animations/Basketball Motions_Generic/189_AirSmarightA.fbx using Guid(7fb44de7f9b5cc845add033d9b0ea85e) Importer(2089858483,b0f066a214c2f5e87bad3c948f4d605d) (ScriptedImporter) -> (artifact id: 'ae9aa8f4e4ecb2147f7296e230578811') in 0.0286012 seconds
Number of updated asset objects reloaded before import = 0Number of asset objects unloaded after import = 153

========================================================================
Received Import Request.
  Time since last request: 0.000029 seconds.
  path: Assets/Studio33 Interactive_[BasketBall] v1.1/Animations/Basketball Motions_Generic/1559_LayupRA.fbx
  artifactKey: Guid(5cfc504a43b62bb44951fc2d433a1f41) Importer(2089858483,b0f066a214c2f5e87bad3c948f4d605d)
Start importing Assets/Studio33 Interactive_[BasketBall] v1.1/Animations/Basketball Motions_Generic/1559_LayupRA.fbx using Guid(5cfc504a43b62bb44951fc2d433a1f41) Importer(2089858483,b0f066a214c2f5e87bad3c948f4d605d) (ScriptedImporter) -> (artifact id: 'e8ae1f521bbf010245c386f1f78aff96') in 0.0275348 seconds
Number of updated asset objects reloaded before import = 0Number of asset objects unloaded after import = 153

========================================================================
Received Import Request.
  Time since last request: 0.000033 seconds.
  path: Assets/Studio33 Interactive_[BasketBall] v1.1/Animations/Basketball Motions_Generic/2010_DunkCB.fbx
  artifactKey: Guid(d98efe711ee19b242890180b622f30ad) Importer(2089858483,b0f066a214c2f5e87bad3c948f4d605d)
Start importing Assets/Studio33 Interactive_[BasketBall] v1.1/Animations/Basketball Motions_Generic/2010_DunkCB.fbx using Guid(d98efe711ee19b242890180b622f30ad) Importer(2089858483,b0f066a214c2f5e87bad3c948f4d605d) (ScriptedImporter) -> (artifact id: '777a95d6a9c3686512be1dd33feeb693') in 0.0311301 seconds
Number of updated asset objects reloaded before import = 0Number of asset objects unloaded after import = 153

========================================================================
Received Import Request.
  Time since last request: 0.000036 seconds.
  path: Assets/Studio33 Interactive_[BasketBall] v1.1/Animations/Basketball Motions_Generic/293_JabstepRRA.fbx
  artifactKey: Guid(f3fbb2dc2efe2424993acb30866af355) Importer(2089858483,b0f066a214c2f5e87bad3c948f4d605d)
Start importing Assets/Studio33 Interactive_[BasketBall] v1.1/Animations/Basketball Motions_Generic/293_JabstepRRA.fbx using Guid(f3fbb2dc2efe2424993acb30866af355) Importer(2089858483,b0f066a214c2f5e87bad3c948f4d605d) (ScriptedImporter) -> (artifact id: '462cbb5b947340bab3c1237147d73b1e') in 0.0247455 seconds
Number of updated asset objects reloaded before import = 0Number of asset objects unloaded after import = 153

========================================================================
Received Import Request.
  Time since last request: 0.000039 seconds.
  path: Assets/Studio33 Interactive_[BasketBall] v1.1/Animations/Basketball Motions_Generic/536_OhpowerslcA.fbx
  artifactKey: Guid(3ab0d2ce1e3b5f2459a52142fdb611f5) Importer(2089858483,b0f066a214c2f5e87bad3c948f4d605d)
Start importing Assets/Studio33 Interactive_[BasketBall] v1.1/Animations/Basketball Motions_Generic/536_OhpowerslcA.fbx using Guid(3ab0d2ce1e3b5f2459a52142fdb611f5) Importer(2089858483,b0f066a214c2f5e87bad3c948f4d605d) (ScriptedImporter) -> (artifact id: 'a0a39409080be484e007069bdb4a5ce3') in 0.030543 seconds
Number of updated asset objects reloaded before import = 0Number of asset objects unloaded after import = 153

========================================================================
Received Import Request.
  Time since last request: 0.000029 seconds.
  path: Assets/Studio33 Interactive_[BasketBall] v1.1/Animations/Basketball Motions_Generic/510_Dribbleright.fbx
  artifactKey: Guid(52f84865483ef774384ca7c77056e2e1) Importer(2089858483,b0f066a214c2f5e87bad3c948f4d605d)
Start importing Assets/Studio33 Interactive_[BasketBall] v1.1/Animations/Basketball Motions_Generic/510_Dribbleright.fbx using Guid(52f84865483ef774384ca7c77056e2e1) Importer(2089858483,b0f066a214c2f5e87bad3c948f4d605d) (ScriptedImporter) -> (artifact id: 'fefb36ce93b75a97ab5190c709ec48b2') in 0.0278494 seconds
Number of updated asset objects reloaded before import = 0Number of asset objects unloaded after import = 153

========================================================================
Received Import Request.
  Time since last request: 0.000030 seconds.
  path: Assets/Studio33 Interactive_[BasketBall] v1.1/Animations/Basketball Motions Humanoid/94_BlockinglongFarL.fbx
  artifactKey: Guid(92820b128d7991048838f1716843810e) Importer(2089858483,b0f066a214c2f5e87bad3c948f4d605d)
Start importing Assets/Studio33 Interactive_[BasketBall] v1.1/Animations/Basketball Motions Humanoid/94_BlockinglongFarL.fbx using Guid(92820b128d7991048838f1716843810e) Importer(2089858483,b0f066a214c2f5e87bad3c948f4d605d) (ScriptedImporter) -> (artifact id: '678072fa353abfa3a8ba3198a2ee30cc') in 0.0336113 seconds
Number of updated asset objects reloaded before import = 0Number of asset objects unloaded after import = 155

========================================================================
Received Import Request.
  Time since last request: 0.000032 seconds.
  path: Assets/Studio33 Interactive_[BasketBall] v1.1/Animations/Basketball Motions Humanoid/1732_DunkRA.fbx
  artifactKey: Guid(73d94edb45eab504eb707e1095880993) Importer(2089858483,b0f066a214c2f5e87bad3c948f4d605d)
Start importing Assets/Studio33 Interactive_[BasketBall] v1.1/Animations/Basketball Motions Humanoid/1732_DunkRA.fbx using Guid(73d94edb45eab504eb707e1095880993) Importer(2089858483,b0f066a214c2f5e87bad3c948f4d605d) (ScriptedImporter) -> (artifact id: 'b27bbb17faf6a93f476a910a09d07d11') in 0.0309714 seconds
Number of updated asset objects reloaded before import = 0Number of asset objects unloaded after import = 155

========================================================================
Received Import Request.
  Time since last request: 0.000096 seconds.
  path: Assets/Studio33 Interactive_[BasketBall] v1.1/Animations/Basketball Motions_Generic/1304_DunkRA.fbx
  artifactKey: Guid(06baca0b2e2776d4c92e616071c896d9) Importer(2089858483,b0f066a214c2f5e87bad3c948f4d605d)
Start importing Assets/Studio33 Interactive_[BasketBall] v1.1/Animations/Basketball Motions_Generic/1304_DunkRA.fbx using Guid(06baca0b2e2776d4c92e616071c896d9) Importer(2089858483,b0f066a214c2f5e87bad3c948f4d605d) (ScriptedImporter) -> (artifact id: 'c2be767ea6972cfb0b99c2f436fbd978') in 0.0309562 seconds
Number of updated asset objects reloaded before import = 0Number of asset objects unloaded after import = 153

========================================================================
Received Import Request.
  Time since last request: 0.000028 seconds.
  path: Assets/Studio33 Interactive_[BasketBall] v1.1/Animations/Basketball Motions_Generic/984_Rebound fC.fbx
  artifactKey: Guid(6f4da6bea4c33fa4fb9b8ddf91bb0a8a) Importer(2089858483,b0f066a214c2f5e87bad3c948f4d605d)
Start importing Assets/Studio33 Interactive_[BasketBall] v1.1/Animations/Basketball Motions_Generic/984_Rebound fC.fbx using Guid(6f4da6bea4c33fa4fb9b8ddf91bb0a8a) Importer(2089858483,b0f066a214c2f5e87bad3c948f4d605d) (ScriptedImporter) -> (artifact id: 'fc8bc80e84df0b171c6470766af19cef') in 0.0270358 seconds
Number of updated asset objects reloaded before import = 0Number of asset objects unloaded after import = 153

========================================================================
Received Import Request.
  Time since last request: 0.000038 seconds.
  path: Assets/Studio33 Interactive_[BasketBall] v1.1/Animations/Basketball Motions_Generic/1359_JumpshotMFakeA.fbx
  artifactKey: Guid(fa6ef924b948c51498a558428506fdb3) Importer(2089858483,b0f066a214c2f5e87bad3c948f4d605d)
Start importing Assets/Studio33 Interactive_[BasketBall] v1.1/Animations/Basketball Motions_Generic/1359_JumpshotMFakeA.fbx using Guid(fa6ef924b948c51498a558428506fdb3) Importer(2089858483,b0f066a214c2f5e87bad3c948f4d605d) (ScriptedImporter) -> (artifact id: '4ec9258fbf04390e3a54037191bffba3') in 0.0269396 seconds
Number of updated asset objects reloaded before import = 0Number of asset objects unloaded after import = 153

========================================================================
Received Import Request.
  Time since last request: 0.000040 seconds.
  path: Assets/Studio33 Interactive_[BasketBall] v1.1/Animations/Basketball Motions Humanoid/1362_JumpshotMFakeA.fbx
  artifactKey: Guid(d13aca1cb3543e54d91c4fcd79b8b06c) Importer(2089858483,b0f066a214c2f5e87bad3c948f4d605d)
Start importing Assets/Studio33 Interactive_[BasketBall] v1.1/Animations/Basketball Motions Humanoid/1362_JumpshotMFakeA.fbx using Guid(d13aca1cb3543e54d91c4fcd79b8b06c) Importer(2089858483,b0f066a214c2f5e87bad3c948f4d605d) (ScriptedImporter) -> (artifact id: '80f349c189ee9a143436764edcc8f3cb') in 0.0415232 seconds
Number of updated asset objects reloaded before import = 0Number of asset objects unloaded after import = 155

========================================================================
Received Import Request.
  Time since last request: 0.000042 seconds.
  path: Assets/Studio33 Interactive_[BasketBall] v1.1/Animations/Basketball Motions Humanoid/676_DashStop.fbx
  artifactKey: Guid(a342b2eb598f04e43baefdcb1372ea25) Importer(2089858483,b0f066a214c2f5e87bad3c948f4d605d)
Start importing Assets/Studio33 Interactive_[BasketBall] v1.1/Animations/Basketball Motions Humanoid/676_DashStop.fbx using Guid(a342b2eb598f04e43baefdcb1372ea25) Importer(2089858483,b0f066a214c2f5e87bad3c948f4d605d) (ScriptedImporter) -> (artifact id: 'df9719acbb3a54e113ae1b7f53548be1') in 0.0364527 seconds
Number of updated asset objects reloaded before import = 0Number of asset objects unloaded after import = 155

========================================================================
Received Import Request.
  Time since last request: 0.000032 seconds.
  path: Assets/Studio33 Interactive_[BasketBall] v1.1/Animations/Basketball Motions Humanoid/113_Shadowblolong.fbx
  artifactKey: Guid(332f4b1082421314aa2d04e768039085) Importer(2089858483,b0f066a214c2f5e87bad3c948f4d605d)
Start importing Assets/Studio33 Interactive_[BasketBall] v1.1/Animations/Basketball Motions Humanoid/113_Shadowblolong.fbx using Guid(332f4b1082421314aa2d04e768039085) Importer(2089858483,b0f066a214c2f5e87bad3c948f4d605d) (ScriptedImporter) -> (artifact id: '1c489a5eb9c67d4b1e342dc4eb38a9a9') in 0.0331275 seconds
Number of updated asset objects reloaded before import = 0Number of asset objects unloaded after import = 155

========================================================================
Received Import Request.
  Time since last request: 0.000046 seconds.
  path: Assets/Studio33 Interactive_[BasketBall] v1.1/Animations/Basketball Motions_Generic/1100_ScreequickStepA.fbx
  artifactKey: Guid(99998d3015af38849a3ae53cd7bdca5b) Importer(2089858483,b0f066a214c2f5e87bad3c948f4d605d)
Start importing Assets/Studio33 Interactive_[BasketBall] v1.1/Animations/Basketball Motions_Generic/1100_ScreequickStepA.fbx using Guid(99998d3015af38849a3ae53cd7bdca5b) Importer(2089858483,b0f066a214c2f5e87bad3c948f4d605d) (ScriptedImporter) -> (artifact id: '437cde75011c3b4f762e96e2e763504e') in 0.0277722 seconds
Number of updated asset objects reloaded before import = 0Number of asset objects unloaded after import = 153

========================================================================
Received Import Request.
  Time since last request: 0.000047 seconds.
  path: Assets/Studio33 Interactive_[BasketBall] v1.1/Animations/Basketball Motions Humanoid/469_ChangeRightRA.fbx
  artifactKey: Guid(97af4f45a649c0949afcd498b26640f6) Importer(2089858483,b0f066a214c2f5e87bad3c948f4d605d)
Start importing Assets/Studio33 Interactive_[BasketBall] v1.1/Animations/Basketball Motions Humanoid/469_ChangeRightRA.fbx using Guid(97af4f45a649c0949afcd498b26640f6) Importer(2089858483,b0f066a214c2f5e87bad3c948f4d605d) (ScriptedImporter) -> (artifact id: 'b17eeebf9dfe490c1bf10b1c868e38a7') in 0.0329979 seconds
Number of updated asset objects reloaded before import = 0Number of asset objects unloaded after import = 155

========================================================================
Received Import Request.
  Time since last request: 0.000042 seconds.
  path: Assets/Studio33 Interactive_[BasketBall] v1.1/Animations/Basketball Motions_Generic/5_PostBackingStepA.fbx
  artifactKey: Guid(0d3299edabe74b24e87efb1ad2344b4b) Importer(2089858483,b0f066a214c2f5e87bad3c948f4d605d)
Start importing Assets/Studio33 Interactive_[BasketBall] v1.1/Animations/Basketball Motions_Generic/5_PostBackingStepA.fbx using Guid(0d3299edabe74b24e87efb1ad2344b4b) Importer(2089858483,b0f066a214c2f5e87bad3c948f4d605d) (ScriptedImporter) -> (artifact id: 'e02e92c411740c3771e766839b6718a3') in 0.029709 seconds
Number of updated asset objects reloaded before import = 0Number of asset objects unloaded after import = 153

========================================================================
Received Import Request.
  Time since last request: 0.000038 seconds.
  path: Assets/Studio33 Interactive_[BasketBall] v1.1/Animations/Basketball Motions_Generic/628_DivCA.fbx
  artifactKey: Guid(575575ff11840214e907602f753fdb26) Importer(2089858483,b0f066a214c2f5e87bad3c948f4d605d)
Start importing Assets/Studio33 Interactive_[BasketBall] v1.1/Animations/Basketball Motions_Generic/628_DivCA.fbx using Guid(575575ff11840214e907602f753fdb26) Importer(2089858483,b0f066a214c2f5e87bad3c948f4d605d) (ScriptedImporter) -> (artifact id: 'ad5600de926f34135e3439d36ca47d05') in 0.0274153 seconds
Number of updated asset objects reloaded before import = 0Number of asset objects unloaded after import = 153

========================================================================
Received Import Request.
  Time since last request: 0.000050 seconds.
  path: Assets/Studio33 Interactive_[BasketBall] v1.1/Animations/Basketball Motions Humanoid/1710_TurfrontFakeA.fbx
  artifactKey: Guid(dd813a585458f8746b2fbde5a2934286) Importer(2089858483,b0f066a214c2f5e87bad3c948f4d605d)
Start importing Assets/Studio33 Interactive_[BasketBall] v1.1/Animations/Basketball Motions Humanoid/1710_TurfrontFakeA.fbx using Guid(dd813a585458f8746b2fbde5a2934286) Importer(2089858483,b0f066a214c2f5e87bad3c948f4d605d) (ScriptedImporter) -> (artifact id: '605ec89445f0246759380cacae1faa08') in 0.0618931 seconds
Number of updated asset objects reloaded before import = 0Number of asset objects unloaded after import = 155

========================================================================
Received Import Request.
  Time since last request: 0.000042 seconds.
  path: Assets/Studio33 Interactive_[BasketBall] v1.1/Animations/Basketball Motions Humanoid/474_Dribbleright.fbx
  artifactKey: Guid(506f3b20b0c95e648a3bfc5c3030e432) Importer(2089858483,b0f066a214c2f5e87bad3c948f4d605d)
Start importing Assets/Studio33 Interactive_[BasketBall] v1.1/Animations/Basketball Motions Humanoid/474_Dribbleright.fbx using Guid(506f3b20b0c95e648a3bfc5c3030e432) Importer(2089858483,b0f066a214c2f5e87bad3c948f4d605d) (ScriptedImporter) -> (artifact id: 'a9b9b921999394de445051b3879fabe5') in 0.0346748 seconds
Number of updated asset objects reloaded before import = 0Number of asset objects unloaded after import = 155

========================================================================
Received Import Request.
  Time since last request: 0.000034 seconds.
  path: Assets/Studio33 Interactive_[BasketBall] v1.1/Animations/Basketball Motions Humanoid/886_PostBafrontLayupA.fbx
  artifactKey: Guid(3943716bebcc2ab4c995106e2fbee128) Importer(2089858483,b0f066a214c2f5e87bad3c948f4d605d)
Start importing Assets/Studio33 Interactive_[BasketBall] v1.1/Animations/Basketball Motions Humanoid/886_PostBafrontLayupA.fbx using Guid(3943716bebcc2ab4c995106e2fbee128) Importer(2089858483,b0f066a214c2f5e87bad3c948f4d605d) (ScriptedImporter) -> (artifact id: '77b3b76bfd768b3f1ee48e6827d0e2f8') in 0.0339882 seconds
Number of updated asset objects reloaded before import = 0Number of asset objects unloaded after import = 155

========================================================================
Received Import Request.
  Time since last request: 0.000042 seconds.
  path: Assets/Studio33 Interactive_[BasketBall] v1.1/Animations/Basketball Motions_Generic/1228_LayupRA.fbx
  artifactKey: Guid(34b744bc72415e3439ad97a67bc86d42) Importer(2089858483,b0f066a214c2f5e87bad3c948f4d605d)
Start importing Assets/Studio33 Interactive_[BasketBall] v1.1/Animations/Basketball Motions_Generic/1228_LayupRA.fbx using Guid(34b744bc72415e3439ad97a67bc86d42) Importer(2089858483,b0f066a214c2f5e87bad3c948f4d605d) (ScriptedImporter) -> (artifact id: 'a1697ac9a9d5dedc03785dc2c84ae90e') in 0.0270809 seconds
Number of updated asset objects reloaded before import = 0Number of asset objects unloaded after import = 153

========================================================================
Received Import Request.
  Time since last request: 0.000030 seconds.
  path: Assets/Studio33 Interactive_[BasketBall] v1.1/Animations/Basketball Motions_Generic/255_CrossFakeStepRTrC.fbx
  artifactKey: Guid(b935128d66ea0b84380554637225828b) Importer(2089858483,b0f066a214c2f5e87bad3c948f4d605d)
Start importing Assets/Studio33 Interactive_[BasketBall] v1.1/Animations/Basketball Motions_Generic/255_CrossFakeStepRTrC.fbx using Guid(b935128d66ea0b84380554637225828b) Importer(2089858483,b0f066a214c2f5e87bad3c948f4d605d) (ScriptedImporter) -> (artifact id: '085ee0e87aa54ceca65cf6ce5a0f6dda') in 0.0298094 seconds
Number of updated asset objects reloaded before import = 0Number of asset objects unloaded after import = 153

========================================================================
Received Import Request.
  Time since last request: 0.000033 seconds.
  path: Assets/Studio33 Interactive_[BasketBall] v1.1/Animations/Basketball Motions_Generic/1224_LayupCA.fbx
  artifactKey: Guid(7bd4367ef20ae934bb16f85574e3d3ca) Importer(2089858483,b0f066a214c2f5e87bad3c948f4d605d)
Start importing Assets/Studio33 Interactive_[BasketBall] v1.1/Animations/Basketball Motions_Generic/1224_LayupCA.fbx using Guid(7bd4367ef20ae934bb16f85574e3d3ca) Importer(2089858483,b0f066a214c2f5e87bad3c948f4d605d) (ScriptedImporter) -> (artifact id: 'ac564d1ed845e49b43def799655a9239') in 0.0328194 seconds
Number of updated asset objects reloaded before import = 0Number of asset objects unloaded after import = 153

========================================================================
Received Import Request.
  Time since last request: 0.000034 seconds.
  path: Assets/Studio33 Interactive_[BasketBall] v1.1/Animations/Basketball Motions Humanoid/673_Run.fbx
  artifactKey: Guid(55058f00b5c7e814b8baaac4f3d70059) Importer(2089858483,b0f066a214c2f5e87bad3c948f4d605d)
Start importing Assets/Studio33 Interactive_[BasketBall] v1.1/Animations/Basketball Motions Humanoid/673_Run.fbx using Guid(55058f00b5c7e814b8baaac4f3d70059) Importer(2089858483,b0f066a214c2f5e87bad3c948f4d605d) (ScriptedImporter) -> (artifact id: 'aaa23e74384dcc5aabc7d0dbaa040143') in 0.0307597 seconds
Number of updated asset objects reloaded before import = 0Number of asset objects unloaded after import = 155

========================================================================
Received Import Request.
  Time since last request: 0.000039 seconds.
  path: Assets/Studio33 Interactive_[BasketBall] v1.1/Animations/Basketball Motions_Generic/2064_DunkCAC.fbx
  artifactKey: Guid(d634b1e55d9c64744aa45833068621e9) Importer(2089858483,b0f066a214c2f5e87bad3c948f4d605d)
Start importing Assets/Studio33 Interactive_[BasketBall] v1.1/Animations/Basketball Motions_Generic/2064_DunkCAC.fbx using Guid(d634b1e55d9c64744aa45833068621e9) Importer(2089858483,b0f066a214c2f5e87bad3c948f4d605d) (ScriptedImporter) -> (artifact id: '3d724b0a63fe88a8cbb79c3fa9854610') in 0.0292512 seconds
Number of updated asset objects reloaded before import = 0Number of asset objects unloaded after import = 153

========================================================================
Received Import Request.
  Time since last request: 0.000036 seconds.
  path: Assets/Studio33 Interactive_[BasketBall] v1.1/Animations/Basketball Motions Humanoid/133_ReboundAndBoxOutRightA.fbx
  artifactKey: Guid(1e1ac7b5aaa23984eb6b8948f711d66a) Importer(2089858483,b0f066a214c2f5e87bad3c948f4d605d)
Start importing Assets/Studio33 Interactive_[BasketBall] v1.1/Animations/Basketball Motions Humanoid/133_ReboundAndBoxOutRightA.fbx using Guid(1e1ac7b5aaa23984eb6b8948f711d66a) Importer(2089858483,b0f066a214c2f5e87bad3c948f4d605d) (ScriptedImporter) -> (artifact id: 'de0ea2d89ceb50af98336d946e401baf') in 0.0316558 seconds
Number of updated asset objects reloaded before import = 0Number of asset objects unloaded after import = 155

========================================================================
Received Import Request.
  Time since last request: 0.000032 seconds.
  path: Assets/Studio33 Interactive_[BasketBall] v1.1/Animations/Basketball Motions_Generic/103_BlockingshortL.fbx
  artifactKey: Guid(ee40a26e78013b647b582951aefa32f2) Importer(2089858483,b0f066a214c2f5e87bad3c948f4d605d)
Start importing Assets/Studio33 Interactive_[BasketBall] v1.1/Animations/Basketball Motions_Generic/103_BlockingshortL.fbx using Guid(ee40a26e78013b647b582951aefa32f2) Importer(2089858483,b0f066a214c2f5e87bad3c948f4d605d) (ScriptedImporter) -> (artifact id: '9fcf3e4d297762e73b0b9190380d7836') in 0.0317379 seconds
Number of updated asset objects reloaded before import = 0Number of asset objects unloaded after import = 153

========================================================================
Received Import Request.
  Time since last request: 0.000031 seconds.
  path: Assets/Studio33 Interactive_[BasketBall] v1.1/Animations/Basketball Motions Humanoid/1839_JumpshotDriftRA.fbx
  artifactKey: Guid(50c6363cbf40b634fb222aaa9828d726) Importer(2089858483,b0f066a214c2f5e87bad3c948f4d605d)
Start importing Assets/Studio33 Interactive_[BasketBall] v1.1/Animations/Basketball Motions Humanoid/1839_JumpshotDriftRA.fbx using Guid(50c6363cbf40b634fb222aaa9828d726) Importer(2089858483,b0f066a214c2f5e87bad3c948f4d605d) (ScriptedImporter) -> (artifact id: '5f78e6b6c71af8c37ede17ec690aa87a') in 0.032813 seconds
Number of updated asset objects reloaded before import = 0Number of asset objects unloaded after import = 155

========================================================================
Received Import Request.
  Time since last request: 0.000085 seconds.
  path: Assets/Studio33 Interactive_[BasketBall] v1.1/Animations/Basketball Motions_Generic/972_Rebound C.fbx
  artifactKey: Guid(31968d6d3804db7438f930506c6a8ec3) Importer(2089858483,b0f066a214c2f5e87bad3c948f4d605d)
Start importing Assets/Studio33 Interactive_[BasketBall] v1.1/Animations/Basketball Motions_Generic/972_Rebound C.fbx using Guid(31968d6d3804db7438f930506c6a8ec3) Importer(2089858483,b0f066a214c2f5e87bad3c948f4d605d) (ScriptedImporter) -> (artifact id: '5648ea82fd9f65227a5e4934b2d39752') in 0.0291174 seconds
Number of updated asset objects reloaded before import = 0Number of asset objects unloaded after import = 153

========================================================================
Received Import Request.
  Time since last request: 0.000029 seconds.
  path: Assets/Studio33 Interactive_[BasketBall] v1.1/Animations/Basketball Motions Humanoid/87_BlockingckpassShortLA.fbx
  artifactKey: Guid(6152426179dc48a419ddd995870b9f08) Importer(2089858483,b0f066a214c2f5e87bad3c948f4d605d)
Start importing Assets/Studio33 Interactive_[BasketBall] v1.1/Animations/Basketball Motions Humanoid/87_BlockingckpassShortLA.fbx using Guid(6152426179dc48a419ddd995870b9f08) Importer(2089858483,b0f066a214c2f5e87bad3c948f4d605d) (ScriptedImporter) -> (artifact id: '9e0019e82c4b9ef323e394df3b43696f') in 0.0314631 seconds
Number of updated asset objects reloaded before import = 0Number of asset objects unloaded after import = 155

========================================================================
Received Import Request.
  Time since last request: 0.000037 seconds.
  path: Assets/Studio33 Interactive_[BasketBall] v1.1/Animations/Basketball Motions_Generic/2090_DunkRA.fbx
  artifactKey: Guid(74724432cd434204493ab83f562e8df0) Importer(2089858483,b0f066a214c2f5e87bad3c948f4d605d)
Start importing Assets/Studio33 Interactive_[BasketBall] v1.1/Animations/Basketball Motions_Generic/2090_DunkRA.fbx using Guid(74724432cd434204493ab83f562e8df0) Importer(2089858483,b0f066a214c2f5e87bad3c948f4d605d) (ScriptedImporter) -> (artifact id: '33a3a40f2054a3c4adcde8314fd3470b') in 0.0329658 seconds
Number of updated asset objects reloaded before import = 0Number of asset objects unloaded after import = 153

========================================================================
Received Import Request.
  Time since last request: 0.000032 seconds.
  path: Assets/Studio33 Interactive_[BasketBall] v1.1/Animations/Basketball Motions Humanoid/1166_DunkCA.fbx
  artifactKey: Guid(18ae2c5900e0b9b47b7172039aa2b40a) Importer(2089858483,b0f066a214c2f5e87bad3c948f4d605d)
Start importing Assets/Studio33 Interactive_[BasketBall] v1.1/Animations/Basketball Motions Humanoid/1166_DunkCA.fbx using Guid(18ae2c5900e0b9b47b7172039aa2b40a) Importer(2089858483,b0f066a214c2f5e87bad3c948f4d605d) (ScriptedImporter) -> (artifact id: '2f8b95f28674b9226db962aeb18ca15c') in 0.02864 seconds
Number of updated asset objects reloaded before import = 0Number of asset objects unloaded after import = 155

========================================================================
Received Import Request.
  Time since last request: 0.000043 seconds.
  path: Assets/Studio33 Interactive_[BasketBall] v1.1/Animations/Basketball Motions Humanoid/367_CrossEurostepRA.fbx
  artifactKey: Guid(d3bb3980203e3a6418187b28cefd0f75) Importer(2089858483,b0f066a214c2f5e87bad3c948f4d605d)
Start importing Assets/Studio33 Interactive_[BasketBall] v1.1/Animations/Basketball Motions Humanoid/367_CrossEurostepRA.fbx using Guid(d3bb3980203e3a6418187b28cefd0f75) Importer(2089858483,b0f066a214c2f5e87bad3c948f4d605d) (ScriptedImporter) -> (artifact id: 'c0f8739480f8736823e79baea0e31da8') in 0.0306433 seconds
Number of updated asset objects reloaded before import = 0Number of asset objects unloaded after import = 155

========================================================================
Received Import Request.
  Time since last request: 0.000045 seconds.
  path: Assets/Studio33 Interactive_[BasketBall] v1.1/Animations/Basketball Motions Humanoid/197_Driveislip.fbx
  artifactKey: Guid(7dff228dda4a9e2408a45b3ae0dc24b6) Importer(2089858483,b0f066a214c2f5e87bad3c948f4d605d)
Start importing Assets/Studio33 Interactive_[BasketBall] v1.1/Animations/Basketball Motions Humanoid/197_Driveislip.fbx using Guid(7dff228dda4a9e2408a45b3ae0dc24b6) Importer(2089858483,b0f066a214c2f5e87bad3c948f4d605d) (ScriptedImporter) -> (artifact id: '0a0e4b44476c9d1966a4a633590bcdb0') in 0.0281542 seconds
Number of updated asset objects reloaded before import = 0Number of asset objects unloaded after import = 155

========================================================================
Received Import Request.
  Time since last request: 0.000050 seconds.
  path: Assets/Studio33 Interactive_[BasketBall] v1.1/Animations/Basketball Motions Humanoid/1969_JumpshotUAFakeA.fbx
  artifactKey: Guid(7c3b066796ad1a7439af401d0eb02294) Importer(2089858483,b0f066a214c2f5e87bad3c948f4d605d)
Start importing Assets/Studio33 Interactive_[BasketBall] v1.1/Animations/Basketball Motions Humanoid/1969_JumpshotUAFakeA.fbx using Guid(7c3b066796ad1a7439af401d0eb02294) Importer(2089858483,b0f066a214c2f5e87bad3c948f4d605d) (ScriptedImporter) -> (artifact id: '3c0ba49397ae069b5a889e3af6e524e1') in 0.0455784 seconds
Number of updated asset objects reloaded before import = 0Number of asset objects unloaded after import = 155

========================================================================
Received Import Request.
  Time since last request: 0.000035 seconds.
  path: Assets/Studio33 Interactive_[BasketBall] v1.1/Animations/Basketball Motions Humanoid/1088_ScreefalingBaA.fbx
  artifactKey: Guid(0c72fdd687f559d4fbad8e641da70a51) Importer(2089858483,b0f066a214c2f5e87bad3c948f4d605d)
Start importing Assets/Studio33 Interactive_[BasketBall] v1.1/Animations/Basketball Motions Humanoid/1088_ScreefalingBaA.fbx using Guid(0c72fdd687f559d4fbad8e641da70a51) Importer(2089858483,b0f066a214c2f5e87bad3c948f4d605d) (ScriptedImporter) -> (artifact id: 'af5e2a20d7f0108fb6a649651f76a951') in 0.0318108 seconds
Number of updated asset objects reloaded before import = 0Number of asset objects unloaded after import = 155

========================================================================
Received Import Request.
  Time since last request: 0.000052 seconds.
  path: Assets/Studio33 Interactive_[BasketBall] v1.1/Animations/Basketball Motions_Generic/1437_JumpshotReadyFake.fbx
  artifactKey: Guid(ee552ce427493ce4db61c30b6d08b0aa) Importer(2089858483,b0f066a214c2f5e87bad3c948f4d605d)
Start importing Assets/Studio33 Interactive_[BasketBall] v1.1/Animations/Basketball Motions_Generic/1437_JumpshotReadyFake.fbx using Guid(ee552ce427493ce4db61c30b6d08b0aa) Importer(2089858483,b0f066a214c2f5e87bad3c948f4d605d) (ScriptedImporter) -> (artifact id: '53f6d76edd50de45c9f66fc3a78f8798') in 0.0315009 seconds
Number of updated asset objects reloaded before import = 0Number of asset objects unloaded after import = 153

========================================================================
Received Import Request.
  Time since last request: 0.000052 seconds.
  path: Assets/Studio33 Interactive_[BasketBall] v1.1/Animations/Basketball Motions_Generic/881_RstapassShootfakepassF.fbx
  artifactKey: Guid(93a6d93395abd0645bd683d08d9a0291) Importer(2089858483,b0f066a214c2f5e87bad3c948f4d605d)
Start importing Assets/Studio33 Interactive_[BasketBall] v1.1/Animations/Basketball Motions_Generic/881_RstapassShootfakepassF.fbx using Guid(93a6d93395abd0645bd683d08d9a0291) Importer(2089858483,b0f066a214c2f5e87bad3c948f4d605d) (ScriptedImporter) -> (artifact id: 'fcdde553cd27996672fa6e3c9987cdfa') in 0.0329137 seconds
Number of updated asset objects reloaded before import = 0Number of asset objects unloaded after import = 153

========================================================================
Received Import Request.
  Time since last request: 0.000060 seconds.
  path: Assets/Studio33 Interactive_[BasketBall] v1.1/Animations/Basketball Motions Humanoid/470_ChangeRightRA.fbx
  artifactKey: Guid(27de46e1bc0f3ec429933cf0cb44901c) Importer(2089858483,b0f066a214c2f5e87bad3c948f4d605d)
Start importing Assets/Studio33 Interactive_[BasketBall] v1.1/Animations/Basketball Motions Humanoid/470_ChangeRightRA.fbx using Guid(27de46e1bc0f3ec429933cf0cb44901c) Importer(2089858483,b0f066a214c2f5e87bad3c948f4d605d) (ScriptedImporter) -> (artifact id: '33437609b037a58ac42db7bb8638b2f9') in 0.0309587 seconds
Number of updated asset objects reloaded before import = 0Number of asset objects unloaded after import = 155

========================================================================
Received Import Request.
  Time since last request: 0.000054 seconds.
  path: Assets/Studio33 Interactive_[BasketBall] v1.1/Animations/Basketball Motions Humanoid/1816_DunkRA.fbx
  artifactKey: Guid(26c26a6a811f81e43bb259aa73d3ebf0) Importer(2089858483,b0f066a214c2f5e87bad3c948f4d605d)
Start importing Assets/Studio33 Interactive_[BasketBall] v1.1/Animations/Basketball Motions Humanoid/1816_DunkRA.fbx using Guid(26c26a6a811f81e43bb259aa73d3ebf0) Importer(2089858483,b0f066a214c2f5e87bad3c948f4d605d) (ScriptedImporter) -> (artifact id: '361c47d0e8d1ccb58fca56fd85107ac7') in 0.0295469 seconds
Number of updated asset objects reloaded before import = 0Number of asset objects unloaded after import = 155

========================================================================
Received Import Request.
  Time since last request: 0.000048 seconds.
  path: Assets/Studio33 Interactive_[BasketBall] v1.1/Animations/Basketball Motions_Generic/1376_JumpshotPullupRA.fbx
  artifactKey: Guid(b24a246a85afe8243bb8bd8db550ac67) Importer(2089858483,b0f066a214c2f5e87bad3c948f4d605d)
Start importing Assets/Studio33 Interactive_[BasketBall] v1.1/Animations/Basketball Motions_Generic/1376_JumpshotPullupRA.fbx using Guid(b24a246a85afe8243bb8bd8db550ac67) Importer(2089858483,b0f066a214c2f5e87bad3c948f4d605d) (ScriptedImporter) -> (artifact id: 'db36bf3771aa22583ac619a125abd855') in 0.0294701 seconds
Number of updated asset objects reloaded before import = 0Number of asset objects unloaded after import = 153

========================================================================
Received Import Request.
  Time since last request: 0.000033 seconds.
  path: Assets/Studio33 Interactive_[BasketBall] v1.1/Animations/Basketball Motions Humanoid/1289_DunkCA.fbx
  artifactKey: Guid(c7d398d123e2e8f4ba06294a07a9bd14) Importer(2089858483,b0f066a214c2f5e87bad3c948f4d605d)
Start importing Assets/Studio33 Interactive_[BasketBall] v1.1/Animations/Basketball Motions Humanoid/1289_DunkCA.fbx using Guid(c7d398d123e2e8f4ba06294a07a9bd14) Importer(2089858483,b0f066a214c2f5e87bad3c948f4d605d) (ScriptedImporter) -> (artifact id: 'c9c045676e52f73d00be15c8aefb2e4e') in 0.0360474 seconds
Number of updated asset objects reloaded before import = 0Number of asset objects unloaded after import = 155

========================================================================
Received Import Request.
  Time since last request: 0.000032 seconds.
  path: Assets/Studio33 Interactive_[BasketBall] v1.1/Animations/Basketball Motions_Generic/1868_DunkRA.fbx
  artifactKey: Guid(49f0ca9abc8a9f64e995ab261dbda3ff) Importer(2089858483,b0f066a214c2f5e87bad3c948f4d605d)
Start importing Assets/Studio33 Interactive_[BasketBall] v1.1/Animations/Basketball Motions_Generic/1868_DunkRA.fbx using Guid(49f0ca9abc8a9f64e995ab261dbda3ff) Importer(2089858483,b0f066a214c2f5e87bad3c948f4d605d) (ScriptedImporter) -> (artifact id: '1f73eb4917f47efa8a5b5c6c07b82eb5') in 0.0282247 seconds
Number of updated asset objects reloaded before import = 0Number of asset objects unloaded after import = 153

========================================================================
Received Import Request.
  Time since last request: 0.000061 seconds.
  path: Assets/Studio33 Interactive_[BasketBall] v1.1/Animations/Basketball Motions Humanoid/538_QuickpointMA.fbx
  artifactKey: Guid(bc9f039a6fe561b4d886427ca604a4a5) Importer(2089858483,b0f066a214c2f5e87bad3c948f4d605d)
Start importing Assets/Studio33 Interactive_[BasketBall] v1.1/Animations/Basketball Motions Humanoid/538_QuickpointMA.fbx using Guid(bc9f039a6fe561b4d886427ca604a4a5) Importer(2089858483,b0f066a214c2f5e87bad3c948f4d605d) (ScriptedImporter) -> (artifact id: '01b07d995b095d88743778ec00f449de') in 0.0303369 seconds
Number of updated asset objects reloaded before import = 0Number of asset objects unloaded after import = 155

========================================================================
Received Import Request.
  Time since last request: 0.000032 seconds.
  path: Assets/Studio33 Interactive_[BasketBall] v1.1/Animations/Basketball Motions Humanoid/822_PassibadOverA.fbx
  artifactKey: Guid(56f8e38846daa8b40933fe9a5361f387) Importer(2089858483,b0f066a214c2f5e87bad3c948f4d605d)
Start importing Assets/Studio33 Interactive_[BasketBall] v1.1/Animations/Basketball Motions Humanoid/822_PassibadOverA.fbx using Guid(56f8e38846daa8b40933fe9a5361f387) Importer(2089858483,b0f066a214c2f5e87bad3c948f4d605d) (ScriptedImporter) -> (artifact id: 'e9d85b5b62a07de09ded138a0f85611d') in 0.0264376 seconds
Number of updated asset objects reloaded before import = 0Number of asset objects unloaded after import = 155

========================================================================
Received Import Request.
  Time since last request: 0.000042 seconds.
  path: Assets/Studio33 Interactive_[BasketBall] v1.1/Animations/Basketball Motions Humanoid/894_PostThRightRA.fbx
  artifactKey: Guid(16a8a8ce45d21dd47b4f4ea5307d0285) Importer(2089858483,b0f066a214c2f5e87bad3c948f4d605d)
Start importing Assets/Studio33 Interactive_[BasketBall] v1.1/Animations/Basketball Motions Humanoid/894_PostThRightRA.fbx using Guid(16a8a8ce45d21dd47b4f4ea5307d0285) Importer(2089858483,b0f066a214c2f5e87bad3c948f4d605d) (ScriptedImporter) -> (artifact id: 'ed3dc3df86ad9c3215086cbe0e597139') in 0.025853 seconds
Number of updated asset objects reloaded before import = 0Number of asset objects unloaded after import = 155

========================================================================
Received Import Request.
  Time since last request: 0.000042 seconds.
  path: Assets/Studio33 Interactive_[BasketBall] v1.1/33_basket ball test animations/player/Back_number/Back_number_Y/Back_number_B_c19.png
  artifactKey: Guid(4018c0855754f354d9e8d73852de8c67) Importer(2089858483,b0f066a214c2f5e87bad3c948f4d605d)
Start importing Assets/Studio33 Interactive_[BasketBall] v1.1/33_basket ball test animations/player/Back_number/Back_number_Y/Back_number_B_c19.png using Guid(4018c0855754f354d9e8d73852de8c67) Importer(2089858483,b0f066a214c2f5e87bad3c948f4d605d) (ScriptedImporter) -> (artifact id: 'd07abd10e68e0392726d49e318ef7433') in 0.0208624 seconds
Number of updated asset objects reloaded before import = 0Number of asset objects unloaded after import = 1

========================================================================
Received Import Request.
  Time since last request: 0.000043 seconds.
  path: Assets/Studio33 Interactive_[BasketBall] v1.1/Animations/Basketball Motions_Generic/264_CrossFakeTurrTr.fbx
  artifactKey: Guid(3ce5de5bea40e5442bd9d3102cc01a06) Importer(2089858483,b0f066a214c2f5e87bad3c948f4d605d)
Start importing Assets/Studio33 Interactive_[BasketBall] v1.1/Animations/Basketball Motions_Generic/264_CrossFakeTurrTr.fbx using Guid(3ce5de5bea40e5442bd9d3102cc01a06) Importer(2089858483,b0f066a214c2f5e87bad3c948f4d605d) (ScriptedImporter) -> (artifact id: '35757b175a6d7bd20571769fbc243861') in 0.0243082 seconds
Number of updated asset objects reloaded before import = 0Number of asset objects unloaded after import = 153

========================================================================
Received Import Request.
  Time since last request: 0.000039 seconds.
  path: Assets/Studio33 Interactive_[BasketBall] v1.1/Animations/Basketball Motions Humanoid/851_PassioverLA.fbx
  artifactKey: Guid(e40acc3b1d028b24f84c18f0399d5b57) Importer(2089858483,b0f066a214c2f5e87bad3c948f4d605d)
Start importing Assets/Studio33 Interactive_[BasketBall] v1.1/Animations/Basketball Motions Humanoid/851_PassioverLA.fbx using Guid(e40acc3b1d028b24f84c18f0399d5b57) Importer(2089858483,b0f066a214c2f5e87bad3c948f4d605d) (ScriptedImporter) -> (artifact id: 'd4cf805c09d7603eef0ff1dfda9e0ff5') in 0.0265558 seconds
Number of updated asset objects reloaded before import = 0Number of asset objects unloaded after import = 155

========================================================================
Received Import Request.
  Time since last request: 0.000033 seconds.
  path: Assets/Studio33 Interactive_[BasketBall] v1.1/Animations/Basketball Motions Humanoid/741_PostBackingpassKilA.fbx
  artifactKey: Guid(4ae00389c7c2cea41aa0e8d3005d549d) Importer(2089858483,b0f066a214c2f5e87bad3c948f4d605d)
Start importing Assets/Studio33 Interactive_[BasketBall] v1.1/Animations/Basketball Motions Humanoid/741_PostBackingpassKilA.fbx using Guid(4ae00389c7c2cea41aa0e8d3005d549d) Importer(2089858483,b0f066a214c2f5e87bad3c948f4d605d) (ScriptedImporter) -> (artifact id: '5e509295480b9f674ed11cdefa430c6e') in 0.0315653 seconds
Number of updated asset objects reloaded before import = 0Number of asset objects unloaded after import = 155

========================================================================
Received Import Request.
  Time since last request: 0.000034 seconds.
  path: Assets/Studio33 Interactive_[BasketBall] v1.1/Animations/Basketball Motions Humanoid/566_SpikeshootReadyFake.fbx
  artifactKey: Guid(d8bdcaf15907b7d47bcec3701f8aefb3) Importer(2089858483,b0f066a214c2f5e87bad3c948f4d605d)
Start importing Assets/Studio33 Interactive_[BasketBall] v1.1/Animations/Basketball Motions Humanoid/566_SpikeshootReadyFake.fbx using Guid(d8bdcaf15907b7d47bcec3701f8aefb3) Importer(2089858483,b0f066a214c2f5e87bad3c948f4d605d) (ScriptedImporter) -> (artifact id: '87b53bdcf9931063adb3ce95487dfed0') in 0.0263587 seconds
Number of updated asset objects reloaded before import = 0Number of asset objects unloaded after import = 155

========================================================================
Received Import Request.
  Time since last request: 0.000059 seconds.
  path: Assets/Studio33 Interactive_[BasketBall] v1.1/Animations/Basketball Motions_Generic/954_Rebound rC.fbx
  artifactKey: Guid(3834604d4f9905c4dafdae8bc144d756) Importer(2089858483,b0f066a214c2f5e87bad3c948f4d605d)
Start importing Assets/Studio33 Interactive_[BasketBall] v1.1/Animations/Basketball Motions_Generic/954_Rebound rC.fbx using Guid(3834604d4f9905c4dafdae8bc144d756) Importer(2089858483,b0f066a214c2f5e87bad3c948f4d605d) (ScriptedImporter) -> (artifact id: 'bb6b63f44bd5b899b2cc99fad70664fc') in 0.0297312 seconds
Number of updated asset objects reloaded before import = 0Number of asset objects unloaded after import = 153

========================================================================
Received Import Request.
  Time since last request: 0.000032 seconds.
  path: Assets/Studio33 Interactive_[BasketBall] v1.1/Animations/Basketball Motions_Generic/1060_SceneEntAway.fbx
  artifactKey: Guid(ab865f69485f03d429d09c54030f4012) Importer(2089858483,b0f066a214c2f5e87bad3c948f4d605d)
Start importing Assets/Studio33 Interactive_[BasketBall] v1.1/Animations/Basketball Motions_Generic/1060_SceneEntAway.fbx using Guid(ab865f69485f03d429d09c54030f4012) Importer(2089858483,b0f066a214c2f5e87bad3c948f4d605d) (ScriptedImporter) -> (artifact id: '879963a7f45e9c6e31bdfb7d683d1ed6') in 0.0261597 seconds
Number of updated asset objects reloaded before import = 0Number of asset objects unloaded after import = 153

========================================================================
Received Import Request.
  Time since last request: 0.000033 seconds.
  path: Assets/Studio33 Interactive_[BasketBall] v1.1/Animations/Basketball Motions_Generic/120_ReboundAndBoxOutFrontA.fbx
  artifactKey: Guid(9b684ce15b09ee6499f3124078efd3f7) Importer(2089858483,b0f066a214c2f5e87bad3c948f4d605d)
Start importing Assets/Studio33 Interactive_[BasketBall] v1.1/Animations/Basketball Motions_Generic/120_ReboundAndBoxOutFrontA.fbx using Guid(9b684ce15b09ee6499f3124078efd3f7) Importer(2089858483,b0f066a214c2f5e87bad3c948f4d605d) (ScriptedImporter) -> (artifact id: '3ed64932525f6eab2090eb3f54c9822e') in 0.0304896 seconds
Number of updated asset objects reloaded before import = 0Number of asset objects unloaded after import = 153

========================================================================
Received Import Request.
  Time since last request: 0.000035 seconds.
  path: Assets/Studio33 Interactive_[BasketBall] v1.1/Animations
  artifactKey: Guid(e777fd9cfdeb04d41becaa2f34b115d9) Importer(815301076,1909f56bfc062723c751e8b465ee728b)
Start importing Assets/Studio33 Interactive_[BasketBall] v1.1/Animations using Guid(e777fd9cfdeb04d41becaa2f34b115d9) Importer(815301076,1909f56bfc062723c751e8b465ee728b) (PreviewImporter) -> (artifact id: '1f496253d26f993ab5b9baa452165616') in 0.0008075 seconds
Number of updated asset objects reloaded before import = 0Number of asset objects unloaded after import = 0

========================================================================
Received Import Request.
  Time since last request: 0.000063 seconds.
  path: Assets/Studio33 Interactive_[BasketBall] v1.1/Animations/Basketball Motions_Generic/17_BlockingckncatchLongFarLA.fbx
  artifactKey: Guid(ff7140915da84384fb7645badb4cfc47) Importer(2089858483,b0f066a214c2f5e87bad3c948f4d605d)
Start importing Assets/Studio33 Interactive_[BasketBall] v1.1/Animations/Basketball Motions_Generic/17_BlockingckncatchLongFarLA.fbx using Guid(ff7140915da84384fb7645badb4cfc47) Importer(2089858483,b0f066a214c2f5e87bad3c948f4d605d) (ScriptedImporter) -> (artifact id: '27288269bb3a868cf5af14ee2acf3113') in 0.0244173 seconds
Number of updated asset objects reloaded before import = 0Number of asset objects unloaded after import = 153

========================================================================
Received Import Request.
  Time since last request: 0.000031 seconds.
  path: Assets/Studio33 Interactive_[BasketBall] v1.1/Animations/Basketball Motions Humanoid/2052_JumpshotMA.fbx
  artifactKey: Guid(20ba0fafd31703f4a8e1610518a6ccd8) Importer(2089858483,b0f066a214c2f5e87bad3c948f4d605d)
Start importing Assets/Studio33 Interactive_[BasketBall] v1.1/Animations/Basketball Motions Humanoid/2052_JumpshotMA.fbx using Guid(20ba0fafd31703f4a8e1610518a6ccd8) Importer(2089858483,b0f066a214c2f5e87bad3c948f4d605d) (ScriptedImporter) -> (artifact id: '02e5ddde43dd81fc07e584c5063b0701') in 0.0258542 seconds
Number of updated asset objects reloaded before import = 0Number of asset objects unloaded after import = 155

========================================================================
Received Import Request.
  Time since last request: 0.000033 seconds.
  path: Assets/Studio33 Interactive_[BasketBall] v1.1/Animations/Basketball Motions_Generic/1622_DunkRA.fbx
  artifactKey: Guid(77115b494dab4674faa476b6be19de51) Importer(2089858483,b0f066a214c2f5e87bad3c948f4d605d)
Start importing Assets/Studio33 Interactive_[BasketBall] v1.1/Animations/Basketball Motions_Generic/1622_DunkRA.fbx using Guid(77115b494dab4674faa476b6be19de51) Importer(2089858483,b0f066a214c2f5e87bad3c948f4d605d) (ScriptedImporter) -> (artifact id: '9b14fa643b7a66ce85020a4b2257d569') in 0.0319634 seconds
Number of updated asset objects reloaded before import = 0Number of asset objects unloaded after import = 153

========================================================================
Received Import Request.
  Time since last request: 0.000045 seconds.
  path: Assets/Studio33 Interactive_[BasketBall] v1.1/Animations/Basketball Motions_Generic/919_PostThRightLA.fbx
  artifactKey: Guid(8b5db6453ddb73d43b71640682bfd0dd) Importer(2089858483,b0f066a214c2f5e87bad3c948f4d605d)
Start importing Assets/Studio33 Interactive_[BasketBall] v1.1/Animations/Basketball Motions_Generic/919_PostThRightLA.fbx using Guid(8b5db6453ddb73d43b71640682bfd0dd) Importer(2089858483,b0f066a214c2f5e87bad3c948f4d605d) (ScriptedImporter) -> (artifact id: '86c22d29a4b20aecebd6cc00a77bb077') in 0.0289331 seconds
Number of updated asset objects reloaded before import = 0Number of asset objects unloaded after import = 153

========================================================================
Received Import Request.
  Time since last request: 0.000044 seconds.
  path: Assets/Studio33 Interactive_[BasketBall] v1.1/Animations/Basketball Motions Humanoid/1155_DunkCA.fbx
  artifactKey: Guid(aef74e19d15800e48be66110e46cdf5a) Importer(2089858483,b0f066a214c2f5e87bad3c948f4d605d)
Start importing Assets/Studio33 Interactive_[BasketBall] v1.1/Animations/Basketball Motions Humanoid/1155_DunkCA.fbx using Guid(aef74e19d15800e48be66110e46cdf5a) Importer(2089858483,b0f066a214c2f5e87bad3c948f4d605d) (ScriptedImporter) -> (artifact id: '90e9b465b837708c4cc762cb391889e5') in 0.0276245 seconds
Number of updated asset objects reloaded before import = 0Number of asset objects unloaded after import = 155

========================================================================
Received Import Request.
  Time since last request: 0.000045 seconds.
  path: Assets/Studio33 Interactive_[BasketBall] v1.1/Animations/Basketball Motions_Generic/2008_MassiveReadyFake.fbx
  artifactKey: Guid(d552fbeee2c087b4f9a141be65624dbd) Importer(2089858483,b0f066a214c2f5e87bad3c948f4d605d)
Start importing Assets/Studio33 Interactive_[BasketBall] v1.1/Animations/Basketball Motions_Generic/2008_MassiveReadyFake.fbx using Guid(d552fbeee2c087b4f9a141be65624dbd) Importer(2089858483,b0f066a214c2f5e87bad3c948f4d605d) (ScriptedImporter) -> (artifact id: '3ac62334934f2894bef0d6f476c27e18') in 0.0278776 seconds
Number of updated asset objects reloaded before import = 0Number of asset objects unloaded after import = 153

========================================================================
Received Import Request.
  Time since last request: 0.000030 seconds.
  path: Assets/Studio33 Interactive_[BasketBall] v1.1/Animations/Basketball Motions_Generic
  artifactKey: Guid(f5e8fac5ad375c249a1748a84745a831) Importer(815301076,1909f56bfc062723c751e8b465ee728b)
Start importing Assets/Studio33 Interactive_[BasketBall] v1.1/Animations/Basketball Motions_Generic using Guid(f5e8fac5ad375c249a1748a84745a831) Importer(815301076,1909f56bfc062723c751e8b465ee728b) (PreviewImporter) -> (artifact id: '747eb30bed2ca7ab040c585d6896268f') in 0.0007574 seconds
Number of updated asset objects reloaded before import = 0Number of asset objects unloaded after import = 0

========================================================================
Received Import Request.
  Time since last request: 0.000029 seconds.
  path: Assets/Studio33 Interactive_[BasketBall] v1.1/Animations/Basketball Motions_Generic/2138_DunkRA.fbx
  artifactKey: Guid(a30931676c69fbb459065af41390be81) Importer(2089858483,b0f066a214c2f5e87bad3c948f4d605d)
Start importing Assets/Studio33 Interactive_[BasketBall] v1.1/Animations/Basketball Motions_Generic/2138_DunkRA.fbx using Guid(a30931676c69fbb459065af41390be81) Importer(2089858483,b0f066a214c2f5e87bad3c948f4d605d) (ScriptedImporter) -> (artifact id: '83fe90c1ec4c8852ea917fb5a4d11343') in 0.028965 seconds
Number of updated asset objects reloaded before import = 0Number of asset objects unloaded after import = 153

========================================================================
Received Import Request.
  Time since last request: 0.000047 seconds.
  path: Assets/Studio33 Interactive_[BasketBall] v1.1/Animations/Basketball Motions Humanoid/1883_JumpshotPumpfakespir.fbx
  artifactKey: Guid(fa1e629b82deace42b11e7574371b48a) Importer(2089858483,b0f066a214c2f5e87bad3c948f4d605d)
Start importing Assets/Studio33 Interactive_[BasketBall] v1.1/Animations/Basketball Motions Humanoid/1883_JumpshotPumpfakespir.fbx using Guid(fa1e629b82deace42b11e7574371b48a) Importer(2089858483,b0f066a214c2f5e87bad3c948f4d605d) (ScriptedImporter) -> (artifact id: '95b3a2428c1da9f4cfab4d3d7c284fcb') in 0.0244535 seconds
Number of updated asset objects reloaded before import = 0Number of asset objects unloaded after import = 155

========================================================================
Received Import Request.
  Time since last request: 0.000037 seconds.
  path: Assets/Studio33 Interactive_[BasketBall] v1.1/Animations/Basketball Motions_Generic/896_PostTurfadeawayLAC.fbx
  artifactKey: Guid(518a478e0df7ef242923e427afd97838) Importer(2089858483,b0f066a214c2f5e87bad3c948f4d605d)
Start importing Assets/Studio33 Interactive_[BasketBall] v1.1/Animations/Basketball Motions_Generic/896_PostTurfadeawayLAC.fbx using Guid(518a478e0df7ef242923e427afd97838) Importer(2089858483,b0f066a214c2f5e87bad3c948f4d605d) (ScriptedImporter) -> (artifact id: '52aa02cf56e533940b29c3b9daff9937') in 0.0259423 seconds
Number of updated asset objects reloaded before import = 0Number of asset objects unloaded after import = 153

========================================================================
Received Import Request.
  Time since last request: 0.000031 seconds.
  path: Assets/Studio33 Interactive_[BasketBall] v1.1/33_basket ball test animations
  artifactKey: Guid(ad81895af654df643b276412bf2b3ffa) Importer(2089858483,b0f066a214c2f5e87bad3c948f4d605d)
Start importing Assets/Studio33 Interactive_[BasketBall] v1.1/33_basket ball test animations using Guid(ad81895af654df643b276412bf2b3ffa) Importer(2089858483,b0f066a214c2f5e87bad3c948f4d605d) (ScriptedImporter) -> (artifact id: '58296271720f4f3a047db45499727c0f') in 0.0101924 seconds
Number of updated asset objects reloaded before import = 0Number of asset objects unloaded after import = 1

========================================================================
Received Import Request.
  Time since last request: 0.000029 seconds.
  path: Assets/Studio33 Interactive_[BasketBall] v1.1/Animations/Basketball Motions_Generic/1058_SceneEntAway.fbx
  artifactKey: Guid(28ed2278a843f6a459ed2efde5eb8f8a) Importer(2089858483,b0f066a214c2f5e87bad3c948f4d605d)
Start importing Assets/Studio33 Interactive_[BasketBall] v1.1/Animations/Basketball Motions_Generic/1058_SceneEntAway.fbx using Guid(28ed2278a843f6a459ed2efde5eb8f8a) Importer(2089858483,b0f066a214c2f5e87bad3c948f4d605d) (ScriptedImporter) -> (artifact id: '7a1bf0b399249e0edc8f68f63d9d1f2c') in 0.0245087 seconds
Number of updated asset objects reloaded before import = 0Number of asset objects unloaded after import = 153

========================================================================
Received Import Request.
  Time since last request: 0.000043 seconds.
  path: Assets/Studio33 Interactive_[BasketBall] v1.1/Animations/Basketball Motions_Generic/2200_StealFA.fbx
  artifactKey: Guid(caf12cd14eab17042aab280ec846ac34) Importer(2089858483,b0f066a214c2f5e87bad3c948f4d605d)
Start importing Assets/Studio33 Interactive_[BasketBall] v1.1/Animations/Basketball Motions_Generic/2200_StealFA.fbx using Guid(caf12cd14eab17042aab280ec846ac34) Importer(2089858483,b0f066a214c2f5e87bad3c948f4d605d) (ScriptedImporter) -> (artifact id: '30ca57a087e51db6e54804100efa48b5') in 0.0239593 seconds
Number of updated asset objects reloaded before import = 0Number of asset objects unloaded after import = 153

========================================================================
Received Import Request.
  Time since last request: 0.000032 seconds.
  path: Assets/Studio33 Interactive_[BasketBall] v1.1/Animations/Basketball Motions Humanoid/951_Rebound fC.fbx
  artifactKey: Guid(bacf871e97a2f80458c32ddb78164439) Importer(2089858483,b0f066a214c2f5e87bad3c948f4d605d)
Start importing Assets/Studio33 Interactive_[BasketBall] v1.1/Animations/Basketball Motions Humanoid/951_Rebound fC.fbx using Guid(bacf871e97a2f80458c32ddb78164439) Importer(2089858483,b0f066a214c2f5e87bad3c948f4d605d) (ScriptedImporter) -> (artifact id: 'be1100a19f4df48efeef461ace436295') in 0.0244004 seconds
Number of updated asset objects reloaded before import = 0Number of asset objects unloaded after import = 155

========================================================================
Received Import Request.
  Time since last request: 0.000031 seconds.
  path: Assets/Studio33 Interactive_[BasketBall] v1.1/Animations/Basketball Motions_Generic/1997_DunkCA.fbx
  artifactKey: Guid(7de647acd6c607d4f842843bc0fcd030) Importer(2089858483,b0f066a214c2f5e87bad3c948f4d605d)
Start importing Assets/Studio33 Interactive_[BasketBall] v1.1/Animations/Basketball Motions_Generic/1997_DunkCA.fbx using Guid(7de647acd6c607d4f842843bc0fcd030) Importer(2089858483,b0f066a214c2f5e87bad3c948f4d605d) (ScriptedImporter) -> (artifact id: 'f5a0faa58d27154d37ec59b1dffe895c') in 0.0266806 seconds
Number of updated asset objects reloaded before import = 0Number of asset objects unloaded after import = 153

========================================================================
Received Import Request.
  Time since last request: 0.000036 seconds.
  path: Assets/Studio33 Interactive_[BasketBall] v1.1/Animations/Basketball Motions_Generic/1897_BjDunkMeteorCA.fbx
  artifactKey: Guid(52f28d1dc340c2c4192e0424e47da705) Importer(2089858483,b0f066a214c2f5e87bad3c948f4d605d)
Start importing Assets/Studio33 Interactive_[BasketBall] v1.1/Animations/Basketball Motions_Generic/1897_BjDunkMeteorCA.fbx using Guid(52f28d1dc340c2c4192e0424e47da705) Importer(2089858483,b0f066a214c2f5e87bad3c948f4d605d) (ScriptedImporter) -> (artifact id: '8e3e2d85df90a7e9bc4348d6de8e23f3') in 0.0274652 seconds
Number of updated asset objects reloaded before import = 0Number of asset objects unloaded after import = 153

========================================================================
Received Import Request.
  Time since last request: 0.000044 seconds.
  path: Assets/Studio33 Interactive_[BasketBall] v1.1/Animations/Basketball Motions Humanoid/1025_Rebound rC.fbx
  artifactKey: Guid(5034be02b7cdd084a958aa5e0323a25d) Importer(2089858483,b0f066a214c2f5e87bad3c948f4d605d)
Start importing Assets/Studio33 Interactive_[BasketBall] v1.1/Animations/Basketball Motions Humanoid/1025_Rebound rC.fbx using Guid(5034be02b7cdd084a958aa5e0323a25d) Importer(2089858483,b0f066a214c2f5e87bad3c948f4d605d) (ScriptedImporter) -> (artifact id: '94f39cecd419f2119614793bfdc7a277') in 0.0288331 seconds
Number of updated asset objects reloaded before import = 0Number of asset objects unloaded after import = 155

========================================================================
Received Import Request.
  Time since last request: 0.000030 seconds.
  path: Assets/Studio33 Interactive_[BasketBall] v1.1/Animations/Basketball Motions Humanoid/433_DefenceBaaC.fbx
  artifactKey: Guid(5a68001a0ebccf645ab1662c4f5dbc3d) Importer(2089858483,b0f066a214c2f5e87bad3c948f4d605d)
Start importing Assets/Studio33 Interactive_[BasketBall] v1.1/Animations/Basketball Motions Humanoid/433_DefenceBaaC.fbx using Guid(5a68001a0ebccf645ab1662c4f5dbc3d) Importer(2089858483,b0f066a214c2f5e87bad3c948f4d605d) (ScriptedImporter) -> (artifact id: '24ff6de21bdac7a6397de687ff896174') in 0.02423 seconds
Number of updated asset objects reloaded before import = 0Number of asset objects unloaded after import = 155

========================================================================
Received Import Request.
  Time since last request: 0.193135 seconds.
  path: Assets/Studio33 Interactive_[BasketBall] v1.1/Animations/Basketball Motions Humanoid/947_Rebound C.fbx
  artifactKey: Guid(6d4fdcc334e13ad438e39339d3b497dc) Importer(2089858483,b0f066a214c2f5e87bad3c948f4d605d)
Start importing Assets/Studio33 Interactive_[BasketBall] v1.1/Animations/Basketball Motions Humanoid/947_Rebound C.fbx using Guid(6d4fdcc334e13ad438e39339d3b497dc) Importer(2089858483,b0f066a214c2f5e87bad3c948f4d605d) (ScriptedImporter) -> (artifact id: '4a2791af4c05c462ef1e5db8ab374330') in 0.02655 seconds
Number of updated asset objects reloaded before import = 0Number of asset objects unloaded after import = 155

========================================================================
Received Import Request.
  Time since last request: 0.000028 seconds.
  path: Assets/Studio33 Interactive_[BasketBall] v1.1/Animations/Basketball Motions Humanoid/1838_JumpshotDriftLA.fbx
  artifactKey: Guid(783d75746e2398f4c96f8319c78cefcf) Importer(2089858483,b0f066a214c2f5e87bad3c948f4d605d)
Start importing Assets/Studio33 Interactive_[BasketBall] v1.1/Animations/Basketball Motions Humanoid/1838_JumpshotDriftLA.fbx using Guid(783d75746e2398f4c96f8319c78cefcf) Importer(2089858483,b0f066a214c2f5e87bad3c948f4d605d) (ScriptedImporter) -> (artifact id: 'cdc912d4fa8b085efd4282b170d3bb60') in 0.0283289 seconds
Number of updated asset objects reloaded before import = 0Number of asset objects unloaded after import = 155

========================================================================
Received Import Request.
  Time since last request: 0.000037 seconds.
  path: Assets/Studio33 Interactive_[BasketBall] v1.1/Animations/Basketball Motions_Generic/44_BlockingckncatchLongNearLA.fbx
  artifactKey: Guid(2ab15e663b6c756448d967f183e773d5) Importer(815301076,1909f56bfc062723c751e8b465ee728b)
Start importing Assets/Studio33 Interactive_[BasketBall] v1.1/Animations/Basketball Motions_Generic/44_BlockingckncatchLongNearLA.fbx using Guid(2ab15e663b6c756448d967f183e773d5) Importer(815301076,1909f56bfc062723c751e8b465ee728b) (PreviewImporter) -> (artifact id: '103b667b8e4e185cb079705e0b8d8f27') in 4.7808531 seconds
Number of updated asset objects reloaded before import = 0Number of asset objects unloaded after import = 153

========================================================================
Received Import Request.
  Time since last request: 0.000053 seconds.
  path: Assets/Studio33 Interactive_[BasketBall] v1.1/Animations/Basketball Motions_Generic/152_TravRA.fbx
  artifactKey: Guid(3b9dc4834216e844bbfa3515e767eb56) Importer(815301076,1909f56bfc062723c751e8b465ee728b)
Start importing Assets/Studio33 Interactive_[BasketBall] v1.1/Animations/Basketball Motions_Generic/152_TravRA.fbx using Guid(3b9dc4834216e844bbfa3515e767eb56) Importer(815301076,1909f56bfc062723c751e8b465ee728b) (PreviewImporter) -> (artifact id: '9b4eb3c46c0c7a6357e2f714f65376d4') in 0.0562629 seconds
Number of updated asset objects reloaded before import = 0Number of asset objects unloaded after import = 153

========================================================================
Received Import Request.
  Time since last request: 0.000071 seconds.
  path: Assets/Studio33 Interactive_[BasketBall] v1.1/Animations/Basketball Motions_Generic/751_PassOverA.fbx
  artifactKey: Guid(1bf2cc274e5ef344e8654e966cd4d9d5) Importer(2089858483,b0f066a214c2f5e87bad3c948f4d605d)
Start importing Assets/Studio33 Interactive_[BasketBall] v1.1/Animations/Basketball Motions_Generic/751_PassOverA.fbx using Guid(1bf2cc274e5ef344e8654e966cd4d9d5) Importer(2089858483,b0f066a214c2f5e87bad3c948f4d605d) (ScriptedImporter) -> (artifact id: '3199bf30b69fab3329750c2ddb031308') in 0.029832 seconds
Number of updated asset objects reloaded before import = 0Number of asset objects unloaded after import = 153

========================================================================
Received Import Request.
  Time since last request: 0.000043 seconds.
  path: Assets/Studio33 Interactive_[BasketBall] v1.1/Animations/Basketball Motions_Generic/868_PassinmissBadOverA.fbx
  artifactKey: Guid(f05fb7c2baaf17546b57916ef6f6849e) Importer(2089858483,b0f066a214c2f5e87bad3c948f4d605d)
Start importing Assets/Studio33 Interactive_[BasketBall] v1.1/Animations/Basketball Motions_Generic/868_PassinmissBadOverA.fbx using Guid(f05fb7c2baaf17546b57916ef6f6849e) Importer(2089858483,b0f066a214c2f5e87bad3c948f4d605d) (ScriptedImporter) -> (artifact id: '15122629a5e3d18ed39531d70ff7adf0') in 0.0267873 seconds
Number of updated asset objects reloaded before import = 0Number of asset objects unloaded after import = 153

========================================================================
Received Import Request.
  Time since last request: 0.000042 seconds.
  path: Assets/Studio33 Interactive_[BasketBall] v1.1/Animations/Basketball Motions_Generic/88_Blockingdash.fbx
  artifactKey: Guid(2d577a709338dd24ca968f7a6737dcca) Importer(815301076,1909f56bfc062723c751e8b465ee728b)
Start importing Assets/Studio33 Interactive_[BasketBall] v1.1/Animations/Basketball Motions_Generic/88_Blockingdash.fbx using Guid(2d577a709338dd24ca968f7a6737dcca) Importer(815301076,1909f56bfc062723c751e8b465ee728b) (PreviewImporter) -> (artifact id: '1bb63b66eae2e445597e9e0f39b9bdb1') in 0.0511671 seconds
Number of updated asset objects reloaded before import = 0Number of asset objects unloaded after import = 153

========================================================================
Received Import Request.
  Time since last request: 0.000045 seconds.
  path: Assets/Studio33 Interactive_[BasketBall] v1.1/Animations/Basketball Motions_Generic/114_Shadowbloshort.fbx
  artifactKey: Guid(8753f9c62f5fce142905e0cea42d8762) Importer(815301076,1909f56bfc062723c751e8b465ee728b)
Start importing Assets/Studio33 Interactive_[BasketBall] v1.1/Animations/Basketball Motions_Generic/114_Shadowbloshort.fbx using Guid(8753f9c62f5fce142905e0cea42d8762) Importer(815301076,1909f56bfc062723c751e8b465ee728b) (PreviewImporter) -> (artifact id: '138cc0cca68d65783bbbc31603871e32') in 0.0503107 seconds
Number of updated asset objects reloaded before import = 0Number of asset objects unloaded after import = 153

========================================================================
Received Import Request.
  Time since last request: 0.000069 seconds.
  path: Assets/Studio33 Interactive_[BasketBall] v1.1/Animations/Basketball Motions_Generic/1861_DunkClutchRLeftA.fbx
  artifactKey: Guid(35991485be75df94e9239ea64233b007) Importer(2089858483,b0f066a214c2f5e87bad3c948f4d605d)
Start importing Assets/Studio33 Interactive_[BasketBall] v1.1/Animations/Basketball Motions_Generic/1861_DunkClutchRLeftA.fbx using Guid(35991485be75df94e9239ea64233b007) Importer(2089858483,b0f066a214c2f5e87bad3c948f4d605d) (ScriptedImporter) -> (artifact id: 'e2e8b144b812bd25be493a5e40f86857') in 0.0324023 seconds
Number of updated asset objects reloaded before import = 0Number of asset objects unloaded after import = 153

========================================================================
Received Import Request.
  Time since last request: 0.000042 seconds.
  path: Assets/Studio33 Interactive_[BasketBall] v1.1/Animations/Basketball Motions_Generic/2054_JumpshotReadyFake.fbx
  artifactKey: Guid(35d2bb1cc8a54dc42938e10dbbb0508b) Importer(2089858483,b0f066a214c2f5e87bad3c948f4d605d)
Start importing Assets/Studio33 Interactive_[BasketBall] v1.1/Animations/Basketball Motions_Generic/2054_JumpshotReadyFake.fbx using Guid(35d2bb1cc8a54dc42938e10dbbb0508b) Importer(2089858483,b0f066a214c2f5e87bad3c948f4d605d) (ScriptedImporter) -> (artifact id: '388ec7c1c428a388c6ed3a929c335445') in 0.0290441 seconds
Number of updated asset objects reloaded before import = 0Number of asset objects unloaded after import = 153

========================================================================
Received Import Request.
  Time since last request: 0.000060 seconds.
  path: Assets/Studio33 Interactive_[BasketBall] v1.1/Animations/Basketball Motions_Generic/163_PushPushFrontA.fbx
  artifactKey: Guid(adbf5f9ab2e2ac1419249b6cc6ccda05) Importer(2089858483,b0f066a214c2f5e87bad3c948f4d605d)
Start importing Assets/Studio33 Interactive_[BasketBall] v1.1/Animations/Basketball Motions_Generic/163_PushPushFrontA.fbx using Guid(adbf5f9ab2e2ac1419249b6cc6ccda05) Importer(2089858483,b0f066a214c2f5e87bad3c948f4d605d) (ScriptedImporter) -> (artifact id: 'c4fec48fe8fcebcf7ca108b868c4a895') in 0.0303031 seconds
Number of updated asset objects reloaded before import = 0Number of asset objects unloaded after import = 153

========================================================================
Received Import Request.
  Time since last request: 0.000046 seconds.
  path: Assets/Studio33 Interactive_[BasketBall] v1.1/Animations/Basketball Motions Humanoid/438_DefenceRightA.fbx
  artifactKey: Guid(4ca37641aa755774ab62ce1db294ce9d) Importer(2089858483,b0f066a214c2f5e87bad3c948f4d605d)
Start importing Assets/Studio33 Interactive_[BasketBall] v1.1/Animations/Basketball Motions Humanoid/438_DefenceRightA.fbx using Guid(4ca37641aa755774ab62ce1db294ce9d) Importer(2089858483,b0f066a214c2f5e87bad3c948f4d605d) (ScriptedImporter) -> (artifact id: 'cc040f79573f8dce17341f62d9ebc033') in 0.0396088 seconds
Number of updated asset objects reloaded before import = 0Number of asset objects unloaded after import = 155

========================================================================
Received Import Request.
  Time since last request: 0.000057 seconds.
  path: Assets/Studio33 Interactive_[BasketBall] v1.1/Animations/Basketball Motions Humanoid/1453_DunkRA.fbx
  artifactKey: Guid(7fed3f9c54ad58f409a867ab64befa15) Importer(2089858483,b0f066a214c2f5e87bad3c948f4d605d)
Start importing Assets/Studio33 Interactive_[BasketBall] v1.1/Animations/Basketball Motions Humanoid/1453_DunkRA.fbx using Guid(7fed3f9c54ad58f409a867ab64befa15) Importer(2089858483,b0f066a214c2f5e87bad3c948f4d605d) (ScriptedImporter) -> (artifact id: '2af0594022675f06b095f108adbfb275') in 0.0335145 seconds
Number of updated asset objects reloaded before import = 0Number of asset objects unloaded after import = 155

========================================================================
Received Import Request.
  Time since last request: 0.000056 seconds.
  path: Assets/Studio33 Interactive_[BasketBall] v1.1/Animations/Basketball Motions_Generic/154_BlockingckedBaA.fbx
  artifactKey: Guid(6aee62b55945bea41b47484301fe5a9e) Importer(815301076,1909f56bfc062723c751e8b465ee728b)
Start importing Assets/Studio33 Interactive_[BasketBall] v1.1/Animations/Basketball Motions_Generic/154_BlockingckedBaA.fbx using Guid(6aee62b55945bea41b47484301fe5a9e) Importer(815301076,1909f56bfc062723c751e8b465ee728b) (PreviewImporter) -> (artifact id: '11325136bb5bc6f98af1c3b4d8ccbc7b') in 0.0496072 seconds
Number of updated asset objects reloaded before import = 0Number of asset objects unloaded after import = 153

========================================================================
Received Import Request.
  Time since last request: 0.000033 seconds.
  path: Assets/Studio33 Interactive_[BasketBall] v1.1/Animations/Basketball Motions Humanoid/288_JabstepFakeLA.fbx
  artifactKey: Guid(f64ff8cc157c9fc4ea5a17435dacb8a4) Importer(2089858483,b0f066a214c2f5e87bad3c948f4d605d)
Start importing Assets/Studio33 Interactive_[BasketBall] v1.1/Animations/Basketball Motions Humanoid/288_JabstepFakeLA.fbx using Guid(f64ff8cc157c9fc4ea5a17435dacb8a4) Importer(2089858483,b0f066a214c2f5e87bad3c948f4d605d) (ScriptedImporter) -> (artifact id: '24dc0b1add4092442ee6b24a552a1a26') in 0.0272425 seconds
Number of updated asset objects reloaded before import = 0Number of asset objects unloaded after import = 155

========================================================================
Received Import Request.
  Time since last request: 0.000045 seconds.
  path: Assets/Studio33 Interactive_[BasketBall] v1.1/Animations/Basketball Motions Humanoid/1605_DunkRA.fbx
  artifactKey: Guid(6bbb2331c5cf07d499bb836c602a58d9) Importer(2089858483,b0f066a214c2f5e87bad3c948f4d605d)
Start importing Assets/Studio33 Interactive_[BasketBall] v1.1/Animations/Basketball Motions Humanoid/1605_DunkRA.fbx using Guid(6bbb2331c5cf07d499bb836c602a58d9) Importer(2089858483,b0f066a214c2f5e87bad3c948f4d605d) (ScriptedImporter) -> (artifact id: 'b2ccc4e1548d0d5fb9aacb8dfa0aa5e9') in 0.0293192 seconds
Number of updated asset objects reloaded before import = 0Number of asset objects unloaded after import = 155

========================================================================
Received Import Request.
  Time since last request: 0.000037 seconds.
  path: Assets/Studio33 Interactive_[BasketBall] v1.1/Animations/Basketball Motions_Generic/104_BlockingshortL.fbx
  artifactKey: Guid(c2aef1711b0643e4dbcc0cb4b529062c) Importer(815301076,1909f56bfc062723c751e8b465ee728b)
Start importing Assets/Studio33 Interactive_[BasketBall] v1.1/Animations/Basketball Motions_Generic/104_BlockingshortL.fbx using Guid(c2aef1711b0643e4dbcc0cb4b529062c) Importer(815301076,1909f56bfc062723c751e8b465ee728b) (PreviewImporter) -> (artifact id: '1c502eb6ef6be51fce1f6183b02f7089') in 0.0452081 seconds
Number of updated asset objects reloaded before import = 0Number of asset objects unloaded after import = 153

========================================================================
Received Import Request.
  Time since last request: 0.000038 seconds.
  path: Assets/Studio33 Interactive_[BasketBall] v1.1/Animations/Basketball Motions_Generic/738_AlleyooppassRevA.fbx
  artifactKey: Guid(95fb0940bc457204c985121d6cad8d23) Importer(2089858483,b0f066a214c2f5e87bad3c948f4d605d)
Start importing Assets/Studio33 Interactive_[BasketBall] v1.1/Animations/Basketball Motions_Generic/738_AlleyooppassRevA.fbx using Guid(95fb0940bc457204c985121d6cad8d23) Importer(2089858483,b0f066a214c2f5e87bad3c948f4d605d) (ScriptedImporter) -> (artifact id: '961c2da9a6a911f36af851c5a7f7cb54') in 0.026018 seconds
Number of updated asset objects reloaded before import = 0Number of asset objects unloaded after import = 153

========================================================================
Received Import Request.
  Time since last request: 0.000047 seconds.
  path: Assets/Studio33 Interactive_[BasketBall] v1.1/Animations/Basketball Motions Humanoid/1702_PutbacA.fbx
  artifactKey: Guid(a47c9de30dd72894a8f3b88f2b616f7e) Importer(2089858483,b0f066a214c2f5e87bad3c948f4d605d)
Start importing Assets/Studio33 Interactive_[BasketBall] v1.1/Animations/Basketball Motions Humanoid/1702_PutbacA.fbx using Guid(a47c9de30dd72894a8f3b88f2b616f7e) Importer(2089858483,b0f066a214c2f5e87bad3c948f4d605d) (ScriptedImporter) -> (artifact id: '6212cedf5ca029a3ad7eaa29a27b1600') in 0.0355428 seconds
Number of updated asset objects reloaded before import = 0Number of asset objects unloaded after import = 155

========================================================================
Received Import Request.
  Time since last request: 0.000048 seconds.
  path: Assets/Studio33 Interactive_[BasketBall] v1.1/Animations/Basketball Motions_Generic/87_BlockingckpassShortLA.fbx
  artifactKey: Guid(28f6d98d68bf29f479d5301abac4ad6b) Importer(815301076,1909f56bfc062723c751e8b465ee728b)
Start importing Assets/Studio33 Interactive_[BasketBall] v1.1/Animations/Basketball Motions_Generic/87_BlockingckpassShortLA.fbx using Guid(28f6d98d68bf29f479d5301abac4ad6b) Importer(815301076,1909f56bfc062723c751e8b465ee728b) (PreviewImporter) -> (artifact id: '9a51feab589a49f622badbf6655c7b66') in 0.0461146 seconds
Number of updated asset objects reloaded before import = 0Number of asset objects unloaded after import = 153

========================================================================
Received Import Request.
  Time since last request: 0.000047 seconds.
  path: Assets/Studio33 Interactive_[BasketBall] v1.1/Animations/Basketball Motions Humanoid/390_CrossThRRRA.fbx
  artifactKey: Guid(92e7ccf29188c6a4f8ca9259e793981a) Importer(2089858483,b0f066a214c2f5e87bad3c948f4d605d)
Start importing Assets/Studio33 Interactive_[BasketBall] v1.1/Animations/Basketball Motions Humanoid/390_CrossThRRRA.fbx using Guid(92e7ccf29188c6a4f8ca9259e793981a) Importer(2089858483,b0f066a214c2f5e87bad3c948f4d605d) (ScriptedImporter) -> (artifact id: 'bcc4a00ab238234199ed901fa93d811a') in 0.0293912 seconds
Number of updated asset objects reloaded before import = 0Number of asset objects unloaded after import = 155

========================================================================
Received Import Request.
  Time since last request: 0.000034 seconds.
  path: Assets/Studio33 Interactive_[BasketBall] v1.1/Animations/Basketball Motions_Generic/67_BlockingshortLayupF.fbx
  artifactKey: Guid(92e505a671ed1c049a9c0f9dd01a80fd) Importer(815301076,1909f56bfc062723c751e8b465ee728b)
Start importing Assets/Studio33 Interactive_[BasketBall] v1.1/Animations/Basketball Motions_Generic/67_BlockingshortLayupF.fbx using Guid(92e505a671ed1c049a9c0f9dd01a80fd) Importer(815301076,1909f56bfc062723c751e8b465ee728b) (PreviewImporter) -> (artifact id: '5dee142934d178c6baffa9224320a947') in 0.0426545 seconds
Number of updated asset objects reloaded before import = 0Number of asset objects unloaded after import = 153

========================================================================
Received Import Request.
  Time since last request: 0.000059 seconds.
  path: Assets/Studio33 Interactive_[BasketBall] v1.1/Animations/Basketball Motions Humanoid/1331_JumpshotCA.fbx
  artifactKey: Guid(802ff036d6261384daea867bc5204ae6) Importer(2089858483,b0f066a214c2f5e87bad3c948f4d605d)
Start importing Assets/Studio33 Interactive_[BasketBall] v1.1/Animations/Basketball Motions Humanoid/1331_JumpshotCA.fbx using Guid(802ff036d6261384daea867bc5204ae6) Importer(2089858483,b0f066a214c2f5e87bad3c948f4d605d) (ScriptedImporter) -> (artifact id: 'b6fd0a757ada9c572f77bd2ca5c41c15') in 0.0284664 seconds
Number of updated asset objects reloaded before import = 0Number of asset objects unloaded after import = 155

========================================================================
Received Import Request.
  Time since last request: 0.000032 seconds.
  path: Assets/Studio33 Interactive_[BasketBall] v1.1/Animations/Basketball Motions_Generic/2081_JumpshotMA.fbx
  artifactKey: Guid(ebf5659af27a52a4f9c854e79eb3df59) Importer(2089858483,b0f066a214c2f5e87bad3c948f4d605d)
Start importing Assets/Studio33 Interactive_[BasketBall] v1.1/Animations/Basketball Motions_Generic/2081_JumpshotMA.fbx using Guid(ebf5659af27a52a4f9c854e79eb3df59) Importer(2089858483,b0f066a214c2f5e87bad3c948f4d605d) (ScriptedImporter) -> (artifact id: '01ab00b08daca2320197ead3fe8809db') in 0.0264654 seconds
Number of updated asset objects reloaded before import = 0Number of asset objects unloaded after import = 153

========================================================================
Received Import Request.
  Time since last request: 0.000034 seconds.
  path: Assets/Studio33 Interactive_[BasketBall] v1.1/Animations/Basketball Motions_Generic/66_BlockingshortLayupF.fbx
  artifactKey: Guid(f8f8e96d8f0be83489c555e4d689905b) Importer(815301076,1909f56bfc062723c751e8b465ee728b)
Start importing Assets/Studio33 Interactive_[BasketBall] v1.1/Animations/Basketball Motions_Generic/66_BlockingshortLayupF.fbx using Guid(f8f8e96d8f0be83489c555e4d689905b) Importer(815301076,1909f56bfc062723c751e8b465ee728b) (PreviewImporter) -> (artifact id: '3920e9d2c93b886f706f6aa60bbd3af2') in 0.0467852 seconds
Number of updated asset objects reloaded before import = 0Number of asset objects unloaded after import = 153

========================================================================
Received Import Request.
  Time since last request: 0.000049 seconds.
  path: Assets/Studio33 Interactive_[BasketBall] v1.1/Animations/Basketball Motions_Generic/830_MPassChestA.fbx
  artifactKey: Guid(85d4e268720258d46b06ca4d312a2cd1) Importer(2089858483,b0f066a214c2f5e87bad3c948f4d605d)
Start importing Assets/Studio33 Interactive_[BasketBall] v1.1/Animations/Basketball Motions_Generic/830_MPassChestA.fbx using Guid(85d4e268720258d46b06ca4d312a2cd1) Importer(2089858483,b0f066a214c2f5e87bad3c948f4d605d) (ScriptedImporter) -> (artifact id: '17fa05894890d57150982066783671cb') in 0.0260335 seconds
Number of updated asset objects reloaded before import = 0Number of asset objects unloaded after import = 153

========================================================================
Received Import Request.
  Time since last request: 0.000044 seconds.
  path: Assets/Studio33 Interactive_[BasketBall] v1.1/Animations/Basketball Motions_Generic/167_PushPushedRightA.fbx
  artifactKey: Guid(17d41b5c8dea5794f9fe68c416d1b991) Importer(815301076,1909f56bfc062723c751e8b465ee728b)
Start importing Assets/Studio33 Interactive_[BasketBall] v1.1/Animations/Basketball Motions_Generic/167_PushPushedRightA.fbx using Guid(17d41b5c8dea5794f9fe68c416d1b991) Importer(815301076,1909f56bfc062723c751e8b465ee728b) (PreviewImporter) -> (artifact id: '548ff8c13ed310c24fd65e950e0592b3') in 0.0487569 seconds
Number of updated asset objects reloaded before import = 0Number of asset objects unloaded after import = 153

========================================================================
Received Import Request.
  Time since last request: 0.000029 seconds.
  path: Assets/Studio33 Interactive_[BasketBall] v1.1/Animations/Basketball Motions_Generic/93_BlockinglongFarL.fbx
  artifactKey: Guid(8a632e4f4846a6b41a7c24693a5206f6) Importer(815301076,1909f56bfc062723c751e8b465ee728b)
Start importing Assets/Studio33 Interactive_[BasketBall] v1.1/Animations/Basketball Motions_Generic/93_BlockinglongFarL.fbx using Guid(8a632e4f4846a6b41a7c24693a5206f6) Importer(815301076,1909f56bfc062723c751e8b465ee728b) (PreviewImporter) -> (artifact id: '115329f851c838e16e018446ad1966b3') in 0.0496353 seconds
Number of updated asset objects reloaded before import = 0Number of asset objects unloaded after import = 153

========================================================================
Received Import Request.
  Time since last request: 0.000031 seconds.
  path: Assets/Studio33 Interactive_[BasketBall] v1.1/Animations/Basketball Motions Humanoid/1615_DunkRA.fbx
  artifactKey: Guid(98626693fdb878444ab993c6937dc3cd) Importer(2089858483,b0f066a214c2f5e87bad3c948f4d605d)
Start importing Assets/Studio33 Interactive_[BasketBall] v1.1/Animations/Basketball Motions Humanoid/1615_DunkRA.fbx using Guid(98626693fdb878444ab993c6937dc3cd) Importer(2089858483,b0f066a214c2f5e87bad3c948f4d605d) (ScriptedImporter) -> (artifact id: 'd39069cbf4789be7a81181d399f976c6') in 0.033202 seconds
Number of updated asset objects reloaded before import = 0Number of asset objects unloaded after import = 155

========================================================================
Received Import Request.
  Time since last request: 0.000059 seconds.
  path: Assets/Studio33 Interactive_[BasketBall] v1.1/Animations/Basketball Motions Humanoid/1447_JumpshotMFakeA.fbx
  artifactKey: Guid(448cc28c15632b54db2e88acb28aa2cc) Importer(2089858483,b0f066a214c2f5e87bad3c948f4d605d)
Start importing Assets/Studio33 Interactive_[BasketBall] v1.1/Animations/Basketball Motions Humanoid/1447_JumpshotMFakeA.fbx using Guid(448cc28c15632b54db2e88acb28aa2cc) Importer(2089858483,b0f066a214c2f5e87bad3c948f4d605d) (ScriptedImporter) -> (artifact id: '7682d185721d50986f5fc062a1c1b68b') in 0.0302408 seconds
Number of updated asset objects reloaded before import = 0Number of asset objects unloaded after import = 155

========================================================================
Received Import Request.
  Time since last request: 0.000037 seconds.
  path: Assets/Studio33 Interactive_[BasketBall] v1.1/Animations/Basketball Motions Humanoid/600_StealpassStealA.fbx
  artifactKey: Guid(3b548a38028cb6e41b6ddf2a1741ebe0) Importer(2089858483,b0f066a214c2f5e87bad3c948f4d605d)
Start importing Assets/Studio33 Interactive_[BasketBall] v1.1/Animations/Basketball Motions Humanoid/600_StealpassStealA.fbx using Guid(3b548a38028cb6e41b6ddf2a1741ebe0) Importer(2089858483,b0f066a214c2f5e87bad3c948f4d605d) (ScriptedImporter) -> (artifact id: 'c4c4f7796beb3de97f339a1e715467d8') in 0.0292896 seconds
Number of updated asset objects reloaded before import = 0Number of asset objects unloaded after import = 155

========================================================================
Received Import Request.
  Time since last request: 0.000034 seconds.
  path: Assets/Studio33 Interactive_[BasketBall] v1.1/Animations/Basketball Motions_Generic/143_CollisioshoulderChargeA.fbx
  artifactKey: Guid(760cd3313edb11849a3bfb3e03731755) Importer(815301076,1909f56bfc062723c751e8b465ee728b)
Start importing Assets/Studio33 Interactive_[BasketBall] v1.1/Animations/Basketball Motions_Generic/143_CollisioshoulderChargeA.fbx using Guid(760cd3313edb11849a3bfb3e03731755) Importer(815301076,1909f56bfc062723c751e8b465ee728b) (PreviewImporter) -> (artifact id: '2a732efcddcfcc1ed946e815f568b296') in 0.0444613 seconds
Number of updated asset objects reloaded before import = 0Number of asset objects unloaded after import = 153

========================================================================
Received Import Request.
  Time since last request: 0.000040 seconds.
  path: Assets/Studio33 Interactive_[BasketBall] v1.1/Animations/Basketball Motions_Generic/701_OverNpassFA.fbx
  artifactKey: Guid(cc6da71e6ccaab143849ae4866d5535b) Importer(2089858483,b0f066a214c2f5e87bad3c948f4d605d)
Start importing Assets/Studio33 Interactive_[BasketBall] v1.1/Animations/Basketball Motions_Generic/701_OverNpassFA.fbx using Guid(cc6da71e6ccaab143849ae4866d5535b) Importer(2089858483,b0f066a214c2f5e87bad3c948f4d605d) (ScriptedImporter) -> (artifact id: 'fe215f5b7473453b6952678926d00db4') in 0.0261191 seconds
Number of updated asset objects reloaded before import = 0Number of asset objects unloaded after import = 153

========================================================================
Received Import Request.
  Time since last request: 0.000044 seconds.
  path: Assets/Studio33 Interactive_[BasketBall] v1.1/Animations/Basketball Motions_Generic/822_PassibadOverA.fbx
  artifactKey: Guid(b11b9174cb7a7614eb06cc7b3faae86e) Importer(2089858483,b0f066a214c2f5e87bad3c948f4d605d)
Start importing Assets/Studio33 Interactive_[BasketBall] v1.1/Animations/Basketball Motions_Generic/822_PassibadOverA.fbx using Guid(b11b9174cb7a7614eb06cc7b3faae86e) Importer(2089858483,b0f066a214c2f5e87bad3c948f4d605d) (ScriptedImporter) -> (artifact id: 'd7489cd8139a874cf4006f8bba0a3445') in 0.0276646 seconds
Number of updated asset objects reloaded before import = 0Number of asset objects unloaded after import = 153

========================================================================
Received Import Request.
  Time since last request: 0.000039 seconds.
  path: Assets/Studio33 Interactive_[BasketBall] v1.1/Animations/Basketball Motions_Generic/1670_AlleyoopDclutchFRightA.fbx
  artifactKey: Guid(5a39744596b46c245ae0e1d9ec33e8be) Importer(2089858483,b0f066a214c2f5e87bad3c948f4d605d)
Start importing Assets/Studio33 Interactive_[BasketBall] v1.1/Animations/Basketball Motions_Generic/1670_AlleyoopDclutchFRightA.fbx using Guid(5a39744596b46c245ae0e1d9ec33e8be) Importer(2089858483,b0f066a214c2f5e87bad3c948f4d605d) (ScriptedImporter) -> (artifact id: '345958c520ed96127f6c8467f20eb17e') in 0.0296648 seconds
Number of updated asset objects reloaded before import = 0Number of asset objects unloaded after import = 153

========================================================================
Received Import Request.
  Time since last request: 0.000028 seconds.
  path: Assets/Studio33 Interactive_[BasketBall] v1.1/Animations/Basketball Motions Humanoid/1031_TappassDash.fbx
  artifactKey: Guid(2b29bc55815bbc441ae025ab4751a7f3) Importer(2089858483,b0f066a214c2f5e87bad3c948f4d605d)
Start importing Assets/Studio33 Interactive_[BasketBall] v1.1/Animations/Basketball Motions Humanoid/1031_TappassDash.fbx using Guid(2b29bc55815bbc441ae025ab4751a7f3) Importer(2089858483,b0f066a214c2f5e87bad3c948f4d605d) (ScriptedImporter) -> (artifact id: 'bbd140f00f22ca08f8fce581219e1a4b') in 0.0294382 seconds
Number of updated asset objects reloaded before import = 0Number of asset objects unloaded after import = 155

========================================================================
Received Import Request.
  Time since last request: 0.000058 seconds.
  path: Assets/Studio33 Interactive_[BasketBall] v1.1/Animations/Basketball Motions_Generic/105_BlockingshortLayupF.fbx
  artifactKey: Guid(780cb30a4ebe67a41a5f31ba628a56ba) Importer(815301076,1909f56bfc062723c751e8b465ee728b)
Start importing Assets/Studio33 Interactive_[BasketBall] v1.1/Animations/Basketball Motions_Generic/105_BlockingshortLayupF.fbx using Guid(780cb30a4ebe67a41a5f31ba628a56ba) Importer(815301076,1909f56bfc062723c751e8b465ee728b) (PreviewImporter) -> (artifact id: '87ec18ed55fbeb2fcfe01b22dd2aec9f') in 0.0475435 seconds
Number of updated asset objects reloaded before import = 0Number of asset objects unloaded after import = 153

========================================================================
Received Import Request.
  Time since last request: 0.000048 seconds.
  path: Assets/Studio33 Interactive_[BasketBall] v1.1/Animations/Basketball Motions_Generic/1215_FakelayupRA.fbx
  artifactKey: Guid(dd4b0e74c9bb3f14b9926ca54d8b24ea) Importer(2089858483,b0f066a214c2f5e87bad3c948f4d605d)
Start importing Assets/Studio33 Interactive_[BasketBall] v1.1/Animations/Basketball Motions_Generic/1215_FakelayupRA.fbx using Guid(dd4b0e74c9bb3f14b9926ca54d8b24ea) Importer(2089858483,b0f066a214c2f5e87bad3c948f4d605d) (ScriptedImporter) -> (artifact id: '9eac070f2a1caa0fd1560a1a1d1bc3d1') in 0.0298016 seconds
Number of updated asset objects reloaded before import = 0Number of asset objects unloaded after import = 153

========================================================================
Received Import Request.
  Time since last request: 0.000036 seconds.
  path: Assets/Studio33 Interactive_[BasketBall] v1.1/Animations/Basketball Motions Humanoid/2049_DunkRA.fbx
  artifactKey: Guid(f491dde8e0841ac4a9545634ba7fa818) Importer(2089858483,b0f066a214c2f5e87bad3c948f4d605d)
Start importing Assets/Studio33 Interactive_[BasketBall] v1.1/Animations/Basketball Motions Humanoid/2049_DunkRA.fbx using Guid(f491dde8e0841ac4a9545634ba7fa818) Importer(2089858483,b0f066a214c2f5e87bad3c948f4d605d) (ScriptedImporter) -> (artifact id: '65c234aeee7046ba0629d4b3e67d4272') in 0.0311019 seconds
Number of updated asset objects reloaded before import = 0Number of asset objects unloaded after import = 155

========================================================================
Received Import Request.
  Time since last request: 0.000043 seconds.
  path: Assets/Studio33 Interactive_[BasketBall] v1.1/Animations/Basketball Motions_Generic/1336_JumpshotMA.fbx
  artifactKey: Guid(6c724f164fb0ac54a8bf34ebb8e05c6a) Importer(2089858483,b0f066a214c2f5e87bad3c948f4d605d)
Start importing Assets/Studio33 Interactive_[BasketBall] v1.1/Animations/Basketball Motions_Generic/1336_JumpshotMA.fbx using Guid(6c724f164fb0ac54a8bf34ebb8e05c6a) Importer(2089858483,b0f066a214c2f5e87bad3c948f4d605d) (ScriptedImporter) -> (artifact id: '3ca81607ecf81bd9eda29f4c88f8459d') in 0.0323916 seconds
Number of updated asset objects reloaded before import = 0Number of asset objects unloaded after import = 153

========================================================================
Received Import Request.
  Time since last request: 0.000049 seconds.
  path: Assets/Studio33 Interactive_[BasketBall] v1.1/Animations/Basketball Motions_Generic/164_PushPushRightA.fbx
  artifactKey: Guid(42e5c8648764022458ee8b632875a49c) Importer(815301076,1909f56bfc062723c751e8b465ee728b)
Start importing Assets/Studio33 Interactive_[BasketBall] v1.1/Animations/Basketball Motions_Generic/164_PushPushRightA.fbx using Guid(42e5c8648764022458ee8b632875a49c) Importer(815301076,1909f56bfc062723c751e8b465ee728b) (PreviewImporter) -> (artifact id: '2984c3e4f6cc05ae518184d4dd2ee72b') in 0.054437 seconds
Number of updated asset objects reloaded before import = 0Number of asset objects unloaded after import = 153

========================================================================
Received Import Request.
  Time since last request: 0.000051 seconds.
  path: Assets/Studio33 Interactive_[BasketBall] v1.1/Animations/Basketball Motions Humanoid/1176_DunkCRevA.fbx
  artifactKey: Guid(ea0d541edb99a8d43bb67e5ee8f573b9) Importer(2089858483,b0f066a214c2f5e87bad3c948f4d605d)
Start importing Assets/Studio33 Interactive_[BasketBall] v1.1/Animations/Basketball Motions Humanoid/1176_DunkCRevA.fbx using Guid(ea0d541edb99a8d43bb67e5ee8f573b9) Importer(2089858483,b0f066a214c2f5e87bad3c948f4d605d) (ScriptedImporter) -> (artifact id: '401c65454437dbf1739c1239d208e65b') in 0.0339522 seconds
Number of updated asset objects reloaded before import = 0Number of asset objects unloaded after import = 155

========================================================================
Received Import Request.
  Time since last request: 0.000040 seconds.
  path: Assets/Studio33 Interactive_[BasketBall] v1.1/Animations/Basketball Motions_Generic/2168_RotDefA.fbx
  artifactKey: Guid(dfa74cee1473be54281125ed6dfa671e) Importer(2089858483,b0f066a214c2f5e87bad3c948f4d605d)
Start importing Assets/Studio33 Interactive_[BasketBall] v1.1/Animations/Basketball Motions_Generic/2168_RotDefA.fbx using Guid(dfa74cee1473be54281125ed6dfa671e) Importer(2089858483,b0f066a214c2f5e87bad3c948f4d605d) (ScriptedImporter) -> (artifact id: 'a69f471109327596ed61e0a1a58b6b6f') in 0.0297746 seconds
Number of updated asset objects reloaded before import = 0Number of asset objects unloaded after import = 153

========================================================================
Received Import Request.
  Time since last request: 0.000034 seconds.
  path: Assets/Studio33 Interactive_[BasketBall] v1.1/Animations/Basketball Motions_Generic/217_CrossEurostepLayupC.fbx
  artifactKey: Guid(9079f8970f29ce54eb51d59ef6457c24) Importer(2089858483,b0f066a214c2f5e87bad3c948f4d605d)
Start importing Assets/Studio33 Interactive_[BasketBall] v1.1/Animations/Basketball Motions_Generic/217_CrossEurostepLayupC.fbx using Guid(9079f8970f29ce54eb51d59ef6457c24) Importer(2089858483,b0f066a214c2f5e87bad3c948f4d605d) (ScriptedImporter) -> (artifact id: 'c8309951691e03ce653b24af8f8a9699') in 0.0291152 seconds
Number of updated asset objects reloaded before import = 0Number of asset objects unloaded after import = 153

========================================================================
Received Import Request.
  Time since last request: 0.000054 seconds.
  path: Assets/Studio33 Interactive_[BasketBall] v1.1/Animations/Basketball Motions_Generic/97_BlockinglongNearF.fbx
  artifactKey: Guid(26086f674bb8f4c4fb54c354bbf4b218) Importer(815301076,1909f56bfc062723c751e8b465ee728b)
Start importing Assets/Studio33 Interactive_[BasketBall] v1.1/Animations/Basketball Motions_Generic/97_BlockinglongNearF.fbx using Guid(26086f674bb8f4c4fb54c354bbf4b218) Importer(815301076,1909f56bfc062723c751e8b465ee728b) (PreviewImporter) -> (artifact id: '2e839b2b4225ba76e2e480b84e50a1a7') in 0.0495312 seconds
Number of updated asset objects reloaded before import = 0Number of asset objects unloaded after import = 153

========================================================================
Received Import Request.
  Time since last request: 0.000037 seconds.
  path: Assets/Studio33 Interactive_[BasketBall] v1.1/Animations/Basketball Motions_Generic/425_MQuickDefenseR.fbx
  artifactKey: Guid(b1ac3f2311d63e2409b2474ef37ec1bb) Importer(2089858483,b0f066a214c2f5e87bad3c948f4d605d)
Start importing Assets/Studio33 Interactive_[BasketBall] v1.1/Animations/Basketball Motions_Generic/425_MQuickDefenseR.fbx using Guid(b1ac3f2311d63e2409b2474ef37ec1bb) Importer(2089858483,b0f066a214c2f5e87bad3c948f4d605d) (ScriptedImporter) -> (artifact id: '0a9fd61e8147b3dc17bef15bef62bd3b') in 0.0271973 seconds
Number of updated asset objects reloaded before import = 0Number of asset objects unloaded after import = 153

========================================================================
Received Import Request.
  Time since last request: 0.000038 seconds.
  path: Assets/Studio33 Interactive_[BasketBall] v1.1/Animations/Basketball Motions Humanoid/1208_DunkRA.fbx
  artifactKey: Guid(e639cb3727b3d0f46bd7c448dc3a99cf) Importer(2089858483,b0f066a214c2f5e87bad3c948f4d605d)
Start importing Assets/Studio33 Interactive_[BasketBall] v1.1/Animations/Basketball Motions Humanoid/1208_DunkRA.fbx using Guid(e639cb3727b3d0f46bd7c448dc3a99cf) Importer(2089858483,b0f066a214c2f5e87bad3c948f4d605d) (ScriptedImporter) -> (artifact id: '3da0f82cfe1bd22b72f3bc95259001d4') in 0.0336803 seconds
Number of updated asset objects reloaded before import = 0Number of asset objects unloaded after import = 155

========================================================================
Received Import Request.
  Time since last request: 0.000060 seconds.
  path: Assets/Studio33 Interactive_[BasketBall] v1.1/Animations/Basketball Motions_Generic/56_BlockinglongFarJumpF.fbx
  artifactKey: Guid(7583cf70fffc3e747ab6745f35c54e58) Importer(815301076,1909f56bfc062723c751e8b465ee728b)
Start importing Assets/Studio33 Interactive_[BasketBall] v1.1/Animations/Basketball Motions_Generic/56_BlockinglongFarJumpF.fbx using Guid(7583cf70fffc3e747ab6745f35c54e58) Importer(815301076,1909f56bfc062723c751e8b465ee728b) (PreviewImporter) -> (artifact id: 'bb452015626431b52df055f01f763039') in 0.0455021 seconds
Number of updated asset objects reloaded before import = 0Number of asset objects unloaded after import = 153

========================================================================
Received Import Request.
  Time since last request: 0.000053 seconds.
  path: Assets/Studio33 Interactive_[BasketBall] v1.1/Animations/Basketball Motions_Generic/406_InsideTackeA.fbx
  artifactKey: Guid(45504e8096ef5524b8e6018d0211209c) Importer(2089858483,b0f066a214c2f5e87bad3c948f4d605d)
Start importing Assets/Studio33 Interactive_[BasketBall] v1.1/Animations/Basketball Motions_Generic/406_InsideTackeA.fbx using Guid(45504e8096ef5524b8e6018d0211209c) Importer(2089858483,b0f066a214c2f5e87bad3c948f4d605d) (ScriptedImporter) -> (artifact id: '06bd9bbc1aea9cde0bdaa380128c7575') in 0.0336715 seconds
Number of updated asset objects reloaded before import = 0Number of asset objects unloaded after import = 153

========================================================================
Received Import Request.
  Time since last request: 0.000044 seconds.
  path: Assets/Studio33 Interactive_[BasketBall] v1.1/Animations/Basketball Motions_Generic/22_BlockingckncatchShortLA.fbx
  artifactKey: Guid(9f29ef1f9d3d30249baca56603eb6061) Importer(815301076,1909f56bfc062723c751e8b465ee728b)
Start importing Assets/Studio33 Interactive_[BasketBall] v1.1/Animations/Basketball Motions_Generic/22_BlockingckncatchShortLA.fbx using Guid(9f29ef1f9d3d30249baca56603eb6061) Importer(815301076,1909f56bfc062723c751e8b465ee728b) (PreviewImporter) -> (artifact id: '51d5df41b12dec22fed27f2c72fd2f1b') in 0.0522668 seconds
Number of updated asset objects reloaded before import = 0Number of asset objects unloaded after import = 153

========================================================================
Received Import Request.
  Time since last request: 0.000059 seconds.
  path: Assets/Studio33 Interactive_[BasketBall] v1.1/Animations/Basketball Motions_Generic/11_PostBackingpushA.fbx
  artifactKey: Guid(fda3288f49e582e42b76f478c7cedecd) Importer(2089858483,b0f066a214c2f5e87bad3c948f4d605d)
Start importing Assets/Studio33 Interactive_[BasketBall] v1.1/Animations/Basketball Motions_Generic/11_PostBackingpushA.fbx using Guid(fda3288f49e582e42b76f478c7cedecd) Importer(2089858483,b0f066a214c2f5e87bad3c948f4d605d) (ScriptedImporter) -> (artifact id: 'a37287bcb233bcb5b68fabec8a2365a5') in 0.0326994 seconds
Number of updated asset objects reloaded before import = 0Number of asset objects unloaded after import = 153

========================================================================
Received Import Request.
  Time since last request: 0.000029 seconds.
  path: Assets/Studio33 Interactive_[BasketBall] v1.1/Animations/Basketball Motions Humanoid/1706_TipicA.fbx
  artifactKey: Guid(6cca8bcc16370f349915bb1d92206ec9) Importer(2089858483,b0f066a214c2f5e87bad3c948f4d605d)
Start importing Assets/Studio33 Interactive_[BasketBall] v1.1/Animations/Basketball Motions Humanoid/1706_TipicA.fbx using Guid(6cca8bcc16370f349915bb1d92206ec9) Importer(2089858483,b0f066a214c2f5e87bad3c948f4d605d) (ScriptedImporter) -> (artifact id: '555a5e92f81468a3af5e04972353718e') in 0.0288724 seconds
Number of updated asset objects reloaded before import = 0Number of asset objects unloaded after import = 155

========================================================================
Received Import Request.
  Time since last request: 0.000039 seconds.
  path: Assets/Studio33 Interactive_[BasketBall] v1.1/Animations/Basketball Motions_Generic/1772_DunkCA.fbx
  artifactKey: Guid(12610b2e122529b4e982c3bfaac69627) Importer(2089858483,b0f066a214c2f5e87bad3c948f4d605d)
Start importing Assets/Studio33 Interactive_[BasketBall] v1.1/Animations/Basketball Motions_Generic/1772_DunkCA.fbx using Guid(12610b2e122529b4e982c3bfaac69627) Importer(2089858483,b0f066a214c2f5e87bad3c948f4d605d) (ScriptedImporter) -> (artifact id: 'a180f7b5ee9a187368e51ceea7a92a4a') in 0.0305705 seconds
Number of updated asset objects reloaded before import = 0Number of asset objects unloaded after import = 153

========================================================================
Received Import Request.
  Time since last request: 0.000040 seconds.
  path: Assets/Studio33 Interactive_[BasketBall] v1.1/Animations/Basketball Motions Humanoid/571_JumpshotStealFaceguard.fbx
  artifactKey: Guid(d582c2c9669f2fe43b5ca3336738e17e) Importer(2089858483,b0f066a214c2f5e87bad3c948f4d605d)
Start importing Assets/Studio33 Interactive_[BasketBall] v1.1/Animations/Basketball Motions Humanoid/571_JumpshotStealFaceguard.fbx using Guid(d582c2c9669f2fe43b5ca3336738e17e) Importer(2089858483,b0f066a214c2f5e87bad3c948f4d605d) (ScriptedImporter) -> (artifact id: 'a32c9553d485ee94ac5c3c02f14de220') in 0.028191 seconds
Number of updated asset objects reloaded before import = 0Number of asset objects unloaded after import = 155

========================================================================
Received Import Request.
  Time since last request: 0.000046 seconds.
  path: Assets/Studio33 Interactive_[BasketBall] v1.1/Animations/Basketball Motions Humanoid/428_MarkQuistepR.fbx
  artifactKey: Guid(912b3f28035595a4594aa0572824677e) Importer(2089858483,b0f066a214c2f5e87bad3c948f4d605d)
Start importing Assets/Studio33 Interactive_[BasketBall] v1.1/Animations/Basketball Motions Humanoid/428_MarkQuistepR.fbx using Guid(912b3f28035595a4594aa0572824677e) Importer(2089858483,b0f066a214c2f5e87bad3c948f4d605d) (ScriptedImporter) -> (artifact id: '00a700b795c77aaec62460d3a937e486') in 0.0284014 seconds
Number of updated asset objects reloaded before import = 0Number of asset objects unloaded after import = 155

========================================================================
Received Import Request.
  Time since last request: 0.000031 seconds.
  path: Assets/Studio33 Interactive_[BasketBall] v1.1/Animations/Basketball Motions Humanoid/654_DashRtTurR.fbx
  artifactKey: Guid(d186f0b40f1f5d346b8167ad9d80a423) Importer(2089858483,b0f066a214c2f5e87bad3c948f4d605d)
Start importing Assets/Studio33 Interactive_[BasketBall] v1.1/Animations/Basketball Motions Humanoid/654_DashRtTurR.fbx using Guid(d186f0b40f1f5d346b8167ad9d80a423) Importer(2089858483,b0f066a214c2f5e87bad3c948f4d605d) (ScriptedImporter) -> (artifact id: 'f01df9aafa53f3316ee68a1a5a38c720') in 0.0359166 seconds
Number of updated asset objects reloaded before import = 0Number of asset objects unloaded after import = 155

========================================================================
Received Import Request.
  Time since last request: 0.000048 seconds.
  path: Assets/Studio33 Interactive_[BasketBall] v1.1/Animations/Basketball Motions_Generic/81_BlockingckpassLongLA.fbx
  artifactKey: Guid(5a98034b9926f6d42914146af143dfb2) Importer(815301076,1909f56bfc062723c751e8b465ee728b)
Start importing Assets/Studio33 Interactive_[BasketBall] v1.1/Animations/Basketball Motions_Generic/81_BlockingckpassLongLA.fbx using Guid(5a98034b9926f6d42914146af143dfb2) Importer(815301076,1909f56bfc062723c751e8b465ee728b) (PreviewImporter) -> (artifact id: '99ac57c4d2c545d112747d2676f929b1') in 0.0506488 seconds
Number of updated asset objects reloaded before import = 0Number of asset objects unloaded after import = 153

========================================================================
Received Import Request.
  Time since last request: 0.000040 seconds.
  path: Assets/Studio33 Interactive_[BasketBall] v1.1/Animations/Basketball Motions_Generic/59_BlockinglongFarLayupF.fbx
  artifactKey: Guid(e8120123017116f429c500d4cc0871d5) Importer(815301076,1909f56bfc062723c751e8b465ee728b)
Start importing Assets/Studio33 Interactive_[BasketBall] v1.1/Animations/Basketball Motions_Generic/59_BlockinglongFarLayupF.fbx using Guid(e8120123017116f429c500d4cc0871d5) Importer(815301076,1909f56bfc062723c751e8b465ee728b) (PreviewImporter) -> (artifact id: '8fd0cb5c250c5e207deaa9d80a363abf') in 0.0444624 seconds
Number of updated asset objects reloaded before import = 0Number of asset objects unloaded after import = 153

========================================================================
Received Import Request.
  Time since last request: 0.000047 seconds.
  path: Assets/Studio33 Interactive_[BasketBall] v1.1/Animations/Basketball Motions_Generic/1313_DunkRA.fbx
  artifactKey: Guid(d30fde66ed4842540a30ebecde71c7cf) Importer(2089858483,b0f066a214c2f5e87bad3c948f4d605d)
Start importing Assets/Studio33 Interactive_[BasketBall] v1.1/Animations/Basketball Motions_Generic/1313_DunkRA.fbx using Guid(d30fde66ed4842540a30ebecde71c7cf) Importer(2089858483,b0f066a214c2f5e87bad3c948f4d605d) (ScriptedImporter) -> (artifact id: 'e539f57af15f9ba3d895e369f3b6dad7') in 0.0282401 seconds
Number of updated asset objects reloaded before import = 0Number of asset objects unloaded after import = 153

========================================================================
Received Import Request.
  Time since last request: 0.000038 seconds.
  path: Assets/Studio33 Interactive_[BasketBall] v1.1/Animations/Basketball Motions Humanoid/1948_JumpshotDriftLA.fbx
  artifactKey: Guid(09cc6ffeb73cf4d4fa62394f80599fd2) Importer(2089858483,b0f066a214c2f5e87bad3c948f4d605d)
Start importing Assets/Studio33 Interactive_[BasketBall] v1.1/Animations/Basketball Motions Humanoid/1948_JumpshotDriftLA.fbx using Guid(09cc6ffeb73cf4d4fa62394f80599fd2) Importer(2089858483,b0f066a214c2f5e87bad3c948f4d605d) (ScriptedImporter) -> (artifact id: '77d525bd497e92bc602e453271c0630a') in 0.0307393 seconds
Number of updated asset objects reloaded before import = 0Number of asset objects unloaded after import = 155

========================================================================
Received Import Request.
  Time since last request: 0.000031 seconds.
  path: Assets/Studio33 Interactive_[BasketBall] v1.1/Animations/Basketball Motions Humanoid/1288_DunkCA.fbx
  artifactKey: Guid(f4bf38d74821ace499f58c635463dcf3) Importer(2089858483,b0f066a214c2f5e87bad3c948f4d605d)
Start importing Assets/Studio33 Interactive_[BasketBall] v1.1/Animations/Basketball Motions Humanoid/1288_DunkCA.fbx using Guid(f4bf38d74821ace499f58c635463dcf3) Importer(2089858483,b0f066a214c2f5e87bad3c948f4d605d) (ScriptedImporter) -> (artifact id: '014c1672f8881754502be88ec04c46fa') in 0.030994 seconds
Number of updated asset objects reloaded before import = 0Number of asset objects unloaded after import = 155

========================================================================
Received Import Request.
  Time since last request: 0.000112 seconds.
  path: Assets/Studio33 Interactive_[BasketBall] v1.1/Animations/Basketball Motions Humanoid/302_ShootfakedriveRR.fbx
  artifactKey: Guid(366668abc17335a489f862f596ca9dc0) Importer(2089858483,b0f066a214c2f5e87bad3c948f4d605d)
Start importing Assets/Studio33 Interactive_[BasketBall] v1.1/Animations/Basketball Motions Humanoid/302_ShootfakedriveRR.fbx using Guid(366668abc17335a489f862f596ca9dc0) Importer(2089858483,b0f066a214c2f5e87bad3c948f4d605d) (ScriptedImporter) -> (artifact id: 'dda5f41273d4a89de46ccd7cfd3dca69') in 0.033102 seconds
Number of updated asset objects reloaded before import = 0Number of asset objects unloaded after import = 155

========================================================================
Received Import Request.
  Time since last request: 0.000055 seconds.
  path: Assets/Studio33 Interactive_[BasketBall] v1.1/Animations/Basketball Motions_Generic/2082_JumpshotMFakeA.fbx
  artifactKey: Guid(c350934492ff6b9448f16a8312334daf) Importer(2089858483,b0f066a214c2f5e87bad3c948f4d605d)
Start importing Assets/Studio33 Interactive_[BasketBall] v1.1/Animations/Basketball Motions_Generic/2082_JumpshotMFakeA.fbx using Guid(c350934492ff6b9448f16a8312334daf) Importer(2089858483,b0f066a214c2f5e87bad3c948f4d605d) (ScriptedImporter) -> (artifact id: '0ef4b51ecf054596bada6ac35ca46d12') in 0.0333325 seconds
Number of updated asset objects reloaded before import = 0Number of asset objects unloaded after import = 153

========================================================================
Received Import Request.
  Time since last request: 0.000046 seconds.
  path: Assets/Studio33 Interactive_[BasketBall] v1.1/Animations/Basketball Motions_Generic/1513_AlleyoopDclutchRRightA.fbx
  artifactKey: Guid(0ccc5c6e2a1423d429cbbdff9f8ba864) Importer(2089858483,b0f066a214c2f5e87bad3c948f4d605d)
Start importing Assets/Studio33 Interactive_[BasketBall] v1.1/Animations/Basketball Motions_Generic/1513_AlleyoopDclutchRRightA.fbx using Guid(0ccc5c6e2a1423d429cbbdff9f8ba864) Importer(2089858483,b0f066a214c2f5e87bad3c948f4d605d) (ScriptedImporter) -> (artifact id: 'eebde46f1bfd4fe5a25a06455c6037d7') in 0.0302703 seconds
Number of updated asset objects reloaded before import = 0Number of asset objects unloaded after import = 153

========================================================================
Received Import Request.
  Time since last request: 0.000035 seconds.
  path: Assets/Studio33 Interactive_[BasketBall] v1.1/Animations/Basketball Motions Humanoid/1326_FadeawayRA.fbx
  artifactKey: Guid(d5f56a89f62eeba4682134ea97caf0bf) Importer(2089858483,b0f066a214c2f5e87bad3c948f4d605d)
Start importing Assets/Studio33 Interactive_[BasketBall] v1.1/Animations/Basketball Motions Humanoid/1326_FadeawayRA.fbx using Guid(d5f56a89f62eeba4682134ea97caf0bf) Importer(2089858483,b0f066a214c2f5e87bad3c948f4d605d) (ScriptedImporter) -> (artifact id: 'c6a9299f04d697cdf8b1edb4a7fc3d22') in 0.0284081 seconds
Number of updated asset objects reloaded before import = 0Number of asset objects unloaded after import = 155

========================================================================
Received Import Request.
  Time since last request: 0.000048 seconds.
  path: Assets/Studio33 Interactive_[BasketBall] v1.1/Animations/Basketball Motions_Generic/534_LayupdunkCA.fbx
  artifactKey: Guid(4b9fafb19bbd1aa4a9befc12126e2f46) Importer(2089858483,b0f066a214c2f5e87bad3c948f4d605d)
Start importing Assets/Studio33 Interactive_[BasketBall] v1.1/Animations/Basketball Motions_Generic/534_LayupdunkCA.fbx using Guid(4b9fafb19bbd1aa4a9befc12126e2f46) Importer(2089858483,b0f066a214c2f5e87bad3c948f4d605d) (ScriptedImporter) -> (artifact id: '2048238a1aa406d9b97742e040cf64d3') in 0.0294768 seconds
Number of updated asset objects reloaded before import = 0Number of asset objects unloaded after import = 153

========================================================================
Received Import Request.
  Time since last request: 0.000053 seconds.
  path: Assets/Studio33 Interactive_[BasketBall] v1.1/Animations/Basketball Motions Humanoid/183_BlockingckedLeftA.fbx
  artifactKey: Guid(02f9abd9a71098940baeb4af2e060bcc) Importer(2089858483,b0f066a214c2f5e87bad3c948f4d605d)
Start importing Assets/Studio33 Interactive_[BasketBall] v1.1/Animations/Basketball Motions Humanoid/183_BlockingckedLeftA.fbx using Guid(02f9abd9a71098940baeb4af2e060bcc) Importer(2089858483,b0f066a214c2f5e87bad3c948f4d605d) (ScriptedImporter) -> (artifact id: 'fcf61067819ea53f9e12da8a7c13a1fe') in 0.0331116 seconds
Number of updated asset objects reloaded before import = 0Number of asset objects unloaded after import = 155

========================================================================
Received Import Request.
  Time since last request: 0.000037 seconds.
  path: Assets/Studio33 Interactive_[BasketBall] v1.1/Animations/Basketball Motions_Generic/124_ReboundAndBoxOutA.fbx
  artifactKey: Guid(9f532cb4b4baa484a85b6e994e97ef84) Importer(815301076,1909f56bfc062723c751e8b465ee728b)
Start importing Assets/Studio33 Interactive_[BasketBall] v1.1/Animations/Basketball Motions_Generic/124_ReboundAndBoxOutA.fbx using Guid(9f532cb4b4baa484a85b6e994e97ef84) Importer(815301076,1909f56bfc062723c751e8b465ee728b) (PreviewImporter) -> (artifact id: '96b355a491226df467874aa4b21495ba') in 0.0494583 seconds
Number of updated asset objects reloaded before import = 0Number of asset objects unloaded after import = 153

========================================================================
Received Import Request.
  Time since last request: 0.000038 seconds.
  path: Assets/Studio33 Interactive_[BasketBall] v1.1/Animations/Basketball Motions_Generic/174_BlockingckedLeftA.fbx
  artifactKey: Guid(536dcdbaa51e35145bca3e38e005674e) Importer(815301076,1909f56bfc062723c751e8b465ee728b)
Start importing Assets/Studio33 Interactive_[BasketBall] v1.1/Animations/Basketball Motions_Generic/174_BlockingckedLeftA.fbx using Guid(536dcdbaa51e35145bca3e38e005674e) Importer(815301076,1909f56bfc062723c751e8b465ee728b) (PreviewImporter) -> (artifact id: 'a21e91b7251d7180382e4504bb4d8090') in 0.0486256 seconds
Number of updated asset objects reloaded before import = 0Number of asset objects unloaded after import = 153

========================================================================
Received Import Request.
  Time since last request: 0.000074 seconds.
  path: Assets/Studio33 Interactive_[BasketBall] v1.1/Animations/Basketball Motions Humanoid/1746_RstajumpshotReadyFake.fbx
  artifactKey: Guid(905e7ab413d7c314d838f4c606fd872f) Importer(2089858483,b0f066a214c2f5e87bad3c948f4d605d)
Start importing Assets/Studio33 Interactive_[BasketBall] v1.1/Animations/Basketball Motions Humanoid/1746_RstajumpshotReadyFake.fbx using Guid(905e7ab413d7c314d838f4c606fd872f) Importer(2089858483,b0f066a214c2f5e87bad3c948f4d605d) (ScriptedImporter) -> (artifact id: 'b92a2e1016d182e39a31582d49139304') in 0.0363706 seconds
Number of updated asset objects reloaded before import = 0Number of asset objects unloaded after import = 155

========================================================================
Received Import Request.
  Time since last request: 0.000040 seconds.
  path: Assets/Studio33 Interactive_[BasketBall] v1.1/Animations/Basketball Motions_Generic/422_MarkRight.fbx
  artifactKey: Guid(147da6494f3edaa4b840844c29106052) Importer(2089858483,b0f066a214c2f5e87bad3c948f4d605d)
Start importing Assets/Studio33 Interactive_[BasketBall] v1.1/Animations/Basketball Motions_Generic/422_MarkRight.fbx using Guid(147da6494f3edaa4b840844c29106052) Importer(2089858483,b0f066a214c2f5e87bad3c948f4d605d) (ScriptedImporter) -> (artifact id: '698e76a6563ef3ff223b83766bb6f150') in 0.025091 seconds
Number of updated asset objects reloaded before import = 0Number of asset objects unloaded after import = 153

========================================================================
Received Import Request.
  Time since last request: 0.000036 seconds.
  path: Assets/Studio33 Interactive_[BasketBall] v1.1/33_basket ball test animations/player/e0512=RnM run col trav r 1 b.fbx
  artifactKey: Guid(a1937fcf14fb9d4439bc0dd9e3f1c598) Importer(2089858483,b0f066a214c2f5e87bad3c948f4d605d)
Start importing Assets/Studio33 Interactive_[BasketBall] v1.1/33_basket ball test animations/player/e0512=RnM run col trav r 1 b.fbx using Guid(a1937fcf14fb9d4439bc0dd9e3f1c598) Importer(2089858483,b0f066a214c2f5e87bad3c948f4d605d) (ScriptedImporter) -> (artifact id: '816b630563de3d41f4dd89c8060525a6') in 0.0224177 seconds
Number of updated asset objects reloaded before import = 0Number of asset objects unloaded after import = 151

========================================================================
Received Import Request.
  Time since last request: 0.000039 seconds.
  path: Assets/Studio33 Interactive_[BasketBall] v1.1/Animations/Basketball Motions_Generic/732_ShootpassLayupLongFrontA.fbx
  artifactKey: Guid(3248ae06639ac5d439ae556c30c0a76e) Importer(2089858483,b0f066a214c2f5e87bad3c948f4d605d)
Start importing Assets/Studio33 Interactive_[BasketBall] v1.1/Animations/Basketball Motions_Generic/732_ShootpassLayupLongFrontA.fbx using Guid(3248ae06639ac5d439ae556c30c0a76e) Importer(2089858483,b0f066a214c2f5e87bad3c948f4d605d) (ScriptedImporter) -> (artifact id: '76d6ed2438933300356aa1ac68e8b995') in 0.0291562 seconds
Number of updated asset objects reloaded before import = 0Number of asset objects unloaded after import = 153

========================================================================
Received Import Request.
  Time since last request: 0.000044 seconds.
  path: Assets/Studio33 Interactive_[BasketBall] v1.1/Animations/Basketball Motions_Generic/1208_DunkRA.fbx
  artifactKey: Guid(aadc8ecc0eefa4649b06f0d4eeca1639) Importer(2089858483,b0f066a214c2f5e87bad3c948f4d605d)
Start importing Assets/Studio33 Interactive_[BasketBall] v1.1/Animations/Basketball Motions_Generic/1208_DunkRA.fbx using Guid(aadc8ecc0eefa4649b06f0d4eeca1639) Importer(2089858483,b0f066a214c2f5e87bad3c948f4d605d) (ScriptedImporter) -> (artifact id: '548cbe4111bf247e720319e99e5940b9') in 0.0248364 seconds
Number of updated asset objects reloaded before import = 0Number of asset objects unloaded after import = 153

========================================================================
Received Import Request.
  Time since last request: 0.000031 seconds.
  path: Assets/Studio33 Interactive_[BasketBall] v1.1/Animations/Basketball Motions_Generic/1845_DunkCA.fbx
  artifactKey: Guid(5796409861f2c144aac87caaaef60681) Importer(2089858483,b0f066a214c2f5e87bad3c948f4d605d)
Start importing Assets/Studio33 Interactive_[BasketBall] v1.1/Animations/Basketball Motions_Generic/1845_DunkCA.fbx using Guid(5796409861f2c144aac87caaaef60681) Importer(2089858483,b0f066a214c2f5e87bad3c948f4d605d) (ScriptedImporter) -> (artifact id: 'd5803a6a7d7702a2c1cc6311077ba762') in 0.024104 seconds
Number of updated asset objects reloaded before import = 0Number of asset objects unloaded after import = 153

========================================================================
Received Import Request.
  Time since last request: 0.000026 seconds.
  path: Assets/Studio33 Interactive_[BasketBall] v1.1/Animations/Basketball Motions_Generic/64_BlockingshortL.fbx
  artifactKey: Guid(d80c6150b60525448a9d084cf72c2d1d) Importer(815301076,1909f56bfc062723c751e8b465ee728b)
Start importing Assets/Studio33 Interactive_[BasketBall] v1.1/Animations/Basketball Motions_Generic/64_BlockingshortL.fbx using Guid(d80c6150b60525448a9d084cf72c2d1d) Importer(815301076,1909f56bfc062723c751e8b465ee728b) (PreviewImporter) -> (artifact id: '3d543105c948c889e026ba823746be6a') in 0.0378317 seconds
Number of updated asset objects reloaded before import = 0Number of asset objects unloaded after import = 153

========================================================================
Received Import Request.
  Time since last request: 0.000036 seconds.
  path: Assets/Studio33 Interactive_[BasketBall] v1.1/Animations/Basketball Motions Humanoid/2080_DunkRA.fbx
  artifactKey: Guid(9145f08beeb2a98488c5e62a9a1a3fa6) Importer(2089858483,b0f066a214c2f5e87bad3c948f4d605d)
Start importing Assets/Studio33 Interactive_[BasketBall] v1.1/Animations/Basketball Motions Humanoid/2080_DunkRA.fbx using Guid(9145f08beeb2a98488c5e62a9a1a3fa6) Importer(2089858483,b0f066a214c2f5e87bad3c948f4d605d) (ScriptedImporter) -> (artifact id: '6b6687f406dab6ad6d2c0554a074747a') in 0.0292098 seconds
Number of updated asset objects reloaded before import = 0Number of asset objects unloaded after import = 155

========================================================================
Received Import Request.
  Time since last request: 0.000044 seconds.
  path: Assets/Studio33 Interactive_[BasketBall] v1.1/Animations/Basketball Motions_Generic/82_BlockingckpassLongNearFFA.fbx
  artifactKey: Guid(e06a6f7eeff77ef45b087f3d2c9127ca) Importer(815301076,1909f56bfc062723c751e8b465ee728b)
Start importing Assets/Studio33 Interactive_[BasketBall] v1.1/Animations/Basketball Motions_Generic/82_BlockingckpassLongNearFFA.fbx using Guid(e06a6f7eeff77ef45b087f3d2c9127ca) Importer(815301076,1909f56bfc062723c751e8b465ee728b) (PreviewImporter) -> (artifact id: 'af4c76b2c801c7c54ec9c441e12ed96e') in 0.0412048 seconds
Number of updated asset objects reloaded before import = 0Number of asset objects unloaded after import = 153

========================================================================
Received Import Request.
  Time since last request: 0.000031 seconds.
  path: Assets/Studio33 Interactive_[BasketBall] v1.1/Animations/Basketball Motions_Generic/1245_LayupfakeShootA.fbx
  artifactKey: Guid(88c60e1f73bb6d64d8e1bfbd5d94f50f) Importer(2089858483,b0f066a214c2f5e87bad3c948f4d605d)
Start importing Assets/Studio33 Interactive_[BasketBall] v1.1/Animations/Basketball Motions_Generic/1245_LayupfakeShootA.fbx using Guid(88c60e1f73bb6d64d8e1bfbd5d94f50f) Importer(2089858483,b0f066a214c2f5e87bad3c948f4d605d) (ScriptedImporter) -> (artifact id: '7bbaf6a3acb0675c6f0111a436c9f32b') in 0.032144 seconds
Number of updated asset objects reloaded before import = 0Number of asset objects unloaded after import = 153

========================================================================
Received Import Request.
  Time since last request: 0.000027 seconds.
  path: Assets/Studio33 Interactive_[BasketBall] v1.1/Animations/Basketball Motions Humanoid/1415_ScoopshotF.fbx
  artifactKey: Guid(da9975d60a9da4a4683b2e24536531a4) Importer(2089858483,b0f066a214c2f5e87bad3c948f4d605d)
Start importing Assets/Studio33 Interactive_[BasketBall] v1.1/Animations/Basketball Motions Humanoid/1415_ScoopshotF.fbx using Guid(da9975d60a9da4a4683b2e24536531a4) Importer(2089858483,b0f066a214c2f5e87bad3c948f4d605d) (ScriptedImporter) -> (artifact id: 'cd1a844db971eb67de4e995cb04fdbac') in 0.0273618 seconds
Number of updated asset objects reloaded before import = 0Number of asset objects unloaded after import = 155

========================================================================
Received Import Request.
  Time since last request: 0.000041 seconds.
  path: Assets/Studio33 Interactive_[BasketBall] v1.1/Animations/Basketball Motions_Generic/51_BlockingckncatchLongNearFA.fbx
  artifactKey: Guid(babbb9c08d449cd4697ffa06f7d952d7) Importer(815301076,1909f56bfc062723c751e8b465ee728b)
Start importing Assets/Studio33 Interactive_[BasketBall] v1.1/Animations/Basketball Motions_Generic/51_BlockingckncatchLongNearFA.fbx using Guid(babbb9c08d449cd4697ffa06f7d952d7) Importer(815301076,1909f56bfc062723c751e8b465ee728b) (PreviewImporter) -> (artifact id: 'cc0562c857c3fc311ed5cdb8e906d1f6') in 0.0385441 seconds
Number of updated asset objects reloaded before import = 0Number of asset objects unloaded after import = 153

========================================================================
Received Import Request.
  Time since last request: 0.000046 seconds.
  path: Assets/Studio33 Interactive_[BasketBall] v1.1/Animations/Basketball Motions Humanoid/1488_DclutchRBaA.fbx
  artifactKey: Guid(cd5c7c8ab772d4044a365571f9f5119f) Importer(2089858483,b0f066a214c2f5e87bad3c948f4d605d)
Start importing Assets/Studio33 Interactive_[BasketBall] v1.1/Animations/Basketball Motions Humanoid/1488_DclutchRBaA.fbx using Guid(cd5c7c8ab772d4044a365571f9f5119f) Importer(2089858483,b0f066a214c2f5e87bad3c948f4d605d) (ScriptedImporter) -> (artifact id: 'c042e5a3f94bb9a37a2c6139677acdc5') in 0.0252757 seconds
Number of updated asset objects reloaded before import = 0Number of asset objects unloaded after import = 155

========================================================================
Received Import Request.
  Time since last request: 0.000036 seconds.
  path: Assets/Studio33 Interactive_[BasketBall] v1.1/Animations/Basketball Motions_Generic/17_BlockingckncatchLongFarLA.fbx
  artifactKey: Guid(ff7140915da84384fb7645badb4cfc47) Importer(815301076,1909f56bfc062723c751e8b465ee728b)
Start importing Assets/Studio33 Interactive_[BasketBall] v1.1/Animations/Basketball Motions_Generic/17_BlockingckncatchLongFarLA.fbx using Guid(ff7140915da84384fb7645badb4cfc47) Importer(815301076,1909f56bfc062723c751e8b465ee728b) (PreviewImporter) -> (artifact id: '87bc3f3b4491994f1b6a580db36bcde2') in 0.0398732 seconds
Number of updated asset objects reloaded before import = 0Number of asset objects unloaded after import = 153

========================================================================
Received Import Request.
  Time since last request: 0.000028 seconds.
  path: Assets/Studio33 Interactive_[BasketBall] v1.1/Animations/Basketball Motions_Generic/1760_JumpshotMFakeA.fbx
  artifactKey: Guid(894648af2fddd7245b450bb2bdb9671e) Importer(2089858483,b0f066a214c2f5e87bad3c948f4d605d)
Start importing Assets/Studio33 Interactive_[BasketBall] v1.1/Animations/Basketball Motions_Generic/1760_JumpshotMFakeA.fbx using Guid(894648af2fddd7245b450bb2bdb9671e) Importer(2089858483,b0f066a214c2f5e87bad3c948f4d605d) (ScriptedImporter) -> (artifact id: '648bec4ee7f2e5015f1c0ea674367327') in 0.0253632 seconds
Number of updated asset objects reloaded before import = 0Number of asset objects unloaded after import = 153

========================================================================
Received Import Request.
  Time since last request: 0.000032 seconds.
  path: Assets/Studio33 Interactive_[BasketBall] v1.1/Animations/Basketball Motions_Generic/473_DribbledashTurRL.fbx
  artifactKey: Guid(d776c97c616f3c146bbc62135425c10f) Importer(2089858483,b0f066a214c2f5e87bad3c948f4d605d)
Start importing Assets/Studio33 Interactive_[BasketBall] v1.1/Animations/Basketball Motions_Generic/473_DribbledashTurRL.fbx using Guid(d776c97c616f3c146bbc62135425c10f) Importer(2089858483,b0f066a214c2f5e87bad3c948f4d605d) (ScriptedImporter) -> (artifact id: '05b6a25f5424cf4ee669558f2e26d37e') in 0.0226518 seconds
Number of updated asset objects reloaded before import = 0Number of asset objects unloaded after import = 153

========================================================================
Received Import Request.
  Time since last request: 0.000045 seconds.
  path: Assets/Studio33 Interactive_[BasketBall] v1.1/Animations/Basketball Motions Humanoid/966_Rebound rC.fbx
  artifactKey: Guid(6b706eab9fe48de49a8e08f0d41af0de) Importer(2089858483,b0f066a214c2f5e87bad3c948f4d605d)
Start importing Assets/Studio33 Interactive_[BasketBall] v1.1/Animations/Basketball Motions Humanoid/966_Rebound rC.fbx using Guid(6b706eab9fe48de49a8e08f0d41af0de) Importer(2089858483,b0f066a214c2f5e87bad3c948f4d605d) (ScriptedImporter) -> (artifact id: 'd85a67b67c4998f66026761829a067a9') in 0.0391949 seconds
Number of updated asset objects reloaded before import = 0Number of asset objects unloaded after import = 155

========================================================================
Received Import Request.
  Time since last request: 0.000046 seconds.
  path: Assets/Studio33 Interactive_[BasketBall] v1.1/Animations/Basketball Motions_Generic/428_MarkQuistepR.fbx
  artifactKey: Guid(6b896cff1cd7c7a40bdad3b08eb680ab) Importer(2089858483,b0f066a214c2f5e87bad3c948f4d605d)
Start importing Assets/Studio33 Interactive_[BasketBall] v1.1/Animations/Basketball Motions_Generic/428_MarkQuistepR.fbx using Guid(6b896cff1cd7c7a40bdad3b08eb680ab) Importer(2089858483,b0f066a214c2f5e87bad3c948f4d605d) (ScriptedImporter) -> (artifact id: '535a8b98c49fa01dd99fcdffcc87d3d4') in 0.0287287 seconds
Number of updated asset objects reloaded before import = 0Number of asset objects unloaded after import = 153

========================================================================
Received Import Request.
  Time since last request: 0.000043 seconds.
  path: Assets/Studio33 Interactive_[BasketBall] v1.1/Animations/Basketball Motions Humanoid/127_ReboundAndBoxOutFrontA.fbx
  artifactKey: Guid(53cbb2e6126b24e4fad5909506c1566a) Importer(2089858483,b0f066a214c2f5e87bad3c948f4d605d)
Start importing Assets/Studio33 Interactive_[BasketBall] v1.1/Animations/Basketball Motions Humanoid/127_ReboundAndBoxOutFrontA.fbx using Guid(53cbb2e6126b24e4fad5909506c1566a) Importer(2089858483,b0f066a214c2f5e87bad3c948f4d605d) (ScriptedImporter) -> (artifact id: 'c75ce99f9bfc02533453111ef84c8acf') in 0.0334947 seconds
Number of updated asset objects reloaded before import = 0Number of asset objects unloaded after import = 155

========================================================================
Received Import Request.
  Time since last request: 0.000062 seconds.
  path: Assets/Studio33 Interactive_[BasketBall] v1.1/Animations/Basketball Motions Humanoid/327_CrossFakeThLRLA.fbx
  artifactKey: Guid(3b0b6f9ab3f85844d9f7e0033c2ceb22) Importer(2089858483,b0f066a214c2f5e87bad3c948f4d605d)
Start importing Assets/Studio33 Interactive_[BasketBall] v1.1/Animations/Basketball Motions Humanoid/327_CrossFakeThLRLA.fbx using Guid(3b0b6f9ab3f85844d9f7e0033c2ceb22) Importer(2089858483,b0f066a214c2f5e87bad3c948f4d605d) (ScriptedImporter) -> (artifact id: '50d7d91f4a61bfbf7a200da79646d2d2') in 0.0316597 seconds
Number of updated asset objects reloaded before import = 0Number of asset objects unloaded after import = 155

========================================================================
Received Import Request.
  Time since last request: 0.000039 seconds.
  path: Assets/Studio33 Interactive_[BasketBall] v1.1/Animations/Basketball Motions_Generic/2076_JumpshotUFakeA.fbx
  artifactKey: Guid(25ad7e76188863549a4f32308885cf89) Importer(2089858483,b0f066a214c2f5e87bad3c948f4d605d)
Start importing Assets/Studio33 Interactive_[BasketBall] v1.1/Animations/Basketball Motions_Generic/2076_JumpshotUFakeA.fbx using Guid(25ad7e76188863549a4f32308885cf89) Importer(2089858483,b0f066a214c2f5e87bad3c948f4d605d) (ScriptedImporter) -> (artifact id: 'b607e0b7dc6b73b69b9ac43af76813d9') in 0.0305203 seconds
Number of updated asset objects reloaded before import = 0Number of asset objects unloaded after import = 153

========================================================================
Received Import Request.
  Time since last request: 0.000051 seconds.
  path: Assets/Studio33 Interactive_[BasketBall] v1.1/Animations/Basketball Motions Humanoid/1195_DunkRA.fbx
  artifactKey: Guid(15f595ce65a6d2e4887e1e8c9c6b2b99) Importer(2089858483,b0f066a214c2f5e87bad3c948f4d605d)
Start importing Assets/Studio33 Interactive_[BasketBall] v1.1/Animations/Basketball Motions Humanoid/1195_DunkRA.fbx using Guid(15f595ce65a6d2e4887e1e8c9c6b2b99) Importer(2089858483,b0f066a214c2f5e87bad3c948f4d605d) (ScriptedImporter) -> (artifact id: '0479bb8138e8b08be32a5ce5c0ecbc76') in 0.0403125 seconds
Number of updated asset objects reloaded before import = 0Number of asset objects unloaded after import = 155

========================================================================
Received Import Request.
  Time since last request: 0.000053 seconds.
  path: Assets/Studio33 Interactive_[BasketBall] v1.1/Animations/Basketball Motions Humanoid/1011_Rebound B.fbx
  artifactKey: Guid(22aff84e35ccf63459fb7e2805379308) Importer(2089858483,b0f066a214c2f5e87bad3c948f4d605d)
Start importing Assets/Studio33 Interactive_[BasketBall] v1.1/Animations/Basketball Motions Humanoid/1011_Rebound B.fbx using Guid(22aff84e35ccf63459fb7e2805379308) Importer(2089858483,b0f066a214c2f5e87bad3c948f4d605d) (ScriptedImporter) -> (artifact id: 'd8a7dfe1daff57d6238335522d6954b9') in 0.037957 seconds
Number of updated asset objects reloaded before import = 0Number of asset objects unloaded after import = 155

========================================================================
Received Import Request.
  Time since last request: 0.000033 seconds.
  path: Assets/Studio33 Interactive_[BasketBall] v1.1/Animations/Basketball Motions_Generic/790_PassfakeBasebaA.fbx
  artifactKey: Guid(2d2051710d037e64e9e90106c55eab42) Importer(2089858483,b0f066a214c2f5e87bad3c948f4d605d)
Start importing Assets/Studio33 Interactive_[BasketBall] v1.1/Animations/Basketball Motions_Generic/790_PassfakeBasebaA.fbx using Guid(2d2051710d037e64e9e90106c55eab42) Importer(2089858483,b0f066a214c2f5e87bad3c948f4d605d) (ScriptedImporter) -> (artifact id: 'af7f4d8d3f05761879b64715b1c5135c') in 0.0303385 seconds
Number of updated asset objects reloaded before import = 0Number of asset objects unloaded after import = 153

========================================================================
Received Import Request.
  Time since last request: 0.000046 seconds.
  path: Assets/Studio33 Interactive_[BasketBall] v1.1/Animations/Basketball Motions Humanoid/557_QuicklayupCA.fbx
  artifactKey: Guid(f0ef920c60828244ba3e55b895fc4748) Importer(2089858483,b0f066a214c2f5e87bad3c948f4d605d)
Start importing Assets/Studio33 Interactive_[BasketBall] v1.1/Animations/Basketball Motions Humanoid/557_QuicklayupCA.fbx using Guid(f0ef920c60828244ba3e55b895fc4748) Importer(2089858483,b0f066a214c2f5e87bad3c948f4d605d) (ScriptedImporter) -> (artifact id: '147d4f2e2f7a7e7423e5ec948782065b') in 0.0330938 seconds
Number of updated asset objects reloaded before import = 0Number of asset objects unloaded after import = 155

========================================================================
Received Import Request.
  Time since last request: 0.000058 seconds.
  path: Assets/Studio33 Interactive_[BasketBall] v1.1/Animations/Basketball Motions Humanoid/1530_DunkRRevA.fbx
  artifactKey: Guid(e3f550aa66e7aa444af6d126826c75dc) Importer(2089858483,b0f066a214c2f5e87bad3c948f4d605d)
Start importing Assets/Studio33 Interactive_[BasketBall] v1.1/Animations/Basketball Motions Humanoid/1530_DunkRRevA.fbx using Guid(e3f550aa66e7aa444af6d126826c75dc) Importer(2089858483,b0f066a214c2f5e87bad3c948f4d605d) (ScriptedImporter) -> (artifact id: 'b720c6a4c80eb7aae19c4a35fb0f746d') in 0.0329225 seconds
Number of updated asset objects reloaded before import = 0Number of asset objects unloaded after import = 155

========================================================================
Received Import Request.
  Time since last request: 0.000057 seconds.
  path: Assets/Studio33 Interactive_[BasketBall] v1.1/Animations/Basketball Motions Humanoid/802_PassOverLA.fbx
  artifactKey: Guid(fddeb8c9da7826c4692b7f37f0ec0820) Importer(2089858483,b0f066a214c2f5e87bad3c948f4d605d)
Start importing Assets/Studio33 Interactive_[BasketBall] v1.1/Animations/Basketball Motions Humanoid/802_PassOverLA.fbx using Guid(fddeb8c9da7826c4692b7f37f0ec0820) Importer(2089858483,b0f066a214c2f5e87bad3c948f4d605d) (ScriptedImporter) -> (artifact id: '49b15f3e271f7f88d2f90c478fd64bd5') in 0.0343383 seconds
Number of updated asset objects reloaded before import = 0Number of asset objects unloaded after import = 155

========================================================================
Received Import Request.
  Time since last request: 0.000051 seconds.
  path: Assets/Studio33 Interactive_[BasketBall] v1.1/Animations/Basketball Motions_Generic/2134_JumpshotMFakeA.fbx
  artifactKey: Guid(8b6407f0d76672141bee9a5e5f922852) Importer(2089858483,b0f066a214c2f5e87bad3c948f4d605d)
Start importing Assets/Studio33 Interactive_[BasketBall] v1.1/Animations/Basketball Motions_Generic/2134_JumpshotMFakeA.fbx using Guid(8b6407f0d76672141bee9a5e5f922852) Importer(2089858483,b0f066a214c2f5e87bad3c948f4d605d) (ScriptedImporter) -> (artifact id: '1f4b3c5ef9a5c0fc6e4ca79d24c1e232') in 0.0328773 seconds
Number of updated asset objects reloaded before import = 0Number of asset objects unloaded after import = 153

========================================================================
Received Import Request.
  Time since last request: 0.000062 seconds.
  path: Assets/Studio33 Interactive_[BasketBall] v1.1/Animations/Basketball Motions_Generic/654_DashRtTurR.fbx
  artifactKey: Guid(5a69ca348448aaa4e87898e23ca634e2) Importer(2089858483,b0f066a214c2f5e87bad3c948f4d605d)
Start importing Assets/Studio33 Interactive_[BasketBall] v1.1/Animations/Basketball Motions_Generic/654_DashRtTurR.fbx using Guid(5a69ca348448aaa4e87898e23ca634e2) Importer(2089858483,b0f066a214c2f5e87bad3c948f4d605d) (ScriptedImporter) -> (artifact id: 'a8304584ca1a8acd280f4f3b6961f9c9') in 0.0419064 seconds
Number of updated asset objects reloaded before import = 0Number of asset objects unloaded after import = 153

========================================================================
Received Import Request.
  Time since last request: 0.000172 seconds.
  path: Assets/Studio33 Interactive_[BasketBall] v1.1/Animations/Basketball Motions_Generic/516_DunkCA.fbx
  artifactKey: Guid(a9dabf1db5f38c74ba277b675eed9213) Importer(2089858483,b0f066a214c2f5e87bad3c948f4d605d)
Start importing Assets/Studio33 Interactive_[BasketBall] v1.1/Animations/Basketball Motions_Generic/516_DunkCA.fbx using Guid(a9dabf1db5f38c74ba277b675eed9213) Importer(2089858483,b0f066a214c2f5e87bad3c948f4d605d) (ScriptedImporter) -> (artifact id: '46ee60667829fcc3e4dfaaeb15b55c68') in 0.0392269 seconds
Number of updated asset objects reloaded before import = 0Number of asset objects unloaded after import = 153

========================================================================
Received Import Request.
  Time since last request: 0.000059 seconds.
  path: Assets/Studio33 Interactive_[BasketBall] v1.1/Animations/Basketball Motions Humanoid/656_StartDashC.fbx
  artifactKey: Guid(5464a20de07e2ed43aabfbf24c1646dc) Importer(2089858483,b0f066a214c2f5e87bad3c948f4d605d)
Start importing Assets/Studio33 Interactive_[BasketBall] v1.1/Animations/Basketball Motions Humanoid/656_StartDashC.fbx using Guid(5464a20de07e2ed43aabfbf24c1646dc) Importer(2089858483,b0f066a214c2f5e87bad3c948f4d605d) (ScriptedImporter) -> (artifact id: '05ccc272deb4b214405746ea079c8707') in 0.0339823 seconds
Number of updated asset objects reloaded before import = 0Number of asset objects unloaded after import = 155

========================================================================
Received Import Request.
  Time since last request: 0.000063 seconds.
  path: Assets/Studio33 Interactive_[BasketBall] v1.1/Animations/Basketball Motions Humanoid/1463_JumpshotMA.fbx
  artifactKey: Guid(449174bb28188dd4fa1008172e032e0c) Importer(2089858483,b0f066a214c2f5e87bad3c948f4d605d)
Start importing Assets/Studio33 Interactive_[BasketBall] v1.1/Animations/Basketball Motions Humanoid/1463_JumpshotMA.fbx using Guid(449174bb28188dd4fa1008172e032e0c) Importer(2089858483,b0f066a214c2f5e87bad3c948f4d605d) (ScriptedImporter) -> (artifact id: 'e3d6591db71db03f0c739bea02dcae6b') in 0.0353065 seconds
Number of updated asset objects reloaded before import = 0Number of asset objects unloaded after import = 155

========================================================================
Received Import Request.
  Time since last request: 0.000043 seconds.
  path: Assets/Studio33 Interactive_[BasketBall] v1.1/Animations/Basketball Motions_Generic/2137_DunkCA.fbx
  artifactKey: Guid(c90a7646642635a43b669381408aa71e) Importer(2089858483,b0f066a214c2f5e87bad3c948f4d605d)
Start importing Assets/Studio33 Interactive_[BasketBall] v1.1/Animations/Basketball Motions_Generic/2137_DunkCA.fbx using Guid(c90a7646642635a43b669381408aa71e) Importer(2089858483,b0f066a214c2f5e87bad3c948f4d605d) (ScriptedImporter) -> (artifact id: '555002c4dc91a20271f95eff53dfeba2') in 0.036237 seconds
Number of updated asset objects reloaded before import = 0Number of asset objects unloaded after import = 153

========================================================================
Received Import Request.
  Time since last request: 0.000049 seconds.
  path: Assets/Studio33 Interactive_[BasketBall] v1.1/Animations/Basketball Motions_Generic/1732_DunkRA.fbx
  artifactKey: Guid(abc2179cd716b454aab838fa54635da9) Importer(2089858483,b0f066a214c2f5e87bad3c948f4d605d)
Start importing Assets/Studio33 Interactive_[BasketBall] v1.1/Animations/Basketball Motions_Generic/1732_DunkRA.fbx using Guid(abc2179cd716b454aab838fa54635da9) Importer(2089858483,b0f066a214c2f5e87bad3c948f4d605d) (ScriptedImporter) -> (artifact id: '7af8b53b8ce0765878ac57bd0f452fcc') in 0.0401368 seconds
Number of updated asset objects reloaded before import = 0Number of asset objects unloaded after import = 153

========================================================================
Received Import Request.
  Time since last request: 0.000041 seconds.
  path: Assets/Studio33 Interactive_[BasketBall] v1.1/Animations/Basketball Motions Humanoid/1433_DunkCA.fbx
  artifactKey: Guid(001944dd0230609469827701d092f745) Importer(2089858483,b0f066a214c2f5e87bad3c948f4d605d)
Start importing Assets/Studio33 Interactive_[BasketBall] v1.1/Animations/Basketball Motions Humanoid/1433_DunkCA.fbx using Guid(001944dd0230609469827701d092f745) Importer(2089858483,b0f066a214c2f5e87bad3c948f4d605d) (ScriptedImporter) -> (artifact id: 'a4d0bfcc9904a574f5072a6765251430') in 0.0434811 seconds
Number of updated asset objects reloaded before import = 0Number of asset objects unloaded after import = 155

========================================================================
Received Import Request.
  Time since last request: 0.000047 seconds.
  path: Assets/Studio33 Interactive_[BasketBall] v1.1/Animations/Basketball Motions_Generic/897_PostTurfadeawayRA.fbx
  artifactKey: Guid(815d91ff97d3425439370fe74ddef343) Importer(2089858483,b0f066a214c2f5e87bad3c948f4d605d)
Start importing Assets/Studio33 Interactive_[BasketBall] v1.1/Animations/Basketball Motions_Generic/897_PostTurfadeawayRA.fbx using Guid(815d91ff97d3425439370fe74ddef343) Importer(2089858483,b0f066a214c2f5e87bad3c948f4d605d) (ScriptedImporter) -> (artifact id: 'd47b55dfd6002f0cc0d61a93a89b623c') in 0.0382676 seconds
Number of updated asset objects reloaded before import = 0Number of asset objects unloaded after import = 153

========================================================================
Received Import Request.
  Time since last request: 0.000042 seconds.
  path: Assets/Studio33 Interactive_[BasketBall] v1.1/Animations/Basketball Motions Humanoid/891_PostPivotLeftRLayupA.fbx
  artifactKey: Guid(335232e479b57d842b085b1e34149c10) Importer(2089858483,b0f066a214c2f5e87bad3c948f4d605d)
Start importing Assets/Studio33 Interactive_[BasketBall] v1.1/Animations/Basketball Motions Humanoid/891_PostPivotLeftRLayupA.fbx using Guid(335232e479b57d842b085b1e34149c10) Importer(2089858483,b0f066a214c2f5e87bad3c948f4d605d) (ScriptedImporter) -> (artifact id: 'cd04437b857416f76048970294524a26') in 0.0366687 seconds
Number of updated asset objects reloaded before import = 0Number of asset objects unloaded after import = 155

========================================================================
Received Import Request.
  Time since last request: 0.000066 seconds.
  path: Assets/Studio33 Interactive_[BasketBall] v1.1/Animations/Basketball Motions_Generic/454_MarkSideStifL.fbx
  artifactKey: Guid(e6362eaa617c16c4ea5224ef0c8a3d39) Importer(2089858483,b0f066a214c2f5e87bad3c948f4d605d)
Start importing Assets/Studio33 Interactive_[BasketBall] v1.1/Animations/Basketball Motions_Generic/454_MarkSideStifL.fbx using Guid(e6362eaa617c16c4ea5224ef0c8a3d39) Importer(2089858483,b0f066a214c2f5e87bad3c948f4d605d) (ScriptedImporter) -> (artifact id: 'eef491711168a6c8eb88dde6585b50be') in 0.0294456 seconds
Number of updated asset objects reloaded before import = 0Number of asset objects unloaded after import = 153

========================================================================
Received Import Request.
  Time since last request: 0.000041 seconds.
  path: Assets/Studio33 Interactive_[BasketBall] v1.1/Animations/Basketball Motions Humanoid/1823_DunkRA.fbx
  artifactKey: Guid(326c74d91d504b9409d116f30aa09173) Importer(2089858483,b0f066a214c2f5e87bad3c948f4d605d)
Start importing Assets/Studio33 Interactive_[BasketBall] v1.1/Animations/Basketball Motions Humanoid/1823_DunkRA.fbx using Guid(326c74d91d504b9409d116f30aa09173) Importer(2089858483,b0f066a214c2f5e87bad3c948f4d605d) (ScriptedImporter) -> (artifact id: '7098afbef39b53a556890cd7bd85cdd7') in 0.0335661 seconds
Number of updated asset objects reloaded before import = 0Number of asset objects unloaded after import = 155

========================================================================
Received Import Request.
  Time since last request: 0.000037 seconds.
  path: Assets/Studio33 Interactive_[BasketBall] v1.1/33_basket ball test animations/player/Back_number/Back_number_B/Back_number_B_c01.png
  artifactKey: Guid(49226021181a7e946b139346e3ddf5f0) Importer(2089858483,b0f066a214c2f5e87bad3c948f4d605d)
Start importing Assets/Studio33 Interactive_[BasketBall] v1.1/33_basket ball test animations/player/Back_number/Back_number_B/Back_number_B_c01.png using Guid(49226021181a7e946b139346e3ddf5f0) Importer(2089858483,b0f066a214c2f5e87bad3c948f4d605d) (ScriptedImporter) -> (artifact id: 'a2eb1f31e9d45ee3711855124cbc0926') in 0.0187768 seconds
Number of updated asset objects reloaded before import = 0Number of asset objects unloaded after import = 1

========================================================================
Received Import Request.
  Time since last request: 0.000042 seconds.
  path: Assets/Studio33 Interactive_[BasketBall] v1.1/Animations/Basketball Motions Humanoid/1719_DunkCA.fbx
  artifactKey: Guid(b20af1d0726d1d94fadf1463d7f7a899) Importer(2089858483,b0f066a214c2f5e87bad3c948f4d605d)
Start importing Assets/Studio33 Interactive_[BasketBall] v1.1/Animations/Basketball Motions Humanoid/1719_DunkCA.fbx using Guid(b20af1d0726d1d94fadf1463d7f7a899) Importer(2089858483,b0f066a214c2f5e87bad3c948f4d605d) (ScriptedImporter) -> (artifact id: 'b3d035bf7f8fb0203e40884b715f308f') in 0.0387999 seconds
Number of updated asset objects reloaded before import = 0Number of asset objects unloaded after import = 155

========================================================================
Received Import Request.
  Time since last request: 0.000042 seconds.
  path: Assets/Studio33 Interactive_[BasketBall] v1.1/Animations/Basketball Motions Humanoid/512_Dribbleright.fbx
  artifactKey: Guid(2b689d582da1a624e98804cdc7519c27) Importer(2089858483,b0f066a214c2f5e87bad3c948f4d605d)
Start importing Assets/Studio33 Interactive_[BasketBall] v1.1/Animations/Basketball Motions Humanoid/512_Dribbleright.fbx using Guid(2b689d582da1a624e98804cdc7519c27) Importer(2089858483,b0f066a214c2f5e87bad3c948f4d605d) (ScriptedImporter) -> (artifact id: '7912621c95430c51f2a85f4dd9f7af53') in 0.0367268 seconds
Number of updated asset objects reloaded before import = 0Number of asset objects unloaded after import = 155

========================================================================
Received Import Request.
  Time since last request: 0.000049 seconds.
  path: Assets/Studio33 Interactive_[BasketBall] v1.1/Animations/Basketball Motions_Generic/765_PassinmissBadTravellingA.fbx
  artifactKey: Guid(3dceb9b488a615b4aa508eaa2da9cff5) Importer(2089858483,b0f066a214c2f5e87bad3c948f4d605d)
Start importing Assets/Studio33 Interactive_[BasketBall] v1.1/Animations/Basketball Motions_Generic/765_PassinmissBadTravellingA.fbx using Guid(3dceb9b488a615b4aa508eaa2da9cff5) Importer(2089858483,b0f066a214c2f5e87bad3c948f4d605d) (ScriptedImporter) -> (artifact id: 'e9458727b2d0f76265925dec37fcc460') in 0.0310727 seconds
Number of updated asset objects reloaded before import = 0Number of asset objects unloaded after import = 153

========================================================================
Received Import Request.
  Time since last request: 0.000073 seconds.
  path: Assets/Studio33 Interactive_[BasketBall] v1.1/Animations/Basketball Motions_Generic/1572_LayupRA.fbx
  artifactKey: Guid(d7cc4126919c4394f8847f7ec428a9bf) Importer(2089858483,b0f066a214c2f5e87bad3c948f4d605d)
Start importing Assets/Studio33 Interactive_[BasketBall] v1.1/Animations/Basketball Motions_Generic/1572_LayupRA.fbx using Guid(d7cc4126919c4394f8847f7ec428a9bf) Importer(2089858483,b0f066a214c2f5e87bad3c948f4d605d) (ScriptedImporter) -> (artifact id: '63bdfbdca124ffe904e024725d6dc5ff') in 0.032579 seconds
Number of updated asset objects reloaded before import = 0Number of asset objects unloaded after import = 153

========================================================================
Received Import Request.
  Time since last request: 0.000053 seconds.
  path: Assets/Studio33 Interactive_[BasketBall] v1.1/Animations/Basketball Motions Humanoid/1865_DunkRAG.fbx
  artifactKey: Guid(9a42133b8a322d6419f161cb61b74b85) Importer(2089858483,b0f066a214c2f5e87bad3c948f4d605d)
Start importing Assets/Studio33 Interactive_[BasketBall] v1.1/Animations/Basketball Motions Humanoid/1865_DunkRAG.fbx using Guid(9a42133b8a322d6419f161cb61b74b85) Importer(2089858483,b0f066a214c2f5e87bad3c948f4d605d) (ScriptedImporter) -> (artifact id: '9f4a0f45a4b0540d52d2c4d0d298987a') in 0.0347832 seconds
Number of updated asset objects reloaded before import = 0Number of asset objects unloaded after import = 155

========================================================================
Received Import Request.
  Time since last request: 0.000059 seconds.
  path: Assets/Studio33 Interactive_[BasketBall] v1.1/Animations/Basketball Motions_Generic/63_BlockingshortJumpF.fbx
  artifactKey: Guid(b1641e4bf5ace3e4898d54bd7b3d3497) Importer(2089858483,b0f066a214c2f5e87bad3c948f4d605d)
Start importing Assets/Studio33 Interactive_[BasketBall] v1.1/Animations/Basketball Motions_Generic/63_BlockingshortJumpF.fbx using Guid(b1641e4bf5ace3e4898d54bd7b3d3497) Importer(2089858483,b0f066a214c2f5e87bad3c948f4d605d) (ScriptedImporter) -> (artifact id: 'ee328e01bedba132dc1d07da2e693d00') in 0.031307 seconds
Number of updated asset objects reloaded before import = 0Number of asset objects unloaded after import = 153

========================================================================
Received Import Request.
  Time since last request: 0.000061 seconds.
  path: Assets/Studio33 Interactive_[BasketBall] v1.1/Animations/Basketball Motions_Generic/1370_JumpshotMFakeA.fbx
  artifactKey: Guid(17d4ed0bff8d38a43948159b12d03bfe) Importer(2089858483,b0f066a214c2f5e87bad3c948f4d605d)
Start importing Assets/Studio33 Interactive_[BasketBall] v1.1/Animations/Basketball Motions_Generic/1370_JumpshotMFakeA.fbx using Guid(17d4ed0bff8d38a43948159b12d03bfe) Importer(2089858483,b0f066a214c2f5e87bad3c948f4d605d) (ScriptedImporter) -> (artifact id: '03a95851fd129186a2f38533024cb1da') in 0.0373818 seconds
Number of updated asset objects reloaded before import = 0Number of asset objects unloaded after import = 153

========================================================================
Received Import Request.
  Time since last request: 0.000041 seconds.
  path: Assets/Studio33 Interactive_[BasketBall] v1.1/Animations/Basketball Motions_Generic/226_HopstepFA.fbx
  artifactKey: Guid(29cb3c9e9c6930a44b69e8ed93f1eeb4) Importer(2089858483,b0f066a214c2f5e87bad3c948f4d605d)
Start importing Assets/Studio33 Interactive_[BasketBall] v1.1/Animations/Basketball Motions_Generic/226_HopstepFA.fbx using Guid(29cb3c9e9c6930a44b69e8ed93f1eeb4) Importer(2089858483,b0f066a214c2f5e87bad3c948f4d605d) (ScriptedImporter) -> (artifact id: 'e28265089e809a907e150263f630164d') in 0.0309849 seconds
Number of updated asset objects reloaded before import = 0Number of asset objects unloaded after import = 153

========================================================================
Received Import Request.
  Time since last request: 0.000043 seconds.
  path: Assets/Studio33 Interactive_[BasketBall] v1.1/Animations/Basketball Motions_Generic/387_CrossThRRRA.fbx
  artifactKey: Guid(fde55e7637c791a4ba613af037dc2cd3) Importer(2089858483,b0f066a214c2f5e87bad3c948f4d605d)
Start importing Assets/Studio33 Interactive_[BasketBall] v1.1/Animations/Basketball Motions_Generic/387_CrossThRRRA.fbx using Guid(fde55e7637c791a4ba613af037dc2cd3) Importer(2089858483,b0f066a214c2f5e87bad3c948f4d605d) (ScriptedImporter) -> (artifact id: 'e703df10bde3cb61e83e0b27bdc9a3b5') in 0.0287978 seconds
Number of updated asset objects reloaded before import = 0Number of asset objects unloaded after import = 153

========================================================================
Received Import Request.
  Time since last request: 0.000047 seconds.
  path: Assets/Studio33 Interactive_[BasketBall] v1.1/Animations/Basketball Motions Humanoid/2138_DunkRA.fbx
  artifactKey: Guid(605d4b2dd81d31c4786f815f762c10a4) Importer(2089858483,b0f066a214c2f5e87bad3c948f4d605d)
Start importing Assets/Studio33 Interactive_[BasketBall] v1.1/Animations/Basketball Motions Humanoid/2138_DunkRA.fbx using Guid(605d4b2dd81d31c4786f815f762c10a4) Importer(2089858483,b0f066a214c2f5e87bad3c948f4d605d) (ScriptedImporter) -> (artifact id: 'e18641007e8d751e03a29c0ad15b18be') in 0.0322922 seconds
Number of updated asset objects reloaded before import = 0Number of asset objects unloaded after import = 155

========================================================================
Received Import Request.
  Time since last request: 0.000044 seconds.
  path: Assets/Studio33 Interactive_[BasketBall] v1.1/Animations/Basketball Motions_Generic/309_SpinStepRevlayupFakeA.fbx
  artifactKey: Guid(18dd35fc93a8ad5478e4c96729a97085) Importer(2089858483,b0f066a214c2f5e87bad3c948f4d605d)
Start importing Assets/Studio33 Interactive_[BasketBall] v1.1/Animations/Basketball Motions_Generic/309_SpinStepRevlayupFakeA.fbx using Guid(18dd35fc93a8ad5478e4c96729a97085) Importer(2089858483,b0f066a214c2f5e87bad3c948f4d605d) (ScriptedImporter) -> (artifact id: '3fe925befca490d4b353e47dd4e34017') in 0.0310792 seconds
Number of updated asset objects reloaded before import = 0Number of asset objects unloaded after import = 153

========================================================================
Received Import Request.
  Time since last request: 0.000047 seconds.
  path: Assets/Studio33 Interactive_[BasketBall] v1.1/Animations/Basketball Motions_Generic/555_KneehemFakeA.fbx
  artifactKey: Guid(e056cd4c4fc103e40b7c427256631392) Importer(2089858483,b0f066a214c2f5e87bad3c948f4d605d)
Start importing Assets/Studio33 Interactive_[BasketBall] v1.1/Animations/Basketball Motions_Generic/555_KneehemFakeA.fbx using Guid(e056cd4c4fc103e40b7c427256631392) Importer(2089858483,b0f066a214c2f5e87bad3c948f4d605d) (ScriptedImporter) -> (artifact id: 'fe85e626e7996335c588cfcfcd17217e') in 0.0290584 seconds
Number of updated asset objects reloaded before import = 0Number of asset objects unloaded after import = 153

========================================================================
Received Import Request.
  Time since last request: 0.000053 seconds.
  path: Assets/Studio33 Interactive_[BasketBall] v1.1/Animations/Basketball Motions_Generic/2101_JumpshotMA.fbx
  artifactKey: Guid(853fe5b49a365e74688a41d2a61d9a2c) Importer(2089858483,b0f066a214c2f5e87bad3c948f4d605d)
Start importing Assets/Studio33 Interactive_[BasketBall] v1.1/Animations/Basketball Motions_Generic/2101_JumpshotMA.fbx using Guid(853fe5b49a365e74688a41d2a61d9a2c) Importer(2089858483,b0f066a214c2f5e87bad3c948f4d605d) (ScriptedImporter) -> (artifact id: '92c1ccc85d075af95a5228a44f515027') in 0.0376402 seconds
Number of updated asset objects reloaded before import = 0Number of asset objects unloaded after import = 153

========================================================================
Received Import Request.
  Time since last request: 0.000033 seconds.
  path: Assets/Studio33 Interactive_[BasketBall] v1.1/Animations/Basketball Motions Humanoid/9_BlockinglongFarLayupF.fbx
  artifactKey: Guid(7c79db4b7b9177a46ad47d3186650411) Importer(2089858483,b0f066a214c2f5e87bad3c948f4d605d)
Start importing Assets/Studio33 Interactive_[BasketBall] v1.1/Animations/Basketball Motions Humanoid/9_BlockinglongFarLayupF.fbx using Guid(7c79db4b7b9177a46ad47d3186650411) Importer(2089858483,b0f066a214c2f5e87bad3c948f4d605d) (ScriptedImporter) -> (artifact id: 'c12e3382e2af299891fd2e08cd08705a') in 0.0329691 seconds
Number of updated asset objects reloaded before import = 0Number of asset objects unloaded after import = 155

========================================================================
Received Import Request.
  Time since last request: 0.000055 seconds.
  path: Assets/Studio33 Interactive_[BasketBall] v1.1/Animations/Basketball Motions Humanoid/2158_TravNorLA.fbx
  artifactKey: Guid(c53d63b79fd71d0489b41f85176b746e) Importer(2089858483,b0f066a214c2f5e87bad3c948f4d605d)
Start importing Assets/Studio33 Interactive_[BasketBall] v1.1/Animations/Basketball Motions Humanoid/2158_TravNorLA.fbx using Guid(c53d63b79fd71d0489b41f85176b746e) Importer(2089858483,b0f066a214c2f5e87bad3c948f4d605d) (ScriptedImporter) -> (artifact id: '870ff34ff937e77419ed103500e80db4') in 0.0335222 seconds
Number of updated asset objects reloaded before import = 0Number of asset objects unloaded after import = 155

========================================================================
Received Import Request.
  Time since last request: 0.000055 seconds.
  path: Assets/Studio33 Interactive_[BasketBall] v1.1/Animations/Basketball Motions Humanoid/105_BlockingshortLayupF.fbx
  artifactKey: Guid(191167a882ec8974782d86ef3981d009) Importer(2089858483,b0f066a214c2f5e87bad3c948f4d605d)
Start importing Assets/Studio33 Interactive_[BasketBall] v1.1/Animations/Basketball Motions Humanoid/105_BlockingshortLayupF.fbx using Guid(191167a882ec8974782d86ef3981d009) Importer(2089858483,b0f066a214c2f5e87bad3c948f4d605d) (ScriptedImporter) -> (artifact id: 'e90b58d5aa36a032fbeb27da60e7b2b4') in 0.034991 seconds
Number of updated asset objects reloaded before import = 0Number of asset objects unloaded after import = 155

========================================================================
Received Import Request.
  Time since last request: 0.000038 seconds.
  path: Assets/Studio33 Interactive_[BasketBall] v1.1/Animations/Basketball Motions_Generic/537_QuicklayupCA.fbx
  artifactKey: Guid(5e313870ca741624eb7353b0f9509c1c) Importer(2089858483,b0f066a214c2f5e87bad3c948f4d605d)
Start importing Assets/Studio33 Interactive_[BasketBall] v1.1/Animations/Basketball Motions_Generic/537_QuicklayupCA.fbx using Guid(5e313870ca741624eb7353b0f9509c1c) Importer(2089858483,b0f066a214c2f5e87bad3c948f4d605d) (ScriptedImporter) -> (artifact id: 'c47b631fd135be1aefb9bda6668995f5') in 0.0320931 seconds
Number of updated asset objects reloaded before import = 0Number of asset objects unloaded after import = 153

========================================================================
Received Import Request.
  Time since last request: 0.000058 seconds.
  path: Assets/Studio33 Interactive_[BasketBall] v1.1/Animations/Basketball Motions_Generic/2011_DunkClutchFLeftA.fbx
  artifactKey: Guid(b6f9bdb9e09670643bc8e8f4f5cb6dd1) Importer(2089858483,b0f066a214c2f5e87bad3c948f4d605d)
Start importing Assets/Studio33 Interactive_[BasketBall] v1.1/Animations/Basketball Motions_Generic/2011_DunkClutchFLeftA.fbx using Guid(b6f9bdb9e09670643bc8e8f4f5cb6dd1) Importer(2089858483,b0f066a214c2f5e87bad3c948f4d605d) (ScriptedImporter) -> (artifact id: '58a3adf4e7a95f70e41c8fe3ea0fdcb1') in 0.0330223 seconds
Number of updated asset objects reloaded before import = 0Number of asset objects unloaded after import = 153

========================================================================
Received Import Request.
  Time since last request: 0.000061 seconds.
  path: Assets/Studio33 Interactive_[BasketBall] v1.1/Animations/Basketball Motions Humanoid/916_QpostOverThRightRA.fbx
  artifactKey: Guid(f123785970578f848bccb5340dd823b1) Importer(2089858483,b0f066a214c2f5e87bad3c948f4d605d)
Start importing Assets/Studio33 Interactive_[BasketBall] v1.1/Animations/Basketball Motions Humanoid/916_QpostOverThRightRA.fbx using Guid(f123785970578f848bccb5340dd823b1) Importer(2089858483,b0f066a214c2f5e87bad3c948f4d605d) (ScriptedImporter) -> (artifact id: '3c9dc8706b73653c59727e6b2d1f5021') in 0.0392492 seconds
Number of updated asset objects reloaded before import = 0Number of asset objects unloaded after import = 155

========================================================================
Received Import Request.
  Time since last request: 0.000030 seconds.
  path: Assets/Studio33 Interactive_[BasketBall] v1.1/Animations/Basketball Motions_Generic/1962_JumpshotCCA.fbx
  artifactKey: Guid(fa9fce3e8cbdcf347851302fd7a865b7) Importer(2089858483,b0f066a214c2f5e87bad3c948f4d605d)
Start importing Assets/Studio33 Interactive_[BasketBall] v1.1/Animations/Basketball Motions_Generic/1962_JumpshotCCA.fbx using Guid(fa9fce3e8cbdcf347851302fd7a865b7) Importer(2089858483,b0f066a214c2f5e87bad3c948f4d605d) (ScriptedImporter) -> (artifact id: '8210f4327d61a1383cbabfcea5589948') in 0.030995 seconds
Number of updated asset objects reloaded before import = 0Number of asset objects unloaded after import = 153

========================================================================
Received Import Request.
  Time since last request: 0.000047 seconds.
  path: Assets/Studio33 Interactive_[BasketBall] v1.1/Animations/Basketball Motions_Generic/95_BlockinglongFarLayupF.fbx
  artifactKey: Guid(de6dd5f90f654b34e884adf228c9865c) Importer(815301076,1909f56bfc062723c751e8b465ee728b)
Start importing Assets/Studio33 Interactive_[BasketBall] v1.1/Animations/Basketball Motions_Generic/95_BlockinglongFarLayupF.fbx using Guid(de6dd5f90f654b34e884adf228c9865c) Importer(815301076,1909f56bfc062723c751e8b465ee728b) (PreviewImporter) -> (artifact id: 'ea2bdb7a39457e7b0e38f4082a0790c7') in 0.0473769 seconds
Number of updated asset objects reloaded before import = 0Number of asset objects unloaded after import = 153

========================================================================
Received Import Request.
  Time since last request: 0.000062 seconds.
  path: Assets/Studio33 Interactive_[BasketBall] v1.1/Animations/Basketball Motions_Generic/1802_DunkCRevA.fbx
  artifactKey: Guid(fc3def541d8e5594bb854d51e6ffcdee) Importer(2089858483,b0f066a214c2f5e87bad3c948f4d605d)
Start importing Assets/Studio33 Interactive_[BasketBall] v1.1/Animations/Basketball Motions_Generic/1802_DunkCRevA.fbx using Guid(fc3def541d8e5594bb854d51e6ffcdee) Importer(2089858483,b0f066a214c2f5e87bad3c948f4d605d) (ScriptedImporter) -> (artifact id: 'aa0540be4bd4008d173df758e53f4fb4') in 0.0303564 seconds
Number of updated asset objects reloaded before import = 0Number of asset objects unloaded after import = 153

========================================================================
Received Import Request.
  Time since last request: 0.000043 seconds.
  path: Assets/Studio33 Interactive_[BasketBall] v1.1/Animations/Basketball Motions_Generic/148_TravRA.fbx
  artifactKey: Guid(46a0f3e003655dc4ba794a1395e9b844) Importer(815301076,1909f56bfc062723c751e8b465ee728b)
Start importing Assets/Studio33 Interactive_[BasketBall] v1.1/Animations/Basketball Motions_Generic/148_TravRA.fbx using Guid(46a0f3e003655dc4ba794a1395e9b844) Importer(815301076,1909f56bfc062723c751e8b465ee728b) (PreviewImporter) -> (artifact id: 'fae4f7ec98425b6bd3798724fdc8464e') in 0.0484606 seconds
Number of updated asset objects reloaded before import = 0Number of asset objects unloaded after import = 153

========================================================================
Received Import Request.
  Time since last request: 0.000044 seconds.
  path: Assets/Studio33 Interactive_[BasketBall] v1.1/Animations/Basketball Motions Humanoid/372_CrossFakeTurrTrA.fbx
  artifactKey: Guid(0058c804135658743a29aac2d1580021) Importer(2089858483,b0f066a214c2f5e87bad3c948f4d605d)
Start importing Assets/Studio33 Interactive_[BasketBall] v1.1/Animations/Basketball Motions Humanoid/372_CrossFakeTurrTrA.fbx using Guid(0058c804135658743a29aac2d1580021) Importer(2089858483,b0f066a214c2f5e87bad3c948f4d605d) (ScriptedImporter) -> (artifact id: '469532718796ad032441cfc4bab935eb') in 0.0343058 seconds
Number of updated asset objects reloaded before import = 0Number of asset objects unloaded after import = 155

========================================================================
Received Import Request.
  Time since last request: 0.000046 seconds.
  path: Assets/Studio33 Interactive_[BasketBall] v1.1/Animations/Basketball Motions_Generic/958_Rebound C.fbx
  artifactKey: Guid(f19f3237188ad6e43b46d180a73f47fc) Importer(2089858483,b0f066a214c2f5e87bad3c948f4d605d)
Start importing Assets/Studio33 Interactive_[BasketBall] v1.1/Animations/Basketball Motions_Generic/958_Rebound C.fbx using Guid(f19f3237188ad6e43b46d180a73f47fc) Importer(2089858483,b0f066a214c2f5e87bad3c948f4d605d) (ScriptedImporter) -> (artifact id: 'd6a88d4d5b10da5e040ef063963155f8') in 0.0334754 seconds
Number of updated asset objects reloaded before import = 0Number of asset objects unloaded after import = 153

========================================================================
Received Import Request.
  Time since last request: 0.000047 seconds.
  path: Assets/Studio33 Interactive_[BasketBall] v1.1/Animations/Basketball Motions Humanoid/1808_DunkRAC.fbx
  artifactKey: Guid(e6506eaa746b8d24f92ef52bb79cc397) Importer(2089858483,b0f066a214c2f5e87bad3c948f4d605d)
Start importing Assets/Studio33 Interactive_[BasketBall] v1.1/Animations/Basketball Motions Humanoid/1808_DunkRAC.fbx using Guid(e6506eaa746b8d24f92ef52bb79cc397) Importer(2089858483,b0f066a214c2f5e87bad3c948f4d605d) (ScriptedImporter) -> (artifact id: '84c4685d5c395ebe28e6f533ab70f53d') in 0.0381918 seconds
Number of updated asset objects reloaded before import = 0Number of asset objects unloaded after import = 155

========================================================================
Received Import Request.
  Time since last request: 0.000050 seconds.
  path: Assets/Studio33 Interactive_[BasketBall] v1.1/Animations/Basketball Motions_Generic/143_CollisioshoulderChargeA.fbx
  artifactKey: Guid(760cd3313edb11849a3bfb3e03731755) Importer(2089858483,b0f066a214c2f5e87bad3c948f4d605d)
Start importing Assets/Studio33 Interactive_[BasketBall] v1.1/Animations/Basketball Motions_Generic/143_CollisioshoulderChargeA.fbx using Guid(760cd3313edb11849a3bfb3e03731755) Importer(2089858483,b0f066a214c2f5e87bad3c948f4d605d) (ScriptedImporter) -> (artifact id: 'd08c746e73a64729ca1df83b16df0ab4') in 0.0301237 seconds
Number of updated asset objects reloaded before import = 0Number of asset objects unloaded after import = 153

========================================================================
Received Import Request.
  Time since last request: 0.000057 seconds.
  path: Assets/Studio33 Interactive_[BasketBall] v1.1/Animations/Basketball Motions Humanoid/1230_LayupRevCA.fbx
  artifactKey: Guid(e127fa1c85260bb44962a41342e5e89e) Importer(2089858483,b0f066a214c2f5e87bad3c948f4d605d)
Start importing Assets/Studio33 Interactive_[BasketBall] v1.1/Animations/Basketball Motions Humanoid/1230_LayupRevCA.fbx using Guid(e127fa1c85260bb44962a41342e5e89e) Importer(2089858483,b0f066a214c2f5e87bad3c948f4d605d) (ScriptedImporter) -> (artifact id: '02164d1fef835289eded615557e5f60d') in 0.0338868 seconds
Number of updated asset objects reloaded before import = 0Number of asset objects unloaded after import = 155

========================================================================
Received Import Request.
  Time since last request: 0.000046 seconds.
  path: Assets/Studio33 Interactive_[BasketBall] v1.1/Animations/Basketball Motions_Generic/378_SpinStepFadeawayLA.fbx
  artifactKey: Guid(e5c06e97a9a45104ea5f28444fddc981) Importer(2089858483,b0f066a214c2f5e87bad3c948f4d605d)
Start importing Assets/Studio33 Interactive_[BasketBall] v1.1/Animations/Basketball Motions_Generic/378_SpinStepFadeawayLA.fbx using Guid(e5c06e97a9a45104ea5f28444fddc981) Importer(2089858483,b0f066a214c2f5e87bad3c948f4d605d) (ScriptedImporter) -> (artifact id: 'f511fd606d9a67971a080fb45b989316') in 0.03026 seconds
Number of updated asset objects reloaded before import = 0Number of asset objects unloaded after import = 153

========================================================================
Received Import Request.
  Time since last request: 0.000039 seconds.
  path: Assets/Studio33 Interactive_[BasketBall] v1.1/Animations/Basketball Motions_Generic/2043_DunkCA.fbx
  artifactKey: Guid(82664a4305bd0da4c9bd0d650af3c56d) Importer(2089858483,b0f066a214c2f5e87bad3c948f4d605d)
Start importing Assets/Studio33 Interactive_[BasketBall] v1.1/Animations/Basketball Motions_Generic/2043_DunkCA.fbx using Guid(82664a4305bd0da4c9bd0d650af3c56d) Importer(2089858483,b0f066a214c2f5e87bad3c948f4d605d) (ScriptedImporter) -> (artifact id: 'e58945832ea8f2537d8d80d6eae4d633') in 0.033798 seconds
Number of updated asset objects reloaded before import = 0Number of asset objects unloaded after import = 153

========================================================================
Received Import Request.
  Time since last request: 0.000063 seconds.
  path: Assets/Studio33 Interactive_[BasketBall] v1.1/Animations/Basketball Motions_Generic/1779_DunkCA.fbx
  artifactKey: Guid(721876ea8ce275d44b5bb97692882fbd) Importer(2089858483,b0f066a214c2f5e87bad3c948f4d605d)
Start importing Assets/Studio33 Interactive_[BasketBall] v1.1/Animations/Basketball Motions_Generic/1779_DunkCA.fbx using Guid(721876ea8ce275d44b5bb97692882fbd) Importer(2089858483,b0f066a214c2f5e87bad3c948f4d605d) (ScriptedImporter) -> (artifact id: '6f4d5f04e004c90d1c09883ba365ccff') in 0.0352546 seconds
Number of updated asset objects reloaded before import = 0Number of asset objects unloaded after import = 153

========================================================================
Received Import Request.
  Time since last request: 0.000038 seconds.
  path: Assets/Studio33 Interactive_[BasketBall] v1.1/Animations/Basketball Motions Humanoid/952_Rebound rB.fbx
  artifactKey: Guid(ed372e438e488bd40b91c0711de352f0) Importer(2089858483,b0f066a214c2f5e87bad3c948f4d605d)
Start importing Assets/Studio33 Interactive_[BasketBall] v1.1/Animations/Basketball Motions Humanoid/952_Rebound rB.fbx using Guid(ed372e438e488bd40b91c0711de352f0) Importer(2089858483,b0f066a214c2f5e87bad3c948f4d605d) (ScriptedImporter) -> (artifact id: 'e22f3fdb7707636bb9cb1325110c357d') in 0.0309661 seconds
Number of updated asset objects reloaded before import = 0Number of asset objects unloaded after import = 155

========================================================================
Received Import Request.
  Time since last request: 0.000056 seconds.
  path: Assets/Studio33 Interactive_[BasketBall] v1.1/Animations/Basketball Motions_Generic/1835_DunkRA.fbx
  artifactKey: Guid(7f84360c2e70fda4c8809a54be79de1f) Importer(2089858483,b0f066a214c2f5e87bad3c948f4d605d)
Start importing Assets/Studio33 Interactive_[BasketBall] v1.1/Animations/Basketball Motions_Generic/1835_DunkRA.fbx using Guid(7f84360c2e70fda4c8809a54be79de1f) Importer(2089858483,b0f066a214c2f5e87bad3c948f4d605d) (ScriptedImporter) -> (artifact id: 'a3a81bec0d69c3afb4cd6f750f7f583c') in 0.0297814 seconds
Number of updated asset objects reloaded before import = 0Number of asset objects unloaded after import = 153

========================================================================
Received Import Request.
  Time since last request: 0.000048 seconds.
  path: Assets/Studio33 Interactive_[BasketBall] v1.1/Animations/Basketball Motions_Generic/865_PassifA.fbx
  artifactKey: Guid(15508106ae6f8a6429e063cc38d435d2) Importer(2089858483,b0f066a214c2f5e87bad3c948f4d605d)
Start importing Assets/Studio33 Interactive_[BasketBall] v1.1/Animations/Basketball Motions_Generic/865_PassifA.fbx using Guid(15508106ae6f8a6429e063cc38d435d2) Importer(2089858483,b0f066a214c2f5e87bad3c948f4d605d) (ScriptedImporter) -> (artifact id: 'da421dfe7e49fcfafa2c787aa90906bd') in 0.0315393 seconds
Number of updated asset objects reloaded before import = 0Number of asset objects unloaded after import = 153

========================================================================
Received Import Request.
  Time since last request: 0.000032 seconds.
  path: Assets/Studio33 Interactive_[BasketBall] v1.1/Animations/Basketball Motions_Generic/2053_JumpshotMFakeA.fbx
  artifactKey: Guid(7db22a2a8c994d947aa0c82df6ac4462) Importer(2089858483,b0f066a214c2f5e87bad3c948f4d605d)
Start importing Assets/Studio33 Interactive_[BasketBall] v1.1/Animations/Basketball Motions_Generic/2053_JumpshotMFakeA.fbx using Guid(7db22a2a8c994d947aa0c82df6ac4462) Importer(2089858483,b0f066a214c2f5e87bad3c948f4d605d) (ScriptedImporter) -> (artifact id: 'dff679cbc638755951554d2ba33debd7') in 0.030901 seconds
Number of updated asset objects reloaded before import = 0Number of asset objects unloaded after import = 153

========================================================================
Received Import Request.
  Time since last request: 0.000036 seconds.
  path: Assets/Studio33 Interactive_[BasketBall] v1.1/Animations/Basketball Motions Humanoid/2142_JumpshotMFakeA.fbx
  artifactKey: Guid(4286cc62abc70b14e8e5b7fdbf9cae0d) Importer(2089858483,b0f066a214c2f5e87bad3c948f4d605d)
Start importing Assets/Studio33 Interactive_[BasketBall] v1.1/Animations/Basketball Motions Humanoid/2142_JumpshotMFakeA.fbx using Guid(4286cc62abc70b14e8e5b7fdbf9cae0d) Importer(2089858483,b0f066a214c2f5e87bad3c948f4d605d) (ScriptedImporter) -> (artifact id: 'dabdc4009f8e87eb0428e0a59ee0e837') in 0.0322087 seconds
Number of updated asset objects reloaded before import = 0Number of asset objects unloaded after import = 155

========================================================================
Received Import Request.
  Time since last request: 0.000061 seconds.
  path: Assets/Studio33 Interactive_[BasketBall] v1.1/Animations/Basketball Motions_Generic/1958_JumpshotCAA.fbx
  artifactKey: Guid(8bf6bef1fe1da264f9fc9c42732d5b96) Importer(2089858483,b0f066a214c2f5e87bad3c948f4d605d)
Start importing Assets/Studio33 Interactive_[BasketBall] v1.1/Animations/Basketball Motions_Generic/1958_JumpshotCAA.fbx using Guid(8bf6bef1fe1da264f9fc9c42732d5b96) Importer(2089858483,b0f066a214c2f5e87bad3c948f4d605d) (ScriptedImporter) -> (artifact id: 'dbc2c52a3d9a4079911618b4f942dab3') in 0.0349847 seconds
Number of updated asset objects reloaded before import = 0Number of asset objects unloaded after import = 153

========================================================================
Received Import Request.
  Time since last request: 0.000040 seconds.
  path: Assets/Studio33 Interactive_[BasketBall] v1.1/Animations/Basketball Motions_Generic/57_BlockinglongFarJumpF.fbx
  artifactKey: Guid(297332d065040f34e8ef31c27aa4fd20) Importer(815301076,1909f56bfc062723c751e8b465ee728b)
Start importing Assets/Studio33 Interactive_[BasketBall] v1.1/Animations/Basketball Motions_Generic/57_BlockinglongFarJumpF.fbx using Guid(297332d065040f34e8ef31c27aa4fd20) Importer(815301076,1909f56bfc062723c751e8b465ee728b) (PreviewImporter) -> (artifact id: '52267968ed41786de18985f2a33f2eb1') in 0.0503414 seconds
Number of updated asset objects reloaded before import = 0Number of asset objects unloaded after import = 153

========================================================================
Received Import Request.
  Time since last request: 0.000045 seconds.
  path: Assets/Studio33 Interactive_[BasketBall] v1.1/Animations/Basketball Motions_Generic/98_BlockinglongNearF.fbx
  artifactKey: Guid(712b7bfc6fce08d4d8daf02318c556da) Importer(815301076,1909f56bfc062723c751e8b465ee728b)
Start importing Assets/Studio33 Interactive_[BasketBall] v1.1/Animations/Basketball Motions_Generic/98_BlockinglongNearF.fbx using Guid(712b7bfc6fce08d4d8daf02318c556da) Importer(815301076,1909f56bfc062723c751e8b465ee728b) (PreviewImporter) -> (artifact id: '6e7a0f600d0f7e9060271d1da6451c7c') in 0.0470384 seconds
Number of updated asset objects reloaded before import = 0Number of asset objects unloaded after import = 153

========================================================================
Received Import Request.
  Time since last request: 0.000058 seconds.
  path: Assets/Studio33 Interactive_[BasketBall] v1.1/Animations/Basketball Motions_Generic/129_ReboundAndBoxOutHoldFrontA.fbx
  artifactKey: Guid(b68c162cceddebb43b4290dc5a326196) Importer(815301076,1909f56bfc062723c751e8b465ee728b)
Start importing Assets/Studio33 Interactive_[BasketBall] v1.1/Animations/Basketball Motions_Generic/129_ReboundAndBoxOutHoldFrontA.fbx using Guid(b68c162cceddebb43b4290dc5a326196) Importer(815301076,1909f56bfc062723c751e8b465ee728b) (PreviewImporter) -> (artifact id: 'cf3b0cded2e974af67bba17d9a904339') in 0.0469766 seconds
Number of updated asset objects reloaded before import = 0Number of asset objects unloaded after import = 153

========================================================================
Received Import Request.
  Time since last request: 0.000039 seconds.
  path: Assets/Studio33 Interactive_[BasketBall] v1.1/Animations/Basketball Motions Humanoid/871_AlleyooppassreqFrontA.fbx
  artifactKey: Guid(e5a806ee4b8277f4aac6c092ae9ee704) Importer(2089858483,b0f066a214c2f5e87bad3c948f4d605d)
Start importing Assets/Studio33 Interactive_[BasketBall] v1.1/Animations/Basketball Motions Humanoid/871_AlleyooppassreqFrontA.fbx using Guid(e5a806ee4b8277f4aac6c092ae9ee704) Importer(2089858483,b0f066a214c2f5e87bad3c948f4d605d) (ScriptedImporter) -> (artifact id: '5a9a2375b9db3a253212f861127f7b67') in 0.0318579 seconds
Number of updated asset objects reloaded before import = 0Number of asset objects unloaded after import = 155

========================================================================
Received Import Request.
  Time since last request: 0.000039 seconds.
  path: Assets/Studio33 Interactive_[BasketBall] v1.1/Animations/Basketball Motions Humanoid/2120_RstajumpshotReadyFake.fbx
  artifactKey: Guid(3e6dd4ab6d01a954d9f3d72e5b6dd794) Importer(2089858483,b0f066a214c2f5e87bad3c948f4d605d)
Start importing Assets/Studio33 Interactive_[BasketBall] v1.1/Animations/Basketball Motions Humanoid/2120_RstajumpshotReadyFake.fbx using Guid(3e6dd4ab6d01a954d9f3d72e5b6dd794) Importer(2089858483,b0f066a214c2f5e87bad3c948f4d605d) (ScriptedImporter) -> (artifact id: '49fb3e7f386f5270c200b466ebcf01ba') in 0.0303698 seconds
Number of updated asset objects reloaded before import = 0Number of asset objects unloaded after import = 155

========================================================================
Received Import Request.
  Time since last request: 0.000058 seconds.
  path: Assets/Studio33 Interactive_[BasketBall] v1.1/Animations/Basketball Motions_Generic/98_BlockinglongNearF.fbx
  artifactKey: Guid(712b7bfc6fce08d4d8daf02318c556da) Importer(2089858483,b0f066a214c2f5e87bad3c948f4d605d)
Start importing Assets/Studio33 Interactive_[BasketBall] v1.1/Animations/Basketball Motions_Generic/98_BlockinglongNearF.fbx using Guid(712b7bfc6fce08d4d8daf02318c556da) Importer(2089858483,b0f066a214c2f5e87bad3c948f4d605d) (ScriptedImporter) -> (artifact id: 'f81eacbd00b3681fe0a7892d9b7b17e6') in 0.0311914 seconds
Number of updated asset objects reloaded before import = 0Number of asset objects unloaded after import = 153

========================================================================
Received Import Request.
  Time since last request: 0.000056 seconds.
  path: Assets/Studio33 Interactive_[BasketBall] v1.1/Animations/Basketball Motions Humanoid/1272_AlleyoopRevSA.fbx
  artifactKey: Guid(7b0ed03f1c270de4e912d49a61f507d4) Importer(2089858483,b0f066a214c2f5e87bad3c948f4d605d)
Start importing Assets/Studio33 Interactive_[BasketBall] v1.1/Animations/Basketball Motions Humanoid/1272_AlleyoopRevSA.fbx using Guid(7b0ed03f1c270de4e912d49a61f507d4) Importer(2089858483,b0f066a214c2f5e87bad3c948f4d605d) (ScriptedImporter) -> (artifact id: 'dfd716f29ee8a8987f6e359e8df90544') in 0.034153 seconds
Number of updated asset objects reloaded before import = 0Number of asset objects unloaded after import = 155

========================================================================
Received Import Request.
  Time since last request: 0.000041 seconds.
  path: Assets/Studio33 Interactive_[BasketBall] v1.1/Animations/Basketball Motions_Generic/950_Rebound fC.fbx
  artifactKey: Guid(4309d9e968e0490409c1a94f71be4186) Importer(2089858483,b0f066a214c2f5e87bad3c948f4d605d)
Start importing Assets/Studio33 Interactive_[BasketBall] v1.1/Animations/Basketball Motions_Generic/950_Rebound fC.fbx using Guid(4309d9e968e0490409c1a94f71be4186) Importer(2089858483,b0f066a214c2f5e87bad3c948f4d605d) (ScriptedImporter) -> (artifact id: '86be13fb6f568d8bce32448d698090d5') in 0.040907 seconds
Number of updated asset objects reloaded before import = 0Number of asset objects unloaded after import = 153

========================================================================
Received Import Request.
  Time since last request: 0.000063 seconds.
  path: Assets/Studio33 Interactive_[BasketBall] v1.1/Animations/Basketball Motions Humanoid/769_AlleyoopOverNpassA.fbx
  artifactKey: Guid(01c9f4ceae6408c4a8cc4f58e3dfedf0) Importer(2089858483,b0f066a214c2f5e87bad3c948f4d605d)
Start importing Assets/Studio33 Interactive_[BasketBall] v1.1/Animations/Basketball Motions Humanoid/769_AlleyoopOverNpassA.fbx using Guid(01c9f4ceae6408c4a8cc4f58e3dfedf0) Importer(2089858483,b0f066a214c2f5e87bad3c948f4d605d) (ScriptedImporter) -> (artifact id: 'a4d815e811b208c0854a20d37d58680e') in 0.0302833 seconds
Number of updated asset objects reloaded before import = 0Number of asset objects unloaded after import = 155

========================================================================
Received Import Request.
  Time since last request: 0.000034 seconds.
  path: Assets/Studio33 Interactive_[BasketBall] v1.1/Animations/Basketball Motions_Generic/2133_JumpshotMFakeA.fbx
  artifactKey: Guid(c73ff009c9c1e7f48b863d0d04517910) Importer(2089858483,b0f066a214c2f5e87bad3c948f4d605d)
Start importing Assets/Studio33 Interactive_[BasketBall] v1.1/Animations/Basketball Motions_Generic/2133_JumpshotMFakeA.fbx using Guid(c73ff009c9c1e7f48b863d0d04517910) Importer(2089858483,b0f066a214c2f5e87bad3c948f4d605d) (ScriptedImporter) -> (artifact id: 'dd963deb2aa236a623c3ae1ca1bef82f') in 0.0297895 seconds
Number of updated asset objects reloaded before import = 0Number of asset objects unloaded after import = 153

========================================================================
Received Import Request.
  Time since last request: 0.000056 seconds.
  path: Assets/Studio33 Interactive_[BasketBall] v1.1/Animations/Basketball Motions_Generic/971_Rebound B.fbx
  artifactKey: Guid(5f4c9e2ddf850994e91f1bfc36d2767b) Importer(2089858483,b0f066a214c2f5e87bad3c948f4d605d)
Start importing Assets/Studio33 Interactive_[BasketBall] v1.1/Animations/Basketball Motions_Generic/971_Rebound B.fbx using Guid(5f4c9e2ddf850994e91f1bfc36d2767b) Importer(2089858483,b0f066a214c2f5e87bad3c948f4d605d) (ScriptedImporter) -> (artifact id: 'd20d89e80ff67851c780fa2e9cda0ecb') in 0.0317543 seconds
Number of updated asset objects reloaded before import = 0Number of asset objects unloaded after import = 153

========================================================================
Received Import Request.
  Time since last request: 0.000058 seconds.
  path: Assets/Studio33 Interactive_[BasketBall] v1.1/Animations/Basketball Motions_Generic/1990_JumpshotMFakeA.fbx
  artifactKey: Guid(a4288bbd50698f440b12d46e9e45cfbb) Importer(2089858483,b0f066a214c2f5e87bad3c948f4d605d)
Start importing Assets/Studio33 Interactive_[BasketBall] v1.1/Animations/Basketball Motions_Generic/1990_JumpshotMFakeA.fbx using Guid(a4288bbd50698f440b12d46e9e45cfbb) Importer(2089858483,b0f066a214c2f5e87bad3c948f4d605d) (ScriptedImporter) -> (artifact id: '5371a25a1abecb006152f4591a6d6656') in 0.0307122 seconds
Number of updated asset objects reloaded before import = 0Number of asset objects unloaded after import = 153

========================================================================
Received Import Request.
  Time since last request: 0.000036 seconds.
  path: Assets/Studio33 Interactive_[BasketBall] v1.1/Animations/Basketball Motions_Generic/1180_DunkClutchRRightA.fbx
  artifactKey: Guid(73b4bacec9ab59f4fb8721e429ad1330) Importer(2089858483,b0f066a214c2f5e87bad3c948f4d605d)
Start importing Assets/Studio33 Interactive_[BasketBall] v1.1/Animations/Basketball Motions_Generic/1180_DunkClutchRRightA.fbx using Guid(73b4bacec9ab59f4fb8721e429ad1330) Importer(2089858483,b0f066a214c2f5e87bad3c948f4d605d) (ScriptedImporter) -> (artifact id: '89799b1b1835769ab35f9452b98f967a') in 0.030082 seconds
Number of updated asset objects reloaded before import = 0Number of asset objects unloaded after import = 153

========================================================================
Received Import Request.
  Time since last request: 0.000044 seconds.
  path: Assets/Studio33 Interactive_[BasketBall] v1.1/Animations/Basketball Motions Humanoid/329_CrossThLRLA.fbx
  artifactKey: Guid(3893b183c765ebe41881e947afdecd5c) Importer(2089858483,b0f066a214c2f5e87bad3c948f4d605d)
Start importing Assets/Studio33 Interactive_[BasketBall] v1.1/Animations/Basketball Motions Humanoid/329_CrossThLRLA.fbx using Guid(3893b183c765ebe41881e947afdecd5c) Importer(2089858483,b0f066a214c2f5e87bad3c948f4d605d) (ScriptedImporter) -> (artifact id: 'afaeb4d9db2b3c261a261845874f7221') in 0.0402329 seconds
Number of updated asset objects reloaded before import = 0Number of asset objects unloaded after import = 155

========================================================================
Received Import Request.
  Time since last request: 0.000067 seconds.
  path: Assets/Studio33 Interactive_[BasketBall] v1.1/Animations/Basketball Motions Humanoid/412_DefenceRightA.fbx
  artifactKey: Guid(0d4aea55a24cc9240a113bdc08c087e1) Importer(2089858483,b0f066a214c2f5e87bad3c948f4d605d)
Start importing Assets/Studio33 Interactive_[BasketBall] v1.1/Animations/Basketball Motions Humanoid/412_DefenceRightA.fbx using Guid(0d4aea55a24cc9240a113bdc08c087e1) Importer(2089858483,b0f066a214c2f5e87bad3c948f4d605d) (ScriptedImporter) -> (artifact id: '756e2b447cc7aec937996ffefa6a1dfc') in 0.033596 seconds
Number of updated asset objects reloaded before import = 0Number of asset objects unloaded after import = 155

========================================================================
Received Import Request.
  Time since last request: 0.000031 seconds.
  path: Assets/Studio33 Interactive_[BasketBall] v1.1/Animations/Basketball Motions_Generic/1883_JumpshotPumpfakespir.fbx
  artifactKey: Guid(4406f4a2614e2f2479d4f1cfae239687) Importer(2089858483,b0f066a214c2f5e87bad3c948f4d605d)
Start importing Assets/Studio33 Interactive_[BasketBall] v1.1/Animations/Basketball Motions_Generic/1883_JumpshotPumpfakespir.fbx using Guid(4406f4a2614e2f2479d4f1cfae239687) Importer(2089858483,b0f066a214c2f5e87bad3c948f4d605d) (ScriptedImporter) -> (artifact id: 'a71cc4c3e758419e7e71f60e8eb2600d') in 0.0306135 seconds
Number of updated asset objects reloaded before import = 0Number of asset objects unloaded after import = 153

========================================================================
Received Import Request.
  Time since last request: 0.000045 seconds.
  path: Assets/Studio33 Interactive_[BasketBall] v1.1/Animations/Basketball Motions Humanoid/1364_JumpshotMFakeA.fbx
  artifactKey: Guid(209a595058fe42e48bc2f834984dfe7e) Importer(2089858483,b0f066a214c2f5e87bad3c948f4d605d)
Start importing Assets/Studio33 Interactive_[BasketBall] v1.1/Animations/Basketball Motions Humanoid/1364_JumpshotMFakeA.fbx using Guid(209a595058fe42e48bc2f834984dfe7e) Importer(2089858483,b0f066a214c2f5e87bad3c948f4d605d) (ScriptedImporter) -> (artifact id: '8d923a7b7a9634c2f8a8027acaaedfa1') in 0.0334397 seconds
Number of updated asset objects reloaded before import = 0Number of asset objects unloaded after import = 155

========================================================================
Received Import Request.
  Time since last request: 0.000051 seconds.
  path: Assets/Studio33 Interactive_[BasketBall] v1.1/Animations/Basketball Motions Humanoid/1753_LayupCA.fbx
  artifactKey: Guid(f4e29b5e6284c6a4e9e8e549153879b3) Importer(2089858483,b0f066a214c2f5e87bad3c948f4d605d)
Start importing Assets/Studio33 Interactive_[BasketBall] v1.1/Animations/Basketball Motions Humanoid/1753_LayupCA.fbx using Guid(f4e29b5e6284c6a4e9e8e549153879b3) Importer(2089858483,b0f066a214c2f5e87bad3c948f4d605d) (ScriptedImporter) -> (artifact id: '10680cdd7fac09543808f589d488bb1f') in 0.0334029 seconds
Number of updated asset objects reloaded before import = 0Number of asset objects unloaded after import = 155

========================================================================
Received Import Request.
  Time since last request: 0.000034 seconds.
  path: Assets/Studio33 Interactive_[BasketBall] v1.1/Animations/Basketball Motions_Generic/752_PassShootfakepass.fbx
  artifactKey: Guid(b08ac004d5a59b6499bcd7a7b4022d72) Importer(2089858483,b0f066a214c2f5e87bad3c948f4d605d)
Start importing Assets/Studio33 Interactive_[BasketBall] v1.1/Animations/Basketball Motions_Generic/752_PassShootfakepass.fbx using Guid(b08ac004d5a59b6499bcd7a7b4022d72) Importer(2089858483,b0f066a214c2f5e87bad3c948f4d605d) (ScriptedImporter) -> (artifact id: 'e479b0344b97bdb4a23da343c2873b29') in 0.0347226 seconds
Number of updated asset objects reloaded before import = 0Number of asset objects unloaded after import = 153

========================================================================
Received Import Request.
  Time since last request: 0.000049 seconds.
  path: Assets/Studio33 Interactive_[BasketBall] v1.1/Animations/Basketball Motions_Generic/122_ReboundAndBoxOutFrontA.fbx
  artifactKey: Guid(fb6eb1591248fe144932380942500878) Importer(815301076,1909f56bfc062723c751e8b465ee728b)
Start importing Assets/Studio33 Interactive_[BasketBall] v1.1/Animations/Basketball Motions_Generic/122_ReboundAndBoxOutFrontA.fbx using Guid(fb6eb1591248fe144932380942500878) Importer(815301076,1909f56bfc062723c751e8b465ee728b) (PreviewImporter) -> (artifact id: 'd211c59f3266a3de7f8ac0a3cec3c014') in 0.0519882 seconds
Number of updated asset objects reloaded before import = 0Number of asset objects unloaded after import = 153

========================================================================
Received Import Request.
  Time since last request: 0.000052 seconds.
  path: Assets/Studio33 Interactive_[BasketBall] v1.1/33_basket ball test animations/player/Back_number/Back_number_Y/Back_number_B_c16.png
  artifactKey: Guid(248dd9bac10230b459772564aa6bcba5) Importer(2089858483,b0f066a214c2f5e87bad3c948f4d605d)
Start importing Assets/Studio33 Interactive_[BasketBall] v1.1/33_basket ball test animations/player/Back_number/Back_number_Y/Back_number_B_c16.png using Guid(248dd9bac10230b459772564aa6bcba5) Importer(2089858483,b0f066a214c2f5e87bad3c948f4d605d) (ScriptedImporter) -> (artifact id: '67e046c56d36acff7e27282ff8b67cf2') in 0.0179137 seconds
Number of updated asset objects reloaded before import = 0Number of asset objects unloaded after import = 1

========================================================================
Received Import Request.
  Time since last request: 0.000042 seconds.
  path: Assets/Studio33 Interactive_[BasketBall] v1.1/Animations/Basketball Motions_Generic/138_PostPushBaA.fbx
  artifactKey: Guid(265d9d4f209651946b4aa1dbb8cf9257) Importer(815301076,1909f56bfc062723c751e8b465ee728b)
Start importing Assets/Studio33 Interactive_[BasketBall] v1.1/Animations/Basketball Motions_Generic/138_PostPushBaA.fbx using Guid(265d9d4f209651946b4aa1dbb8cf9257) Importer(815301076,1909f56bfc062723c751e8b465ee728b) (PreviewImporter) -> (artifact id: '65f21b93efa7b34c1456d5c0cc0cae11') in 0.0483554 seconds
Number of updated asset objects reloaded before import = 0Number of asset objects unloaded after import = 153

========================================================================
Received Import Request.
  Time since last request: 0.000045 seconds.
  path: Assets/Studio33 Interactive_[BasketBall] v1.1/Animations/Basketball Motions_Generic/1667_AlleyoopSA.fbx
  artifactKey: Guid(400ff645c9fe1754ab329cf528707edd) Importer(2089858483,b0f066a214c2f5e87bad3c948f4d605d)
Start importing Assets/Studio33 Interactive_[BasketBall] v1.1/Animations/Basketball Motions_Generic/1667_AlleyoopSA.fbx using Guid(400ff645c9fe1754ab329cf528707edd) Importer(2089858483,b0f066a214c2f5e87bad3c948f4d605d) (ScriptedImporter) -> (artifact id: 'aa0b6e9858cd53d1724101b3842b3fd6') in 0.0319383 seconds
Number of updated asset objects reloaded before import = 0Number of asset objects unloaded after import = 153

========================================================================
Received Import Request.
  Time since last request: 0.000050 seconds.
  path: Assets/Studio33 Interactive_[BasketBall] v1.1/Animations/Basketball Motions Humanoid/171_TravRA.fbx
  artifactKey: Guid(7b4f79d51edf0a7479b9aed9a71a29a2) Importer(2089858483,b0f066a214c2f5e87bad3c948f4d605d)
Start importing Assets/Studio33 Interactive_[BasketBall] v1.1/Animations/Basketball Motions Humanoid/171_TravRA.fbx using Guid(7b4f79d51edf0a7479b9aed9a71a29a2) Importer(2089858483,b0f066a214c2f5e87bad3c948f4d605d) (ScriptedImporter) -> (artifact id: 'c7858d939612adbf3bcfea7a572f1ce1') in 0.0322365 seconds
Number of updated asset objects reloaded before import = 0Number of asset objects unloaded after import = 155

========================================================================
Received Import Request.
  Time since last request: 0.000040 seconds.
  path: Assets/Studio33 Interactive_[BasketBall] v1.1/Animations/Basketball Motions Humanoid/758_PassiairA.fbx
  artifactKey: Guid(2a9472490680fda45a90e7c377be2b83) Importer(2089858483,b0f066a214c2f5e87bad3c948f4d605d)
Start importing Assets/Studio33 Interactive_[BasketBall] v1.1/Animations/Basketball Motions Humanoid/758_PassiairA.fbx using Guid(2a9472490680fda45a90e7c377be2b83) Importer(2089858483,b0f066a214c2f5e87bad3c948f4d605d) (ScriptedImporter) -> (artifact id: '9db55100660dd41fc797570a0dbd0af7') in 0.0325773 seconds
Number of updated asset objects reloaded before import = 0Number of asset objects unloaded after import = 155

========================================================================
Received Import Request.
  Time since last request: 0.000038 seconds.
  path: Assets/Studio33 Interactive_[BasketBall] v1.1/Animations/Basketball Motions_Generic/280_CrossoverThRLeft.fbx
  artifactKey: Guid(0494a1e3066bf4e4d94c5a0e6cea82ce) Importer(2089858483,b0f066a214c2f5e87bad3c948f4d605d)
Start importing Assets/Studio33 Interactive_[BasketBall] v1.1/Animations/Basketball Motions_Generic/280_CrossoverThRLeft.fbx using Guid(0494a1e3066bf4e4d94c5a0e6cea82ce) Importer(2089858483,b0f066a214c2f5e87bad3c948f4d605d) (ScriptedImporter) -> (artifact id: '37cc30acb0a3ee81cdec126066e8e297') in 0.0309916 seconds
Number of updated asset objects reloaded before import = 0Number of asset objects unloaded after import = 153

========================================================================
Received Import Request.
  Time since last request: 0.000061 seconds.
  path: Assets/Studio33 Interactive_[BasketBall] v1.1/Animations/Basketball Motions_Generic/1256_AlleyoopSB.fbx
  artifactKey: Guid(0310f49523755b041ad2fe6e8a02dd2d) Importer(2089858483,b0f066a214c2f5e87bad3c948f4d605d)
Start importing Assets/Studio33 Interactive_[BasketBall] v1.1/Animations/Basketball Motions_Generic/1256_AlleyoopSB.fbx using Guid(0310f49523755b041ad2fe6e8a02dd2d) Importer(2089858483,b0f066a214c2f5e87bad3c948f4d605d) (ScriptedImporter) -> (artifact id: '0c307426380e669c4851800537609d7f') in 0.0389124 seconds
Number of updated asset objects reloaded before import = 0Number of asset objects unloaded after import = 153

========================================================================
Received Import Request.
  Time since last request: 0.000032 seconds.
  path: Assets/Studio33 Interactive_[BasketBall] v1.1/Animations/Basketball Motions_Generic/1980_DunkRA.fbx
  artifactKey: Guid(f1370041b1d1c254e8a3d22497e1c166) Importer(2089858483,b0f066a214c2f5e87bad3c948f4d605d)
Start importing Assets/Studio33 Interactive_[BasketBall] v1.1/Animations/Basketball Motions_Generic/1980_DunkRA.fbx using Guid(f1370041b1d1c254e8a3d22497e1c166) Importer(2089858483,b0f066a214c2f5e87bad3c948f4d605d) (ScriptedImporter) -> (artifact id: 'b1c97ede913ceb16b46d9edcb9940370') in 0.0364161 seconds
Number of updated asset objects reloaded before import = 0Number of asset objects unloaded after import = 153

========================================================================
Received Import Request.
  Time since last request: 0.000034 seconds.
  path: Assets/Studio33 Interactive_[BasketBall] v1.1/Animations/Basketball Motions Humanoid/16_BlockingckncatchLongFarJumpFA.fbx
  artifactKey: Guid(aa15353b4e0e1444c8833cb10648bb0a) Importer(2089858483,b0f066a214c2f5e87bad3c948f4d605d)
Start importing Assets/Studio33 Interactive_[BasketBall] v1.1/Animations/Basketball Motions Humanoid/16_BlockingckncatchLongFarJumpFA.fbx using Guid(aa15353b4e0e1444c8833cb10648bb0a) Importer(2089858483,b0f066a214c2f5e87bad3c948f4d605d) (ScriptedImporter) -> (artifact id: 'b36be8ac93431ad3162691d8c1d9db2a') in 0.0379439 seconds
Number of updated asset objects reloaded before import = 0Number of asset objects unloaded after import = 155

========================================================================
Received Import Request.
  Time since last request: 0.000061 seconds.
  path: Assets/Studio33 Interactive_[BasketBall] v1.1/33_basket ball test animations/ball_object
  artifactKey: Guid(254442eeea83da34b900d80352a4e6c4) Importer(2089858483,b0f066a214c2f5e87bad3c948f4d605d)
Start importing Assets/Studio33 Interactive_[BasketBall] v1.1/33_basket ball test animations/ball_object using Guid(254442eeea83da34b900d80352a4e6c4) Importer(2089858483,b0f066a214c2f5e87bad3c948f4d605d) (ScriptedImporter) -> (artifact id: '8b92db059a48210f4b4f97b1cdeb2241') in 0.013588 seconds
Number of updated asset objects reloaded before import = 0Number of asset objects unloaded after import = 1

========================================================================
Received Import Request.
  Time since last request: 0.000032 seconds.
  path: Assets/Studio33 Interactive_[BasketBall] v1.1/Animations/Basketball Motions Humanoid/1822_DunkRA.fbx
  artifactKey: Guid(73c2a746e39801c48bda67407b8abd67) Importer(2089858483,b0f066a214c2f5e87bad3c948f4d605d)
Start importing Assets/Studio33 Interactive_[BasketBall] v1.1/Animations/Basketball Motions Humanoid/1822_DunkRA.fbx using Guid(73c2a746e39801c48bda67407b8abd67) Importer(2089858483,b0f066a214c2f5e87bad3c948f4d605d) (ScriptedImporter) -> (artifact id: '4e048da9f516097b19429d9c08453d9d') in 0.0292003 seconds
Number of updated asset objects reloaded before import = 0Number of asset objects unloaded after import = 155

========================================================================
Received Import Request.
  Time since last request: 0.000041 seconds.
  path: Assets/Studio33 Interactive_[BasketBall] v1.1/Animations/Basketball Motions_Generic/1867_DunkRAC.fbx
  artifactKey: Guid(2075ca4317358c342b427f8f54508ac3) Importer(2089858483,b0f066a214c2f5e87bad3c948f4d605d)
Start importing Assets/Studio33 Interactive_[BasketBall] v1.1/Animations/Basketball Motions_Generic/1867_DunkRAC.fbx using Guid(2075ca4317358c342b427f8f54508ac3) Importer(2089858483,b0f066a214c2f5e87bad3c948f4d605d) (ScriptedImporter) -> (artifact id: '0d911e69e547806b0a1ca31be56342bb') in 0.0289038 seconds
Number of updated asset objects reloaded before import = 0Number of asset objects unloaded after import = 153

========================================================================
Received Import Request.
  Time since last request: 0.000044 seconds.
  path: Assets/Studio33 Interactive_[BasketBall] v1.1/Animations/Basketball Motions Humanoid/1523_DclutchFRightA.fbx
  artifactKey: Guid(93f55e5233ba87647ad8cfb43d4a976e) Importer(2089858483,b0f066a214c2f5e87bad3c948f4d605d)
Start importing Assets/Studio33 Interactive_[BasketBall] v1.1/Animations/Basketball Motions Humanoid/1523_DclutchFRightA.fbx using Guid(93f55e5233ba87647ad8cfb43d4a976e) Importer(2089858483,b0f066a214c2f5e87bad3c948f4d605d) (ScriptedImporter) -> (artifact id: 'cc7888d2538f5009570b6d08012de7e0') in 0.0324754 seconds
Number of updated asset objects reloaded before import = 0Number of asset objects unloaded after import = 155

========================================================================
Received Import Request.
  Time since last request: 0.000062 seconds.
  path: Assets/Studio33 Interactive_[BasketBall] v1.1/Animations/Basketball Motions_Generic/612_DivpassFA.fbx
  artifactKey: Guid(f418b5f16caf26e4a8ef8fe68d3acd1c) Importer(2089858483,b0f066a214c2f5e87bad3c948f4d605d)
Start importing Assets/Studio33 Interactive_[BasketBall] v1.1/Animations/Basketball Motions_Generic/612_DivpassFA.fbx using Guid(f418b5f16caf26e4a8ef8fe68d3acd1c) Importer(2089858483,b0f066a214c2f5e87bad3c948f4d605d) (ScriptedImporter) -> (artifact id: 'e50bf3545626738251c3f0c834078d6c') in 0.0340384 seconds
Number of updated asset objects reloaded before import = 0Number of asset objects unloaded after import = 153

========================================================================
Received Import Request.
  Time since last request: 0.000047 seconds.
  path: Assets/Studio33 Interactive_[BasketBall] v1.1/Animations/Basketball Motions Humanoid/1847_DunkCA.fbx
  artifactKey: Guid(0fc809f2919afc9489e15dc843556ee7) Importer(2089858483,b0f066a214c2f5e87bad3c948f4d605d)
Start importing Assets/Studio33 Interactive_[BasketBall] v1.1/Animations/Basketball Motions Humanoid/1847_DunkCA.fbx using Guid(0fc809f2919afc9489e15dc843556ee7) Importer(2089858483,b0f066a214c2f5e87bad3c948f4d605d) (ScriptedImporter) -> (artifact id: '5411fac7074e63de9c34865b99812751') in 0.0298266 seconds
Number of updated asset objects reloaded before import = 0Number of asset objects unloaded after import = 155

========================================================================
Received Import Request.
  Time since last request: 0.000031 seconds.
  path: Assets/Studio33 Interactive_[BasketBall] v1.1/Animations/Basketball Motions_Generic/1259_AlleyoopCSB.fbx
  artifactKey: Guid(a9ca2e120155c4b49bdc49eeeca15f84) Importer(2089858483,b0f066a214c2f5e87bad3c948f4d605d)
Start importing Assets/Studio33 Interactive_[BasketBall] v1.1/Animations/Basketball Motions_Generic/1259_AlleyoopCSB.fbx using Guid(a9ca2e120155c4b49bdc49eeeca15f84) Importer(2089858483,b0f066a214c2f5e87bad3c948f4d605d) (ScriptedImporter) -> (artifact id: '08d4a1fa2334d06dc0b1de2aa2344c6c') in 0.0294343 seconds
Number of updated asset objects reloaded before import = 0Number of asset objects unloaded after import = 153

========================================================================
Received Import Request.
  Time since last request: 0.000052 seconds.
  path: Assets/Studio33 Interactive_[BasketBall] v1.1/Animations/Basketball Motions_Generic/1424_TurfrontFakeA.fbx
  artifactKey: Guid(27258543248690e4ba1258f998dfd42f) Importer(2089858483,b0f066a214c2f5e87bad3c948f4d605d)
Start importing Assets/Studio33 Interactive_[BasketBall] v1.1/Animations/Basketball Motions_Generic/1424_TurfrontFakeA.fbx using Guid(27258543248690e4ba1258f998dfd42f) Importer(2089858483,b0f066a214c2f5e87bad3c948f4d605d) (ScriptedImporter) -> (artifact id: '5049c690e1eb66c70e023ae1836c335c') in 0.02942 seconds
Number of updated asset objects reloaded before import = 0Number of asset objects unloaded after import = 153

========================================================================
Received Import Request.
  Time since last request: 0.000055 seconds.
  path: Assets/Studio33 Interactive_[BasketBall] v1.1/Animations/Basketball Motions_Generic/281_CrossoverThRRight.fbx
  artifactKey: Guid(f72e7ca6a6a376242a870828d483225d) Importer(2089858483,b0f066a214c2f5e87bad3c948f4d605d)
Start importing Assets/Studio33 Interactive_[BasketBall] v1.1/Animations/Basketball Motions_Generic/281_CrossoverThRRight.fbx using Guid(f72e7ca6a6a376242a870828d483225d) Importer(2089858483,b0f066a214c2f5e87bad3c948f4d605d) (ScriptedImporter) -> (artifact id: 'd433cbfa4f2c37db6516af3a7f73731e') in 0.0305714 seconds
Number of updated asset objects reloaded before import = 0Number of asset objects unloaded after import = 153

========================================================================
Received Import Request.
  Time since last request: 0.000050 seconds.
  path: Assets/Studio33 Interactive_[BasketBall] v1.1/33_basket ball test animations/ball_object/Basketball_Ball.fbx
  artifactKey: Guid(b4a9bd2e6b113824b808e615a133e90f) Importer(2089858483,b0f066a214c2f5e87bad3c948f4d605d)
Start importing Assets/Studio33 Interactive_[BasketBall] v1.1/33_basket ball test animations/ball_object/Basketball_Ball.fbx using Guid(b4a9bd2e6b113824b808e615a133e90f) Importer(2089858483,b0f066a214c2f5e87bad3c948f4d605d) (ScriptedImporter) -> (artifact id: '2518691500892197c65c30fa9bb7a0b5') in 0.0561856 seconds
Number of updated asset objects reloaded before import = 0Number of asset objects unloaded after import = 8

========================================================================
Received Import Request.
  Time since last request: 0.000050 seconds.
  path: Assets/Studio33 Interactive_[BasketBall] v1.1/Animations/Basketball Motions Humanoid/1784_DunkCA.fbx
  artifactKey: Guid(5d909cb8e9f5fd744a45e175ed98c5fa) Importer(2089858483,b0f066a214c2f5e87bad3c948f4d605d)
Start importing Assets/Studio33 Interactive_[BasketBall] v1.1/Animations/Basketball Motions Humanoid/1784_DunkCA.fbx using Guid(5d909cb8e9f5fd744a45e175ed98c5fa) Importer(2089858483,b0f066a214c2f5e87bad3c948f4d605d) (ScriptedImporter) -> (artifact id: 'b863ca8c0e1ff57198086351003d67e8') in 0.0329767 seconds
Number of updated asset objects reloaded before import = 0Number of asset objects unloaded after import = 155

========================================================================
Received Import Request.
  Time since last request: 0.000059 seconds.
  path: Assets/Studio33 Interactive_[BasketBall] v1.1/Animations/Basketball Motions Humanoid/351_TurnstepOverRA.fbx
  artifactKey: Guid(c14623afb8281bb4899918b5f0f9a32e) Importer(2089858483,b0f066a214c2f5e87bad3c948f4d605d)
Start importing Assets/Studio33 Interactive_[BasketBall] v1.1/Animations/Basketball Motions Humanoid/351_TurnstepOverRA.fbx using Guid(c14623afb8281bb4899918b5f0f9a32e) Importer(2089858483,b0f066a214c2f5e87bad3c948f4d605d) (ScriptedImporter) -> (artifact id: 'a476ae40d9bde7d50d18791e2a526cf3') in 0.0315839 seconds
Number of updated asset objects reloaded before import = 0Number of asset objects unloaded after import = 155

========================================================================
Received Import Request.
  Time since last request: 0.000028 seconds.
  path: Assets/Studio33 Interactive_[BasketBall] v1.1/Animations/Basketball Motions_Generic/306_SpinStepRR.fbx
  artifactKey: Guid(7460b1a77ed60a6409cd1b972214f83c) Importer(2089858483,b0f066a214c2f5e87bad3c948f4d605d)
Start importing Assets/Studio33 Interactive_[BasketBall] v1.1/Animations/Basketball Motions_Generic/306_SpinStepRR.fbx using Guid(7460b1a77ed60a6409cd1b972214f83c) Importer(2089858483,b0f066a214c2f5e87bad3c948f4d605d) (ScriptedImporter) -> (artifact id: '8be4729a4aabd706ad7dbf4517bc34fc') in 0.0289374 seconds
Number of updated asset objects reloaded before import = 0Number of asset objects unloaded after import = 153

========================================================================
Received Import Request.
  Time since last request: 0.000047 seconds.
  path: Assets/Studio33 Interactive_[BasketBall] v1.1/Animations/Basketball Motions_Generic/162_MovePushedFront.fbx
  artifactKey: Guid(5d014d947f87a4243b3c70e1189f29d0) Importer(815301076,1909f56bfc062723c751e8b465ee728b)
Start importing Assets/Studio33 Interactive_[BasketBall] v1.1/Animations/Basketball Motions_Generic/162_MovePushedFront.fbx using Guid(5d014d947f87a4243b3c70e1189f29d0) Importer(815301076,1909f56bfc062723c751e8b465ee728b) (PreviewImporter) -> (artifact id: '1c17f70a44519fde6b87e2788fd9a156') in 0.0518156 seconds
Number of updated asset objects reloaded before import = 0Number of asset objects unloaded after import = 153

========================================================================
Received Import Request.
  Time since last request: 0.000048 seconds.
  path: Assets/Studio33 Interactive_[BasketBall] v1.1/Animations/Basketball Motions_Generic/1262_AlleyoopDclutchRightA.fbx
  artifactKey: Guid(955e70e2ec88463418c58564ae372e9a) Importer(2089858483,b0f066a214c2f5e87bad3c948f4d605d)
Start importing Assets/Studio33 Interactive_[BasketBall] v1.1/Animations/Basketball Motions_Generic/1262_AlleyoopDclutchRightA.fbx using Guid(955e70e2ec88463418c58564ae372e9a) Importer(2089858483,b0f066a214c2f5e87bad3c948f4d605d) (ScriptedImporter) -> (artifact id: 'e11cbf9be636a530fa553262e7f9a6fe') in 0.0333781 seconds
Number of updated asset objects reloaded before import = 0Number of asset objects unloaded after import = 153

========================================================================
Received Import Request.
  Time since last request: 0.000045 seconds.
  path: Assets/Studio33 Interactive_[BasketBall] v1.1/Animations/Basketball Motions Humanoid/1722_DunkRA.fbx
  artifactKey: Guid(835d5809f76340d43bf25d7e05d78286) Importer(2089858483,b0f066a214c2f5e87bad3c948f4d605d)
Start importing Assets/Studio33 Interactive_[BasketBall] v1.1/Animations/Basketball Motions Humanoid/1722_DunkRA.fbx using Guid(835d5809f76340d43bf25d7e05d78286) Importer(2089858483,b0f066a214c2f5e87bad3c948f4d605d) (ScriptedImporter) -> (artifact id: '9a6af33f4e59a40cb5c9343db0582eb6') in 0.0329735 seconds
Number of updated asset objects reloaded before import = 0Number of asset objects unloaded after import = 155

========================================================================
Received Import Request.
  Time since last request: 0.000053 seconds.
  path: Assets/Studio33 Interactive_[BasketBall] v1.1/33_basket ball test animations/player/Back_number/Back_number_B/Back_number_B_c07.png
  artifactKey: Guid(f7cba7e5734d7e447864236f21ef68b5) Importer(2089858483,b0f066a214c2f5e87bad3c948f4d605d)
Start importing Assets/Studio33 Interactive_[BasketBall] v1.1/33_basket ball test animations/player/Back_number/Back_number_B/Back_number_B_c07.png using Guid(f7cba7e5734d7e447864236f21ef68b5) Importer(2089858483,b0f066a214c2f5e87bad3c948f4d605d) (ScriptedImporter) -> (artifact id: '451ae6460eb11c8278a5bb289c69c753') in 0.0254474 seconds
Number of updated asset objects reloaded before import = 0Number of asset objects unloaded after import = 1

========================================================================
Received Import Request.
  Time since last request: 0.000080 seconds.
  path: Assets/Studio33 Interactive_[BasketBall] v1.1/Animations/Basketball Motions Humanoid/1479_AlleyoopDclutchFRightA.fbx
  artifactKey: Guid(dc3b6814d4d2d084ca4d4cce2f1242d7) Importer(2089858483,b0f066a214c2f5e87bad3c948f4d605d)
Start importing Assets/Studio33 Interactive_[BasketBall] v1.1/Animations/Basketball Motions Humanoid/1479_AlleyoopDclutchFRightA.fbx using Guid(dc3b6814d4d2d084ca4d4cce2f1242d7) Importer(2089858483,b0f066a214c2f5e87bad3c948f4d605d) (ScriptedImporter) -> (artifact id: 'bcc17e4975d7b5b7fcf6062a8374d719') in 0.0326858 seconds
Number of updated asset objects reloaded before import = 0Number of asset objects unloaded after import = 155

========================================================================
Received Import Request.
  Time since last request: 0.000036 seconds.
  path: Assets/Studio33 Interactive_[BasketBall] v1.1/Animations/Basketball Motions_Generic/181_BlockingckedFrontA.fbx
  artifactKey: Guid(8c410a6b8e75cb9469d09397856b4e84) Importer(2089858483,b0f066a214c2f5e87bad3c948f4d605d)
Start importing Assets/Studio33 Interactive_[BasketBall] v1.1/Animations/Basketball Motions_Generic/181_BlockingckedFrontA.fbx using Guid(8c410a6b8e75cb9469d09397856b4e84) Importer(2089858483,b0f066a214c2f5e87bad3c948f4d605d) (ScriptedImporter) -> (artifact id: 'c9bf8af7eff3c7c136fe0f8ce171a98b') in 0.0284057 seconds
Number of updated asset objects reloaded before import = 0Number of asset objects unloaded after import = 153

========================================================================
Received Import Request.
  Time since last request: 0.000048 seconds.
  path: Assets/Studio33 Interactive_[BasketBall] v1.1/Animations/Basketball Motions_Generic/2142_JumpshotMFakeA.fbx
  artifactKey: Guid(678755a7a6d52fb42873b2a804e96465) Importer(2089858483,b0f066a214c2f5e87bad3c948f4d605d)
Start importing Assets/Studio33 Interactive_[BasketBall] v1.1/Animations/Basketball Motions_Generic/2142_JumpshotMFakeA.fbx using Guid(678755a7a6d52fb42873b2a804e96465) Importer(2089858483,b0f066a214c2f5e87bad3c948f4d605d) (ScriptedImporter) -> (artifact id: '9bdac4e4e1ce3e31b672385f95ace77a') in 0.0297792 seconds
Number of updated asset objects reloaded before import = 0Number of asset objects unloaded after import = 153

========================================================================
Received Import Request.
  Time since last request: 0.000057 seconds.
  path: Assets/Studio33 Interactive_[BasketBall] v1.1/Animations/Basketball Motions_Generic/693_CrossPassOverA.fbx
  artifactKey: Guid(1935bd17e6e572e4e9d437a5ee821335) Importer(2089858483,b0f066a214c2f5e87bad3c948f4d605d)
Start importing Assets/Studio33 Interactive_[BasketBall] v1.1/Animations/Basketball Motions_Generic/693_CrossPassOverA.fbx using Guid(1935bd17e6e572e4e9d437a5ee821335) Importer(2089858483,b0f066a214c2f5e87bad3c948f4d605d) (ScriptedImporter) -> (artifact id: '30e523fbebae453b0f98fb9913cdffa7') in 0.0304639 seconds
Number of updated asset objects reloaded before import = 0Number of asset objects unloaded after import = 153

========================================================================
Received Import Request.
  Time since last request: 0.000038 seconds.
  path: Assets/Studio33 Interactive_[BasketBall] v1.1/Animations/Basketball Motions_Generic/1490_DclutchRRightA.fbx
  artifactKey: Guid(979011c7539a77840b4724d49e4f082b) Importer(2089858483,b0f066a214c2f5e87bad3c948f4d605d)
Start importing Assets/Studio33 Interactive_[BasketBall] v1.1/Animations/Basketball Motions_Generic/1490_DclutchRRightA.fbx using Guid(979011c7539a77840b4724d49e4f082b) Importer(2089858483,b0f066a214c2f5e87bad3c948f4d605d) (ScriptedImporter) -> (artifact id: 'f16b62672fad3d3c37a6f1a9f95a60cb') in 0.0280441 seconds
Number of updated asset objects reloaded before import = 0Number of asset objects unloaded after import = 153

========================================================================
Received Import Request.
  Time since last request: 0.000044 seconds.
  path: Assets/Studio33 Interactive_[BasketBall] v1.1/Animations/Basketball Motions Humanoid/1304_DunkRA.fbx
  artifactKey: Guid(54fb624a2c60f9945a1e5902d372eb23) Importer(2089858483,b0f066a214c2f5e87bad3c948f4d605d)
Start importing Assets/Studio33 Interactive_[BasketBall] v1.1/Animations/Basketball Motions Humanoid/1304_DunkRA.fbx using Guid(54fb624a2c60f9945a1e5902d372eb23) Importer(2089858483,b0f066a214c2f5e87bad3c948f4d605d) (ScriptedImporter) -> (artifact id: 'cfaf7ebf9541f7a7a883963927bb46ad') in 0.0390893 seconds
Number of updated asset objects reloaded before import = 0Number of asset objects unloaded after import = 155

========================================================================
Received Import Request.
  Time since last request: 0.000041 seconds.
  path: Assets/Studio33 Interactive_[BasketBall] v1.1/Animations/Basketball Motions_Generic/204_PushPostpushA.fbx
  artifactKey: Guid(7ac42abafe3bced4bb9933bc5c38b6a5) Importer(2089858483,b0f066a214c2f5e87bad3c948f4d605d)
Start importing Assets/Studio33 Interactive_[BasketBall] v1.1/Animations/Basketball Motions_Generic/204_PushPostpushA.fbx using Guid(7ac42abafe3bced4bb9933bc5c38b6a5) Importer(2089858483,b0f066a214c2f5e87bad3c948f4d605d) (ScriptedImporter) -> (artifact id: '0e41e76fc329dcbeeefb35a1b500fe4f') in 0.0280512 seconds
Number of updated asset objects reloaded before import = 0Number of asset objects unloaded after import = 153

========================================================================
Received Import Request.
  Time since last request: 0.000051 seconds.
  path: Assets/Studio33 Interactive_[BasketBall] v1.1/Animations/Basketball Motions Humanoid/344_JabstepReadyA.fbx
  artifactKey: Guid(54922104e13d9ba418bebc854d0d6311) Importer(2089858483,b0f066a214c2f5e87bad3c948f4d605d)
Start importing Assets/Studio33 Interactive_[BasketBall] v1.1/Animations/Basketball Motions Humanoid/344_JabstepReadyA.fbx using Guid(54922104e13d9ba418bebc854d0d6311) Importer(2089858483,b0f066a214c2f5e87bad3c948f4d605d) (ScriptedImporter) -> (artifact id: '17669ba34819d6e05a503c2d6b77e378') in 0.030283 seconds
Number of updated asset objects reloaded before import = 0Number of asset objects unloaded after import = 155

========================================================================
Received Import Request.
  Time since last request: 0.000043 seconds.
  path: Assets/Studio33 Interactive_[BasketBall] v1.1/Animations/Basketball Motions_Generic/1462_DunkRA.fbx
  artifactKey: Guid(8713399d5ce8f564c93bee4d416baa87) Importer(2089858483,b0f066a214c2f5e87bad3c948f4d605d)
Start importing Assets/Studio33 Interactive_[BasketBall] v1.1/Animations/Basketball Motions_Generic/1462_DunkRA.fbx using Guid(8713399d5ce8f564c93bee4d416baa87) Importer(2089858483,b0f066a214c2f5e87bad3c948f4d605d) (ScriptedImporter) -> (artifact id: '8e75e6a7d96bcb8a55a077026b03f178') in 0.028434 seconds
Number of updated asset objects reloaded before import = 0Number of asset objects unloaded after import = 153

========================================================================
Received Import Request.
  Time since last request: 0.000046 seconds.
  path: Assets/Studio33 Interactive_[BasketBall] v1.1/Animations/Basketball Motions Humanoid/1301_DunkClutchFRightA.fbx
  artifactKey: Guid(df450f602a83d3e4e82b25d355e1e549) Importer(2089858483,b0f066a214c2f5e87bad3c948f4d605d)
Start importing Assets/Studio33 Interactive_[BasketBall] v1.1/Animations/Basketball Motions Humanoid/1301_DunkClutchFRightA.fbx using Guid(df450f602a83d3e4e82b25d355e1e549) Importer(2089858483,b0f066a214c2f5e87bad3c948f4d605d) (ScriptedImporter) -> (artifact id: 'a99b92ade3ca59a3d7555080897f30d5') in 0.0301774 seconds
Number of updated asset objects reloaded before import = 0Number of asset objects unloaded after import = 155

========================================================================
Received Import Request.
  Time since last request: 0.000051 seconds.
  path: Assets/Studio33 Interactive_[BasketBall] v1.1/Animations/Basketball Motions_Generic/2104_DunkCA.fbx
  artifactKey: Guid(fb72cbf413d3908469454924c3962eba) Importer(2089858483,b0f066a214c2f5e87bad3c948f4d605d)
Start importing Assets/Studio33 Interactive_[BasketBall] v1.1/Animations/Basketball Motions_Generic/2104_DunkCA.fbx using Guid(fb72cbf413d3908469454924c3962eba) Importer(2089858483,b0f066a214c2f5e87bad3c948f4d605d) (ScriptedImporter) -> (artifact id: '0b7c7017a67d98215e0d1910237e24f3') in 0.029844 seconds
Number of updated asset objects reloaded before import = 0Number of asset objects unloaded after import = 153

========================================================================
Received Import Request.
  Time since last request: 0.000071 seconds.
  path: Assets/Studio33 Interactive_[BasketBall] v1.1/Animations/Basketball Motions Humanoid/1831_DunkRA.fbx
  artifactKey: Guid(02d10a55bde654c468390ab092404bc7) Importer(2089858483,b0f066a214c2f5e87bad3c948f4d605d)
Start importing Assets/Studio33 Interactive_[BasketBall] v1.1/Animations/Basketball Motions Humanoid/1831_DunkRA.fbx using Guid(02d10a55bde654c468390ab092404bc7) Importer(2089858483,b0f066a214c2f5e87bad3c948f4d605d) (ScriptedImporter) -> (artifact id: '10b45d2200b55096a7107ffc0d3524df') in 0.0435778 seconds
Number of updated asset objects reloaded before import = 0Number of asset objects unloaded after import = 155

========================================================================
Received Import Request.
  Time since last request: 0.000041 seconds.
  path: Assets/Studio33 Interactive_[BasketBall] v1.1/Animations/Basketball Motions Humanoid/849_Passileft.fbx
  artifactKey: Guid(454e65411eba895418e30f0da12552fe) Importer(2089858483,b0f066a214c2f5e87bad3c948f4d605d)
Start importing Assets/Studio33 Interactive_[BasketBall] v1.1/Animations/Basketball Motions Humanoid/849_Passileft.fbx using Guid(454e65411eba895418e30f0da12552fe) Importer(2089858483,b0f066a214c2f5e87bad3c948f4d605d) (ScriptedImporter) -> (artifact id: 'c344691328b0e9001344d7a77a7b9bee') in 0.0306246 seconds
Number of updated asset objects reloaded before import = 0Number of asset objects unloaded after import = 155

========================================================================
Received Import Request.
  Time since last request: 0.000053 seconds.
  path: Assets/Studio33 Interactive_[BasketBall] v1.1/Animations/Basketball Motions_Generic/1425_TurfrontShootA.fbx
  artifactKey: Guid(3acfff624a0110d41971d7ed601f39f7) Importer(2089858483,b0f066a214c2f5e87bad3c948f4d605d)
Start importing Assets/Studio33 Interactive_[BasketBall] v1.1/Animations/Basketball Motions_Generic/1425_TurfrontShootA.fbx using Guid(3acfff624a0110d41971d7ed601f39f7) Importer(2089858483,b0f066a214c2f5e87bad3c948f4d605d) (ScriptedImporter) -> (artifact id: 'd68b1b62192aed24412a526e62fe6d67') in 0.0289212 seconds
Number of updated asset objects reloaded before import = 0Number of asset objects unloaded after import = 153

========================================================================
Received Import Request.
  Time since last request: 0.000030 seconds.
  path: Assets/Studio33 Interactive_[BasketBall] v1.1/Animations/Basketball Motions Humanoid/1714_DunkCA.fbx
  artifactKey: Guid(6d83c4b7174337247aa039c3c6eb104b) Importer(2089858483,b0f066a214c2f5e87bad3c948f4d605d)
Start importing Assets/Studio33 Interactive_[BasketBall] v1.1/Animations/Basketball Motions Humanoid/1714_DunkCA.fbx using Guid(6d83c4b7174337247aa039c3c6eb104b) Importer(2089858483,b0f066a214c2f5e87bad3c948f4d605d) (ScriptedImporter) -> (artifact id: '5d98068504a9cdfd1ea83532318e0447') in 0.0289471 seconds
Number of updated asset objects reloaded before import = 0Number of asset objects unloaded after import = 155

========================================================================
Received Import Request.
  Time since last request: 0.000036 seconds.
  path: Assets/Studio33 Interactive_[BasketBall] v1.1/Animations/Basketball Motions Humanoid/1788_DunkCA.fbx
  artifactKey: Guid(bb9169dd56a19b14ea9b9246064980e3) Importer(2089858483,b0f066a214c2f5e87bad3c948f4d605d)
Start importing Assets/Studio33 Interactive_[BasketBall] v1.1/Animations/Basketball Motions Humanoid/1788_DunkCA.fbx using Guid(bb9169dd56a19b14ea9b9246064980e3) Importer(2089858483,b0f066a214c2f5e87bad3c948f4d605d) (ScriptedImporter) -> (artifact id: 'ad6de23dbf3827961339703ccbcfd200') in 0.0324592 seconds
Number of updated asset objects reloaded before import = 0Number of asset objects unloaded after import = 155

========================================================================
Received Import Request.
  Time since last request: 0.000038 seconds.
  path: Assets/Studio33 Interactive_[BasketBall] v1.1/Animations/Basketball Motions_Generic/1639_TipicA.fbx
  artifactKey: Guid(0962276ab0a0b1049aac3c3e3b10daef) Importer(2089858483,b0f066a214c2f5e87bad3c948f4d605d)
Start importing Assets/Studio33 Interactive_[BasketBall] v1.1/Animations/Basketball Motions_Generic/1639_TipicA.fbx using Guid(0962276ab0a0b1049aac3c3e3b10daef) Importer(2089858483,b0f066a214c2f5e87bad3c948f4d605d) (ScriptedImporter) -> (artifact id: '66f12df87264d7bb169689b00ebb8ffa') in 0.0331455 seconds
Number of updated asset objects reloaded before import = 0Number of asset objects unloaded after import = 153

========================================================================
Received Import Request.
  Time since last request: 0.000055 seconds.
  path: Assets/Studio33 Interactive_[BasketBall] v1.1/Animations/Basketball Motions Humanoid/437_DefenceLeftAC.fbx
  artifactKey: Guid(53ae372dead00a1419bf7139f69f2c3e) Importer(2089858483,b0f066a214c2f5e87bad3c948f4d605d)
Start importing Assets/Studio33 Interactive_[BasketBall] v1.1/Animations/Basketball Motions Humanoid/437_DefenceLeftAC.fbx using Guid(53ae372dead00a1419bf7139f69f2c3e) Importer(2089858483,b0f066a214c2f5e87bad3c948f4d605d) (ScriptedImporter) -> (artifact id: '3e3a9a4d24ef7f9233e861fc42398566') in 0.0353988 seconds
Number of updated asset objects reloaded before import = 0Number of asset objects unloaded after import = 155

========================================================================
Received Import Request.
  Time since last request: 0.000043 seconds.
  path: Assets/Studio33 Interactive_[BasketBall] v1.1/Animations/Basketball Motions_Generic/1719_DunkCA.fbx
  artifactKey: Guid(05ff9f92eb7cf1d41bb2047d166ad5c9) Importer(2089858483,b0f066a214c2f5e87bad3c948f4d605d)
Start importing Assets/Studio33 Interactive_[BasketBall] v1.1/Animations/Basketball Motions_Generic/1719_DunkCA.fbx using Guid(05ff9f92eb7cf1d41bb2047d166ad5c9) Importer(2089858483,b0f066a214c2f5e87bad3c948f4d605d) (ScriptedImporter) -> (artifact id: '5cc2217812c63939133aa4b42ad2e8e4') in 0.0302491 seconds
Number of updated asset objects reloaded before import = 0Number of asset objects unloaded after import = 153

========================================================================
Received Import Request.
  Time since last request: 0.000034 seconds.
  path: Assets/Studio33 Interactive_[BasketBall] v1.1/Animations/Basketball Motions_Generic/742_PostBackingpassKirA.fbx
  artifactKey: Guid(fb42b7e366967674884894ee92a15f2a) Importer(2089858483,b0f066a214c2f5e87bad3c948f4d605d)
Start importing Assets/Studio33 Interactive_[BasketBall] v1.1/Animations/Basketball Motions_Generic/742_PostBackingpassKirA.fbx using Guid(fb42b7e366967674884894ee92a15f2a) Importer(2089858483,b0f066a214c2f5e87bad3c948f4d605d) (ScriptedImporter) -> (artifact id: '37158ae865f5307c7fedaf9013cd9f31') in 0.0304943 seconds
Number of updated asset objects reloaded before import = 0Number of asset objects unloaded after import = 153

========================================================================
Received Import Request.
  Time since last request: 0.000063 seconds.
  path: Assets/Studio33 Interactive_[BasketBall] v1.1/Animations/Basketball Motions_Generic/302_ShootfakedriveRR.fbx
  artifactKey: Guid(33ce1ed7a91dd0043a682c2bcd2819f1) Importer(2089858483,b0f066a214c2f5e87bad3c948f4d605d)
Start importing Assets/Studio33 Interactive_[BasketBall] v1.1/Animations/Basketball Motions_Generic/302_ShootfakedriveRR.fbx using Guid(33ce1ed7a91dd0043a682c2bcd2819f1) Importer(2089858483,b0f066a214c2f5e87bad3c948f4d605d) (ScriptedImporter) -> (artifact id: 'c75b29fd5ba2c6d24ec7d105533581fe') in 0.0297768 seconds
Number of updated asset objects reloaded before import = 0Number of asset objects unloaded after import = 153

========================================================================
Received Import Request.
  Time since last request: 0.000031 seconds.
  path: Assets/Studio33 Interactive_[BasketBall] v1.1/Animations/Basketball Motions_Generic/2093_JumpshotReadyFake.fbx
  artifactKey: Guid(5442e39c86d1b41448db0e872f22d592) Importer(2089858483,b0f066a214c2f5e87bad3c948f4d605d)
Start importing Assets/Studio33 Interactive_[BasketBall] v1.1/Animations/Basketball Motions_Generic/2093_JumpshotReadyFake.fbx using Guid(5442e39c86d1b41448db0e872f22d592) Importer(2089858483,b0f066a214c2f5e87bad3c948f4d605d) (ScriptedImporter) -> (artifact id: '220aa0b2e8fccbeb4a713e2c7ab97c9c') in 0.0272963 seconds
Number of updated asset objects reloaded before import = 0Number of asset objects unloaded after import = 153

========================================================================
Received Import Request.
  Time since last request: 0.000039 seconds.
  path: Assets/Studio33 Interactive_[BasketBall] v1.1/Animations/Basketball Motions_Generic/1523_DclutchFRightA.fbx
  artifactKey: Guid(2cc25a1f4bf4eaa47b1f16b11e11e06a) Importer(2089858483,b0f066a214c2f5e87bad3c948f4d605d)
Start importing Assets/Studio33 Interactive_[BasketBall] v1.1/Animations/Basketball Motions_Generic/1523_DclutchFRightA.fbx using Guid(2cc25a1f4bf4eaa47b1f16b11e11e06a) Importer(2089858483,b0f066a214c2f5e87bad3c948f4d605d) (ScriptedImporter) -> (artifact id: 'ee9fbe6445c67604396412d3439c3760') in 0.031579 seconds
Number of updated asset objects reloaded before import = 0Number of asset objects unloaded after import = 153

========================================================================
Received Import Request.
  Time since last request: 0.000047 seconds.
  path: Assets/Studio33 Interactive_[BasketBall] v1.1/Animations/Basketball Motions_Generic/315_TwostepLRA.fbx
  artifactKey: Guid(032316f51e9f5654a9a8583ecb6bba13) Importer(2089858483,b0f066a214c2f5e87bad3c948f4d605d)
Start importing Assets/Studio33 Interactive_[BasketBall] v1.1/Animations/Basketball Motions_Generic/315_TwostepLRA.fbx using Guid(032316f51e9f5654a9a8583ecb6bba13) Importer(2089858483,b0f066a214c2f5e87bad3c948f4d605d) (ScriptedImporter) -> (artifact id: '5586582a02cec6f7d7960ffad17487ae') in 0.0395984 seconds
Number of updated asset objects reloaded before import = 0Number of asset objects unloaded after import = 153

========================================================================
Received Import Request.
  Time since last request: 0.000055 seconds.
  path: Assets/Studio33 Interactive_[BasketBall] v1.1/Animations/Basketball Motions_Generic/1711_TurfrontShootA.fbx
  artifactKey: Guid(e22487fa815ea754a92cf8c4cb053707) Importer(2089858483,b0f066a214c2f5e87bad3c948f4d605d)
Start importing Assets/Studio33 Interactive_[BasketBall] v1.1/Animations/Basketball Motions_Generic/1711_TurfrontShootA.fbx using Guid(e22487fa815ea754a92cf8c4cb053707) Importer(2089858483,b0f066a214c2f5e87bad3c948f4d605d) (ScriptedImporter) -> (artifact id: '46ed0779abce9d1316b08f0f3426d59e') in 0.0294861 seconds
Number of updated asset objects reloaded before import = 0Number of asset objects unloaded after import = 153

========================================================================
Received Import Request.
  Time since last request: 0.000060 seconds.
  path: Assets/Studio33 Interactive_[BasketBall] v1.1/Animations/Basketball Motions_Generic/480_DchangeRightRA - 복사본.fbx
  artifactKey: Guid(3096523e7453b4b4395d9944ac9ed134) Importer(2089858483,b0f066a214c2f5e87bad3c948f4d605d)
Start importing Assets/Studio33 Interactive_[BasketBall] v1.1/Animations/Basketball Motions_Generic/480_DchangeRightRA - 복사본.fbx using Guid(3096523e7453b4b4395d9944ac9ed134) Importer(2089858483,b0f066a214c2f5e87bad3c948f4d605d) (ScriptedImporter) -> (artifact id: '239a2294881bc8ae2ee921744faf12e9') in 0.0318288 seconds
Number of updated asset objects reloaded before import = 0Number of asset objects unloaded after import = 153

========================================================================
Received Import Request.
  Time since last request: 0.000042 seconds.
  path: Assets/Studio33 Interactive_[BasketBall] v1.1/Animations/Basketball Motions_Generic/1185_DunkRAG.fbx
  artifactKey: Guid(39088fae11e23014980b1bbb207eb396) Importer(2089858483,b0f066a214c2f5e87bad3c948f4d605d)
Start importing Assets/Studio33 Interactive_[BasketBall] v1.1/Animations/Basketball Motions_Generic/1185_DunkRAG.fbx using Guid(39088fae11e23014980b1bbb207eb396) Importer(2089858483,b0f066a214c2f5e87bad3c948f4d605d) (ScriptedImporter) -> (artifact id: 'fa38e0e9cc7c113dd9a5ab847c75aa7a') in 0.0314959 seconds
Number of updated asset objects reloaded before import = 0Number of asset objects unloaded after import = 153

========================================================================
Received Import Request.
  Time since last request: 0.000059 seconds.
  path: Assets/Studio33 Interactive_[BasketBall] v1.1/Animations/Basketball Motions Humanoid/1671_AlleyoopDclutchRRightA.fbx
  artifactKey: Guid(3265e07f030d57442907d563a5d55b03) Importer(2089858483,b0f066a214c2f5e87bad3c948f4d605d)
Start importing Assets/Studio33 Interactive_[BasketBall] v1.1/Animations/Basketball Motions Humanoid/1671_AlleyoopDclutchRRightA.fbx using Guid(3265e07f030d57442907d563a5d55b03) Importer(2089858483,b0f066a214c2f5e87bad3c948f4d605d) (ScriptedImporter) -> (artifact id: '2031ad757f9dcf9741b08e9c60ee6af1') in 0.0323742 seconds
Number of updated asset objects reloaded before import = 0Number of asset objects unloaded after import = 155

========================================================================
Received Import Request.
  Time since last request: 0.000038 seconds.
  path: Assets/Studio33 Interactive_[BasketBall] v1.1/Animations/Basketball Motions_Generic/569_OverintA.fbx
  artifactKey: Guid(37ccea49d2e94be4db70b944480d3ed8) Importer(2089858483,b0f066a214c2f5e87bad3c948f4d605d)
Start importing Assets/Studio33 Interactive_[BasketBall] v1.1/Animations/Basketball Motions_Generic/569_OverintA.fbx using Guid(37ccea49d2e94be4db70b944480d3ed8) Importer(2089858483,b0f066a214c2f5e87bad3c948f4d605d) (ScriptedImporter) -> (artifact id: 'c6e32f529680d181f04275ff6c514173') in 0.0306432 seconds
Number of updated asset objects reloaded before import = 0Number of asset objects unloaded after import = 153

========================================================================
Received Import Request.
  Time since last request: 0.000047 seconds.
  path: Assets/Studio33 Interactive_[BasketBall] v1.1/Animations/Basketball Motions_Generic/1441_LayupRA.fbx
  artifactKey: Guid(5fabe201adb51614ebfb224e63423344) Importer(2089858483,b0f066a214c2f5e87bad3c948f4d605d)
Start importing Assets/Studio33 Interactive_[BasketBall] v1.1/Animations/Basketball Motions_Generic/1441_LayupRA.fbx using Guid(5fabe201adb51614ebfb224e63423344) Importer(2089858483,b0f066a214c2f5e87bad3c948f4d605d) (ScriptedImporter) -> (artifact id: '1c91c80cc3a6e5e26109694107c5742c') in 0.0350976 seconds
Number of updated asset objects reloaded before import = 0Number of asset objects unloaded after import = 153

========================================================================
Received Import Request.
  Time since last request: 0.000049 seconds.
  path: Assets/Studio33 Interactive_[BasketBall] v1.1/Animations/Basketball Motions Humanoid/224_CrossEurostepRA.fbx
  artifactKey: Guid(bc69f4c20fa490446ab7720e187d64d3) Importer(2089858483,b0f066a214c2f5e87bad3c948f4d605d)
Start importing Assets/Studio33 Interactive_[BasketBall] v1.1/Animations/Basketball Motions Humanoid/224_CrossEurostepRA.fbx using Guid(bc69f4c20fa490446ab7720e187d64d3) Importer(2089858483,b0f066a214c2f5e87bad3c948f4d605d) (ScriptedImporter) -> (artifact id: '83765800a0839dd4cf0d892eff193e2c') in 0.0379416 seconds
Number of updated asset objects reloaded before import = 0Number of asset objects unloaded after import = 155

========================================================================
Received Import Request.
  Time since last request: 0.000048 seconds.
  path: Assets/Studio33 Interactive_[BasketBall] v1.1/Readme.txt
  artifactKey: Guid(f2eab62644fd27f46876e7776cc11e13) Importer(2089858483,b0f066a214c2f5e87bad3c948f4d605d)
Start importing Assets/Studio33 Interactive_[BasketBall] v1.1/Readme.txt using Guid(f2eab62644fd27f46876e7776cc11e13) Importer(2089858483,b0f066a214c2f5e87bad3c948f4d605d) (ScriptedImporter) -> (artifact id: 'b79a2e601c0f9b59dd2898761daf0837') in 0.0116291 seconds
Number of updated asset objects reloaded before import = 0Number of asset objects unloaded after import = 1

========================================================================
Received Import Request.
  Time since last request: 0.000030 seconds.
  path: Assets/Studio33 Interactive_[BasketBall] v1.1/Animations/Basketball Motions Humanoid/2008_MassiveReadyFake.fbx
  artifactKey: Guid(3aed92c9e108f664397dd667311f4cb5) Importer(2089858483,b0f066a214c2f5e87bad3c948f4d605d)
Start importing Assets/Studio33 Interactive_[BasketBall] v1.1/Animations/Basketball Motions Humanoid/2008_MassiveReadyFake.fbx using Guid(3aed92c9e108f664397dd667311f4cb5) Importer(2089858483,b0f066a214c2f5e87bad3c948f4d605d) (ScriptedImporter) -> (artifact id: '834af6c342613fe4fafecdf92f024fb1') in 0.0328582 seconds
Number of updated asset objects reloaded before import = 0Number of asset objects unloaded after import = 155

========================================================================
Received Import Request.
  Time since last request: 0.000050 seconds.
  path: Assets/Studio33 Interactive_[BasketBall] v1.1/Animations/Basketball Motions_Generic/1887_DunkRA.fbx
  artifactKey: Guid(219f7a638fb29f44faa64b9703a2f015) Importer(2089858483,b0f066a214c2f5e87bad3c948f4d605d)
Start importing Assets/Studio33 Interactive_[BasketBall] v1.1/Animations/Basketball Motions_Generic/1887_DunkRA.fbx using Guid(219f7a638fb29f44faa64b9703a2f015) Importer(2089858483,b0f066a214c2f5e87bad3c948f4d605d) (ScriptedImporter) -> (artifact id: '0147340e360a3e00f73ad797b8e03832') in 0.0306256 seconds
Number of updated asset objects reloaded before import = 0Number of asset objects unloaded after import = 153

========================================================================
Received Import Request.
  Time since last request: 0.000067 seconds.
  path: Assets/Studio33 Interactive_[BasketBall] v1.1/Animations/Basketball Motions_Generic/1941_DunkCA.fbx
  artifactKey: Guid(d43069ef558015647ab3a46ef1e155df) Importer(2089858483,b0f066a214c2f5e87bad3c948f4d605d)
Start importing Assets/Studio33 Interactive_[BasketBall] v1.1/Animations/Basketball Motions_Generic/1941_DunkCA.fbx using Guid(d43069ef558015647ab3a46ef1e155df) Importer(2089858483,b0f066a214c2f5e87bad3c948f4d605d) (ScriptedImporter) -> (artifact id: '3c61c48e9004a1f22775f8636efdbf3b') in 0.0323844 seconds
Number of updated asset objects reloaded before import = 0Number of asset objects unloaded after import = 153

========================================================================
Received Import Request.
  Time since last request: 0.000036 seconds.
  path: Assets/Studio33 Interactive_[BasketBall] v1.1/Animations/Basketball Motions Humanoid/1014_Rebound fB.fbx
  artifactKey: Guid(ef09c5c9b681fc147a4fd3cc87f26708) Importer(2089858483,b0f066a214c2f5e87bad3c948f4d605d)
Start importing Assets/Studio33 Interactive_[BasketBall] v1.1/Animations/Basketball Motions Humanoid/1014_Rebound fB.fbx using Guid(ef09c5c9b681fc147a4fd3cc87f26708) Importer(2089858483,b0f066a214c2f5e87bad3c948f4d605d) (ScriptedImporter) -> (artifact id: '2ea18b6137b825b239d7d41eab92f946') in 0.0333277 seconds
Number of updated asset objects reloaded before import = 0Number of asset objects unloaded after import = 155

========================================================================
Received Import Request.
  Time since last request: 0.000036 seconds.
  path: Assets/Studio33 Interactive_[BasketBall] v1.1/Animations/Basketball Motions_Generic/1010_Rebound B.fbx
  artifactKey: Guid(fa16975357459764e9faf663e99699ee) Importer(2089858483,b0f066a214c2f5e87bad3c948f4d605d)
Start importing Assets/Studio33 Interactive_[BasketBall] v1.1/Animations/Basketball Motions_Generic/1010_Rebound B.fbx using Guid(fa16975357459764e9faf663e99699ee) Importer(2089858483,b0f066a214c2f5e87bad3c948f4d605d) (ScriptedImporter) -> (artifact id: '8e678b9ef5bf9432637f198dbfb59ed8') in 0.0339577 seconds
Number of updated asset objects reloaded before import = 0Number of asset objects unloaded after import = 153

========================================================================
Received Import Request.
  Time since last request: 0.000058 seconds.
  path: Assets/Studio33 Interactive_[BasketBall] v1.1/Animations/Basketball Motions_Generic/661_Run.fbx
  artifactKey: Guid(6f3b744a04936d94b937235e68c42ea7) Importer(2089858483,b0f066a214c2f5e87bad3c948f4d605d)
Start importing Assets/Studio33 Interactive_[BasketBall] v1.1/Animations/Basketball Motions_Generic/661_Run.fbx using Guid(6f3b744a04936d94b937235e68c42ea7) Importer(2089858483,b0f066a214c2f5e87bad3c948f4d605d) (ScriptedImporter) -> (artifact id: 'b83a3ba47566aa6183ad962f35c56cea') in 0.0358739 seconds
Number of updated asset objects reloaded before import = 0Number of asset objects unloaded after import = 153

========================================================================
Received Import Request.
  Time since last request: 0.000040 seconds.
  path: Assets/Studio33 Interactive_[BasketBall] v1.1/Animations/Basketball Motions_Generic/1287_DunkCA.fbx
  artifactKey: Guid(1a34e0d5aad6c2e438ab77584645ffb8) Importer(2089858483,b0f066a214c2f5e87bad3c948f4d605d)
Start importing Assets/Studio33 Interactive_[BasketBall] v1.1/Animations/Basketball Motions_Generic/1287_DunkCA.fbx using Guid(1a34e0d5aad6c2e438ab77584645ffb8) Importer(2089858483,b0f066a214c2f5e87bad3c948f4d605d) (ScriptedImporter) -> (artifact id: '90b484122efa9e0328133443eb12b2ee') in 0.0307196 seconds
Number of updated asset objects reloaded before import = 0Number of asset objects unloaded after import = 153

========================================================================
Received Import Request.
  Time since last request: 0.000045 seconds.
  path: Assets/Studio33 Interactive_[BasketBall] v1.1/Animations/Basketball Motions_Generic/1229_LayupRevCA.fbx
  artifactKey: Guid(a231d81bf35aaf14abfcaec731ce82c5) Importer(2089858483,b0f066a214c2f5e87bad3c948f4d605d)
Start importing Assets/Studio33 Interactive_[BasketBall] v1.1/Animations/Basketball Motions_Generic/1229_LayupRevCA.fbx using Guid(a231d81bf35aaf14abfcaec731ce82c5) Importer(2089858483,b0f066a214c2f5e87bad3c948f4d605d) (ScriptedImporter) -> (artifact id: '903c28e0555ae6a6943b53f6c5d7c5d6') in 0.0276752 seconds
Number of updated asset objects reloaded before import = 0Number of asset objects unloaded after import = 153

========================================================================
Received Import Request.
  Time since last request: 0.000066 seconds.
  path: Assets/Studio33 Interactive_[BasketBall] v1.1/Animations/Basketball Motions Humanoid/1711_TurfrontShootA.fbx
  artifactKey: Guid(ffdfa4d79cf74e746ba9eb0862c78694) Importer(2089858483,b0f066a214c2f5e87bad3c948f4d605d)
Start importing Assets/Studio33 Interactive_[BasketBall] v1.1/Animations/Basketball Motions Humanoid/1711_TurfrontShootA.fbx using Guid(ffdfa4d79cf74e746ba9eb0862c78694) Importer(2089858483,b0f066a214c2f5e87bad3c948f4d605d) (ScriptedImporter) -> (artifact id: 'bf31927d7007457811140cef4682b421') in 0.0330131 seconds
Number of updated asset objects reloaded before import = 0Number of asset objects unloaded after import = 155

========================================================================
Received Import Request.
  Time since last request: 0.000045 seconds.
  path: Assets/Studio33 Interactive_[BasketBall] v1.1/Animations/Basketball Motions_Generic/2044_DunkRA.fbx
  artifactKey: Guid(3aeb11244826f4c48bc1ff12384db80e) Importer(2089858483,b0f066a214c2f5e87bad3c948f4d605d)
Start importing Assets/Studio33 Interactive_[BasketBall] v1.1/Animations/Basketball Motions_Generic/2044_DunkRA.fbx using Guid(3aeb11244826f4c48bc1ff12384db80e) Importer(2089858483,b0f066a214c2f5e87bad3c948f4d605d) (ScriptedImporter) -> (artifact id: 'b456f7db23b8bee7d7ce4de0f2bf9fe9') in 0.0328812 seconds
Number of updated asset objects reloaded before import = 0Number of asset objects unloaded after import = 153

========================================================================
Received Import Request.
  Time since last request: 0.000036 seconds.
  path: Assets/Studio33 Interactive_[BasketBall] v1.1/Animations/Basketball Motions Humanoid/2088_DunkRA.fbx
  artifactKey: Guid(933d49a96b6059643943d33f0e234430) Importer(2089858483,b0f066a214c2f5e87bad3c948f4d605d)
Start importing Assets/Studio33 Interactive_[BasketBall] v1.1/Animations/Basketball Motions Humanoid/2088_DunkRA.fbx using Guid(933d49a96b6059643943d33f0e234430) Importer(2089858483,b0f066a214c2f5e87bad3c948f4d605d) (ScriptedImporter) -> (artifact id: '247b0ac49308aacc612a849306856f3e') in 0.0373979 seconds
Number of updated asset objects reloaded before import = 0Number of asset objects unloaded after import = 155

========================================================================
Received Import Request.
  Time since last request: 0.000049 seconds.
  path: Assets/Studio33 Interactive_[BasketBall] v1.1/Animations/Basketball Motions_Generic/2150_PivotLA.fbx
  artifactKey: Guid(ce34f906e9f8d2147ba2b204375c9dec) Importer(2089858483,b0f066a214c2f5e87bad3c948f4d605d)
Start importing Assets/Studio33 Interactive_[BasketBall] v1.1/Animations/Basketball Motions_Generic/2150_PivotLA.fbx using Guid(ce34f906e9f8d2147ba2b204375c9dec) Importer(2089858483,b0f066a214c2f5e87bad3c948f4d605d) (ScriptedImporter) -> (artifact id: '4ceb0a3215c44f0abedef2a7b8dbb16e') in 0.0367504 seconds
Number of updated asset objects reloaded before import = 0Number of asset objects unloaded after import = 153

========================================================================
Received Import Request.
  Time since last request: 0.000046 seconds.
  path: Assets/Studio33 Interactive_[BasketBall] v1.1/Animations/Basketball Motions Humanoid/789_PassChestA.fbx
  artifactKey: Guid(7afc7e4ebaef480468270e18535a5f4d) Importer(2089858483,b0f066a214c2f5e87bad3c948f4d605d)
Start importing Assets/Studio33 Interactive_[BasketBall] v1.1/Animations/Basketball Motions Humanoid/789_PassChestA.fbx using Guid(7afc7e4ebaef480468270e18535a5f4d) Importer(2089858483,b0f066a214c2f5e87bad3c948f4d605d) (ScriptedImporter) -> (artifact id: '5241371d675d1ad6077cc8f22a3fd1fa') in 0.0306031 seconds
Number of updated asset objects reloaded before import = 0Number of asset objects unloaded after import = 155

========================================================================
Received Import Request.
  Time since last request: 0.000046 seconds.
  path: Assets/Studio33 Interactive_[BasketBall] v1.1/Animations/Basketball Motions Humanoid/511_Dribbleright.fbx
  artifactKey: Guid(058ecd1cd668a1045aaf9c0bb18bcc8b) Importer(2089858483,b0f066a214c2f5e87bad3c948f4d605d)
Start importing Assets/Studio33 Interactive_[BasketBall] v1.1/Animations/Basketball Motions Humanoid/511_Dribbleright.fbx using Guid(058ecd1cd668a1045aaf9c0bb18bcc8b) Importer(2089858483,b0f066a214c2f5e87bad3c948f4d605d) (ScriptedImporter) -> (artifact id: '12a56ebae53f2f7dcdb1c915b978a379') in 0.031953 seconds
Number of updated asset objects reloaded before import = 0Number of asset objects unloaded after import = 155

========================================================================
Received Import Request.
  Time since last request: 0.000053 seconds.
  path: Assets/Studio33 Interactive_[BasketBall] v1.1/Animations/Basketball Motions Humanoid/494_ChangeRightRA.fbx
  artifactKey: Guid(3154aef1cdd87b741853150f309ea94b) Importer(2089858483,b0f066a214c2f5e87bad3c948f4d605d)
Start importing Assets/Studio33 Interactive_[BasketBall] v1.1/Animations/Basketball Motions Humanoid/494_ChangeRightRA.fbx using Guid(3154aef1cdd87b741853150f309ea94b) Importer(2089858483,b0f066a214c2f5e87bad3c948f4d605d) (ScriptedImporter) -> (artifact id: '671ee04122df712974f4959c54122dc8') in 0.0311256 seconds
Number of updated asset objects reloaded before import = 0Number of asset objects unloaded after import = 155

========================================================================
Received Import Request.
  Time since last request: 0.000029 seconds.
  path: Assets/Studio33 Interactive_[BasketBall] v1.1/Animations/Basketball Motions Humanoid/1779_DunkCA.fbx
  artifactKey: Guid(faf34f65c53c045468af6751ae0259a3) Importer(2089858483,b0f066a214c2f5e87bad3c948f4d605d)
Start importing Assets/Studio33 Interactive_[BasketBall] v1.1/Animations/Basketball Motions Humanoid/1779_DunkCA.fbx using Guid(faf34f65c53c045468af6751ae0259a3) Importer(2089858483,b0f066a214c2f5e87bad3c948f4d605d) (ScriptedImporter) -> (artifact id: 'ff6c4420f9319bb905e9279d75a2c02b') in 0.0332497 seconds
Number of updated asset objects reloaded before import = 0Number of asset objects unloaded after import = 155

========================================================================
Received Import Request.
  Time since last request: 0.000046 seconds.
  path: Assets/Studio33 Interactive_[BasketBall] v1.1/Animations/Basketball Motions_Generic/334_JabstepA.fbx
  artifactKey: Guid(491ff8921c4bd414cb401dc143f6091d) Importer(2089858483,b0f066a214c2f5e87bad3c948f4d605d)
Start importing Assets/Studio33 Interactive_[BasketBall] v1.1/Animations/Basketball Motions_Generic/334_JabstepA.fbx using Guid(491ff8921c4bd414cb401dc143f6091d) Importer(2089858483,b0f066a214c2f5e87bad3c948f4d605d) (ScriptedImporter) -> (artifact id: '2c09e88502bdc732e0c9261a1a160c7a') in 0.0372947 seconds
Number of updated asset objects reloaded before import = 0Number of asset objects unloaded after import = 153

========================================================================
Received Import Request.
  Time since last request: 0.000055 seconds.
  path: Assets/Studio33 Interactive_[BasketBall] v1.1/Animations/Basketball Motions_Generic/1852_DunkCA.fbx
  artifactKey: Guid(3512fcf4b268d3a4da894c700dc141ed) Importer(2089858483,b0f066a214c2f5e87bad3c948f4d605d)
Start importing Assets/Studio33 Interactive_[BasketBall] v1.1/Animations/Basketball Motions_Generic/1852_DunkCA.fbx using Guid(3512fcf4b268d3a4da894c700dc141ed) Importer(2089858483,b0f066a214c2f5e87bad3c948f4d605d) (ScriptedImporter) -> (artifact id: 'ca3f64f9c320d2b18d4072ab6bf47afb') in 0.0308909 seconds
Number of updated asset objects reloaded before import = 0Number of asset objects unloaded after import = 153

========================================================================
Received Import Request.
  Time since last request: 0.000040 seconds.
  path: Assets/Studio33 Interactive_[BasketBall] v1.1/Animations/Basketball Motions_Generic/1574_DunkRA.fbx
  artifactKey: Guid(10f1e3fb4f9e35844b7d0808021d9748) Importer(2089858483,b0f066a214c2f5e87bad3c948f4d605d)
Start importing Assets/Studio33 Interactive_[BasketBall] v1.1/Animations/Basketball Motions_Generic/1574_DunkRA.fbx using Guid(10f1e3fb4f9e35844b7d0808021d9748) Importer(2089858483,b0f066a214c2f5e87bad3c948f4d605d) (ScriptedImporter) -> (artifact id: '328b70debbeeb0ea033a5f2a0f20be42') in 0.0317722 seconds
Number of updated asset objects reloaded before import = 0Number of asset objects unloaded after import = 153

========================================================================
Received Import Request.
  Time since last request: 0.000042 seconds.
  path: Assets/Studio33 Interactive_[BasketBall] v1.1/Animations/Basketball Motions_Generic/831_AlleyooppassRevA.fbx
  artifactKey: Guid(632d4248159ad114c8c5ad0cb90a60a6) Importer(2089858483,b0f066a214c2f5e87bad3c948f4d605d)
Start importing Assets/Studio33 Interactive_[BasketBall] v1.1/Animations/Basketball Motions_Generic/831_AlleyooppassRevA.fbx using Guid(632d4248159ad114c8c5ad0cb90a60a6) Importer(2089858483,b0f066a214c2f5e87bad3c948f4d605d) (ScriptedImporter) -> (artifact id: 'c207f78795f31e5c7201fe334d4c9101') in 0.0325366 seconds
Number of updated asset objects reloaded before import = 0Number of asset objects unloaded after import = 153

========================================================================
Received Import Request.
  Time since last request: 0.000058 seconds.
  path: Assets/Studio33 Interactive_[BasketBall] v1.1/Animations/Basketball Motions Humanoid/1731_DunkCA.fbx
  artifactKey: Guid(6c39811af616af645a382112bdbb7c0a) Importer(2089858483,b0f066a214c2f5e87bad3c948f4d605d)
Start importing Assets/Studio33 Interactive_[BasketBall] v1.1/Animations/Basketball Motions Humanoid/1731_DunkCA.fbx using Guid(6c39811af616af645a382112bdbb7c0a) Importer(2089858483,b0f066a214c2f5e87bad3c948f4d605d) (ScriptedImporter) -> (artifact id: 'f404b498198d65934346fc07ef1e009b') in 0.0343083 seconds
Number of updated asset objects reloaded before import = 0Number of asset objects unloaded after import = 155

========================================================================
Received Import Request.
  Time since last request: 0.000042 seconds.
  path: Assets/Studio33 Interactive_[BasketBall] v1.1/Animations/Basketball Motions_Generic/400_OffballcutA.fbx
  artifactKey: Guid(06569e621b73ef848a09bccd840df5ff) Importer(2089858483,b0f066a214c2f5e87bad3c948f4d605d)
Start importing Assets/Studio33 Interactive_[BasketBall] v1.1/Animations/Basketball Motions_Generic/400_OffballcutA.fbx using Guid(06569e621b73ef848a09bccd840df5ff) Importer(2089858483,b0f066a214c2f5e87bad3c948f4d605d) (ScriptedImporter) -> (artifact id: '989abe1a824a8d6102c285c61fca3cf4') in 0.0325925 seconds
Number of updated asset objects reloaded before import = 0Number of asset objects unloaded after import = 153

========================================================================
Received Import Request.
  Time since last request: 0.000046 seconds.
  path: Assets/Studio33 Interactive_[BasketBall] v1.1/Animations/Basketball Motions Humanoid/1585_DunkRB.fbx
  artifactKey: Guid(cc040c8e4266ad144981e0fc1fe3a095) Importer(2089858483,b0f066a214c2f5e87bad3c948f4d605d)
Start importing Assets/Studio33 Interactive_[BasketBall] v1.1/Animations/Basketball Motions Humanoid/1585_DunkRB.fbx using Guid(cc040c8e4266ad144981e0fc1fe3a095) Importer(2089858483,b0f066a214c2f5e87bad3c948f4d605d) (ScriptedImporter) -> (artifact id: '0e4e5766bf066d514320ee99a5bc6aa9') in 0.0315138 seconds
Number of updated asset objects reloaded before import = 0Number of asset objects unloaded after import = 155

========================================================================
Received Import Request.
  Time since last request: 0.000060 seconds.
  path: Assets/Studio33 Interactive_[BasketBall] v1.1/Animations/Basketball Motions_Generic/1081_Screestaa.fbx
  artifactKey: Guid(22e95414828e52249917f2cc6c4065fc) Importer(2089858483,b0f066a214c2f5e87bad3c948f4d605d)
Start importing Assets/Studio33 Interactive_[BasketBall] v1.1/Animations/Basketball Motions_Generic/1081_Screestaa.fbx using Guid(22e95414828e52249917f2cc6c4065fc) Importer(2089858483,b0f066a214c2f5e87bad3c948f4d605d) (ScriptedImporter) -> (artifact id: '9bbd60ef38dcdadbe781c7d795114181') in 0.0299637 seconds
Number of updated asset objects reloaded before import = 0Number of asset objects unloaded after import = 153

========================================================================
Received Import Request.
  Time since last request: 0.000037 seconds.
  path: Assets/Studio33 Interactive_[BasketBall] v1.1/Animations/Basketball Motions_Generic/1721_DunkCA.fbx
  artifactKey: Guid(4fa111b076b280c4b86ad9ea50451109) Importer(2089858483,b0f066a214c2f5e87bad3c948f4d605d)
Start importing Assets/Studio33 Interactive_[BasketBall] v1.1/Animations/Basketball Motions_Generic/1721_DunkCA.fbx using Guid(4fa111b076b280c4b86ad9ea50451109) Importer(2089858483,b0f066a214c2f5e87bad3c948f4d605d) (ScriptedImporter) -> (artifact id: '70d1628a0bebd882fe61bd1a6a3b0137') in 0.0300861 seconds
Number of updated asset objects reloaded before import = 0Number of asset objects unloaded after import = 153

========================================================================
Received Import Request.
  Time since last request: 0.000044 seconds.
  path: Assets/Studio33 Interactive_[BasketBall] v1.1/Animations/Basketball Motions_Generic/1775_DunkCA.fbx
  artifactKey: Guid(2c1d0239486c1e54fbb139b01c1173cd) Importer(2089858483,b0f066a214c2f5e87bad3c948f4d605d)
Start importing Assets/Studio33 Interactive_[BasketBall] v1.1/Animations/Basketball Motions_Generic/1775_DunkCA.fbx using Guid(2c1d0239486c1e54fbb139b01c1173cd) Importer(2089858483,b0f066a214c2f5e87bad3c948f4d605d) (ScriptedImporter) -> (artifact id: '4e28e3e59ad7609e1a4186422102d2a5') in 0.0318747 seconds
Number of updated asset objects reloaded before import = 0Number of asset objects unloaded after import = 153

========================================================================
Received Import Request.
  Time since last request: 0.000055 seconds.
  path: Assets/Studio33 Interactive_[BasketBall] v1.1/Animations/Basketball Motions_Generic/760_PassibadOverA.fbx
  artifactKey: Guid(a00246b7b15c5b44a8410f5cfcbe5b5b) Importer(2089858483,b0f066a214c2f5e87bad3c948f4d605d)
Start importing Assets/Studio33 Interactive_[BasketBall] v1.1/Animations/Basketball Motions_Generic/760_PassibadOverA.fbx using Guid(a00246b7b15c5b44a8410f5cfcbe5b5b) Importer(2089858483,b0f066a214c2f5e87bad3c948f4d605d) (ScriptedImporter) -> (artifact id: 'da1fd6fcd577b6832d160a8456307784') in 0.02965 seconds
Number of updated asset objects reloaded before import = 0Number of asset objects unloaded after import = 153

========================================================================
Received Import Request.
  Time since last request: 0.000034 seconds.
  path: Assets/Studio33 Interactive_[BasketBall] v1.1/Animations/Basketball Motions Humanoid/1107_ScreeillegalR.fbx
  artifactKey: Guid(aab5dd71924b0f34a87286b65dfecf1a) Importer(2089858483,b0f066a214c2f5e87bad3c948f4d605d)
Start importing Assets/Studio33 Interactive_[BasketBall] v1.1/Animations/Basketball Motions Humanoid/1107_ScreeillegalR.fbx using Guid(aab5dd71924b0f34a87286b65dfecf1a) Importer(2089858483,b0f066a214c2f5e87bad3c948f4d605d) (ScriptedImporter) -> (artifact id: 'a68ab42a31330119f38a52a586fba0ee') in 0.0429188 seconds
Number of updated asset objects reloaded before import = 0Number of asset objects unloaded after import = 155

========================================================================
Received Import Request.
  Time since last request: 0.000049 seconds.
  path: Assets/Studio33 Interactive_[BasketBall] v1.1/Animations/Basketball Motions_Generic/90_BlockingfingertipF.fbx
  artifactKey: Guid(caa24ed7be2f8144ba222a03fe82ff4f) Importer(2089858483,b0f066a214c2f5e87bad3c948f4d605d)
Start importing Assets/Studio33 Interactive_[BasketBall] v1.1/Animations/Basketball Motions_Generic/90_BlockingfingertipF.fbx using Guid(caa24ed7be2f8144ba222a03fe82ff4f) Importer(2089858483,b0f066a214c2f5e87bad3c948f4d605d) (ScriptedImporter) -> (artifact id: '1774b0750a54335d5779273566d91e75') in 0.0300554 seconds
Number of updated asset objects reloaded before import = 0Number of asset objects unloaded after import = 153

========================================================================
Received Import Request.
  Time since last request: 0.000055 seconds.
  path: Assets/Studio33 Interactive_[BasketBall] v1.1/Animations/Basketball Motions_Generic/193_CollisiodashFa.fbx
  artifactKey: Guid(b80338923d97bcf4b97c37a4ada85422) Importer(2089858483,b0f066a214c2f5e87bad3c948f4d605d)
Start importing Assets/Studio33 Interactive_[BasketBall] v1.1/Animations/Basketball Motions_Generic/193_CollisiodashFa.fbx using Guid(b80338923d97bcf4b97c37a4ada85422) Importer(2089858483,b0f066a214c2f5e87bad3c948f4d605d) (ScriptedImporter) -> (artifact id: '40b7867e9b76e97207dd98ce69c4aca8') in 0.0316809 seconds
Number of updated asset objects reloaded before import = 0Number of asset objects unloaded after import = 153

========================================================================
Received Import Request.
  Time since last request: 0.000041 seconds.
  path: Assets/Studio33 Interactive_[BasketBall] v1.1/Animations/Basketball Motions_Generic/351_TurnstepOverRA.fbx
  artifactKey: Guid(56026bea627b4494c8ef6a29c14352be) Importer(2089858483,b0f066a214c2f5e87bad3c948f4d605d)
Start importing Assets/Studio33 Interactive_[BasketBall] v1.1/Animations/Basketball Motions_Generic/351_TurnstepOverRA.fbx using Guid(56026bea627b4494c8ef6a29c14352be) Importer(2089858483,b0f066a214c2f5e87bad3c948f4d605d) (ScriptedImporter) -> (artifact id: '851f4261c8ae36be5af556a7c19abd87') in 0.03151 seconds
Number of updated asset objects reloaded before import = 0Number of asset objects unloaded after import = 153

========================================================================
Received Import Request.
  Time since last request: 0.000034 seconds.
  path: Assets/Studio33 Interactive_[BasketBall] v1.1/Animations/Basketball Motions Humanoid/784_ShootpassLayupLongFrontA.fbx
  artifactKey: Guid(6b593fac91a87864a939cb22aaf8f4eb) Importer(2089858483,b0f066a214c2f5e87bad3c948f4d605d)
Start importing Assets/Studio33 Interactive_[BasketBall] v1.1/Animations/Basketball Motions Humanoid/784_ShootpassLayupLongFrontA.fbx using Guid(6b593fac91a87864a939cb22aaf8f4eb) Importer(2089858483,b0f066a214c2f5e87bad3c948f4d605d) (ScriptedImporter) -> (artifact id: 'acd13771e7afccb1ac10d27d1c5d6843') in 0.0330829 seconds
Number of updated asset objects reloaded before import = 0Number of asset objects unloaded after import = 155

========================================================================
Received Import Request.
  Time since last request: 0.000049 seconds.
  path: Assets/Studio33 Interactive_[BasketBall] v1.1/Animations/Basketball Motions_Generic/906_QpostOverThRightRA.fbx
  artifactKey: Guid(883e1bc4e8332a44bbc9d0b8b90744f0) Importer(2089858483,b0f066a214c2f5e87bad3c948f4d605d)
Start importing Assets/Studio33 Interactive_[BasketBall] v1.1/Animations/Basketball Motions_Generic/906_QpostOverThRightRA.fbx using Guid(883e1bc4e8332a44bbc9d0b8b90744f0) Importer(2089858483,b0f066a214c2f5e87bad3c948f4d605d) (ScriptedImporter) -> (artifact id: '6d2dbfa811f144c43cdea9484f007c85') in 0.0312264 seconds
Number of updated asset objects reloaded before import = 0Number of asset objects unloaded after import = 153

========================================================================
Received Import Request.
  Time since last request: 0.000037 seconds.
  path: Assets/Studio33 Interactive_[BasketBall] v1.1/Animations/Basketball Motions_Generic/1796_DunkCA.fbx
  artifactKey: Guid(5077948e0b3a34746876a2045294a38b) Importer(2089858483,b0f066a214c2f5e87bad3c948f4d605d)
Start importing Assets/Studio33 Interactive_[BasketBall] v1.1/Animations/Basketball Motions_Generic/1796_DunkCA.fbx using Guid(5077948e0b3a34746876a2045294a38b) Importer(2089858483,b0f066a214c2f5e87bad3c948f4d605d) (ScriptedImporter) -> (artifact id: 'cf00d126c0db95e7f79e3204df6438a6') in 0.0383688 seconds
Number of updated asset objects reloaded before import = 0Number of asset objects unloaded after import = 153

========================================================================
Received Import Request.
  Time since last request: 0.000054 seconds.
  path: Assets/Studio33 Interactive_[BasketBall] v1.1/Animations/Basketball Motions Humanoid/1409_OverTossShootFA.fbx
  artifactKey: Guid(b2481e08f52eee948a1bc241248c1a63) Importer(2089858483,b0f066a214c2f5e87bad3c948f4d605d)
Start importing Assets/Studio33 Interactive_[BasketBall] v1.1/Animations/Basketball Motions Humanoid/1409_OverTossShootFA.fbx using Guid(b2481e08f52eee948a1bc241248c1a63) Importer(2089858483,b0f066a214c2f5e87bad3c948f4d605d) (ScriptedImporter) -> (artifact id: '79414eae80b73cea0de71f0609380db7') in 0.0346719 seconds
Number of updated asset objects reloaded before import = 0Number of asset objects unloaded after import = 155

========================================================================
Received Import Request.
  Time since last request: 0.000057 seconds.
  path: Assets/Studio33 Interactive_[BasketBall] v1.1/Animations/Basketball Motions Humanoid/904_QpostNormalThRightFRA.fbx
  artifactKey: Guid(ccea1a0fcdaa4cb49928c04aee4c9cd2) Importer(2089858483,b0f066a214c2f5e87bad3c948f4d605d)
Start importing Assets/Studio33 Interactive_[BasketBall] v1.1/Animations/Basketball Motions Humanoid/904_QpostNormalThRightFRA.fbx using Guid(ccea1a0fcdaa4cb49928c04aee4c9cd2) Importer(2089858483,b0f066a214c2f5e87bad3c948f4d605d) (ScriptedImporter) -> (artifact id: '31e8e42af420cfd16890f249c729a04a') in 0.0327781 seconds
Number of updated asset objects reloaded before import = 0Number of asset objects unloaded after import = 155

========================================================================
Received Import Request.
  Time since last request: 0.000058 seconds.
  path: Assets/Studio33 Interactive_[BasketBall] v1.1/Animations/Basketball Motions Humanoid/712_PassKiA.fbx
  artifactKey: Guid(e622883491fb8a64aa11c8b9752e1d64) Importer(2089858483,b0f066a214c2f5e87bad3c948f4d605d)
Start importing Assets/Studio33 Interactive_[BasketBall] v1.1/Animations/Basketball Motions Humanoid/712_PassKiA.fbx using Guid(e622883491fb8a64aa11c8b9752e1d64) Importer(2089858483,b0f066a214c2f5e87bad3c948f4d605d) (ScriptedImporter) -> (artifact id: '0ad94dcf630d6deb2c83c153ce80857a') in 0.0329291 seconds
Number of updated asset objects reloaded before import = 0Number of asset objects unloaded after import = 155

========================================================================
Received Import Request.
  Time since last request: 0.000050 seconds.
  path: Assets/Studio33 Interactive_[BasketBall] v1.1/Animations/Basketball Motions Humanoid/1834_DunkRA.fbx
  artifactKey: Guid(fe91b95840640c042bdf752bc10d14c7) Importer(2089858483,b0f066a214c2f5e87bad3c948f4d605d)
Start importing Assets/Studio33 Interactive_[BasketBall] v1.1/Animations/Basketball Motions Humanoid/1834_DunkRA.fbx using Guid(fe91b95840640c042bdf752bc10d14c7) Importer(2089858483,b0f066a214c2f5e87bad3c948f4d605d) (ScriptedImporter) -> (artifact id: '1a17ca0050f33e3c1328d18dcb5ae958') in 0.0325424 seconds
Number of updated asset objects reloaded before import = 0Number of asset objects unloaded after import = 155

========================================================================
Received Import Request.
  Time since last request: 0.000055 seconds.
  path: Assets/Studio33 Interactive_[BasketBall] v1.1/Animations/Basketball Motions Humanoid/1995_DunkRA.fbx
  artifactKey: Guid(42eebdd927707d94a8fc5eb7bdbc7331) Importer(2089858483,b0f066a214c2f5e87bad3c948f4d605d)
Start importing Assets/Studio33 Interactive_[BasketBall] v1.1/Animations/Basketball Motions Humanoid/1995_DunkRA.fbx using Guid(42eebdd927707d94a8fc5eb7bdbc7331) Importer(2089858483,b0f066a214c2f5e87bad3c948f4d605d) (ScriptedImporter) -> (artifact id: '9eba894066ad50ba468429aeccf52089') in 0.0396157 seconds
Number of updated asset objects reloaded before import = 0Number of asset objects unloaded after import = 155

========================================================================
Received Import Request.
  Time since last request: 0.000027 seconds.
  path: Assets/Studio33 Interactive_[BasketBall] v1.1/Animations/Basketball Motions_Generic/1186_DunkRA.fbx
  artifactKey: Guid(f4cbf705543fca541815eb662b6ab4a9) Importer(2089858483,b0f066a214c2f5e87bad3c948f4d605d)
Start importing Assets/Studio33 Interactive_[BasketBall] v1.1/Animations/Basketball Motions_Generic/1186_DunkRA.fbx using Guid(f4cbf705543fca541815eb662b6ab4a9) Importer(2089858483,b0f066a214c2f5e87bad3c948f4d605d) (ScriptedImporter) -> (artifact id: '81dded3ec78df0a9cda1a4e9f9eaa069') in 0.030421 seconds
Number of updated asset objects reloaded before import = 0Number of asset objects unloaded after import = 153

========================================================================
Received Import Request.
  Time since last request: 0.000047 seconds.
  path: Assets/Studio33 Interactive_[BasketBall] v1.1/Animations/Basketball Motions Humanoid/806_PassioverLA.fbx
  artifactKey: Guid(85775a24559c9c442b88d139e3b97fa1) Importer(2089858483,b0f066a214c2f5e87bad3c948f4d605d)
Start importing Assets/Studio33 Interactive_[BasketBall] v1.1/Animations/Basketball Motions Humanoid/806_PassioverLA.fbx using Guid(85775a24559c9c442b88d139e3b97fa1) Importer(2089858483,b0f066a214c2f5e87bad3c948f4d605d) (ScriptedImporter) -> (artifact id: 'f3d54e86fcf07860b526b01d4af3502c') in 0.0335922 seconds
Number of updated asset objects reloaded before import = 0Number of asset objects unloaded after import = 155

========================================================================
Received Import Request.
  Time since last request: 0.000058 seconds.
  path: Assets/Studio33 Interactive_[BasketBall] v1.1/Animations/Basketball Motions Humanoid/927_PostPivotLeftRA.fbx
  artifactKey: Guid(fc3ba87a0429a5e49b594cc5a3404e0d) Importer(2089858483,b0f066a214c2f5e87bad3c948f4d605d)
Start importing Assets/Studio33 Interactive_[BasketBall] v1.1/Animations/Basketball Motions Humanoid/927_PostPivotLeftRA.fbx using Guid(fc3ba87a0429a5e49b594cc5a3404e0d) Importer(2089858483,b0f066a214c2f5e87bad3c948f4d605d) (ScriptedImporter) -> (artifact id: '1447ecdc942e24e359b23b540180f2a8') in 0.030993 seconds
Number of updated asset objects reloaded before import = 0Number of asset objects unloaded after import = 155

========================================================================
Received Import Request.
  Time since last request: 0.000036 seconds.
  path: Assets/Studio33 Interactive_[BasketBall] v1.1/Animations/Basketball Motions Humanoid/920_PostThRightRA.fbx
  artifactKey: Guid(e08fc02330ca54f40913987b8694cf98) Importer(2089858483,b0f066a214c2f5e87bad3c948f4d605d)
Start importing Assets/Studio33 Interactive_[BasketBall] v1.1/Animations/Basketball Motions Humanoid/920_PostThRightRA.fbx using Guid(e08fc02330ca54f40913987b8694cf98) Importer(2089858483,b0f066a214c2f5e87bad3c948f4d605d) (ScriptedImporter) -> (artifact id: 'aad00e14ab0461e8743a87633fe90e0a') in 0.0318702 seconds
Number of updated asset objects reloaded before import = 0Number of asset objects unloaded after import = 155

========================================================================
Received Import Request.
  Time since last request: 0.000049 seconds.
  path: Assets/Studio33 Interactive_[BasketBall] v1.1/Animations/Basketball Motions_Generic/704_AlleyooppassFloaterA.fbx
  artifactKey: Guid(c78dcc2b60895f741af17fa9a1aae90f) Importer(2089858483,b0f066a214c2f5e87bad3c948f4d605d)
Start importing Assets/Studio33 Interactive_[BasketBall] v1.1/Animations/Basketball Motions_Generic/704_AlleyooppassFloaterA.fbx using Guid(c78dcc2b60895f741af17fa9a1aae90f) Importer(2089858483,b0f066a214c2f5e87bad3c948f4d605d) (ScriptedImporter) -> (artifact id: '6f0fbdd9e264fbc51f44f25cd821457f') in 0.0376014 seconds
Number of updated asset objects reloaded before import = 0Number of asset objects unloaded after import = 153

========================================================================
Received Import Request.
  Time since last request: 0.000114 seconds.
  path: Assets/Studio33 Interactive_[BasketBall] v1.1/Animations/Basketball Motions Humanoid/1634_DunkCRevA.fbx
  artifactKey: Guid(bd0aa67770458e84fb0ca334a0c0c7fd) Importer(2089858483,b0f066a214c2f5e87bad3c948f4d605d)
Start importing Assets/Studio33 Interactive_[BasketBall] v1.1/Animations/Basketball Motions Humanoid/1634_DunkCRevA.fbx using Guid(bd0aa67770458e84fb0ca334a0c0c7fd) Importer(2089858483,b0f066a214c2f5e87bad3c948f4d605d) (ScriptedImporter) -> (artifact id: '947399744307b0cf41f8c99101489838') in 0.031595 seconds
Number of updated asset objects reloaded before import = 0Number of asset objects unloaded after import = 155

========================================================================
Received Import Request.
  Time since last request: 0.000041 seconds.
  path: Assets/Studio33 Interactive_[BasketBall] v1.1/Animations/Basketball Motions_Generic/644_DivCFailA.fbx
  artifactKey: Guid(390ebcc156090e042bf6adda8545f2f7) Importer(2089858483,b0f066a214c2f5e87bad3c948f4d605d)
Start importing Assets/Studio33 Interactive_[BasketBall] v1.1/Animations/Basketball Motions_Generic/644_DivCFailA.fbx using Guid(390ebcc156090e042bf6adda8545f2f7) Importer(2089858483,b0f066a214c2f5e87bad3c948f4d605d) (ScriptedImporter) -> (artifact id: '19e0c235fa29056fa381d64cba8f94f4') in 0.0324884 seconds
Number of updated asset objects reloaded before import = 0Number of asset objects unloaded after import = 153

========================================================================
Received Import Request.
  Time since last request: 0.000040 seconds.
  path: Assets/Studio33 Interactive_[BasketBall] v1.1/Animations/Basketball Motions_Generic/1634_DunkCRevA.fbx
  artifactKey: Guid(5adedb3c51bfcd44dba88f25f39851b2) Importer(2089858483,b0f066a214c2f5e87bad3c948f4d605d)
Start importing Assets/Studio33 Interactive_[BasketBall] v1.1/Animations/Basketball Motions_Generic/1634_DunkCRevA.fbx using Guid(5adedb3c51bfcd44dba88f25f39851b2) Importer(2089858483,b0f066a214c2f5e87bad3c948f4d605d) (ScriptedImporter) -> (artifact id: '6706e7d66b86546a2df80ddccf1c593f') in 0.0306154 seconds
Number of updated asset objects reloaded before import = 0Number of asset objects unloaded after import = 153

========================================================================
Received Import Request.
  Time since last request: 0.000056 seconds.
  path: Assets/Studio33 Interactive_[BasketBall] v1.1/Animations/Basketball Motions Humanoid/1974_DunkCA.fbx
  artifactKey: Guid(ad8025e678c9bf4428ed72cf28f4f734) Importer(2089858483,b0f066a214c2f5e87bad3c948f4d605d)
Start importing Assets/Studio33 Interactive_[BasketBall] v1.1/Animations/Basketball Motions Humanoid/1974_DunkCA.fbx using Guid(ad8025e678c9bf4428ed72cf28f4f734) Importer(2089858483,b0f066a214c2f5e87bad3c948f4d605d) (ScriptedImporter) -> (artifact id: 'ede3583aa2c29ae95246817141d965c6') in 0.033403 seconds
Number of updated asset objects reloaded before import = 0Number of asset objects unloaded after import = 155

========================================================================
Received Import Request.
  Time since last request: 0.000044 seconds.
  path: Assets/Studio33 Interactive_[BasketBall] v1.1/Animations/Basketball Motions_Generic/1724_JumpshotMFakeA.fbx
  artifactKey: Guid(8379634c04eb356429ed11fe88d849b3) Importer(2089858483,b0f066a214c2f5e87bad3c948f4d605d)
Start importing Assets/Studio33 Interactive_[BasketBall] v1.1/Animations/Basketball Motions_Generic/1724_JumpshotMFakeA.fbx using Guid(8379634c04eb356429ed11fe88d849b3) Importer(2089858483,b0f066a214c2f5e87bad3c948f4d605d) (ScriptedImporter) -> (artifact id: 'b9d3cd9bd6f041236aacd28f8fa14432') in 0.0303589 seconds
Number of updated asset objects reloaded before import = 0Number of asset objects unloaded after import = 153

========================================================================
Received Import Request.
  Time since last request: 0.000034 seconds.
  path: Assets/Studio33 Interactive_[BasketBall] v1.1/Animations/Basketball Motions Humanoid/1376_JumpshotPullupRA.fbx
  artifactKey: Guid(60d1668977c04f14fadac9a8bf04e001) Importer(2089858483,b0f066a214c2f5e87bad3c948f4d605d)
Start importing Assets/Studio33 Interactive_[BasketBall] v1.1/Animations/Basketball Motions Humanoid/1376_JumpshotPullupRA.fbx using Guid(60d1668977c04f14fadac9a8bf04e001) Importer(2089858483,b0f066a214c2f5e87bad3c948f4d605d) (ScriptedImporter) -> (artifact id: '4090369ac8376eb38afc684d6611eda9') in 0.0395934 seconds
Number of updated asset objects reloaded before import = 0Number of asset objects unloaded after import = 155

========================================================================
Received Import Request.
  Time since last request: 0.000068 seconds.
  path: Assets/Studio33 Interactive_[BasketBall] v1.1/Animations/Basketball Motions Humanoid/718_PassfakeBaA.fbx
  artifactKey: Guid(07ddebe0eb5d2924c9b68f3f6e34fb3a) Importer(2089858483,b0f066a214c2f5e87bad3c948f4d605d)
Start importing Assets/Studio33 Interactive_[BasketBall] v1.1/Animations/Basketball Motions Humanoid/718_PassfakeBaA.fbx using Guid(07ddebe0eb5d2924c9b68f3f6e34fb3a) Importer(2089858483,b0f066a214c2f5e87bad3c948f4d605d) (ScriptedImporter) -> (artifact id: '0dff0d056e1281d64a8964694afaea3d') in 0.0308348 seconds
Number of updated asset objects reloaded before import = 0Number of asset objects unloaded after import = 155

========================================================================
Received Import Request.
  Time since last request: 0.000038 seconds.
  path: Assets/Studio33 Interactive_[BasketBall] v1.1/Animations/Basketball Motions_Generic/78_BlockingckpassLongFA.fbx
  artifactKey: Guid(2bb7993db2f5de34181d2608ff264bf5) Importer(2089858483,b0f066a214c2f5e87bad3c948f4d605d)
Start importing Assets/Studio33 Interactive_[BasketBall] v1.1/Animations/Basketball Motions_Generic/78_BlockingckpassLongFA.fbx using Guid(2bb7993db2f5de34181d2608ff264bf5) Importer(2089858483,b0f066a214c2f5e87bad3c948f4d605d) (ScriptedImporter) -> (artifact id: '5b5a0d97d22ae221d7b97a132abf94a6') in 0.0295696 seconds
Number of updated asset objects reloaded before import = 0Number of asset objects unloaded after import = 153

========================================================================
Received Import Request.
  Time since last request: 0.000032 seconds.
  path: Assets/Studio33 Interactive_[BasketBall] v1.1/Animations/Basketball Motions Humanoid/898_PostTurfadeawayRAC.fbx
  artifactKey: Guid(c412118a7a97c0c40b2e4eb53941c348) Importer(2089858483,b0f066a214c2f5e87bad3c948f4d605d)
Start importing Assets/Studio33 Interactive_[BasketBall] v1.1/Animations/Basketball Motions Humanoid/898_PostTurfadeawayRAC.fbx using Guid(c412118a7a97c0c40b2e4eb53941c348) Importer(2089858483,b0f066a214c2f5e87bad3c948f4d605d) (ScriptedImporter) -> (artifact id: 'b530cecc052b9e135e96488e9347da12') in 0.0325862 seconds
Number of updated asset objects reloaded before import = 0Number of asset objects unloaded after import = 155

========================================================================
Received Import Request.
  Time since last request: 0.000052 seconds.
  path: Assets/Studio33 Interactive_[BasketBall] v1.1/Animations/Basketball Motions Humanoid/677_Run.fbx
  artifactKey: Guid(2077d594e107ac2489932b3b48729213) Importer(2089858483,b0f066a214c2f5e87bad3c948f4d605d)
Start importing Assets/Studio33 Interactive_[BasketBall] v1.1/Animations/Basketball Motions Humanoid/677_Run.fbx using Guid(2077d594e107ac2489932b3b48729213) Importer(2089858483,b0f066a214c2f5e87bad3c948f4d605d) (ScriptedImporter) -> (artifact id: '0bee5377dd8ae13fe63ee116c4b007a1') in 0.0310556 seconds
Number of updated asset objects reloaded before import = 0Number of asset objects unloaded after import = 155

========================================================================
Received Import Request.
  Time since last request: 0.000044 seconds.
  path: Assets/Studio33 Interactive_[BasketBall] v1.1/Animations/Basketball Motions_Generic/1834_DunkRA.fbx
  artifactKey: Guid(38851f41d940c7245ab5a4c1e682c287) Importer(2089858483,b0f066a214c2f5e87bad3c948f4d605d)
Start importing Assets/Studio33 Interactive_[BasketBall] v1.1/Animations/Basketball Motions_Generic/1834_DunkRA.fbx using Guid(38851f41d940c7245ab5a4c1e682c287) Importer(2089858483,b0f066a214c2f5e87bad3c948f4d605d) (ScriptedImporter) -> (artifact id: '290985bb4171183347c5d2bbde681afe') in 0.0409741 seconds
Number of updated asset objects reloaded before import = 0Number of asset objects unloaded after import = 153

========================================================================
Received Import Request.
  Time since last request: 0.000044 seconds.
  path: Assets/Studio33 Interactive_[BasketBall] v1.1/Animations/Basketball Motions Humanoid/1036_TappassTapLA.fbx
  artifactKey: Guid(bfdbc4900abd4e847bddeac77a3affb9) Importer(2089858483,b0f066a214c2f5e87bad3c948f4d605d)
Start importing Assets/Studio33 Interactive_[BasketBall] v1.1/Animations/Basketball Motions Humanoid/1036_TappassTapLA.fbx using Guid(bfdbc4900abd4e847bddeac77a3affb9) Importer(2089858483,b0f066a214c2f5e87bad3c948f4d605d) (ScriptedImporter) -> (artifact id: 'f33293d37f8e374c8efc47654613caa7') in 0.0327895 seconds
Number of updated asset objects reloaded before import = 0Number of asset objects unloaded after import = 155

========================================================================
Received Import Request.
  Time since last request: 0.000056 seconds.
  path: Assets/Studio33 Interactive_[BasketBall] v1.1/Animations/Basketball Motions_Generic/476_ChangeRightLA.fbx
  artifactKey: Guid(60fdd90db789d05499b1bde1b27f1319) Importer(2089858483,b0f066a214c2f5e87bad3c948f4d605d)
Start importing Assets/Studio33 Interactive_[BasketBall] v1.1/Animations/Basketball Motions_Generic/476_ChangeRightLA.fbx using Guid(60fdd90db789d05499b1bde1b27f1319) Importer(2089858483,b0f066a214c2f5e87bad3c948f4d605d) (ScriptedImporter) -> (artifact id: '41bc2240e884ab7c848f30238d875c37') in 0.0282412 seconds
Number of updated asset objects reloaded before import = 0Number of asset objects unloaded after import = 153

========================================================================
Received Import Request.
  Time since last request: 0.000034 seconds.
  path: Assets/Studio33 Interactive_[BasketBall] v1.1/Animations/Basketball Motions Humanoid/2136_JumpshotReadyFake.fbx
  artifactKey: Guid(5342c25f4cdf0814cbe9b1f1e31aa556) Importer(2089858483,b0f066a214c2f5e87bad3c948f4d605d)
Start importing Assets/Studio33 Interactive_[BasketBall] v1.1/Animations/Basketball Motions Humanoid/2136_JumpshotReadyFake.fbx using Guid(5342c25f4cdf0814cbe9b1f1e31aa556) Importer(2089858483,b0f066a214c2f5e87bad3c948f4d605d) (ScriptedImporter) -> (artifact id: '3958ea387e568510eeff8f7c2375865f') in 0.0302852 seconds
Number of updated asset objects reloaded before import = 0Number of asset objects unloaded after import = 155

========================================================================
Received Import Request.
  Time since last request: 0.000044 seconds.
  path: Assets/Studio33 Interactive_[BasketBall] v1.1/Animations/Basketball Motions Humanoid/408_ShoulderChargeA.fbx
  artifactKey: Guid(6a389c9d401d1bf408cfd6f9c159f4fb) Importer(2089858483,b0f066a214c2f5e87bad3c948f4d605d)
Start importing Assets/Studio33 Interactive_[BasketBall] v1.1/Animations/Basketball Motions Humanoid/408_ShoulderChargeA.fbx using Guid(6a389c9d401d1bf408cfd6f9c159f4fb) Importer(2089858483,b0f066a214c2f5e87bad3c948f4d605d) (ScriptedImporter) -> (artifact id: 'f525cdd02e53c04a6c8bb41ba0d33350') in 0.033069 seconds
Number of updated asset objects reloaded before import = 0Number of asset objects unloaded after import = 155

========================================================================
Received Import Request.
  Time since last request: 0.000048 seconds.
  path: Assets/Studio33 Interactive_[BasketBall] v1.1/Animations/Basketball Motions Humanoid/1139_AlleyoopRLA.fbx
  artifactKey: Guid(a8418cc91398df44d915d4f84fb487ce) Importer(2089858483,b0f066a214c2f5e87bad3c948f4d605d)
Start importing Assets/Studio33 Interactive_[BasketBall] v1.1/Animations/Basketball Motions Humanoid/1139_AlleyoopRLA.fbx using Guid(a8418cc91398df44d915d4f84fb487ce) Importer(2089858483,b0f066a214c2f5e87bad3c948f4d605d) (ScriptedImporter) -> (artifact id: '657d7edc9ea1512a847699de6ce57889') in 0.0390793 seconds
Number of updated asset objects reloaded before import = 0Number of asset objects unloaded after import = 155

========================================================================
Received Import Request.
  Time since last request: 0.000048 seconds.
  path: Assets/Studio33 Interactive_[BasketBall] v1.1/Animations/Basketball Motions_Generic/553_BehindshootReadyFake.fbx
  artifactKey: Guid(2d0e893ca5f303e42b82320203ac1ce6) Importer(2089858483,b0f066a214c2f5e87bad3c948f4d605d)
Start importing Assets/Studio33 Interactive_[BasketBall] v1.1/Animations/Basketball Motions_Generic/553_BehindshootReadyFake.fbx using Guid(2d0e893ca5f303e42b82320203ac1ce6) Importer(2089858483,b0f066a214c2f5e87bad3c948f4d605d) (ScriptedImporter) -> (artifact id: 'f7cf656d7d118781ad5dc0643d647456') in 0.0346116 seconds
Number of updated asset objects reloaded before import = 0Number of asset objects unloaded after import = 153

========================================================================
Received Import Request.
  Time since last request: 0.000040 seconds.
  path: Assets/Studio33 Interactive_[BasketBall] v1.1/Animations/Basketball Motions Humanoid/1406_LayupRevCA.fbx
  artifactKey: Guid(dbb57e159bc782f4990d216577426a8c) Importer(2089858483,b0f066a214c2f5e87bad3c948f4d605d)
Start importing Assets/Studio33 Interactive_[BasketBall] v1.1/Animations/Basketball Motions Humanoid/1406_LayupRevCA.fbx using Guid(dbb57e159bc782f4990d216577426a8c) Importer(2089858483,b0f066a214c2f5e87bad3c948f4d605d) (ScriptedImporter) -> (artifact id: '1d7fe9f697315addfe7d2d4c64ed3f6a') in 0.0316106 seconds
Number of updated asset objects reloaded before import = 0Number of asset objects unloaded after import = 155

========================================================================
Received Import Request.
  Time since last request: 0.000057 seconds.
  path: Assets/Studio33 Interactive_[BasketBall] v1.1/Animations/Basketball Motions_Generic/819_PassOverA.fbx
  artifactKey: Guid(c2b4c3a2aef5dcd44af7d84e66249e62) Importer(2089858483,b0f066a214c2f5e87bad3c948f4d605d)
Start importing Assets/Studio33 Interactive_[BasketBall] v1.1/Animations/Basketball Motions_Generic/819_PassOverA.fbx using Guid(c2b4c3a2aef5dcd44af7d84e66249e62) Importer(2089858483,b0f066a214c2f5e87bad3c948f4d605d) (ScriptedImporter) -> (artifact id: 'd7f029dc3ab52273132872f3f708b1de') in 0.0299852 seconds
Number of updated asset objects reloaded before import = 0Number of asset objects unloaded after import = 153

========================================================================
Received Import Request.
  Time since last request: 0.000038 seconds.
  path: Assets/Studio33 Interactive_[BasketBall] v1.1/Animations/Basketball Motions Humanoid/1314_DunkRA.fbx
  artifactKey: Guid(c20e0122f172cef4b8ec2c91c9958f87) Importer(2089858483,b0f066a214c2f5e87bad3c948f4d605d)
Start importing Assets/Studio33 Interactive_[BasketBall] v1.1/Animations/Basketball Motions Humanoid/1314_DunkRA.fbx using Guid(c20e0122f172cef4b8ec2c91c9958f87) Importer(2089858483,b0f066a214c2f5e87bad3c948f4d605d) (ScriptedImporter) -> (artifact id: 'fe36c4d13a11ac57f1d50ae8ac46ea4f') in 0.0352378 seconds
Number of updated asset objects reloaded before import = 0Number of asset objects unloaded after import = 155

========================================================================
Received Import Request.
  Time since last request: 0.000042 seconds.
  path: Assets/Studio33 Interactive_[BasketBall] v1.1/Animations/Basketball Motions Humanoid/2083_JumpshotReadyFake.fbx
  artifactKey: Guid(f9cc75f1546fc7042a31b6fb2721f508) Importer(2089858483,b0f066a214c2f5e87bad3c948f4d605d)
Start importing Assets/Studio33 Interactive_[BasketBall] v1.1/Animations/Basketball Motions Humanoid/2083_JumpshotReadyFake.fbx using Guid(f9cc75f1546fc7042a31b6fb2721f508) Importer(2089858483,b0f066a214c2f5e87bad3c948f4d605d) (ScriptedImporter) -> (artifact id: '4db4e462d36d9d7812a01ee443c98cf8') in 0.0316376 seconds
Number of updated asset objects reloaded before import = 0Number of asset objects unloaded after import = 155

========================================================================
Received Import Request.
  Time since last request: 0.000048 seconds.
  path: Assets/Studio33 Interactive_[BasketBall] v1.1/33_basket ball test animations/player/Back_number/Back_number_W/Back_number_W_c08.png
  artifactKey: Guid(6b064bbbd30cfdb49ba1e817e1ecc660) Importer(2089858483,b0f066a214c2f5e87bad3c948f4d605d)
Start importing Assets/Studio33 Interactive_[BasketBall] v1.1/33_basket ball test animations/player/Back_number/Back_number_W/Back_number_W_c08.png using Guid(6b064bbbd30cfdb49ba1e817e1ecc660) Importer(2089858483,b0f066a214c2f5e87bad3c948f4d605d) (ScriptedImporter) -> (artifact id: '2498bbfe56be3c0a5fe951e68c1c8e51') in 0.0228683 seconds
Number of updated asset objects reloaded before import = 0Number of asset objects unloaded after import = 1

========================================================================
Received Import Request.
  Time since last request: 0.000040 seconds.
  path: Assets/Studio33 Interactive_[BasketBall] v1.1/Animations/Basketball Motions_Generic/1573_DunkCA.fbx
  artifactKey: Guid(7d5ca3af131953a42a1ff13245200835) Importer(2089858483,b0f066a214c2f5e87bad3c948f4d605d)
Start importing Assets/Studio33 Interactive_[BasketBall] v1.1/Animations/Basketball Motions_Generic/1573_DunkCA.fbx using Guid(7d5ca3af131953a42a1ff13245200835) Importer(2089858483,b0f066a214c2f5e87bad3c948f4d605d) (ScriptedImporter) -> (artifact id: '260e52a1c886a0fda0aef9e249955e0f') in 0.0327132 seconds
Number of updated asset objects reloaded before import = 0Number of asset objects unloaded after import = 153

========================================================================
Received Import Request.
  Time since last request: 0.000045 seconds.
  path: Assets/Studio33 Interactive_[BasketBall] v1.1/Animations/Basketball Motions Humanoid/811_PostBackingpassKilA.fbx
  artifactKey: Guid(832aad7cf0d04eb42a9202ff354ac01e) Importer(2089858483,b0f066a214c2f5e87bad3c948f4d605d)
Start importing Assets/Studio33 Interactive_[BasketBall] v1.1/Animations/Basketball Motions Humanoid/811_PostBackingpassKilA.fbx using Guid(832aad7cf0d04eb42a9202ff354ac01e) Importer(2089858483,b0f066a214c2f5e87bad3c948f4d605d) (ScriptedImporter) -> (artifact id: '2e675b2b3d084a8e6e25461c73621796') in 0.0314253 seconds
Number of updated asset objects reloaded before import = 0Number of asset objects unloaded after import = 155

========================================================================
Received Import Request.
  Time since last request: 0.000049 seconds.
  path: Assets/Studio33 Interactive_[BasketBall] v1.1/Animations/Basketball Motions_Generic/60_BlockinglongNearF.fbx
  artifactKey: Guid(26bef04a4e4fea748b139cf2e5a5ae62) Importer(2089858483,b0f066a214c2f5e87bad3c948f4d605d)
Start importing Assets/Studio33 Interactive_[BasketBall] v1.1/Animations/Basketball Motions_Generic/60_BlockinglongNearF.fbx using Guid(26bef04a4e4fea748b139cf2e5a5ae62) Importer(2089858483,b0f066a214c2f5e87bad3c948f4d605d) (ScriptedImporter) -> (artifact id: 'f33189e80821667ef7320cbd6f4e78ac') in 0.0297045 seconds
Number of updated asset objects reloaded before import = 0Number of asset objects unloaded after import = 153

========================================================================
Received Import Request.
  Time since last request: 0.000039 seconds.
  path: Assets/Studio33 Interactive_[BasketBall] v1.1/Animations/Basketball Motions_Generic/670_Run.fbx
  artifactKey: Guid(ee427081322fc1a4fac9a64ced0e23a6) Importer(2089858483,b0f066a214c2f5e87bad3c948f4d605d)
Start importing Assets/Studio33 Interactive_[BasketBall] v1.1/Animations/Basketball Motions_Generic/670_Run.fbx using Guid(ee427081322fc1a4fac9a64ced0e23a6) Importer(2089858483,b0f066a214c2f5e87bad3c948f4d605d) (ScriptedImporter) -> (artifact id: '0d4000d81cc10b712e7622b8ca4574a6') in 0.0298577 seconds
Number of updated asset objects reloaded before import = 0Number of asset objects unloaded after import = 153

========================================================================
Received Import Request.
  Time since last request: 0.000047 seconds.
  path: Assets/Studio33 Interactive_[BasketBall] v1.1/Animations/Basketball Motions Humanoid/967_Rebound rC.fbx
  artifactKey: Guid(bc9ab624d51b48d4c8e3580222462739) Importer(2089858483,b0f066a214c2f5e87bad3c948f4d605d)
Start importing Assets/Studio33 Interactive_[BasketBall] v1.1/Animations/Basketball Motions Humanoid/967_Rebound rC.fbx using Guid(bc9ab624d51b48d4c8e3580222462739) Importer(2089858483,b0f066a214c2f5e87bad3c948f4d605d) (ScriptedImporter) -> (artifact id: '46e3dfaabd34f704fa186d47558d7d3d') in 0.0365395 seconds
Number of updated asset objects reloaded before import = 0Number of asset objects unloaded after import = 155

========================================================================
Received Import Request.
  Time since last request: 0.000054 seconds.
  path: Assets/Studio33 Interactive_[BasketBall] v1.1/Animations/Basketball Motions_Generic/427_MarkQuistepB.fbx
  artifactKey: Guid(0309a8a3b247aa04b8cd44e436e89dd8) Importer(2089858483,b0f066a214c2f5e87bad3c948f4d605d)
Start importing Assets/Studio33 Interactive_[BasketBall] v1.1/Animations/Basketball Motions_Generic/427_MarkQuistepB.fbx using Guid(0309a8a3b247aa04b8cd44e436e89dd8) Importer(2089858483,b0f066a214c2f5e87bad3c948f4d605d) (ScriptedImporter) -> (artifact id: '809fa5b26d68318fa8e1f948009a1b6a') in 0.0350534 seconds
Number of updated asset objects reloaded before import = 0Number of asset objects unloaded after import = 153

========================================================================
Received Import Request.
  Time since last request: 0.000046 seconds.
  path: Assets/Studio33 Interactive_[BasketBall] v1.1/Animations/Basketball Motions Humanoid/2081_JumpshotMA.fbx
  artifactKey: Guid(46b3d2e6f8386544a941f2fb0dce4b44) Importer(2089858483,b0f066a214c2f5e87bad3c948f4d605d)
Start importing Assets/Studio33 Interactive_[BasketBall] v1.1/Animations/Basketball Motions Humanoid/2081_JumpshotMA.fbx using Guid(46b3d2e6f8386544a941f2fb0dce4b44) Importer(2089858483,b0f066a214c2f5e87bad3c948f4d605d) (ScriptedImporter) -> (artifact id: '4bce22573ac4efffc65542bc4dafb6df') in 0.03452 seconds
Number of updated asset objects reloaded before import = 0Number of asset objects unloaded after import = 155

========================================================================
Received Import Request.
  Time since last request: 0.000141 seconds.
  path: Assets/Studio33 Interactive_[BasketBall] v1.1/Animations/Basketball Motions_Generic/1280_DclutchRRightA.fbx
  artifactKey: Guid(7e7319471399bc545b8c64e5b498bbcf) Importer(2089858483,b0f066a214c2f5e87bad3c948f4d605d)
Start importing Assets/Studio33 Interactive_[BasketBall] v1.1/Animations/Basketball Motions_Generic/1280_DclutchRRightA.fbx using Guid(7e7319471399bc545b8c64e5b498bbcf) Importer(2089858483,b0f066a214c2f5e87bad3c948f4d605d) (ScriptedImporter) -> (artifact id: 'e384f56b985dbae2ca4e1f6d019f7cae') in 0.0316547 seconds
Number of updated asset objects reloaded before import = 0Number of asset objects unloaded after import = 153

========================================================================
Received Import Request.
  Time since last request: 0.000047 seconds.
  path: Assets/Studio33 Interactive_[BasketBall] v1.1/Animations/Basketball Motions_Generic/2118_RstajumpshotMFakeA.fbx
  artifactKey: Guid(a7c0fb32d53559b49b9571ff85f6adb4) Importer(2089858483,b0f066a214c2f5e87bad3c948f4d605d)
Start importing Assets/Studio33 Interactive_[BasketBall] v1.1/Animations/Basketball Motions_Generic/2118_RstajumpshotMFakeA.fbx using Guid(a7c0fb32d53559b49b9571ff85f6adb4) Importer(2089858483,b0f066a214c2f5e87bad3c948f4d605d) (ScriptedImporter) -> (artifact id: '4a59c44b215cec58820ddaea2139fc80') in 0.0312543 seconds
Number of updated asset objects reloaded before import = 0Number of asset objects unloaded after import = 153

========================================================================
Received Import Request.
  Time since last request: 0.000037 seconds.
  path: Assets/Studio33 Interactive_[BasketBall] v1.1/Animations/Basketball Motions Humanoid/2195_Dribbleright.fbx
  artifactKey: Guid(1f7bc8a7ae695e24083ad3a14608d0bc) Importer(2089858483,b0f066a214c2f5e87bad3c948f4d605d)
Start importing Assets/Studio33 Interactive_[BasketBall] v1.1/Animations/Basketball Motions Humanoid/2195_Dribbleright.fbx using Guid(1f7bc8a7ae695e24083ad3a14608d0bc) Importer(2089858483,b0f066a214c2f5e87bad3c948f4d605d) (ScriptedImporter) -> (artifact id: '3ca4745f233e9f545019d655f1428e91') in 0.0307522 seconds
Number of updated asset objects reloaded before import = 0Number of asset objects unloaded after import = 155

========================================================================
Received Import Request.
  Time since last request: 0.000042 seconds.
  path: Assets/Studio33 Interactive_[BasketBall] v1.1/Animations/Basketball Motions Humanoid/1146_DunkCA.fbx
  artifactKey: Guid(bed644f875172c74695c8cb7d0d7a775) Importer(2089858483,b0f066a214c2f5e87bad3c948f4d605d)
Start importing Assets/Studio33 Interactive_[BasketBall] v1.1/Animations/Basketball Motions Humanoid/1146_DunkCA.fbx using Guid(bed644f875172c74695c8cb7d0d7a775) Importer(2089858483,b0f066a214c2f5e87bad3c948f4d605d) (ScriptedImporter) -> (artifact id: 'ed1e580c93a7383872d1a3b912417cd8') in 0.0338345 seconds
Number of updated asset objects reloaded before import = 0Number of asset objects unloaded after import = 155

========================================================================
Received Import Request.
  Time since last request: 0.000048 seconds.
  path: Assets/Studio33 Interactive_[BasketBall] v1.1/Animations/Basketball Motions Humanoid/201_PushPostpushBaA.fbx
  artifactKey: Guid(73a5a0ab530de8b45a416a1140c935e3) Importer(2089858483,b0f066a214c2f5e87bad3c948f4d605d)
Start importing Assets/Studio33 Interactive_[BasketBall] v1.1/Animations/Basketball Motions Humanoid/201_PushPostpushBaA.fbx using Guid(73a5a0ab530de8b45a416a1140c935e3) Importer(2089858483,b0f066a214c2f5e87bad3c948f4d605d) (ScriptedImporter) -> (artifact id: '7fc9247691f3c031db181f39c43bc25a') in 0.0379839 seconds
Number of updated asset objects reloaded before import = 0Number of asset objects unloaded after import = 155

========================================================================
Received Import Request.
  Time since last request: 0.000043 seconds.
  path: Assets/Studio33 Interactive_[BasketBall] v1.1/Animations/Basketball Motions Humanoid/272_CrossThRRRAC.fbx
  artifactKey: Guid(46645845d6bd65d4bbf1b4275cb20e03) Importer(2089858483,b0f066a214c2f5e87bad3c948f4d605d)
Start importing Assets/Studio33 Interactive_[BasketBall] v1.1/Animations/Basketball Motions Humanoid/272_CrossThRRRAC.fbx using Guid(46645845d6bd65d4bbf1b4275cb20e03) Importer(2089858483,b0f066a214c2f5e87bad3c948f4d605d) (ScriptedImporter) -> (artifact id: '696577fc0a23962baaafce1f0ee7c266') in 0.0319551 seconds
Number of updated asset objects reloaded before import = 0Number of asset objects unloaded after import = 155

========================================================================
Received Import Request.
  Time since last request: 0.000054 seconds.
  path: Assets/Studio33 Interactive_[BasketBall] v1.1/Animations/Basketball Motions_Generic/1618_JumpshotReadyFake.fbx
  artifactKey: Guid(1a87250818ba1854da8a74396fe4199c) Importer(2089858483,b0f066a214c2f5e87bad3c948f4d605d)
Start importing Assets/Studio33 Interactive_[BasketBall] v1.1/Animations/Basketball Motions_Generic/1618_JumpshotReadyFake.fbx using Guid(1a87250818ba1854da8a74396fe4199c) Importer(2089858483,b0f066a214c2f5e87bad3c948f4d605d) (ScriptedImporter) -> (artifact id: '7355028ca4db27caa6a0d37a24f46f8b') in 0.0301031 seconds
Number of updated asset objects reloaded before import = 0Number of asset objects unloaded after import = 153

========================================================================
Received Import Request.
  Time since last request: 0.000053 seconds.
  path: Assets/Studio33 Interactive_[BasketBall] v1.1/Animations/Basketball Motions_Generic/1928_JumpshotReadyFake.fbx
  artifactKey: Guid(cb7d443e9dadcf6439319f11d290a0a5) Importer(2089858483,b0f066a214c2f5e87bad3c948f4d605d)
Start importing Assets/Studio33 Interactive_[BasketBall] v1.1/Animations/Basketball Motions_Generic/1928_JumpshotReadyFake.fbx using Guid(cb7d443e9dadcf6439319f11d290a0a5) Importer(2089858483,b0f066a214c2f5e87bad3c948f4d605d) (ScriptedImporter) -> (artifact id: 'a26a2864633263fbe2ecb0e07b5c9586') in 0.0297179 seconds
Number of updated asset objects reloaded before import = 0Number of asset objects unloaded after import = 153

========================================================================
Received Import Request.
  Time since last request: 0.000043 seconds.
  path: Assets/Studio33 Interactive_[BasketBall] v1.1/Animations/Basketball Motions Humanoid/46_BlockingckncatchShortLA.fbx
  artifactKey: Guid(a1971de9ccad15c43852b8205826def8) Importer(2089858483,b0f066a214c2f5e87bad3c948f4d605d)
Start importing Assets/Studio33 Interactive_[BasketBall] v1.1/Animations/Basketball Motions Humanoid/46_BlockingckncatchShortLA.fbx using Guid(a1971de9ccad15c43852b8205826def8) Importer(2089858483,b0f066a214c2f5e87bad3c948f4d605d) (ScriptedImporter) -> (artifact id: '3870b274c390053ba559dd4e33a9b68e') in 0.031761 seconds
Number of updated asset objects reloaded before import = 0Number of asset objects unloaded after import = 155

========================================================================
Received Import Request.
  Time since last request: 0.000035 seconds.
  path: Assets/Studio33 Interactive_[BasketBall] v1.1/Animations/Basketball Motions_Generic
  artifactKey: Guid(f5e8fac5ad375c249a1748a84745a831) Importer(2089858483,b0f066a214c2f5e87bad3c948f4d605d)
Start importing Assets/Studio33 Interactive_[BasketBall] v1.1/Animations/Basketball Motions_Generic using Guid(f5e8fac5ad375c249a1748a84745a831) Importer(2089858483,b0f066a214c2f5e87bad3c948f4d605d) (ScriptedImporter) -> (artifact id: '3894113bd7207df1655cf516dcff6b51') in 0.0132169 seconds
Number of updated asset objects reloaded before import = 0Number of asset objects unloaded after import = 1

========================================================================
Received Import Request.
  Time since last request: 0.000046 seconds.
  path: Assets/Studio33 Interactive_[BasketBall] v1.1/Animations/Basketball Motions_Generic/665_SonicShF.fbx
  artifactKey: Guid(0c3189697dcea9a4188e915765d5fdb0) Importer(2089858483,b0f066a214c2f5e87bad3c948f4d605d)
Start importing Assets/Studio33 Interactive_[BasketBall] v1.1/Animations/Basketball Motions_Generic/665_SonicShF.fbx using Guid(0c3189697dcea9a4188e915765d5fdb0) Importer(2089858483,b0f066a214c2f5e87bad3c948f4d605d) (ScriptedImporter) -> (artifact id: '56d179ca6a8ddeb8c5fc9f1b953f9a4c') in 0.039367 seconds
Number of updated asset objects reloaded before import = 0Number of asset objects unloaded after import = 153

========================================================================
Received Import Request.
  Time since last request: 0.000047 seconds.
  path: Assets/Studio33 Interactive_[BasketBall] v1.1/Animations/Basketball Motions Humanoid/1978_JumpshotReadyFake.fbx
  artifactKey: Guid(062ccd6932c0d2540a3179288f225576) Importer(2089858483,b0f066a214c2f5e87bad3c948f4d605d)
Start importing Assets/Studio33 Interactive_[BasketBall] v1.1/Animations/Basketball Motions Humanoid/1978_JumpshotReadyFake.fbx using Guid(062ccd6932c0d2540a3179288f225576) Importer(2089858483,b0f066a214c2f5e87bad3c948f4d605d) (ScriptedImporter) -> (artifact id: '4a37c6cbbe35c054de934f57cdc971cf') in 0.0316065 seconds
Number of updated asset objects reloaded before import = 0Number of asset objects unloaded after import = 155

========================================================================
Received Import Request.
  Time since last request: 0.000041 seconds.
  path: Assets/Studio33 Interactive_[BasketBall] v1.1/Animations/Basketball Motions_Generic/1898_BjDunkRA.fbx
  artifactKey: Guid(86d3dbdeb304e83458e9e68cdffc9952) Importer(2089858483,b0f066a214c2f5e87bad3c948f4d605d)
Start importing Assets/Studio33 Interactive_[BasketBall] v1.1/Animations/Basketball Motions_Generic/1898_BjDunkRA.fbx using Guid(86d3dbdeb304e83458e9e68cdffc9952) Importer(2089858483,b0f066a214c2f5e87bad3c948f4d605d) (ScriptedImporter) -> (artifact id: '70f7ed455fd01526b6dfb9a0d3996509') in 0.0325201 seconds
Number of updated asset objects reloaded before import = 0Number of asset objects unloaded after import = 153

========================================================================
Received Import Request.
  Time since last request: 0.000062 seconds.
  path: Assets/Studio33 Interactive_[BasketBall] v1.1/Animations/Basketball Motions_Generic/187_AirSmabaA.fbx
  artifactKey: Guid(a85a2b44c934c334a8f49035c3f3a465) Importer(2089858483,b0f066a214c2f5e87bad3c948f4d605d)
Start importing Assets/Studio33 Interactive_[BasketBall] v1.1/Animations/Basketball Motions_Generic/187_AirSmabaA.fbx using Guid(a85a2b44c934c334a8f49035c3f3a465) Importer(2089858483,b0f066a214c2f5e87bad3c948f4d605d) (ScriptedImporter) -> (artifact id: '7171374f99490aad566169a211279cf3') in 0.0323356 seconds
Number of updated asset objects reloaded before import = 0Number of asset objects unloaded after import = 153

========================================================================
Received Import Request.
  Time since last request: 0.000046 seconds.
  path: Assets/Studio33 Interactive_[BasketBall] v1.1/Animations/Basketball Motions_Generic/1038_TappassTapRA.fbx
  artifactKey: Guid(ff638a72dcae8a64cb42b0d8c796a7db) Importer(2089858483,b0f066a214c2f5e87bad3c948f4d605d)
Start importing Assets/Studio33 Interactive_[BasketBall] v1.1/Animations/Basketball Motions_Generic/1038_TappassTapRA.fbx using Guid(ff638a72dcae8a64cb42b0d8c796a7db) Importer(2089858483,b0f066a214c2f5e87bad3c948f4d605d) (ScriptedImporter) -> (artifact id: '53210678093451a7273f891b21d4c434') in 0.0285827 seconds
Number of updated asset objects reloaded before import = 0Number of asset objects unloaded after import = 153

========================================================================
Received Import Request.
  Time since last request: 0.000059 seconds.
  path: Assets/Studio33 Interactive_[BasketBall] v1.1/Animations/Basketball Motions Humanoid/1357_JumpshotMFakeAC.fbx
  artifactKey: Guid(629eec812081aeb4782543290042bc20) Importer(2089858483,b0f066a214c2f5e87bad3c948f4d605d)
Start importing Assets/Studio33 Interactive_[BasketBall] v1.1/Animations/Basketball Motions Humanoid/1357_JumpshotMFakeAC.fbx using Guid(629eec812081aeb4782543290042bc20) Importer(2089858483,b0f066a214c2f5e87bad3c948f4d605d) (ScriptedImporter) -> (artifact id: 'f192a1def82ed1dc33fe4482c85fb52b') in 0.0366661 seconds
Number of updated asset objects reloaded before import = 0Number of asset objects unloaded after import = 155

========================================================================
Received Import Request.
  Time since last request: 0.000076 seconds.
  path: Assets/Studio33 Interactive_[BasketBall] v1.1/Animations/Basketball Motions Humanoid/1636_HookFakeA.fbx
  artifactKey: Guid(381decfcdc54a814aa95d07d9065b914) Importer(2089858483,b0f066a214c2f5e87bad3c948f4d605d)
Start importing Assets/Studio33 Interactive_[BasketBall] v1.1/Animations/Basketball Motions Humanoid/1636_HookFakeA.fbx using Guid(381decfcdc54a814aa95d07d9065b914) Importer(2089858483,b0f066a214c2f5e87bad3c948f4d605d) (ScriptedImporter) -> (artifact id: 'a60961d8f99dcf91a7fba187bc1d9df5') in 0.0327985 seconds
Number of updated asset objects reloaded before import = 0Number of asset objects unloaded after import = 155

========================================================================
Received Import Request.
  Time since last request: 0.000035 seconds.
  path: Assets/Studio33 Interactive_[BasketBall] v1.1/Animations/Basketball Motions Humanoid/730_ShootpassJumpShortRightA.fbx
  artifactKey: Guid(257e3e44b69c8dd4881e6624ba843a9f) Importer(2089858483,b0f066a214c2f5e87bad3c948f4d605d)
Start importing Assets/Studio33 Interactive_[BasketBall] v1.1/Animations/Basketball Motions Humanoid/730_ShootpassJumpShortRightA.fbx using Guid(257e3e44b69c8dd4881e6624ba843a9f) Importer(2089858483,b0f066a214c2f5e87bad3c948f4d605d) (ScriptedImporter) -> (artifact id: '0eefe984a971948d661929f96d7a60d4') in 0.0316682 seconds
Number of updated asset objects reloaded before import = 0Number of asset objects unloaded after import = 155

========================================================================
Received Import Request.
  Time since last request: 0.000040 seconds.
  path: Assets/Studio33 Interactive_[BasketBall] v1.1/Animations/Basketball Motions_Generic/270_CrossThLRLA.fbx
  artifactKey: Guid(2ed71f8526ef96843a81067dbaa9f442) Importer(2089858483,b0f066a214c2f5e87bad3c948f4d605d)
Start importing Assets/Studio33 Interactive_[BasketBall] v1.1/Animations/Basketball Motions_Generic/270_CrossThLRLA.fbx using Guid(2ed71f8526ef96843a81067dbaa9f442) Importer(2089858483,b0f066a214c2f5e87bad3c948f4d605d) (ScriptedImporter) -> (artifact id: '54be51c4d410061e6ff321ccd1cc23ed') in 0.0307453 seconds
Number of updated asset objects reloaded before import = 0Number of asset objects unloaded after import = 153

========================================================================
Received Import Request.
  Time since last request: 0.000059 seconds.
  path: Assets/Studio33 Interactive_[BasketBall] v1.1/Animations/Basketball Motions_Generic/1708_TurbafakeA.fbx
  artifactKey: Guid(7ac622f294b3b1c4680d5711393b3b34) Importer(2089858483,b0f066a214c2f5e87bad3c948f4d605d)
Start importing Assets/Studio33 Interactive_[BasketBall] v1.1/Animations/Basketball Motions_Generic/1708_TurbafakeA.fbx using Guid(7ac622f294b3b1c4680d5711393b3b34) Importer(2089858483,b0f066a214c2f5e87bad3c948f4d605d) (ScriptedImporter) -> (artifact id: '5f9442e0c718e33f11635358859849cf') in 0.0326616 seconds
Number of updated asset objects reloaded before import = 0Number of asset objects unloaded after import = 153

========================================================================
Received Import Request.
  Time since last request: 0.000039 seconds.
  path: Assets/Studio33 Interactive_[BasketBall] v1.1/Animations/Basketball Motions_Generic/1163_DunkCA.fbx
  artifactKey: Guid(3a46e1a1595d9364abc9b547efbb03a0) Importer(2089858483,b0f066a214c2f5e87bad3c948f4d605d)
Start importing Assets/Studio33 Interactive_[BasketBall] v1.1/Animations/Basketball Motions_Generic/1163_DunkCA.fbx using Guid(3a46e1a1595d9364abc9b547efbb03a0) Importer(2089858483,b0f066a214c2f5e87bad3c948f4d605d) (ScriptedImporter) -> (artifact id: 'd2596690950ded1de34583a68d974f88') in 0.0313975 seconds
Number of updated asset objects reloaded before import = 0Number of asset objects unloaded after import = 153

========================================================================
Received Import Request.
  Time since last request: 0.000039 seconds.
  path: Assets/Studio33 Interactive_[BasketBall] v1.1/Animations/Basketball Motions Humanoid/236_BtlCrossoverThRRight.fbx
  artifactKey: Guid(a4418f2368074c84c899b1ee45e8e6bd) Importer(2089858483,b0f066a214c2f5e87bad3c948f4d605d)
Start importing Assets/Studio33 Interactive_[BasketBall] v1.1/Animations/Basketball Motions Humanoid/236_BtlCrossoverThRRight.fbx using Guid(a4418f2368074c84c899b1ee45e8e6bd) Importer(2089858483,b0f066a214c2f5e87bad3c948f4d605d) (ScriptedImporter) -> (artifact id: '6378eb6af84d91acf552b225e2cfc16f') in 0.0414133 seconds
Number of updated asset objects reloaded before import = 0Number of asset objects unloaded after import = 155

========================================================================
Received Import Request.
  Time since last request: 0.000066 seconds.
  path: Assets/Studio33 Interactive_[BasketBall] v1.1/Animations/Basketball Motions Humanoid/505_Dribbleright.fbx
  artifactKey: Guid(75cf4cf2be48ccc4eaddbf3d63e4fb0e) Importer(2089858483,b0f066a214c2f5e87bad3c948f4d605d)
Start importing Assets/Studio33 Interactive_[BasketBall] v1.1/Animations/Basketball Motions Humanoid/505_Dribbleright.fbx using Guid(75cf4cf2be48ccc4eaddbf3d63e4fb0e) Importer(2089858483,b0f066a214c2f5e87bad3c948f4d605d) (ScriptedImporter) -> (artifact id: '07a68ea1b5bdd918e9c10c5d32f1cafc') in 0.0346212 seconds
Number of updated asset objects reloaded before import = 0Number of asset objects unloaded after import = 155

========================================================================
Received Import Request.
  Time since last request: 0.000032 seconds.
  path: Assets/Studio33 Interactive_[BasketBall] v1.1/Animations/Basketball Motions_Generic/1831_DunkRA.fbx
  artifactKey: Guid(564d51061f3339649b851788b5b7a2bf) Importer(2089858483,b0f066a214c2f5e87bad3c948f4d605d)
Start importing Assets/Studio33 Interactive_[BasketBall] v1.1/Animations/Basketball Motions_Generic/1831_DunkRA.fbx using Guid(564d51061f3339649b851788b5b7a2bf) Importer(2089858483,b0f066a214c2f5e87bad3c948f4d605d) (ScriptedImporter) -> (artifact id: 'f7ba4df556bf6f211a576b00964a1532') in 0.0313452 seconds
Number of updated asset objects reloaded before import = 0Number of asset objects unloaded after import = 153

========================================================================
Received Import Request.
  Time since last request: 0.000029 seconds.
  path: Assets/Studio33 Interactive_[BasketBall] v1.1/Animations/Basketball Motions_Generic/1061_SceneEntHome.fbx
  artifactKey: Guid(57153401d8f213844a0ee085c266d3e0) Importer(2089858483,b0f066a214c2f5e87bad3c948f4d605d)
Start importing Assets/Studio33 Interactive_[BasketBall] v1.1/Animations/Basketball Motions_Generic/1061_SceneEntHome.fbx using Guid(57153401d8f213844a0ee085c266d3e0) Importer(2089858483,b0f066a214c2f5e87bad3c948f4d605d) (ScriptedImporter) -> (artifact id: '45f434705e3d9f46abeddbce77a09eff') in 0.0316192 seconds
Number of updated asset objects reloaded before import = 0Number of asset objects unloaded after import = 153

========================================================================
Received Import Request.
  Time since last request: 0.000047 seconds.
  path: Assets/Studio33 Interactive_[BasketBall] v1.1/Animations/Basketball Motions_Generic/1395_JumpshotUAFakeA.fbx
  artifactKey: Guid(6060b07d6437eb34c9a8280025f471e0) Importer(2089858483,b0f066a214c2f5e87bad3c948f4d605d)
Start importing Assets/Studio33 Interactive_[BasketBall] v1.1/Animations/Basketball Motions_Generic/1395_JumpshotUAFakeA.fbx using Guid(6060b07d6437eb34c9a8280025f471e0) Importer(2089858483,b0f066a214c2f5e87bad3c948f4d605d) (ScriptedImporter) -> (artifact id: 'ca3b09b95cd6e1ec963bbe961be4ab50') in 0.028826 seconds
Number of updated asset objects reloaded before import = 0Number of asset objects unloaded after import = 153

========================================================================
Received Import Request.
  Time since last request: 0.000051 seconds.
  path: Assets/Studio33 Interactive_[BasketBall] v1.1/Animations/Basketball Motions Humanoid/1582_JumpshotReadyFake.fbx
  artifactKey: Guid(0a1d056a1a33d454b99c181569a3f300) Importer(2089858483,b0f066a214c2f5e87bad3c948f4d605d)
Start importing Assets/Studio33 Interactive_[BasketBall] v1.1/Animations/Basketball Motions Humanoid/1582_JumpshotReadyFake.fbx using Guid(0a1d056a1a33d454b99c181569a3f300) Importer(2089858483,b0f066a214c2f5e87bad3c948f4d605d) (ScriptedImporter) -> (artifact id: '7637ee8124cffc809e309cd7d6abfa10') in 0.0312935 seconds
Number of updated asset objects reloaded before import = 0Number of asset objects unloaded after import = 155

========================================================================
Received Import Request.
  Time since last request: 0.000049 seconds.
  path: Assets/Studio33 Interactive_[BasketBall] v1.1/Animations/Basketball Motions_Generic/926_PostChBarA.fbx
  artifactKey: Guid(90c3861aafc52aa41be4affcb9d82c6d) Importer(2089858483,b0f066a214c2f5e87bad3c948f4d605d)
Start importing Assets/Studio33 Interactive_[BasketBall] v1.1/Animations/Basketball Motions_Generic/926_PostChBarA.fbx using Guid(90c3861aafc52aa41be4affcb9d82c6d) Importer(2089858483,b0f066a214c2f5e87bad3c948f4d605d) (ScriptedImporter) -> (artifact id: '494cab9e7546fa0c3d07ee58c43fe887') in 0.0382727 seconds
Number of updated asset objects reloaded before import = 0Number of asset objects unloaded after import = 153

========================================================================
Received Import Request.
  Time since last request: 0.000047 seconds.
  path: Assets/Studio33 Interactive_[BasketBall] v1.1/Animations/Basketball Motions Humanoid/1184_DunkRA.fbx
  artifactKey: Guid(394615843261aca46a20904579f4fcec) Importer(2089858483,b0f066a214c2f5e87bad3c948f4d605d)
Start importing Assets/Studio33 Interactive_[BasketBall] v1.1/Animations/Basketball Motions Humanoid/1184_DunkRA.fbx using Guid(394615843261aca46a20904579f4fcec) Importer(2089858483,b0f066a214c2f5e87bad3c948f4d605d) (ScriptedImporter) -> (artifact id: '12d580b7cace0bea2a5b05a3b0d45b45') in 0.0321334 seconds
Number of updated asset objects reloaded before import = 0Number of asset objects unloaded after import = 155

========================================================================
Received Import Request.
  Time since last request: 0.000040 seconds.
  path: Assets/Studio33 Interactive_[BasketBall] v1.1/Animations/Basketball Motions_Generic/1253_SelfalleyoopDunkA.fbx
  artifactKey: Guid(dfa9b26bbbfaa2f4aaf511c169b3f5bd) Importer(2089858483,b0f066a214c2f5e87bad3c948f4d605d)
Start importing Assets/Studio33 Interactive_[BasketBall] v1.1/Animations/Basketball Motions_Generic/1253_SelfalleyoopDunkA.fbx using Guid(dfa9b26bbbfaa2f4aaf511c169b3f5bd) Importer(2089858483,b0f066a214c2f5e87bad3c948f4d605d) (ScriptedImporter) -> (artifact id: '5d325d8e66b4cde54414380baa8726a1') in 0.0301221 seconds
Number of updated asset objects reloaded before import = 0Number of asset objects unloaded after import = 153

========================================================================
Received Import Request.
  Time since last request: 0.000033 seconds.
  path: Assets/Studio33 Interactive_[BasketBall] v1.1/Animations/Basketball Motions_Generic/551_BehindshootMA.fbx
  artifactKey: Guid(7a2c692b3857c3a4781eaa5caa33e47c) Importer(2089858483,b0f066a214c2f5e87bad3c948f4d605d)
Start importing Assets/Studio33 Interactive_[BasketBall] v1.1/Animations/Basketball Motions_Generic/551_BehindshootMA.fbx using Guid(7a2c692b3857c3a4781eaa5caa33e47c) Importer(2089858483,b0f066a214c2f5e87bad3c948f4d605d) (ScriptedImporter) -> (artifact id: '94219eff8cefd4d69b1032e10d5564a2') in 0.0304258 seconds
Number of updated asset objects reloaded before import = 0Number of asset objects unloaded after import = 153

========================================================================
Received Import Request.
  Time since last request: 0.000055 seconds.
  path: Assets/Studio33 Interactive_[BasketBall] v1.1/Animations/Basketball Motions Humanoid/933_PostTurfadeawayRAC.fbx
  artifactKey: Guid(5da42fbbf54ed60468aa651bad073533) Importer(2089858483,b0f066a214c2f5e87bad3c948f4d605d)
Start importing Assets/Studio33 Interactive_[BasketBall] v1.1/Animations/Basketball Motions Humanoid/933_PostTurfadeawayRAC.fbx using Guid(5da42fbbf54ed60468aa651bad073533) Importer(2089858483,b0f066a214c2f5e87bad3c948f4d605d) (ScriptedImporter) -> (artifact id: '069e38d16de1e3ba56d6082b13d0029d') in 0.0327357 seconds
Number of updated asset objects reloaded before import = 0Number of asset objects unloaded after import = 155

========================================================================
Received Import Request.
  Time since last request: 0.000043 seconds.
  path: Assets/Studio33 Interactive_[BasketBall] v1.1/Animations/Basketball Motions_Generic/961_Rebound fB.fbx
  artifactKey: Guid(34ab7b9d3758c8548bcb6ceb683634ba) Importer(2089858483,b0f066a214c2f5e87bad3c948f4d605d)
Start importing Assets/Studio33 Interactive_[BasketBall] v1.1/Animations/Basketball Motions_Generic/961_Rebound fB.fbx using Guid(34ab7b9d3758c8548bcb6ceb683634ba) Importer(2089858483,b0f066a214c2f5e87bad3c948f4d605d) (ScriptedImporter) -> (artifact id: '5393a533e113df003768a621a6ec2ef6') in 0.0321035 seconds
Number of updated asset objects reloaded before import = 0Number of asset objects unloaded after import = 153

========================================================================
Received Import Request.
  Time since last request: 0.000047 seconds.
  path: Assets/Studio33 Interactive_[BasketBall] v1.1/Animations/Basketball Motions Humanoid/1126_BlockingckedDunkBaA.fbx
  artifactKey: Guid(22e3acd9d60d5204380c654014f38c4b) Importer(2089858483,b0f066a214c2f5e87bad3c948f4d605d)
Start importing Assets/Studio33 Interactive_[BasketBall] v1.1/Animations/Basketball Motions Humanoid/1126_BlockingckedDunkBaA.fbx using Guid(22e3acd9d60d5204380c654014f38c4b) Importer(2089858483,b0f066a214c2f5e87bad3c948f4d605d) (ScriptedImporter) -> (artifact id: 'e2ac6d8eefacde754e712cff2b2226df') in 0.041361 seconds
Number of updated asset objects reloaded before import = 0Number of asset objects unloaded after import = 155

========================================================================
Received Import Request.
  Time since last request: 0.000052 seconds.
  path: Assets/Studio33 Interactive_[BasketBall] v1.1/Animations/Basketball Motions Humanoid/1885_JumpshotQuiA.fbx
  artifactKey: Guid(4a8c0d046f552434e9a6d885455d2be6) Importer(2089858483,b0f066a214c2f5e87bad3c948f4d605d)
Start importing Assets/Studio33 Interactive_[BasketBall] v1.1/Animations/Basketball Motions Humanoid/1885_JumpshotQuiA.fbx using Guid(4a8c0d046f552434e9a6d885455d2be6) Importer(2089858483,b0f066a214c2f5e87bad3c948f4d605d) (ScriptedImporter) -> (artifact id: '93de1ed00e90e58ee74aaa4935f4181a') in 0.0314788 seconds
Number of updated asset objects reloaded before import = 0Number of asset objects unloaded after import = 155

========================================================================
Received Import Request.
  Time since last request: 0.000048 seconds.
  path: Assets/Studio33 Interactive_[BasketBall] v1.1/Animations/Basketball Motions_Generic/167_PushPushedRightA.fbx
  artifactKey: Guid(17d41b5c8dea5794f9fe68c416d1b991) Importer(2089858483,b0f066a214c2f5e87bad3c948f4d605d)
Start importing Assets/Studio33 Interactive_[BasketBall] v1.1/Animations/Basketball Motions_Generic/167_PushPushedRightA.fbx using Guid(17d41b5c8dea5794f9fe68c416d1b991) Importer(2089858483,b0f066a214c2f5e87bad3c948f4d605d) (ScriptedImporter) -> (artifact id: '4f0bfcfddc52d4e3f8a75f1d945ec2a0') in 0.0324988 seconds
Number of updated asset objects reloaded before import = 0Number of asset objects unloaded after import = 153

========================================================================
Received Import Request.
  Time since last request: 0.000053 seconds.
  path: Assets/Studio33 Interactive_[BasketBall] v1.1/Animations/Basketball Motions Humanoid/1690_JumpshotUA.fbx
  artifactKey: Guid(4f123a99ded02644eb8cf684e44e0c37) Importer(2089858483,b0f066a214c2f5e87bad3c948f4d605d)
Start importing Assets/Studio33 Interactive_[BasketBall] v1.1/Animations/Basketball Motions Humanoid/1690_JumpshotUA.fbx using Guid(4f123a99ded02644eb8cf684e44e0c37) Importer(2089858483,b0f066a214c2f5e87bad3c948f4d605d) (ScriptedImporter) -> (artifact id: '270ac78b3531633fc9b94273c2b6d717') in 0.0321474 seconds
Number of updated asset objects reloaded before import = 0Number of asset objects unloaded after import = 155

========================================================================
Received Import Request.
  Time since last request: 0.000061 seconds.
  path: Assets/Studio33 Interactive_[BasketBall] v1.1/Animations/Basketball Motions_Generic/507_Dribbleright.fbx
  artifactKey: Guid(cc9967a9fef7942498d475653a0c4748) Importer(2089858483,b0f066a214c2f5e87bad3c948f4d605d)
Start importing Assets/Studio33 Interactive_[BasketBall] v1.1/Animations/Basketball Motions_Generic/507_Dribbleright.fbx using Guid(cc9967a9fef7942498d475653a0c4748) Importer(2089858483,b0f066a214c2f5e87bad3c948f4d605d) (ScriptedImporter) -> (artifact id: '63b29be4cd302ac465e69fefb5e0c258') in 0.027849 seconds
Number of updated asset objects reloaded before import = 0Number of asset objects unloaded after import = 153

========================================================================
Received Import Request.
  Time since last request: 0.000048 seconds.
  path: Assets/Studio33 Interactive_[BasketBall] v1.1/Animations/Basketball Motions Humanoid/1896_BjDunkCA.fbx
  artifactKey: Guid(a2146ed3d0d6b6a44afce7f05e975eae) Importer(2089858483,b0f066a214c2f5e87bad3c948f4d605d)
Start importing Assets/Studio33 Interactive_[BasketBall] v1.1/Animations/Basketball Motions Humanoid/1896_BjDunkCA.fbx using Guid(a2146ed3d0d6b6a44afce7f05e975eae) Importer(2089858483,b0f066a214c2f5e87bad3c948f4d605d) (ScriptedImporter) -> (artifact id: '17b86a31c01db4f56f2ee8f822018407') in 0.033695 seconds
Number of updated asset objects reloaded before import = 0Number of asset objects unloaded after import = 155

========================================================================
Received Import Request.
  Time since last request: 0.000041 seconds.
  path: Assets/Studio33 Interactive_[BasketBall] v1.1/Animations/Basketball Motions_Generic/336_JabstepEA.fbx
  artifactKey: Guid(1ed7e4e6a4c2a36468abaa535609bdf7) Importer(2089858483,b0f066a214c2f5e87bad3c948f4d605d)
Start importing Assets/Studio33 Interactive_[BasketBall] v1.1/Animations/Basketball Motions_Generic/336_JabstepEA.fbx using Guid(1ed7e4e6a4c2a36468abaa535609bdf7) Importer(2089858483,b0f066a214c2f5e87bad3c948f4d605d) (ScriptedImporter) -> (artifact id: '29bd02a4f540757480b5b9f296dbff47') in 0.0354323 seconds
Number of updated asset objects reloaded before import = 0Number of asset objects unloaded after import = 153

========================================================================
Received Import Request.
  Time since last request: 0.000052 seconds.
  path: Assets/Studio33 Interactive_[BasketBall] v1.1/Animations/Basketball Motions_Generic/1857_DunkCA.fbx
  artifactKey: Guid(6293c3c572abcd34d89d70bb41bf0d67) Importer(2089858483,b0f066a214c2f5e87bad3c948f4d605d)
Start importing Assets/Studio33 Interactive_[BasketBall] v1.1/Animations/Basketball Motions_Generic/1857_DunkCA.fbx using Guid(6293c3c572abcd34d89d70bb41bf0d67) Importer(2089858483,b0f066a214c2f5e87bad3c948f4d605d) (ScriptedImporter) -> (artifact id: '7c107e4d0a70e424808dc6858e52c0b6') in 0.0347481 seconds
Number of updated asset objects reloaded before import = 0Number of asset objects unloaded after import = 153

========================================================================
Received Import Request.
  Time since last request: 0.000028 seconds.
  path: Assets/Studio33 Interactive_[BasketBall] v1.1/Animations/Basketball Motions_Generic/2084_MkJumpshotMA.fbx
  artifactKey: Guid(69c6fde9c0ed2c940b0b8170f6989969) Importer(2089858483,b0f066a214c2f5e87bad3c948f4d605d)
Start importing Assets/Studio33 Interactive_[BasketBall] v1.1/Animations/Basketball Motions_Generic/2084_MkJumpshotMA.fbx using Guid(69c6fde9c0ed2c940b0b8170f6989969) Importer(2089858483,b0f066a214c2f5e87bad3c948f4d605d) (ScriptedImporter) -> (artifact id: '471a20042703487202892b4317184a83') in 0.0309607 seconds
Number of updated asset objects reloaded before import = 0Number of asset objects unloaded after import = 153

========================================================================
Received Import Request.
  Time since last request: 0.000035 seconds.
  path: Assets/Studio33 Interactive_[BasketBall] v1.1/Animations/Basketball Motions Humanoid/1202_DunkRA.fbx
  artifactKey: Guid(d26a652352c7e8344a709cddf764895f) Importer(2089858483,b0f066a214c2f5e87bad3c948f4d605d)
Start importing Assets/Studio33 Interactive_[BasketBall] v1.1/Animations/Basketball Motions Humanoid/1202_DunkRA.fbx using Guid(d26a652352c7e8344a709cddf764895f) Importer(2089858483,b0f066a214c2f5e87bad3c948f4d605d) (ScriptedImporter) -> (artifact id: 'b0ed47295e6da2a41af2be3bcd17490c') in 0.0359557 seconds
Number of updated asset objects reloaded before import = 0Number of asset objects unloaded after import = 155

========================================================================
Received Import Request.
  Time since last request: 0.000054 seconds.
  path: Assets/Studio33 Interactive_[BasketBall] v1.1/Animations/Basketball Motions Humanoid/88_Blockingdash.fbx
  artifactKey: Guid(2459020a1a93bc545a65116ca00aa58f) Importer(2089858483,b0f066a214c2f5e87bad3c948f4d605d)
Start importing Assets/Studio33 Interactive_[BasketBall] v1.1/Animations/Basketball Motions Humanoid/88_Blockingdash.fbx using Guid(2459020a1a93bc545a65116ca00aa58f) Importer(2089858483,b0f066a214c2f5e87bad3c948f4d605d) (ScriptedImporter) -> (artifact id: '214b7a3d98a5625fb572a919569ad421') in 0.0311462 seconds
Number of updated asset objects reloaded before import = 0Number of asset objects unloaded after import = 155

========================================================================
Received Import Request.
  Time since last request: 0.000037 seconds.
  path: Assets/Studio33 Interactive_[BasketBall] v1.1/Animations/Basketball Motions Humanoid/1902_DunkCA.fbx
  artifactKey: Guid(3c8f2f826ca3f8644b24991468b1b964) Importer(2089858483,b0f066a214c2f5e87bad3c948f4d605d)
Start importing Assets/Studio33 Interactive_[BasketBall] v1.1/Animations/Basketball Motions Humanoid/1902_DunkCA.fbx using Guid(3c8f2f826ca3f8644b24991468b1b964) Importer(2089858483,b0f066a214c2f5e87bad3c948f4d605d) (ScriptedImporter) -> (artifact id: 'd224cdd891aa8c12ae93054c951d72be') in 0.0402852 seconds
Number of updated asset objects reloaded before import = 0Number of asset objects unloaded after import = 155

========================================================================
Received Import Request.
  Time since last request: 0.000040 seconds.
  path: Assets/Studio33 Interactive_[BasketBall] v1.1/Animations/Basketball Motions_Generic/811_PostBackingpassKilA.fbx
  artifactKey: Guid(7bc160b2efa9f9947b7cb2d3be4cca0b) Importer(2089858483,b0f066a214c2f5e87bad3c948f4d605d)
Start importing Assets/Studio33 Interactive_[BasketBall] v1.1/Animations/Basketball Motions_Generic/811_PostBackingpassKilA.fbx using Guid(7bc160b2efa9f9947b7cb2d3be4cca0b) Importer(2089858483,b0f066a214c2f5e87bad3c948f4d605d) (ScriptedImporter) -> (artifact id: 'e78d4b43994caad02b2cf9ac79e837a7') in 0.0405471 seconds
Number of updated asset objects reloaded before import = 0Number of asset objects unloaded after import = 153

========================================================================
Received Import Request.
  Time since last request: 0.000044 seconds.
  path: Assets/Studio33 Interactive_[BasketBall] v1.1/Animations/Basketball Motions Humanoid/2111_JumpshotMA.fbx
  artifactKey: Guid(8f7db2bb1e738a44e869280809108245) Importer(2089858483,b0f066a214c2f5e87bad3c948f4d605d)
Start importing Assets/Studio33 Interactive_[BasketBall] v1.1/Animations/Basketball Motions Humanoid/2111_JumpshotMA.fbx using Guid(8f7db2bb1e738a44e869280809108245) Importer(2089858483,b0f066a214c2f5e87bad3c948f4d605d) (ScriptedImporter) -> (artifact id: 'dbb936693d0df02dfd18b60cb747643b') in 0.0322735 seconds
Number of updated asset objects reloaded before import = 0Number of asset objects unloaded after import = 155

========================================================================
Received Import Request.
  Time since last request: 0.000037 seconds.
  path: Assets/Studio33 Interactive_[BasketBall] v1.1/Animations/Basketball Motions_Generic/710_PassChestFA.fbx
  artifactKey: Guid(8c2a1040fcd0347429a24e6e35490451) Importer(2089858483,b0f066a214c2f5e87bad3c948f4d605d)
Start importing Assets/Studio33 Interactive_[BasketBall] v1.1/Animations/Basketball Motions_Generic/710_PassChestFA.fbx using Guid(8c2a1040fcd0347429a24e6e35490451) Importer(2089858483,b0f066a214c2f5e87bad3c948f4d605d) (ScriptedImporter) -> (artifact id: 'a714b0104e9e9b8d6bee48d65cb05d91') in 0.0298301 seconds
Number of updated asset objects reloaded before import = 0Number of asset objects unloaded after import = 153

========================================================================
Received Import Request.
  Time since last request: 0.000048 seconds.
  path: Assets/Studio33 Interactive_[BasketBall] v1.1/Animations/Basketball Motions_Generic/762_PassioverFA.fbx
  artifactKey: Guid(ed4e702930551714e9637650ef7dc6cd) Importer(2089858483,b0f066a214c2f5e87bad3c948f4d605d)
Start importing Assets/Studio33 Interactive_[BasketBall] v1.1/Animations/Basketball Motions_Generic/762_PassioverFA.fbx using Guid(ed4e702930551714e9637650ef7dc6cd) Importer(2089858483,b0f066a214c2f5e87bad3c948f4d605d) (ScriptedImporter) -> (artifact id: '061e0d454b06bf00c1905805142a5a80') in 0.0278709 seconds
Number of updated asset objects reloaded before import = 0Number of asset objects unloaded after import = 153

========================================================================
Received Import Request.
  Time since last request: 0.000054 seconds.
  path: Assets/Studio33 Interactive_[BasketBall] v1.1/Animations/Basketball Motions Humanoid/1197_DunkRA.fbx
  artifactKey: Guid(a9fab8bbda132d94b999cbfc164c0de5) Importer(2089858483,b0f066a214c2f5e87bad3c948f4d605d)
Start importing Assets/Studio33 Interactive_[BasketBall] v1.1/Animations/Basketball Motions Humanoid/1197_DunkRA.fbx using Guid(a9fab8bbda132d94b999cbfc164c0de5) Importer(2089858483,b0f066a214c2f5e87bad3c948f4d605d) (ScriptedImporter) -> (artifact id: '2a56c73b1d94cd313cacded2bcff5c31') in 0.0315899 seconds
Number of updated asset objects reloaded before import = 0Number of asset objects unloaded after import = 155

========================================================================
Received Import Request.
  Time since last request: 0.000048 seconds.
  path: Assets/Studio33 Interactive_[BasketBall] v1.1/Animations/Basketball Motions Humanoid/1017_Rebound fC.fbx
  artifactKey: Guid(06d309e418de2fe4787be56dd6f6fd53) Importer(2089858483,b0f066a214c2f5e87bad3c948f4d605d)
Start importing Assets/Studio33 Interactive_[BasketBall] v1.1/Animations/Basketball Motions Humanoid/1017_Rebound fC.fbx using Guid(06d309e418de2fe4787be56dd6f6fd53) Importer(2089858483,b0f066a214c2f5e87bad3c948f4d605d) (ScriptedImporter) -> (artifact id: '60369858d0b2f533a092cb8b264fbd93') in 0.0369289 seconds
Number of updated asset objects reloaded before import = 0Number of asset objects unloaded after import = 155

========================================================================
Received Import Request.
  Time since last request: 0.000045 seconds.
  path: Assets/Studio33 Interactive_[BasketBall] v1.1/Animations/Basketball Motions_Generic/1350_JumpshotMA.fbx
  artifactKey: Guid(afa7ee7bc6bd663499696b43ebc38725) Importer(2089858483,b0f066a214c2f5e87bad3c948f4d605d)
Start importing Assets/Studio33 Interactive_[BasketBall] v1.1/Animations/Basketball Motions_Generic/1350_JumpshotMA.fbx using Guid(afa7ee7bc6bd663499696b43ebc38725) Importer(2089858483,b0f066a214c2f5e87bad3c948f4d605d) (ScriptedImporter) -> (artifact id: '835438bcfc961e13dd2fd181315a3c96') in 0.0333994 seconds
Number of updated asset objects reloaded before import = 0Number of asset objects unloaded after import = 153

========================================================================
Received Import Request.
  Time since last request: 0.000053 seconds.
  path: Assets/Studio33 Interactive_[BasketBall] v1.1/Animations/Basketball Motions_Generic/1701_LayupRevRA.fbx
  artifactKey: Guid(c22b17799bdb3fa498503c0b26c546d5) Importer(2089858483,b0f066a214c2f5e87bad3c948f4d605d)
Start importing Assets/Studio33 Interactive_[BasketBall] v1.1/Animations/Basketball Motions_Generic/1701_LayupRevRA.fbx using Guid(c22b17799bdb3fa498503c0b26c546d5) Importer(2089858483,b0f066a214c2f5e87bad3c948f4d605d) (ScriptedImporter) -> (artifact id: 'f69b627bcb75bdd92911a0b1b8df08fc') in 0.0295158 seconds
Number of updated asset objects reloaded before import = 0Number of asset objects unloaded after import = 153

========================================================================
Received Import Request.
  Time since last request: 0.000039 seconds.
  path: Assets/Studio33 Interactive_[BasketBall] v1.1/Animations/Basketball Motions_Generic/1429_LayupCA.fbx
  artifactKey: Guid(fb09173e4a3cd8b489e91e2a1374a451) Importer(2089858483,b0f066a214c2f5e87bad3c948f4d605d)
Start importing Assets/Studio33 Interactive_[BasketBall] v1.1/Animations/Basketball Motions_Generic/1429_LayupCA.fbx using Guid(fb09173e4a3cd8b489e91e2a1374a451) Importer(2089858483,b0f066a214c2f5e87bad3c948f4d605d) (ScriptedImporter) -> (artifact id: '9d0dc1e37e0713e891e3f5b69c9bcf41') in 0.0310917 seconds
Number of updated asset objects reloaded before import = 0Number of asset objects unloaded after import = 153

========================================================================
Received Import Request.
  Time since last request: 0.000038 seconds.
  path: Assets/Studio33 Interactive_[BasketBall] v1.1/Animations/Basketball Motions_Generic/1904_JumpshotMA.fbx
  artifactKey: Guid(9f4d39ff5bbfc6e49b45a74586c88e3d) Importer(2089858483,b0f066a214c2f5e87bad3c948f4d605d)
Start importing Assets/Studio33 Interactive_[BasketBall] v1.1/Animations/Basketball Motions_Generic/1904_JumpshotMA.fbx using Guid(9f4d39ff5bbfc6e49b45a74586c88e3d) Importer(2089858483,b0f066a214c2f5e87bad3c948f4d605d) (ScriptedImporter) -> (artifact id: '3d07f36d70534fb9f9ad39b6c15571c1') in 0.0292664 seconds
Number of updated asset objects reloaded before import = 0Number of asset objects unloaded after import = 153

========================================================================
Received Import Request.
  Time since last request: 0.000048 seconds.
  path: Assets/Studio33 Interactive_[BasketBall] v1.1/Animations/Basketball Motions Humanoid/14_PostBackingpushA.fbx
  artifactKey: Guid(ed94c8af168fc6a4f985f607e56dca33) Importer(2089858483,b0f066a214c2f5e87bad3c948f4d605d)
Start importing Assets/Studio33 Interactive_[BasketBall] v1.1/Animations/Basketball Motions Humanoid/14_PostBackingpushA.fbx using Guid(ed94c8af168fc6a4f985f607e56dca33) Importer(2089858483,b0f066a214c2f5e87bad3c948f4d605d) (ScriptedImporter) -> (artifact id: 'bf94465d87d825c45e7db07a8820dd31') in 0.0294416 seconds
Number of updated asset objects reloaded before import = 0Number of asset objects unloaded after import = 155

========================================================================
Received Import Request.
  Time since last request: 0.000055 seconds.
  path: Assets/Studio33 Interactive_[BasketBall] v1.1/Animations/Basketball Motions_Generic/1141_DclutchFLeftA.fbx
  artifactKey: Guid(67c0d0a5b00cd2342ad0265868640fdc) Importer(2089858483,b0f066a214c2f5e87bad3c948f4d605d)
Start importing Assets/Studio33 Interactive_[BasketBall] v1.1/Animations/Basketball Motions_Generic/1141_DclutchFLeftA.fbx using Guid(67c0d0a5b00cd2342ad0265868640fdc) Importer(2089858483,b0f066a214c2f5e87bad3c948f4d605d) (ScriptedImporter) -> (artifact id: 'e6c3409e2f4e3937feb7b416225fab53') in 0.0336586 seconds
Number of updated asset objects reloaded before import = 0Number of asset objects unloaded after import = 153

========================================================================
Received Import Request.
  Time since last request: 0.000034 seconds.
  path: Assets/Studio33 Interactive_[BasketBall] v1.1/Animations/Basketball Motions Humanoid/37_BlockingshortJumpF.fbx
  artifactKey: Guid(b58a27d7aef1fd246a31e95abc3c8897) Importer(2089858483,b0f066a214c2f5e87bad3c948f4d605d)
Start importing Assets/Studio33 Interactive_[BasketBall] v1.1/Animations/Basketball Motions Humanoid/37_BlockingshortJumpF.fbx using Guid(b58a27d7aef1fd246a31e95abc3c8897) Importer(2089858483,b0f066a214c2f5e87bad3c948f4d605d) (ScriptedImporter) -> (artifact id: '2d5cd530906659c8ce002a39822f8df5') in 0.0335601 seconds
Number of updated asset objects reloaded before import = 0Number of asset objects unloaded after import = 155

========================================================================
Received Import Request.
  Time since last request: 0.000043 seconds.
  path: Assets/Studio33 Interactive_[BasketBall] v1.1/Animations/Basketball Motions Humanoid/1457_JumpshotMFakeA.fbx
  artifactKey: Guid(d2298d6ef9ba8d74087515d5cbdd78aa) Importer(2089858483,b0f066a214c2f5e87bad3c948f4d605d)
Start importing Assets/Studio33 Interactive_[BasketBall] v1.1/Animations/Basketball Motions Humanoid/1457_JumpshotMFakeA.fbx using Guid(d2298d6ef9ba8d74087515d5cbdd78aa) Importer(2089858483,b0f066a214c2f5e87bad3c948f4d605d) (ScriptedImporter) -> (artifact id: 'cd688f2373ddce82074fa8aa51ae359c') in 0.0337597 seconds
Number of updated asset objects reloaded before import = 0Number of asset objects unloaded after import = 155

========================================================================
Received Import Request.
  Time since last request: 0.000064 seconds.
  path: Assets/Studio33 Interactive_[BasketBall] v1.1/Animations/Basketball Motions_Generic/2163_PivotLFA.fbx
  artifactKey: Guid(47dd03e0249b44f4293e3660367fb77e) Importer(2089858483,b0f066a214c2f5e87bad3c948f4d605d)
Start importing Assets/Studio33 Interactive_[BasketBall] v1.1/Animations/Basketball Motions_Generic/2163_PivotLFA.fbx using Guid(47dd03e0249b44f4293e3660367fb77e) Importer(2089858483,b0f066a214c2f5e87bad3c948f4d605d) (ScriptedImporter) -> (artifact id: '254a5b0fbba7c82f7903432d9a32575f') in 0.0290112 seconds
Number of updated asset objects reloaded before import = 0Number of asset objects unloaded after import = 153

========================================================================
Received Import Request.
  Time since last request: 0.000033 seconds.
  path: Assets/Studio33 Interactive_[BasketBall] v1.1/Animations/Basketball Motions Humanoid/1561_LayupCA.fbx
  artifactKey: Guid(8f4adfea7d8a947488664c781327ef8a) Importer(2089858483,b0f066a214c2f5e87bad3c948f4d605d)
Start importing Assets/Studio33 Interactive_[BasketBall] v1.1/Animations/Basketball Motions Humanoid/1561_LayupCA.fbx using Guid(8f4adfea7d8a947488664c781327ef8a) Importer(2089858483,b0f066a214c2f5e87bad3c948f4d605d) (ScriptedImporter) -> (artifact id: 'e6cab5f3b5dc68d89d6ce8af7a200069') in 0.0324546 seconds
Number of updated asset objects reloaded before import = 0Number of asset objects unloaded after import = 155

========================================================================
Received Import Request.
  Time since last request: 0.000047 seconds.
  path: Assets/Studio33 Interactive_[BasketBall] v1.1/Animations/Basketball Motions Humanoid/2175_Dribbleright.fbx
  artifactKey: Guid(1f2b14625e5ddf549877b1ac1f433bb5) Importer(2089858483,b0f066a214c2f5e87bad3c948f4d605d)
Start importing Assets/Studio33 Interactive_[BasketBall] v1.1/Animations/Basketball Motions Humanoid/2175_Dribbleright.fbx using Guid(1f2b14625e5ddf549877b1ac1f433bb5) Importer(2089858483,b0f066a214c2f5e87bad3c948f4d605d) (ScriptedImporter) -> (artifact id: '7f9b71e749f182fa740b0f93f4b5b443') in 0.0366448 seconds
Number of updated asset objects reloaded before import = 0Number of asset objects unloaded after import = 155

========================================================================
Received Import Request.
  Time since last request: 0.000065 seconds.
  path: Assets/Studio33 Interactive_[BasketBall] v1.1/Animations/Basketball Motions_Generic/65_BlockingshortL.fbx
  artifactKey: Guid(bb479bbebfe459743a5d78f996b92509) Importer(2089858483,b0f066a214c2f5e87bad3c948f4d605d)
Start importing Assets/Studio33 Interactive_[BasketBall] v1.1/Animations/Basketball Motions_Generic/65_BlockingshortL.fbx using Guid(bb479bbebfe459743a5d78f996b92509) Importer(2089858483,b0f066a214c2f5e87bad3c948f4d605d) (ScriptedImporter) -> (artifact id: '07d40a9e3a0efb65127d8f42f1bbe4bc') in 0.029833 seconds
Number of updated asset objects reloaded before import = 0Number of asset objects unloaded after import = 153

========================================================================
Received Import Request.
  Time since last request: 0.000042 seconds.
  path: Assets/Studio33 Interactive_[BasketBall] v1.1/Animations/Basketball Motions_Generic/450_MarkResistancefaceupF.fbx
  artifactKey: Guid(59dbae4c279b02e41a83000309354d2e) Importer(2089858483,b0f066a214c2f5e87bad3c948f4d605d)
Start importing Assets/Studio33 Interactive_[BasketBall] v1.1/Animations/Basketball Motions_Generic/450_MarkResistancefaceupF.fbx using Guid(59dbae4c279b02e41a83000309354d2e) Importer(2089858483,b0f066a214c2f5e87bad3c948f4d605d) (ScriptedImporter) -> (artifact id: '21bcd4611623d9439886f5d4f86b37d5') in 0.0295596 seconds
Number of updated asset objects reloaded before import = 0Number of asset objects unloaded after import = 153

========================================================================
Received Import Request.
  Time since last request: 0.000039 seconds.
  path: Assets/Studio33 Interactive_[BasketBall] v1.1/Animations/Basketball Motions Humanoid/828_PassChestA.fbx
  artifactKey: Guid(3a57ebcc93fc67f4cb9f85763396a9c0) Importer(2089858483,b0f066a214c2f5e87bad3c948f4d605d)
Start importing Assets/Studio33 Interactive_[BasketBall] v1.1/Animations/Basketball Motions Humanoid/828_PassChestA.fbx using Guid(3a57ebcc93fc67f4cb9f85763396a9c0) Importer(2089858483,b0f066a214c2f5e87bad3c948f4d605d) (ScriptedImporter) -> (artifact id: 'da433fb4d18474cb3975f0c9780119c5') in 0.0324655 seconds
Number of updated asset objects reloaded before import = 0Number of asset objects unloaded after import = 155

========================================================================
Received Import Request.
  Time since last request: 0.000081 seconds.
  path: Assets/Studio33 Interactive_[BasketBall] v1.1/Animations/Basketball Motions Humanoid/1915_JumpshotMFakeA.fbx
  artifactKey: Guid(576899ddc19e9de42babf7942221aaea) Importer(2089858483,b0f066a214c2f5e87bad3c948f4d605d)
Start importing Assets/Studio33 Interactive_[BasketBall] v1.1/Animations/Basketball Motions Humanoid/1915_JumpshotMFakeA.fbx using Guid(576899ddc19e9de42babf7942221aaea) Importer(2089858483,b0f066a214c2f5e87bad3c948f4d605d) (ScriptedImporter) -> (artifact id: 'b4779a1bb198478bdffe8597d49c83b5') in 0.0322496 seconds
Number of updated asset objects reloaded before import = 0Number of asset objects unloaded after import = 155

========================================================================
Received Import Request.
  Time since last request: 0.000042 seconds.
  path: Assets/Studio33 Interactive_[BasketBall] v1.1/Animations/Basketball Motions_Generic/1792_DunkCA.fbx
  artifactKey: Guid(3a7b6a45c4387654bb64207919e481e6) Importer(2089858483,b0f066a214c2f5e87bad3c948f4d605d)
Start importing Assets/Studio33 Interactive_[BasketBall] v1.1/Animations/Basketball Motions_Generic/1792_DunkCA.fbx using Guid(3a7b6a45c4387654bb64207919e481e6) Importer(2089858483,b0f066a214c2f5e87bad3c948f4d605d) (ScriptedImporter) -> (artifact id: 'deb55916a6f0771b6f66375f97356b9c') in 0.0327531 seconds
Number of updated asset objects reloaded before import = 0Number of asset objects unloaded after import = 153

========================================================================
Received Import Request.
  Time since last request: 0.000045 seconds.
  path: Assets/Studio33 Interactive_[BasketBall] v1.1/Animations/Basketball Motions_Generic/80_BlockingckpassLongFarLayupFLA.fbx
  artifactKey: Guid(70e5dea84777923488388f4c6585d9b2) Importer(2089858483,b0f066a214c2f5e87bad3c948f4d605d)
Start importing Assets/Studio33 Interactive_[BasketBall] v1.1/Animations/Basketball Motions_Generic/80_BlockingckpassLongFarLayupFLA.fbx using Guid(70e5dea84777923488388f4c6585d9b2) Importer(2089858483,b0f066a214c2f5e87bad3c948f4d605d) (ScriptedImporter) -> (artifact id: '2a19b32276834261df2267ff314f2e1e') in 0.0305568 seconds
Number of updated asset objects reloaded before import = 0Number of asset objects unloaded after import = 153

========================================================================
Received Import Request.
  Time since last request: 0.000045 seconds.
  path: Assets/Studio33 Interactive_[BasketBall] v1.1/Animations/Basketball Motions_Generic/939_ChipoutAA.fbx
  artifactKey: Guid(637bc2b0f39b8f543b9ee3de7cd86984) Importer(2089858483,b0f066a214c2f5e87bad3c948f4d605d)
Start importing Assets/Studio33 Interactive_[BasketBall] v1.1/Animations/Basketball Motions_Generic/939_ChipoutAA.fbx using Guid(637bc2b0f39b8f543b9ee3de7cd86984) Importer(2089858483,b0f066a214c2f5e87bad3c948f4d605d) (ScriptedImporter) -> (artifact id: 'a54659aba3f237c129aa7fe88cc06cf2') in 0.0302643 seconds
Number of updated asset objects reloaded before import = 0Number of asset objects unloaded after import = 153

========================================================================
Received Import Request.
  Time since last request: 0.000040 seconds.
  path: Assets/Studio33 Interactive_[BasketBall] v1.1/Animations/Basketball Motions_Generic/1848_DunkCA.fbx
  artifactKey: Guid(d9c78b9dfad9310499c79e1b2d8ccd5e) Importer(2089858483,b0f066a214c2f5e87bad3c948f4d605d)
Start importing Assets/Studio33 Interactive_[BasketBall] v1.1/Animations/Basketball Motions_Generic/1848_DunkCA.fbx using Guid(d9c78b9dfad9310499c79e1b2d8ccd5e) Importer(2089858483,b0f066a214c2f5e87bad3c948f4d605d) (ScriptedImporter) -> (artifact id: '9eb5fb2ac20b16db36c41ea171e49444') in 0.0318817 seconds
Number of updated asset objects reloaded before import = 0Number of asset objects unloaded after import = 153

========================================================================
Received Import Request.
  Time since last request: 0.000041 seconds.
  path: Assets/Studio33 Interactive_[BasketBall] v1.1/Animations/Basketball Motions_Generic/858_PassChestA.fbx
  artifactKey: Guid(acc825c883267e444aaf3471b7debafb) Importer(2089858483,b0f066a214c2f5e87bad3c948f4d605d)
Start importing Assets/Studio33 Interactive_[BasketBall] v1.1/Animations/Basketball Motions_Generic/858_PassChestA.fbx using Guid(acc825c883267e444aaf3471b7debafb) Importer(2089858483,b0f066a214c2f5e87bad3c948f4d605d) (ScriptedImporter) -> (artifact id: 'acf189dacb6357fbc5327aefec3d09d0') in 0.0294794 seconds
Number of updated asset objects reloaded before import = 0Number of asset objects unloaded after import = 153

========================================================================
Received Import Request.
  Time since last request: 0.000039 seconds.
  path: Assets/Studio33 Interactive_[BasketBall] v1.1/Animations/Basketball Motions Humanoid/155_BlockingckedFrontA.fbx
  artifactKey: Guid(55850fef48ea4e94f9bc387f654bcfa8) Importer(2089858483,b0f066a214c2f5e87bad3c948f4d605d)
Start importing Assets/Studio33 Interactive_[BasketBall] v1.1/Animations/Basketball Motions Humanoid/155_BlockingckedFrontA.fbx using Guid(55850fef48ea4e94f9bc387f654bcfa8) Importer(2089858483,b0f066a214c2f5e87bad3c948f4d605d) (ScriptedImporter) -> (artifact id: '3159493210c60bf8f4df6a4962853009') in 0.0311436 seconds
Number of updated asset objects reloaded before import = 0Number of asset objects unloaded after import = 155

========================================================================
Received Import Request.
  Time since last request: 0.000036 seconds.
  path: Assets/Studio33 Interactive_[BasketBall] v1.1/Animations/Basketball Motions Humanoid/644_Run.fbx
  artifactKey: Guid(4d4519924f43f5445a949a1085c3403e) Importer(2089858483,b0f066a214c2f5e87bad3c948f4d605d)
Start importing Assets/Studio33 Interactive_[BasketBall] v1.1/Animations/Basketball Motions Humanoid/644_Run.fbx using Guid(4d4519924f43f5445a949a1085c3403e) Importer(2089858483,b0f066a214c2f5e87bad3c948f4d605d) (ScriptedImporter) -> (artifact id: '1edf6a633c3f1a9e83a2b10b69940263') in 0.0419615 seconds
Number of updated asset objects reloaded before import = 0Number of asset objects unloaded after import = 155

========================================================================
Received Import Request.
  Time since last request: 0.000045 seconds.
  path: Assets/Studio33 Interactive_[BasketBall] v1.1/Animations/Basketball Motions_Generic/739_PostBackingpassKiA.fbx
  artifactKey: Guid(b0ac6b1b005c25f47b2df51364960977) Importer(2089858483,b0f066a214c2f5e87bad3c948f4d605d)
Start importing Assets/Studio33 Interactive_[BasketBall] v1.1/Animations/Basketball Motions_Generic/739_PostBackingpassKiA.fbx using Guid(b0ac6b1b005c25f47b2df51364960977) Importer(2089858483,b0f066a214c2f5e87bad3c948f4d605d) (ScriptedImporter) -> (artifact id: 'a94aeedecb64f1efa99507b1046dcc9d') in 0.0310087 seconds
Number of updated asset objects reloaded before import = 0Number of asset objects unloaded after import = 153

========================================================================
Received Import Request.
  Time since last request: 0.000046 seconds.
  path: Assets/Studio33 Interactive_[BasketBall] v1.1/Animations/Basketball Motions Humanoid/2057_DunkCA.fbx
  artifactKey: Guid(98812fffb3082b24c984861e3953987e) Importer(2089858483,b0f066a214c2f5e87bad3c948f4d605d)
Start importing Assets/Studio33 Interactive_[BasketBall] v1.1/Animations/Basketball Motions Humanoid/2057_DunkCA.fbx using Guid(98812fffb3082b24c984861e3953987e) Importer(2089858483,b0f066a214c2f5e87bad3c948f4d605d) (ScriptedImporter) -> (artifact id: '47253106fa23d65f2dce69b49a84af42') in 0.0339983 seconds
Number of updated asset objects reloaded before import = 0Number of asset objects unloaded after import = 155

========================================================================
Received Import Request.
  Time since last request: 0.000051 seconds.
  path: Assets/Studio33 Interactive_[BasketBall] v1.1/Animations/Basketball Motions Humanoid/209_PushPushedRightA.fbx
  artifactKey: Guid(cd1685373c1f8284a9b242bd9f1e754f) Importer(2089858483,b0f066a214c2f5e87bad3c948f4d605d)
Start importing Assets/Studio33 Interactive_[BasketBall] v1.1/Animations/Basketball Motions Humanoid/209_PushPushedRightA.fbx using Guid(cd1685373c1f8284a9b242bd9f1e754f) Importer(2089858483,b0f066a214c2f5e87bad3c948f4d605d) (ScriptedImporter) -> (artifact id: '3750867019c362803ab4e49c55fe0cf4') in 0.0372457 seconds
Number of updated asset objects reloaded before import = 0Number of asset objects unloaded after import = 155

========================================================================
Received Import Request.
  Time since last request: 0.000045 seconds.
  path: Assets/Studio33 Interactive_[BasketBall] v1.1/Animations/Basketball Motions_Generic/1830_DunkRA.fbx
  artifactKey: Guid(bafbc7ac299fa8147a018eb990dc6f6d) Importer(2089858483,b0f066a214c2f5e87bad3c948f4d605d)
Start importing Assets/Studio33 Interactive_[BasketBall] v1.1/Animations/Basketball Motions_Generic/1830_DunkRA.fbx using Guid(bafbc7ac299fa8147a018eb990dc6f6d) Importer(2089858483,b0f066a214c2f5e87bad3c948f4d605d) (ScriptedImporter) -> (artifact id: 'a04429a0f9c4e395d73aade5625cc505') in 0.031793 seconds
Number of updated asset objects reloaded before import = 0Number of asset objects unloaded after import = 153

========================================================================
Received Import Request.
  Time since last request: 0.000055 seconds.
  path: Assets/Studio33 Interactive_[BasketBall] v1.1/Animations/Basketball Motions Humanoid/1222_LayupCA.fbx
  artifactKey: Guid(a5372a53e2c7a024693a8e9a0804523e) Importer(2089858483,b0f066a214c2f5e87bad3c948f4d605d)
Start importing Assets/Studio33 Interactive_[BasketBall] v1.1/Animations/Basketball Motions Humanoid/1222_LayupCA.fbx using Guid(a5372a53e2c7a024693a8e9a0804523e) Importer(2089858483,b0f066a214c2f5e87bad3c948f4d605d) (ScriptedImporter) -> (artifact id: '9f6bd12304e96907039fc4d010cc4c2f') in 0.0354314 seconds
Number of updated asset objects reloaded before import = 0Number of asset objects unloaded after import = 155

========================================================================
Received Import Request.
  Time since last request: 0.000058 seconds.
  path: Assets/Studio33 Interactive_[BasketBall] v1.1/Animations/Basketball Motions_Generic/884_PostBafrontDunkA.fbx
  artifactKey: Guid(ddd36ca4b94008547b7545020e2824a3) Importer(2089858483,b0f066a214c2f5e87bad3c948f4d605d)
Start importing Assets/Studio33 Interactive_[BasketBall] v1.1/Animations/Basketball Motions_Generic/884_PostBafrontDunkA.fbx using Guid(ddd36ca4b94008547b7545020e2824a3) Importer(2089858483,b0f066a214c2f5e87bad3c948f4d605d) (ScriptedImporter) -> (artifact id: '02124a501d3ba413f662d23601a1fe48') in 0.0345592 seconds
Number of updated asset objects reloaded before import = 0Number of asset objects unloaded after import = 153

========================================================================
Received Import Request.
  Time since last request: 0.000051 seconds.
  path: Assets/Studio33 Interactive_[BasketBall] v1.1/Animations/Basketball Motions_Generic/1945_DunkRA.fbx
  artifactKey: Guid(7883fa7f535a4a64da80f4552a0b42bb) Importer(2089858483,b0f066a214c2f5e87bad3c948f4d605d)
Start importing Assets/Studio33 Interactive_[BasketBall] v1.1/Animations/Basketball Motions_Generic/1945_DunkRA.fbx using Guid(7883fa7f535a4a64da80f4552a0b42bb) Importer(2089858483,b0f066a214c2f5e87bad3c948f4d605d) (ScriptedImporter) -> (artifact id: '6f19615177d2aa4e9a6772c4dd637803') in 0.0305165 seconds
Number of updated asset objects reloaded before import = 0Number of asset objects unloaded after import = 153

========================================================================
Received Import Request.
  Time since last request: 0.000052 seconds.
  path: Assets/Studio33 Interactive_[BasketBall] v1.1/Animations/Basketball Motions_Generic/1000_Rebound tappassShortBaA.fbx
  artifactKey: Guid(3407f3f4d3bf17842ada16360849ebdc) Importer(2089858483,b0f066a214c2f5e87bad3c948f4d605d)
Start importing Assets/Studio33 Interactive_[BasketBall] v1.1/Animations/Basketball Motions_Generic/1000_Rebound tappassShortBaA.fbx using Guid(3407f3f4d3bf17842ada16360849ebdc) Importer(2089858483,b0f066a214c2f5e87bad3c948f4d605d) (ScriptedImporter) -> (artifact id: '87283a8f63647006ee24ff801b92d4f7') in 0.029114 seconds
Number of updated asset objects reloaded before import = 0Number of asset objects unloaded after import = 153

========================================================================
Received Import Request.
  Time since last request: 0.000045 seconds.
  path: Assets/Studio33 Interactive_[BasketBall] v1.1/Animations/Basketball Motions_Generic/1554_LayupRevRA.fbx
  artifactKey: Guid(652dfa46f71f6a447946a8fbdb32cedd) Importer(2089858483,b0f066a214c2f5e87bad3c948f4d605d)
Start importing Assets/Studio33 Interactive_[BasketBall] v1.1/Animations/Basketball Motions_Generic/1554_LayupRevRA.fbx using Guid(652dfa46f71f6a447946a8fbdb32cedd) Importer(2089858483,b0f066a214c2f5e87bad3c948f4d605d) (ScriptedImporter) -> (artifact id: '32c970ab27cdb5ca9fb192eda92ac0cb') in 0.0279307 seconds
Number of updated asset objects reloaded before import = 0Number of asset objects unloaded after import = 153

========================================================================
Received Import Request.
  Time since last request: 0.000064 seconds.
  path: Assets/Studio33 Interactive_[BasketBall] v1.1/Animations/Basketball Motions_Generic/1910_DunkCA.fbx
  artifactKey: Guid(f06f945da6222b64d9f13c31273c1517) Importer(2089858483,b0f066a214c2f5e87bad3c948f4d605d)
Start importing Assets/Studio33 Interactive_[BasketBall] v1.1/Animations/Basketball Motions_Generic/1910_DunkCA.fbx using Guid(f06f945da6222b64d9f13c31273c1517) Importer(2089858483,b0f066a214c2f5e87bad3c948f4d605d) (ScriptedImporter) -> (artifact id: 'b6279718efe81144c6a81926c4caa15a') in 0.0302814 seconds
Number of updated asset objects reloaded before import = 0Number of asset objects unloaded after import = 153

========================================================================
Received Import Request.
  Time since last request: 0.000046 seconds.
  path: Assets/Studio33 Interactive_[BasketBall] v1.1/Animations/Basketball Motions_Generic/2037_JumpshotReadyFake.fbx
  artifactKey: Guid(198257bea22276647abe20768b912d52) Importer(2089858483,b0f066a214c2f5e87bad3c948f4d605d)
Start importing Assets/Studio33 Interactive_[BasketBall] v1.1/Animations/Basketball Motions_Generic/2037_JumpshotReadyFake.fbx using Guid(198257bea22276647abe20768b912d52) Importer(2089858483,b0f066a214c2f5e87bad3c948f4d605d) (ScriptedImporter) -> (artifact id: '26c2a31dde915fd0214b3ec3a3090bf7') in 0.0325882 seconds
Number of updated asset objects reloaded before import = 0Number of asset objects unloaded after import = 153

========================================================================
Received Import Request.
  Time since last request: 0.000057 seconds.
  path: Assets/Studio33 Interactive_[BasketBall] v1.1/33_basket ball test animations/player/Back_number/Back_number_B/Back_number_B_c17.png
  artifactKey: Guid(9e47639f79e490347afd2a714511a1a6) Importer(2089858483,b0f066a214c2f5e87bad3c948f4d605d)
Start importing Assets/Studio33 Interactive_[BasketBall] v1.1/33_basket ball test animations/player/Back_number/Back_number_B/Back_number_B_c17.png using Guid(9e47639f79e490347afd2a714511a1a6) Importer(2089858483,b0f066a214c2f5e87bad3c948f4d605d) (ScriptedImporter) -> (artifact id: '3dce181efeb21857ca2df3df7a640544') in 0.022963 seconds
Number of updated asset objects reloaded before import = 0Number of asset objects unloaded after import = 1

========================================================================
Received Import Request.
  Time since last request: 0.000046 seconds.
  path: Assets/Studio33 Interactive_[BasketBall] v1.1/Animations/Basketball Motions Humanoid/1677_DunkRA.fbx
  artifactKey: Guid(e943a0d64da6f2e4b8ae655b36dc214e) Importer(2089858483,b0f066a214c2f5e87bad3c948f4d605d)
Start importing Assets/Studio33 Interactive_[BasketBall] v1.1/Animations/Basketball Motions Humanoid/1677_DunkRA.fbx using Guid(e943a0d64da6f2e4b8ae655b36dc214e) Importer(2089858483,b0f066a214c2f5e87bad3c948f4d605d) (ScriptedImporter) -> (artifact id: '7c4b6adbba80a183d58292a0bf2e79ee') in 0.0328543 seconds
Number of updated asset objects reloaded before import = 0Number of asset objects unloaded after import = 155

========================================================================
Received Import Request.
  Time since last request: 0.000041 seconds.
  path: Assets/Studio33 Interactive_[BasketBall] v1.1/Animations/Basketball Motions Humanoid/710_PassChestFA.fbx
  artifactKey: Guid(6df50ac1a6e62bc40b21fd966de9a41a) Importer(2089858483,b0f066a214c2f5e87bad3c948f4d605d)
Start importing Assets/Studio33 Interactive_[BasketBall] v1.1/Animations/Basketball Motions Humanoid/710_PassChestFA.fbx using Guid(6df50ac1a6e62bc40b21fd966de9a41a) Importer(2089858483,b0f066a214c2f5e87bad3c948f4d605d) (ScriptedImporter) -> (artifact id: '9ef63b52c608a82308515bb045e82272') in 0.0309263 seconds
Number of updated asset objects reloaded before import = 0Number of asset objects unloaded after import = 155

========================================================================
Received Import Request.
  Time since last request: 0.000063 seconds.
  path: Assets/Studio33 Interactive_[BasketBall] v1.1/Animations/Basketball Motions Humanoid/1471_JumpshotMFakeA.fbx
  artifactKey: Guid(fb0ed44e82e988849b5f3f8a9d406966) Importer(2089858483,b0f066a214c2f5e87bad3c948f4d605d)
Start importing Assets/Studio33 Interactive_[BasketBall] v1.1/Animations/Basketball Motions Humanoid/1471_JumpshotMFakeA.fbx using Guid(fb0ed44e82e988849b5f3f8a9d406966) Importer(2089858483,b0f066a214c2f5e87bad3c948f4d605d) (ScriptedImporter) -> (artifact id: 'a25ba6c43faaf4509c871acfba148243') in 0.0308787 seconds
Number of updated asset objects reloaded before import = 0Number of asset objects unloaded after import = 155

========================================================================
Received Import Request.
  Time since last request: 0.000048 seconds.
  path: Assets/Studio33 Interactive_[BasketBall] v1.1/Animations/Basketball Motions_Generic/713_PassKifA.fbx
  artifactKey: Guid(401f5516a8fb88541ac7448e3b669e37) Importer(2089858483,b0f066a214c2f5e87bad3c948f4d605d)
Start importing Assets/Studio33 Interactive_[BasketBall] v1.1/Animations/Basketball Motions_Generic/713_PassKifA.fbx using Guid(401f5516a8fb88541ac7448e3b669e37) Importer(2089858483,b0f066a214c2f5e87bad3c948f4d605d) (ScriptedImporter) -> (artifact id: '2f7f2357ef24df01b5101d491005ef8c') in 0.0329878 seconds
Number of updated asset objects reloaded before import = 0Number of asset objects unloaded after import = 153

========================================================================
Received Import Request.
  Time since last request: 0.000044 seconds.
  path: Assets/Studio33 Interactive_[BasketBall] v1.1/Animations/Basketball Motions_Generic/813_PassBadA.fbx
  artifactKey: Guid(0d3faaead75b2ea42aa38cd0f77202ba) Importer(2089858483,b0f066a214c2f5e87bad3c948f4d605d)
Start importing Assets/Studio33 Interactive_[BasketBall] v1.1/Animations/Basketball Motions_Generic/813_PassBadA.fbx using Guid(0d3faaead75b2ea42aa38cd0f77202ba) Importer(2089858483,b0f066a214c2f5e87bad3c948f4d605d) (ScriptedImporter) -> (artifact id: '732f8ed14a4b8c3c817839a8a6dcfc21') in 0.0344248 seconds
Number of updated asset objects reloaded before import = 0Number of asset objects unloaded after import = 153

========================================================================
Received Import Request.
  Time since last request: 0.000060 seconds.
  path: Assets/Studio33 Interactive_[BasketBall] v1.1/Animations/Basketball Motions_Generic/730_ShootpassJumpShortRightA.fbx
  artifactKey: Guid(3455626b41f07f74ebab1b94891ec137) Importer(2089858483,b0f066a214c2f5e87bad3c948f4d605d)
Start importing Assets/Studio33 Interactive_[BasketBall] v1.1/Animations/Basketball Motions_Generic/730_ShootpassJumpShortRightA.fbx using Guid(3455626b41f07f74ebab1b94891ec137) Importer(2089858483,b0f066a214c2f5e87bad3c948f4d605d) (ScriptedImporter) -> (artifact id: '6af74e2df70a21e0cd9ea29718be03dc') in 0.0311376 seconds
Number of updated asset objects reloaded before import = 0Number of asset objects unloaded after import = 153

========================================================================
Received Import Request.
  Time since last request: 0.000037 seconds.
  path: Assets/Studio33 Interactive_[BasketBall] v1.1/Animations/Basketball Motions_Generic/2069_JumpshotCA.fbx
  artifactKey: Guid(5d3ab76e28a08c74f96dc7f5c1418b07) Importer(2089858483,b0f066a214c2f5e87bad3c948f4d605d)
Start importing Assets/Studio33 Interactive_[BasketBall] v1.1/Animations/Basketball Motions_Generic/2069_JumpshotCA.fbx using Guid(5d3ab76e28a08c74f96dc7f5c1418b07) Importer(2089858483,b0f066a214c2f5e87bad3c948f4d605d) (ScriptedImporter) -> (artifact id: '608193954dbdea9a990fa44ac486f729') in 0.0300265 seconds
Number of updated asset objects reloaded before import = 0Number of asset objects unloaded after import = 153

========================================================================
Received Import Request.
  Time since last request: 0.000050 seconds.
  path: Assets/Studio33 Interactive_[BasketBall] v1.1/Animations/Basketball Motions Humanoid/782_PassioverFA.fbx
  artifactKey: Guid(a8bc87d5e653bbe498779f047c13e017) Importer(2089858483,b0f066a214c2f5e87bad3c948f4d605d)
Start importing Assets/Studio33 Interactive_[BasketBall] v1.1/Animations/Basketball Motions Humanoid/782_PassioverFA.fbx using Guid(a8bc87d5e653bbe498779f047c13e017) Importer(2089858483,b0f066a214c2f5e87bad3c948f4d605d) (ScriptedImporter) -> (artifact id: '54b41b827690a0c748ef45fade796de1') in 0.0315582 seconds
Number of updated asset objects reloaded before import = 0Number of asset objects unloaded after import = 155

========================================================================
Received Import Request.
  Time since last request: 0.000051 seconds.
  path: Assets/Studio33 Interactive_[BasketBall] v1.1/Animations/Basketball Motions Humanoid/260_CrossFakeThLRL.fbx
  artifactKey: Guid(062ddd64d02b3e44c81abc54152f3767) Importer(2089858483,b0f066a214c2f5e87bad3c948f4d605d)
Start importing Assets/Studio33 Interactive_[BasketBall] v1.1/Animations/Basketball Motions Humanoid/260_CrossFakeThLRL.fbx using Guid(062ddd64d02b3e44c81abc54152f3767) Importer(2089858483,b0f066a214c2f5e87bad3c948f4d605d) (ScriptedImporter) -> (artifact id: '75aeccfd84c522a16011756276fdf3ab') in 0.0320457 seconds
Number of updated asset objects reloaded before import = 0Number of asset objects unloaded after import = 155

========================================================================
Received Import Request.
  Time since last request: 0.000040 seconds.
  path: Assets/Studio33 Interactive_[BasketBall] v1.1/Animations/Basketball Motions Humanoid/1359_JumpshotMFakeA.fbx
  artifactKey: Guid(767c3d975f13666468a868d4a1e30e88) Importer(2089858483,b0f066a214c2f5e87bad3c948f4d605d)
Start importing Assets/Studio33 Interactive_[BasketBall] v1.1/Animations/Basketball Motions Humanoid/1359_JumpshotMFakeA.fbx using Guid(767c3d975f13666468a868d4a1e30e88) Importer(2089858483,b0f066a214c2f5e87bad3c948f4d605d) (ScriptedImporter) -> (artifact id: '7d500eaf02d6426395f9a1ccd8e68a21') in 0.0369966 seconds
Number of updated asset objects reloaded before import = 0Number of asset objects unloaded after import = 155

========================================================================
Received Import Request.
  Time since last request: 0.000043 seconds.
  path: Assets/Studio33 Interactive_[BasketBall] v1.1/Animations/Basketball Motions Humanoid/1350_JumpshotMA.fbx
  artifactKey: Guid(1cf075457408ead449685a2632a41d0f) Importer(2089858483,b0f066a214c2f5e87bad3c948f4d605d)
Start importing Assets/Studio33 Interactive_[BasketBall] v1.1/Animations/Basketball Motions Humanoid/1350_JumpshotMA.fbx using Guid(1cf075457408ead449685a2632a41d0f) Importer(2089858483,b0f066a214c2f5e87bad3c948f4d605d) (ScriptedImporter) -> (artifact id: 'fec98534180e1db370331d19b278b0d8') in 0.030537 seconds
Number of updated asset objects reloaded before import = 0Number of asset objects unloaded after import = 155

========================================================================
Received Import Request.
  Time since last request: 0.000056 seconds.
  path: Assets/Studio33 Interactive_[BasketBall] v1.1/Animations/Basketball Motions Humanoid/921_PostBafrontA.fbx
  artifactKey: Guid(99c5cdde851c88f4b93266564a711624) Importer(2089858483,b0f066a214c2f5e87bad3c948f4d605d)
Start importing Assets/Studio33 Interactive_[BasketBall] v1.1/Animations/Basketball Motions Humanoid/921_PostBafrontA.fbx using Guid(99c5cdde851c88f4b93266564a711624) Importer(2089858483,b0f066a214c2f5e87bad3c948f4d605d) (ScriptedImporter) -> (artifact id: '895b94b54a4de1dadbab88ba7ee9438c') in 0.0339445 seconds
Number of updated asset objects reloaded before import = 0Number of asset objects unloaded after import = 155

========================================================================
Received Import Request.
  Time since last request: 0.000041 seconds.
  path: Assets/Studio33 Interactive_[BasketBall] v1.1/Animations/Basketball Motions_Generic/990_Rebound rB.fbx
  artifactKey: Guid(ad88b11ad6e62db4ebc97ab11325256a) Importer(2089858483,b0f066a214c2f5e87bad3c948f4d605d)
Start importing Assets/Studio33 Interactive_[BasketBall] v1.1/Animations/Basketball Motions_Generic/990_Rebound rB.fbx using Guid(ad88b11ad6e62db4ebc97ab11325256a) Importer(2089858483,b0f066a214c2f5e87bad3c948f4d605d) (ScriptedImporter) -> (artifact id: '703e30282988bd3a59e07d1b2ac8ffdd') in 0.0313902 seconds
Number of updated asset objects reloaded before import = 0Number of asset objects unloaded after import = 153

========================================================================
Received Import Request.
  Time since last request: 0.000046 seconds.
  path: Assets/Studio33 Interactive_[BasketBall] v1.1/Animations/Basketball Motions_Generic/1891_JumpshotMFakeA.fbx
  artifactKey: Guid(3b652846c2fcf3c498572c93d7ca881a) Importer(2089858483,b0f066a214c2f5e87bad3c948f4d605d)
Start importing Assets/Studio33 Interactive_[BasketBall] v1.1/Animations/Basketball Motions_Generic/1891_JumpshotMFakeA.fbx using Guid(3b652846c2fcf3c498572c93d7ca881a) Importer(2089858483,b0f066a214c2f5e87bad3c948f4d605d) (ScriptedImporter) -> (artifact id: '6c9908b3a82ecd1469f9ac808800084b') in 0.0286146 seconds
Number of updated asset objects reloaded before import = 0Number of asset objects unloaded after import = 153

========================================================================
Received Import Request.
  Time since last request: 0.000059 seconds.
  path: Assets/Studio33 Interactive_[BasketBall] v1.1/Animations/Basketball Motions_Generic/1291_DunkCA.fbx
  artifactKey: Guid(9595bf013a9ad5f49a3e0f693cda6c66) Importer(2089858483,b0f066a214c2f5e87bad3c948f4d605d)
Start importing Assets/Studio33 Interactive_[BasketBall] v1.1/Animations/Basketball Motions_Generic/1291_DunkCA.fbx using Guid(9595bf013a9ad5f49a3e0f693cda6c66) Importer(2089858483,b0f066a214c2f5e87bad3c948f4d605d) (ScriptedImporter) -> (artifact id: 'b8e5b2804b355081fa0a29afe2587f23') in 0.0372243 seconds
Number of updated asset objects reloaded before import = 0Number of asset objects unloaded after import = 153

========================================================================
Received Import Request.
  Time since last request: 0.000034 seconds.
  path: Assets/Studio33 Interactive_[BasketBall] v1.1/Animations/Basketball Motions_Generic/1637_HookRA.fbx
  artifactKey: Guid(c565e75805051424e894e2087c9980dc) Importer(2089858483,b0f066a214c2f5e87bad3c948f4d605d)
Start importing Assets/Studio33 Interactive_[BasketBall] v1.1/Animations/Basketball Motions_Generic/1637_HookRA.fbx using Guid(c565e75805051424e894e2087c9980dc) Importer(2089858483,b0f066a214c2f5e87bad3c948f4d605d) (ScriptedImporter) -> (artifact id: '64169d3ae915f3f0bf11b4bd51bf0e81') in 0.0344623 seconds
Number of updated asset objects reloaded before import = 0Number of asset objects unloaded after import = 153

========================================================================
Received Import Request.
  Time since last request: 0.000040 seconds.
  path: Assets/Studio33 Interactive_[BasketBall] v1.1/Animations/Basketball Motions Humanoid/442_FrontDenyLA.fbx
  artifactKey: Guid(60b933bf7b702994cbaa6f9c9bc83092) Importer(2089858483,b0f066a214c2f5e87bad3c948f4d605d)
Start importing Assets/Studio33 Interactive_[BasketBall] v1.1/Animations/Basketball Motions Humanoid/442_FrontDenyLA.fbx using Guid(60b933bf7b702994cbaa6f9c9bc83092) Importer(2089858483,b0f066a214c2f5e87bad3c948f4d605d) (ScriptedImporter) -> (artifact id: 'cafaadd5803825be85e49dcbf78554a0') in 0.03294 seconds
Number of updated asset objects reloaded before import = 0Number of asset objects unloaded after import = 155

========================================================================
Received Import Request.
  Time since last request: 0.000044 seconds.
  path: Assets/Studio33 Interactive_[BasketBall] v1.1/Animations/Basketball Motions_Generic/137_ReboundAndBoxOutSwimStepRightA.fbx
  artifactKey: Guid(9b873892487d5eb469582d3e7f0d953f) Importer(2089858483,b0f066a214c2f5e87bad3c948f4d605d)
Start importing Assets/Studio33 Interactive_[BasketBall] v1.1/Animations/Basketball Motions_Generic/137_ReboundAndBoxOutSwimStepRightA.fbx using Guid(9b873892487d5eb469582d3e7f0d953f) Importer(2089858483,b0f066a214c2f5e87bad3c948f4d605d) (ScriptedImporter) -> (artifact id: '4c3714aef124d7c15952a97c51014427') in 0.0317082 seconds
Number of updated asset objects reloaded before import = 0Number of asset objects unloaded after import = 153

========================================================================
Received Import Request.
  Time since last request: 0.000037 seconds.
  path: Assets/Studio33 Interactive_[BasketBall] v1.1/Animations/Basketball Motions_Generic/1167_DunkCA.fbx
  artifactKey: Guid(04d1eb37348e5e245a2509cd4bda905c) Importer(2089858483,b0f066a214c2f5e87bad3c948f4d605d)
Start importing Assets/Studio33 Interactive_[BasketBall] v1.1/Animations/Basketball Motions_Generic/1167_DunkCA.fbx using Guid(04d1eb37348e5e245a2509cd4bda905c) Importer(2089858483,b0f066a214c2f5e87bad3c948f4d605d) (ScriptedImporter) -> (artifact id: '7657b52ed61cb45a5631ff3201ac135d') in 0.0301195 seconds
Number of updated asset objects reloaded before import = 0Number of asset objects unloaded after import = 153

========================================================================
Received Import Request.
  Time since last request: 0.000054 seconds.
  path: Assets/Studio33 Interactive_[BasketBall] v1.1/Animations/Basketball Motions Humanoid/2014_DunkClutchFRightB.fbx
  artifactKey: Guid(ac7272f42216a2f45a6a9647b8083963) Importer(2089858483,b0f066a214c2f5e87bad3c948f4d605d)
Start importing Assets/Studio33 Interactive_[BasketBall] v1.1/Animations/Basketball Motions Humanoid/2014_DunkClutchFRightB.fbx using Guid(ac7272f42216a2f45a6a9647b8083963) Importer(2089858483,b0f066a214c2f5e87bad3c948f4d605d) (ScriptedImporter) -> (artifact id: 'd60f63af7204093da64a26a8935c0f54') in 0.0306916 seconds
Number of updated asset objects reloaded before import = 0Number of asset objects unloaded after import = 155

========================================================================
Received Import Request.
  Time since last request: 0.000041 seconds.
  path: Assets/Studio33 Interactive_[BasketBall] v1.1/Animations/Basketball Motions Humanoid/385_SpinStepRRA.fbx
  artifactKey: Guid(b908eed1bad93d146963d4513d63904d) Importer(2089858483,b0f066a214c2f5e87bad3c948f4d605d)
Start importing Assets/Studio33 Interactive_[BasketBall] v1.1/Animations/Basketball Motions Humanoid/385_SpinStepRRA.fbx using Guid(b908eed1bad93d146963d4513d63904d) Importer(2089858483,b0f066a214c2f5e87bad3c948f4d605d) (ScriptedImporter) -> (artifact id: 'b7e6866da308b7a0415044c099371549') in 0.03527 seconds
Number of updated asset objects reloaded before import = 0Number of asset objects unloaded after import = 155

========================================================================
Received Import Request.
  Time since last request: 0.000042 seconds.
  path: Assets/Studio33 Interactive_[BasketBall] v1.1/Animations/Basketball Motions Humanoid/1621_DunkCA.fbx
  artifactKey: Guid(123d63a3017389b44bdd187689b01534) Importer(2089858483,b0f066a214c2f5e87bad3c948f4d605d)
Start importing Assets/Studio33 Interactive_[BasketBall] v1.1/Animations/Basketball Motions Humanoid/1621_DunkCA.fbx using Guid(123d63a3017389b44bdd187689b01534) Importer(2089858483,b0f066a214c2f5e87bad3c948f4d605d) (ScriptedImporter) -> (artifact id: '5b21197a2532501c4b34d585e14520f3') in 0.036455 seconds
Number of updated asset objects reloaded before import = 0Number of asset objects unloaded after import = 155

========================================================================
Received Import Request.
  Time since last request: 0.000039 seconds.
  path: Assets/Studio33 Interactive_[BasketBall] v1.1/33_basket ball test animations/player/Back_number/Back_number_R/Rack_number_R_c01.png
  artifactKey: Guid(dec5a9b09f16d7a4fbe5c22810ee61de) Importer(2089858483,b0f066a214c2f5e87bad3c948f4d605d)
Start importing Assets/Studio33 Interactive_[BasketBall] v1.1/33_basket ball test animations/player/Back_number/Back_number_R/Rack_number_R_c01.png using Guid(dec5a9b09f16d7a4fbe5c22810ee61de) Importer(2089858483,b0f066a214c2f5e87bad3c948f4d605d) (ScriptedImporter) -> (artifact id: 'cd1851ed2febfbce8f719954df030b8b') in 0.0189107 seconds
Number of updated asset objects reloaded before import = 0Number of asset objects unloaded after import = 1

========================================================================
Received Import Request.
  Time since last request: 0.000058 seconds.
  path: Assets/Studio33 Interactive_[BasketBall] v1.1/Animations/Basketball Motions Humanoid/984_Rebound fC.fbx
  artifactKey: Guid(a16ae6c3156c50d47be5788c4a432920) Importer(2089858483,b0f066a214c2f5e87bad3c948f4d605d)
Start importing Assets/Studio33 Interactive_[BasketBall] v1.1/Animations/Basketball Motions Humanoid/984_Rebound fC.fbx using Guid(a16ae6c3156c50d47be5788c4a432920) Importer(2089858483,b0f066a214c2f5e87bad3c948f4d605d) (ScriptedImporter) -> (artifact id: 'c162dd2eecb2116d52f47b65f88a9112') in 0.0314956 seconds
Number of updated asset objects reloaded before import = 0Number of asset objects unloaded after import = 155

========================================================================
Received Import Request.
  Time since last request: 0.000048 seconds.
  path: Assets/Studio33 Interactive_[BasketBall] v1.1/Animations/Basketball Motions Humanoid/1020_Rebound fC.fbx
  artifactKey: Guid(18fe79bc4736d504b9c35520f12a3ea0) Importer(2089858483,b0f066a214c2f5e87bad3c948f4d605d)
Start importing Assets/Studio33 Interactive_[BasketBall] v1.1/Animations/Basketball Motions Humanoid/1020_Rebound fC.fbx using Guid(18fe79bc4736d504b9c35520f12a3ea0) Importer(2089858483,b0f066a214c2f5e87bad3c948f4d605d) (ScriptedImporter) -> (artifact id: 'e4641fc726cabf7bfefdf11d85f8eda9') in 0.0323348 seconds
Number of updated asset objects reloaded before import = 0Number of asset objects unloaded after import = 155

========================================================================
Received Import Request.
  Time since last request: 0.000051 seconds.
  path: Assets/Studio33 Interactive_[BasketBall] v1.1/Animations/Basketball Motions_Generic/1820_DunkRA.fbx
  artifactKey: Guid(e9bf1bf9ac75f2244862ed33022e50c9) Importer(2089858483,b0f066a214c2f5e87bad3c948f4d605d)
Start importing Assets/Studio33 Interactive_[BasketBall] v1.1/Animations/Basketball Motions_Generic/1820_DunkRA.fbx using Guid(e9bf1bf9ac75f2244862ed33022e50c9) Importer(2089858483,b0f066a214c2f5e87bad3c948f4d605d) (ScriptedImporter) -> (artifact id: 'f3dbb1601d9ba48ed942e0c56c6390bf') in 0.0318875 seconds
Number of updated asset objects reloaded before import = 0Number of asset objects unloaded after import = 153

========================================================================
Received Import Request.
  Time since last request: 0.000060 seconds.
  path: Assets/Studio33 Interactive_[BasketBall] v1.1/Animations/Basketball Motions_Generic/407_InsideTackholdA.fbx
  artifactKey: Guid(55ba22d8ed678e2469f05c2289aef127) Importer(2089858483,b0f066a214c2f5e87bad3c948f4d605d)
Start importing Assets/Studio33 Interactive_[BasketBall] v1.1/Animations/Basketball Motions_Generic/407_InsideTackholdA.fbx using Guid(55ba22d8ed678e2469f05c2289aef127) Importer(2089858483,b0f066a214c2f5e87bad3c948f4d605d) (ScriptedImporter) -> (artifact id: 'dc6f5f94515b7ddcb5f6a7afc451275d') in 0.0340912 seconds
Number of updated asset objects reloaded before import = 0Number of asset objects unloaded after import = 153

========================================================================
Received Import Request.
  Time since last request: 0.000040 seconds.
  path: Assets/Studio33 Interactive_[BasketBall] v1.1/Animations/Basketball Motions Humanoid/1898_BjDunkRA.fbx
  artifactKey: Guid(c1f5516a90c63f84c9aaf2b6a5d1b90f) Importer(2089858483,b0f066a214c2f5e87bad3c948f4d605d)
Start importing Assets/Studio33 Interactive_[BasketBall] v1.1/Animations/Basketball Motions Humanoid/1898_BjDunkRA.fbx using Guid(c1f5516a90c63f84c9aaf2b6a5d1b90f) Importer(2089858483,b0f066a214c2f5e87bad3c948f4d605d) (ScriptedImporter) -> (artifact id: '294a8646a762063fcd6db08854644c07') in 0.0369205 seconds
Number of updated asset objects reloaded before import = 0Number of asset objects unloaded after import = 155

========================================================================
Received Import Request.
  Time since last request: 0.000054 seconds.
  path: Assets/Studio33 Interactive_[BasketBall] v1.1/Animations/Basketball Motions Humanoid/357_OffballcutFA.fbx
  artifactKey: Guid(926e571598a0e0649a7f5c39f5099981) Importer(2089858483,b0f066a214c2f5e87bad3c948f4d605d)
Start importing Assets/Studio33 Interactive_[BasketBall] v1.1/Animations/Basketball Motions Humanoid/357_OffballcutFA.fbx using Guid(926e571598a0e0649a7f5c39f5099981) Importer(2089858483,b0f066a214c2f5e87bad3c948f4d605d) (ScriptedImporter) -> (artifact id: '9f70ed20a3677d784beb298c80111744') in 0.0344469 seconds
Number of updated asset objects reloaded before import = 0Number of asset objects unloaded after import = 155

========================================================================
Received Import Request.
  Time since last request: 0.000055 seconds.
  path: Assets/Studio33 Interactive_[BasketBall] v1.1/Animations/Basketball Motions Humanoid/1549_LayupCA.fbx
  artifactKey: Guid(47064e4ce19de2648a78063fe82700f7) Importer(2089858483,b0f066a214c2f5e87bad3c948f4d605d)
Start importing Assets/Studio33 Interactive_[BasketBall] v1.1/Animations/Basketball Motions Humanoid/1549_LayupCA.fbx using Guid(47064e4ce19de2648a78063fe82700f7) Importer(2089858483,b0f066a214c2f5e87bad3c948f4d605d) (ScriptedImporter) -> (artifact id: 'c236d7c89637dd91d79c529c81bdf03a') in 0.0332202 seconds
Number of updated asset objects reloaded before import = 0Number of asset objects unloaded after import = 155

========================================================================
Received Import Request.
  Time since last request: 0.000036 seconds.
  path: Assets/Studio33 Interactive_[BasketBall] v1.1/Animations/Basketball Motions Humanoid/1810_DunkRA.fbx
  artifactKey: Guid(2d2b07740b53a9d46b1c37b227a9afee) Importer(2089858483,b0f066a214c2f5e87bad3c948f4d605d)
Start importing Assets/Studio33 Interactive_[BasketBall] v1.1/Animations/Basketball Motions Humanoid/1810_DunkRA.fbx using Guid(2d2b07740b53a9d46b1c37b227a9afee) Importer(2089858483,b0f066a214c2f5e87bad3c948f4d605d) (ScriptedImporter) -> (artifact id: 'dea9f5762be0ab7c1791c5f4d2557067') in 0.0327424 seconds
Number of updated asset objects reloaded before import = 0Number of asset objects unloaded after import = 155

========================================================================
Received Import Request.
  Time since last request: 0.000042 seconds.
  path: Assets/Studio33 Interactive_[BasketBall] v1.1/Animations/Basketball Motions Humanoid/332_CrossThSLRLA.fbx
  artifactKey: Guid(62ca76c76a2b3c745ad33154c8c3e577) Importer(2089858483,b0f066a214c2f5e87bad3c948f4d605d)
Start importing Assets/Studio33 Interactive_[BasketBall] v1.1/Animations/Basketball Motions Humanoid/332_CrossThSLRLA.fbx using Guid(62ca76c76a2b3c745ad33154c8c3e577) Importer(2089858483,b0f066a214c2f5e87bad3c948f4d605d) (ScriptedImporter) -> (artifact id: '29ba3cfe412ea2297e9ab12b515337dd') in 0.0355214 seconds
Number of updated asset objects reloaded before import = 0Number of asset objects unloaded after import = 155

========================================================================
Received Import Request.
  Time since last request: 0.000060 seconds.
  path: Assets/Studio33 Interactive_[BasketBall] v1.1/Animations/Basketball Motions Humanoid/539_QuickpointMFakeA.fbx
  artifactKey: Guid(a76d0951a82cbe64988336bcb5bc95d3) Importer(2089858483,b0f066a214c2f5e87bad3c948f4d605d)
Start importing Assets/Studio33 Interactive_[BasketBall] v1.1/Animations/Basketball Motions Humanoid/539_QuickpointMFakeA.fbx using Guid(a76d0951a82cbe64988336bcb5bc95d3) Importer(2089858483,b0f066a214c2f5e87bad3c948f4d605d) (ScriptedImporter) -> (artifact id: '67cf076f4c1ade92457925c26bade6b2') in 0.0353632 seconds
Number of updated asset objects reloaded before import = 0Number of asset objects unloaded after import = 155

========================================================================
Received Import Request.
  Time since last request: 0.000047 seconds.
  path: Assets/Studio33 Interactive_[BasketBall] v1.1/Animations/Basketball Motions Humanoid/830_MPassChestA.fbx
  artifactKey: Guid(5d01004afd93f39448de7d32b93c2405) Importer(2089858483,b0f066a214c2f5e87bad3c948f4d605d)
Start importing Assets/Studio33 Interactive_[BasketBall] v1.1/Animations/Basketball Motions Humanoid/830_MPassChestA.fbx using Guid(5d01004afd93f39448de7d32b93c2405) Importer(2089858483,b0f066a214c2f5e87bad3c948f4d605d) (ScriptedImporter) -> (artifact id: '3067205e9e4f8752586da89e62b94868') in 0.0339184 seconds
Number of updated asset objects reloaded before import = 0Number of asset objects unloaded after import = 155

========================================================================
Received Import Request.
  Time since last request: 0.000041 seconds.
  path: Assets/Studio33 Interactive_[BasketBall] v1.1/Animations/Basketball Motions_Generic/1176_DunkCRevA.fbx
  artifactKey: Guid(cfdd3928e551e5e458e50285e5637ddc) Importer(2089858483,b0f066a214c2f5e87bad3c948f4d605d)
Start importing Assets/Studio33 Interactive_[BasketBall] v1.1/Animations/Basketball Motions_Generic/1176_DunkCRevA.fbx using Guid(cfdd3928e551e5e458e50285e5637ddc) Importer(2089858483,b0f066a214c2f5e87bad3c948f4d605d) (ScriptedImporter) -> (artifact id: '56fd2ad1090d73eea910aa97cafc1cc9') in 0.0338807 seconds
Number of updated asset objects reloaded before import = 0Number of asset objects unloaded after import = 153

========================================================================
Received Import Request.
  Time since last request: 0.000052 seconds.
  path: Assets/Studio33 Interactive_[BasketBall] v1.1/Animations/Basketball Motions Humanoid/396_CutirLA.fbx
  artifactKey: Guid(6024ad59e91fe7742808fd6e78194887) Importer(2089858483,b0f066a214c2f5e87bad3c948f4d605d)
Start importing Assets/Studio33 Interactive_[BasketBall] v1.1/Animations/Basketball Motions Humanoid/396_CutirLA.fbx using Guid(6024ad59e91fe7742808fd6e78194887) Importer(2089858483,b0f066a214c2f5e87bad3c948f4d605d) (ScriptedImporter) -> (artifact id: 'f6fb6030e7152d3d1d08d3441fb94c1b') in 0.033414 seconds
Number of updated asset objects reloaded before import = 0Number of asset objects unloaded after import = 155

========================================================================
Received Import Request.
  Time since last request: 0.000034 seconds.
  path: Assets/Studio33 Interactive_[BasketBall] v1.1/Animations/Basketball Motions_Generic/475_DribblestartDashC.fbx
  artifactKey: Guid(ffe06345a5dc2ff40a072704a9d0d4d5) Importer(2089858483,b0f066a214c2f5e87bad3c948f4d605d)
Start importing Assets/Studio33 Interactive_[BasketBall] v1.1/Animations/Basketball Motions_Generic/475_DribblestartDashC.fbx using Guid(ffe06345a5dc2ff40a072704a9d0d4d5) Importer(2089858483,b0f066a214c2f5e87bad3c948f4d605d) (ScriptedImporter) -> (artifact id: 'da45ffea0b14c8845587e9828e927e28') in 0.0307683 seconds
Number of updated asset objects reloaded before import = 0Number of asset objects unloaded after import = 153

========================================================================
Received Import Request.
  Time since last request: 0.000043 seconds.
  path: Assets/Studio33 Interactive_[BasketBall] v1.1/Animations/Basketball Motions_Generic/493_ChangeRightRA.fbx
  artifactKey: Guid(26f3a57e51eba3d498abed72ced4e129) Importer(2089858483,b0f066a214c2f5e87bad3c948f4d605d)
Start importing Assets/Studio33 Interactive_[BasketBall] v1.1/Animations/Basketball Motions_Generic/493_ChangeRightRA.fbx using Guid(26f3a57e51eba3d498abed72ced4e129) Importer(2089858483,b0f066a214c2f5e87bad3c948f4d605d) (ScriptedImporter) -> (artifact id: 'a19af1c06286c790bc58e17480c4bee1') in 0.0332932 seconds
Number of updated asset objects reloaded before import = 0Number of asset objects unloaded after import = 153

========================================================================
Received Import Request.
  Time since last request: 0.000059 seconds.
  path: Assets/Studio33 Interactive_[BasketBall] v1.1/Animations/Basketball Motions Humanoid/2197_RstaDribbleleright.fbx
  artifactKey: Guid(8576382596aefb3439aa6840c8674481) Importer(2089858483,b0f066a214c2f5e87bad3c948f4d605d)
Start importing Assets/Studio33 Interactive_[BasketBall] v1.1/Animations/Basketball Motions Humanoid/2197_RstaDribbleleright.fbx using Guid(8576382596aefb3439aa6840c8674481) Importer(2089858483,b0f066a214c2f5e87bad3c948f4d605d) (ScriptedImporter) -> (artifact id: '95333b2236007fad5dd345327f6b3be3') in 0.0316012 seconds
Number of updated asset objects reloaded before import = 0Number of asset objects unloaded after import = 155

========================================================================
Received Import Request.
  Time since last request: 0.000037 seconds.
  path: Assets/Studio33 Interactive_[BasketBall] v1.1/Animations/Basketball Motions_Generic/386_WindupRRRMMA.fbx
  artifactKey: Guid(8b8620d9939a2ec4aa0dad37fc579ea6) Importer(2089858483,b0f066a214c2f5e87bad3c948f4d605d)
Start importing Assets/Studio33 Interactive_[BasketBall] v1.1/Animations/Basketball Motions_Generic/386_WindupRRRMMA.fbx using Guid(8b8620d9939a2ec4aa0dad37fc579ea6) Importer(2089858483,b0f066a214c2f5e87bad3c948f4d605d) (ScriptedImporter) -> (artifact id: 'c3428ef25072b271f03729c376ca8186') in 0.0300105 seconds
Number of updated asset objects reloaded before import = 0Number of asset objects unloaded after import = 153

========================================================================
Received Import Request.
  Time since last request: 0.000038 seconds.
  path: Assets/Studio33 Interactive_[BasketBall] v1.1/Animations/Basketball Motions_Generic/304_SpinStepRL.fbx
  artifactKey: Guid(7457971d1ff1d4349b3927dbf673801b) Importer(2089858483,b0f066a214c2f5e87bad3c948f4d605d)
Start importing Assets/Studio33 Interactive_[BasketBall] v1.1/Animations/Basketball Motions_Generic/304_SpinStepRL.fbx using Guid(7457971d1ff1d4349b3927dbf673801b) Importer(2089858483,b0f066a214c2f5e87bad3c948f4d605d) (ScriptedImporter) -> (artifact id: '65056b55f2a1f38139cb2f2e68865686') in 0.0298901 seconds
Number of updated asset objects reloaded before import = 0Number of asset objects unloaded after import = 153

========================================================================
Received Import Request.
  Time since last request: 0.000066 seconds.
  path: Assets/Studio33 Interactive_[BasketBall] v1.1/Animations/Basketball Motions Humanoid/785_ShootpassLayupLongRightA.fbx
  artifactKey: Guid(8a696a040ae4a5d4d9194deea1ac90f4) Importer(2089858483,b0f066a214c2f5e87bad3c948f4d605d)
Start importing Assets/Studio33 Interactive_[BasketBall] v1.1/Animations/Basketball Motions Humanoid/785_ShootpassLayupLongRightA.fbx using Guid(8a696a040ae4a5d4d9194deea1ac90f4) Importer(2089858483,b0f066a214c2f5e87bad3c948f4d605d) (ScriptedImporter) -> (artifact id: 'aee23c60916c4b2cb3ee8717cbe9d1d0') in 0.0352467 seconds
Number of updated asset objects reloaded before import = 0Number of asset objects unloaded after import = 155

========================================================================
Received Import Request.
  Time since last request: 0.000032 seconds.
  path: Assets/Studio33 Interactive_[BasketBall] v1.1/Animations/Basketball Motions Humanoid/552_BehindshootMFakeA.fbx
  artifactKey: Guid(305c7c49f3747ae469fecca9cf031b8d) Importer(2089858483,b0f066a214c2f5e87bad3c948f4d605d)
Start importing Assets/Studio33 Interactive_[BasketBall] v1.1/Animations/Basketball Motions Humanoid/552_BehindshootMFakeA.fbx using Guid(305c7c49f3747ae469fecca9cf031b8d) Importer(2089858483,b0f066a214c2f5e87bad3c948f4d605d) (ScriptedImporter) -> (artifact id: '91dd2c61c89b2516532c4355e502028a') in 0.0359565 seconds
Number of updated asset objects reloaded before import = 0Number of asset objects unloaded after import = 155

========================================================================
Received Import Request.
  Time since last request: 0.000046 seconds.
  path: Assets/Studio33 Interactive_[BasketBall] v1.1/Animations/Basketball Motions Humanoid/59_BlockinglongFarLayupF.fbx
  artifactKey: Guid(acdecb82dfaeda644a2bb1ae2cab2250) Importer(2089858483,b0f066a214c2f5e87bad3c948f4d605d)
Start importing Assets/Studio33 Interactive_[BasketBall] v1.1/Animations/Basketball Motions Humanoid/59_BlockinglongFarLayupF.fbx using Guid(acdecb82dfaeda644a2bb1ae2cab2250) Importer(2089858483,b0f066a214c2f5e87bad3c948f4d605d) (ScriptedImporter) -> (artifact id: '11af232df43d02d16658b69444c3efac') in 0.0337097 seconds
Number of updated asset objects reloaded before import = 0Number of asset objects unloaded after import = 155

========================================================================
Received Import Request.
  Time since last request: 0.000053 seconds.
  path: Assets/Studio33 Interactive_[BasketBall] v1.1/Animations/Basketball Motions_Generic/2036_JumpshotMFakeA.fbx
  artifactKey: Guid(dbc8f20e8d87b34488b79e96886e5e59) Importer(2089858483,b0f066a214c2f5e87bad3c948f4d605d)
Start importing Assets/Studio33 Interactive_[BasketBall] v1.1/Animations/Basketball Motions_Generic/2036_JumpshotMFakeA.fbx using Guid(dbc8f20e8d87b34488b79e96886e5e59) Importer(2089858483,b0f066a214c2f5e87bad3c948f4d605d) (ScriptedImporter) -> (artifact id: '8394fe05c6c5ffa20a77c16780a1150a') in 0.0284139 seconds
Number of updated asset objects reloaded before import = 0Number of asset objects unloaded after import = 153

========================================================================
Received Import Request.
  Time since last request: 0.000029 seconds.
  path: Assets/Studio33 Interactive_[BasketBall] v1.1/33_basket ball test animations/player/Back_number/Back_number_R/Rack_number_R_c05.png
  artifactKey: Guid(79f231793641be24eb820c0adc86a209) Importer(2089858483,b0f066a214c2f5e87bad3c948f4d605d)
Start importing Assets/Studio33 Interactive_[BasketBall] v1.1/33_basket ball test animations/player/Back_number/Back_number_R/Rack_number_R_c05.png using Guid(79f231793641be24eb820c0adc86a209) Importer(2089858483,b0f066a214c2f5e87bad3c948f4d605d) (ScriptedImporter) -> (artifact id: 'bfb333b676ba59ff444a2c03a7892978') in 0.0190797 seconds
Number of updated asset objects reloaded before import = 0Number of asset objects unloaded after import = 1

========================================================================
Received Import Request.
  Time since last request: 0.000031 seconds.
  path: Assets/Studio33 Interactive_[BasketBall] v1.1/Animations/Basketball Motions_Generic/1699_LayupRA.fbx
  artifactKey: Guid(886b4407bdc51d04d9b27ce6cee338a5) Importer(2089858483,b0f066a214c2f5e87bad3c948f4d605d)
Start importing Assets/Studio33 Interactive_[BasketBall] v1.1/Animations/Basketball Motions_Generic/1699_LayupRA.fbx using Guid(886b4407bdc51d04d9b27ce6cee338a5) Importer(2089858483,b0f066a214c2f5e87bad3c948f4d605d) (ScriptedImporter) -> (artifact id: '9a2d16a0d2b7853abe9c71ba7aeb68fb') in 0.0291177 seconds
Number of updated asset objects reloaded before import = 0Number of asset objects unloaded after import = 153

========================================================================
Received Import Request.
  Time since last request: 0.000043 seconds.
  path: Assets/Studio33 Interactive_[BasketBall] v1.1/Animations/Basketball Motions Humanoid/1269_AlleyoopRSA.fbx
  artifactKey: Guid(21c2d02511a737743844690c68fbea9f) Importer(2089858483,b0f066a214c2f5e87bad3c948f4d605d)
Start importing Assets/Studio33 Interactive_[BasketBall] v1.1/Animations/Basketball Motions Humanoid/1269_AlleyoopRSA.fbx using Guid(21c2d02511a737743844690c68fbea9f) Importer(2089858483,b0f066a214c2f5e87bad3c948f4d605d) (ScriptedImporter) -> (artifact id: 'e9fee8387259ab4bac4ef8ff717fd308') in 0.0340119 seconds
Number of updated asset objects reloaded before import = 0Number of asset objects unloaded after import = 155

========================================================================
Received Import Request.
  Time since last request: 0.000054 seconds.
  path: Assets/Studio33 Interactive_[BasketBall] v1.1/Animations/Basketball Motions Humanoid/1574_DunkRA.fbx
  artifactKey: Guid(46875f6a15af5d141b345db095d3d4d1) Importer(2089858483,b0f066a214c2f5e87bad3c948f4d605d)
Start importing Assets/Studio33 Interactive_[BasketBall] v1.1/Animations/Basketball Motions Humanoid/1574_DunkRA.fbx using Guid(46875f6a15af5d141b345db095d3d4d1) Importer(2089858483,b0f066a214c2f5e87bad3c948f4d605d) (ScriptedImporter) -> (artifact id: 'b882e8d10ab75341e26d76a4b5c442aa') in 0.0363859 seconds
Number of updated asset objects reloaded before import = 0Number of asset objects unloaded after import = 155

========================================================================
Received Import Request.
  Time since last request: 0.000049 seconds.
  path: Assets/Studio33 Interactive_[BasketBall] v1.1/Animations/Basketball Motions Humanoid/1992_DunkCA.fbx
  artifactKey: Guid(5f3ab4fbf8cfb2240be0d41a9c8c4097) Importer(2089858483,b0f066a214c2f5e87bad3c948f4d605d)
Start importing Assets/Studio33 Interactive_[BasketBall] v1.1/Animations/Basketball Motions Humanoid/1992_DunkCA.fbx using Guid(5f3ab4fbf8cfb2240be0d41a9c8c4097) Importer(2089858483,b0f066a214c2f5e87bad3c948f4d605d) (ScriptedImporter) -> (artifact id: '9d06bee1264628be0a427101dde5b5db') in 0.0338761 seconds
Number of updated asset objects reloaded before import = 0Number of asset objects unloaded after import = 155

========================================================================
Received Import Request.
  Time since last request: 0.000044 seconds.
  path: Assets/Studio33 Interactive_[BasketBall] v1.1/Animations/Basketball Motions Humanoid/1144_DclutchRLeftA.fbx
  artifactKey: Guid(ee93650301b749c4b99e9c86c17ab9a8) Importer(2089858483,b0f066a214c2f5e87bad3c948f4d605d)
Start importing Assets/Studio33 Interactive_[BasketBall] v1.1/Animations/Basketball Motions Humanoid/1144_DclutchRLeftA.fbx using Guid(ee93650301b749c4b99e9c86c17ab9a8) Importer(2089858483,b0f066a214c2f5e87bad3c948f4d605d) (ScriptedImporter) -> (artifact id: '22b198199f59732a1971f046bef0b529') in 0.0302887 seconds
Number of updated asset objects reloaded before import = 0Number of asset objects unloaded after import = 155

========================================================================
Received Import Request.
  Time since last request: 0.000053 seconds.
  path: Assets/Studio33 Interactive_[BasketBall] v1.1/Animations/Basketball Motions Humanoid/1156_DunkCA.fbx
  artifactKey: Guid(630e3b829f00225409d259c6ec507c24) Importer(2089858483,b0f066a214c2f5e87bad3c948f4d605d)
Start importing Assets/Studio33 Interactive_[BasketBall] v1.1/Animations/Basketball Motions Humanoid/1156_DunkCA.fbx using Guid(630e3b829f00225409d259c6ec507c24) Importer(2089858483,b0f066a214c2f5e87bad3c948f4d605d) (ScriptedImporter) -> (artifact id: '5e5a365f486873c8ba9691644c702b22') in 0.0345876 seconds
Number of updated asset objects reloaded before import = 0Number of asset objects unloaded after import = 155

========================================================================
Received Import Request.
  Time since last request: 0.000031 seconds.
  path: Assets/Studio33 Interactive_[BasketBall] v1.1/Animations/Basketball Motions_Generic/1718_JumpshotReadyFake.fbx
  artifactKey: Guid(28c0ba182b85c04409126e39e80f311f) Importer(2089858483,b0f066a214c2f5e87bad3c948f4d605d)
Start importing Assets/Studio33 Interactive_[BasketBall] v1.1/Animations/Basketball Motions_Generic/1718_JumpshotReadyFake.fbx using Guid(28c0ba182b85c04409126e39e80f311f) Importer(2089858483,b0f066a214c2f5e87bad3c948f4d605d) (ScriptedImporter) -> (artifact id: '3359a1f9b41a4cd7bcaa0b50f5ec4ddb') in 0.0299352 seconds
Number of updated asset objects reloaded before import = 0Number of asset objects unloaded after import = 153

========================================================================
Received Import Request.
  Time since last request: 0.000043 seconds.
  path: Assets/Studio33 Interactive_[BasketBall] v1.1/Animations/Basketball Motions Humanoid/452_MarkResistancefaceupR.fbx
  artifactKey: Guid(dcbc319ef65d23745aa63e8dcca71b97) Importer(2089858483,b0f066a214c2f5e87bad3c948f4d605d)
Start importing Assets/Studio33 Interactive_[BasketBall] v1.1/Animations/Basketball Motions Humanoid/452_MarkResistancefaceupR.fbx using Guid(dcbc319ef65d23745aa63e8dcca71b97) Importer(2089858483,b0f066a214c2f5e87bad3c948f4d605d) (ScriptedImporter) -> (artifact id: 'de9a1911e4176aa06fbf6951c91863fb') in 0.0374863 seconds
Number of updated asset objects reloaded before import = 0Number of asset objects unloaded after import = 155

========================================================================
Received Import Request.
  Time since last request: 0.000064 seconds.
  path: Assets/Studio33 Interactive_[BasketBall] v1.1/Animations/Basketball Motions_Generic/629_DivCFailA.fbx
  artifactKey: Guid(d0ce409b86efd5c4786d833a12144f55) Importer(2089858483,b0f066a214c2f5e87bad3c948f4d605d)
Start importing Assets/Studio33 Interactive_[BasketBall] v1.1/Animations/Basketball Motions_Generic/629_DivCFailA.fbx using Guid(d0ce409b86efd5c4786d833a12144f55) Importer(2089858483,b0f066a214c2f5e87bad3c948f4d605d) (ScriptedImporter) -> (artifact id: '67cf6f2810825de7c2b13a9c921a66a7') in 0.0381013 seconds
Number of updated asset objects reloaded before import = 0Number of asset objects unloaded after import = 153

========================================================================
Received Import Request.
  Time since last request: 0.000036 seconds.
  path: Assets/Studio33 Interactive_[BasketBall] v1.1/Animations/Basketball Motions Humanoid/1261_AlleyoopDclutchRightA.fbx
  artifactKey: Guid(e93af891b9da3ae408cf0d4254aa25cc) Importer(2089858483,b0f066a214c2f5e87bad3c948f4d605d)
Start importing Assets/Studio33 Interactive_[BasketBall] v1.1/Animations/Basketball Motions Humanoid/1261_AlleyoopDclutchRightA.fbx using Guid(e93af891b9da3ae408cf0d4254aa25cc) Importer(2089858483,b0f066a214c2f5e87bad3c948f4d605d) (ScriptedImporter) -> (artifact id: '8feaa43c8c762e78da6b7a3b05198c51') in 0.0346277 seconds
Number of updated asset objects reloaded before import = 0Number of asset objects unloaded after import = 155

========================================================================
Received Import Request.
  Time since last request: 0.000045 seconds.
  path: Assets/Studio33 Interactive_[BasketBall] v1.1/Animations/Basketball Motions Humanoid/1889_DunkRA.fbx
  artifactKey: Guid(7d5bb5a3dcce4b547bf37973fb2d0c22) Importer(2089858483,b0f066a214c2f5e87bad3c948f4d605d)
Start importing Assets/Studio33 Interactive_[BasketBall] v1.1/Animations/Basketball Motions Humanoid/1889_DunkRA.fbx using Guid(7d5bb5a3dcce4b547bf37973fb2d0c22) Importer(2089858483,b0f066a214c2f5e87bad3c948f4d605d) (ScriptedImporter) -> (artifact id: '75fda5fc13fd4400ac2cb4b7ed9bb372') in 0.0350864 seconds
Number of updated asset objects reloaded before import = 0Number of asset objects unloaded after import = 155

========================================================================
Received Import Request.
  Time since last request: 0.000056 seconds.
  path: Assets/Studio33 Interactive_[BasketBall] v1.1/Animations/Basketball Motions Humanoid/1387_JumpshotReadyFake.fbx
  artifactKey: Guid(fe9ef4217cd3a8d49bb834bd53c4f60b) Importer(2089858483,b0f066a214c2f5e87bad3c948f4d605d)
Start importing Assets/Studio33 Interactive_[BasketBall] v1.1/Animations/Basketball Motions Humanoid/1387_JumpshotReadyFake.fbx using Guid(fe9ef4217cd3a8d49bb834bd53c4f60b) Importer(2089858483,b0f066a214c2f5e87bad3c948f4d605d) (ScriptedImporter) -> (artifact id: '304a11befee1cb7c8de4fec0f66c34fe') in 0.0333743 seconds
Number of updated asset objects reloaded before import = 0Number of asset objects unloaded after import = 155

========================================================================
Received Import Request.
  Time since last request: 0.000050 seconds.
  path: Assets/Studio33 Interactive_[BasketBall] v1.1/Animations/Basketball Motions_Generic/1023_Rebound rB.fbx
  artifactKey: Guid(3c09627056273704e970dc68dd29d128) Importer(2089858483,b0f066a214c2f5e87bad3c948f4d605d)
Start importing Assets/Studio33 Interactive_[BasketBall] v1.1/Animations/Basketball Motions_Generic/1023_Rebound rB.fbx using Guid(3c09627056273704e970dc68dd29d128) Importer(2089858483,b0f066a214c2f5e87bad3c948f4d605d) (ScriptedImporter) -> (artifact id: '0ce0ad328cce24185f32069b786951ec') in 0.029057 seconds
Number of updated asset objects reloaded before import = 0Number of asset objects unloaded after import = 153

========================================================================
Received Import Request.
  Time since last request: 0.000041 seconds.
  path: Assets/Studio33 Interactive_[BasketBall] v1.1/Animations/Basketball Motions Humanoid/995_Rebound tappassLongBaA.fbx
  artifactKey: Guid(37ef73b13bde58c4abe1274fa7904a24) Importer(2089858483,b0f066a214c2f5e87bad3c948f4d605d)
Start importing Assets/Studio33 Interactive_[BasketBall] v1.1/Animations/Basketball Motions Humanoid/995_Rebound tappassLongBaA.fbx using Guid(37ef73b13bde58c4abe1274fa7904a24) Importer(2089858483,b0f066a214c2f5e87bad3c948f4d605d) (ScriptedImporter) -> (artifact id: 'ae44e93a3bf26f980a830b03530ac09e') in 0.0366398 seconds
Number of updated asset objects reloaded before import = 0Number of asset objects unloaded after import = 155

========================================================================
Received Import Request.
  Time since last request: 0.000057 seconds.
  path: Assets/Studio33 Interactive_[BasketBall] v1.1/Animations/Basketball Motions_Generic/353_PassioffballcutA.fbx
  artifactKey: Guid(6805fde21a9c1c74394f81a0628762fe) Importer(2089858483,b0f066a214c2f5e87bad3c948f4d605d)
Start importing Assets/Studio33 Interactive_[BasketBall] v1.1/Animations/Basketball Motions_Generic/353_PassioffballcutA.fbx using Guid(6805fde21a9c1c74394f81a0628762fe) Importer(2089858483,b0f066a214c2f5e87bad3c948f4d605d) (ScriptedImporter) -> (artifact id: '0f56504075407743b5f001f2f4a799e7') in 0.0348319 seconds
Number of updated asset objects reloaded before import = 0Number of asset objects unloaded after import = 153

========================================================================
Received Import Request.
  Time since last request: 0.000057 seconds.
  path: Assets/Studio33 Interactive_[BasketBall] v1.1/Animations/Basketball Motions_Generic/1032_TappassTapA.fbx
  artifactKey: Guid(f0f63a27ef328ab438f823c12ee5aa06) Importer(2089858483,b0f066a214c2f5e87bad3c948f4d605d)
Start importing Assets/Studio33 Interactive_[BasketBall] v1.1/Animations/Basketball Motions_Generic/1032_TappassTapA.fbx using Guid(f0f63a27ef328ab438f823c12ee5aa06) Importer(2089858483,b0f066a214c2f5e87bad3c948f4d605d) (ScriptedImporter) -> (artifact id: 'd324128fd224ed9cd96d7172946a283f') in 0.0294579 seconds
Number of updated asset objects reloaded before import = 0Number of asset objects unloaded after import = 153

========================================================================
Received Import Request.
  Time since last request: 0.000058 seconds.
  path: Assets/Studio33 Interactive_[BasketBall] v1.1/Animations/Basketball Motions_Generic/891_PostPivotLeftRLayupA.fbx
  artifactKey: Guid(5fbb96a9c5a6a8949b9a94d365696806) Importer(2089858483,b0f066a214c2f5e87bad3c948f4d605d)
Start importing Assets/Studio33 Interactive_[BasketBall] v1.1/Animations/Basketball Motions_Generic/891_PostPivotLeftRLayupA.fbx using Guid(5fbb96a9c5a6a8949b9a94d365696806) Importer(2089858483,b0f066a214c2f5e87bad3c948f4d605d) (ScriptedImporter) -> (artifact id: 'b2a528fa4dcda33bac4d4d0de681e58c') in 0.028639 seconds
Number of updated asset objects reloaded before import = 0Number of asset objects unloaded after import = 153

========================================================================
Received Import Request.
  Time since last request: 0.000061 seconds.
  path: Assets/Studio33 Interactive_[BasketBall] v1.1/Animations/Basketball Motions Humanoid/1748_RstalayupCA.fbx
  artifactKey: Guid(94b9f233ac5e9494fbad2484e3e142f5) Importer(2089858483,b0f066a214c2f5e87bad3c948f4d605d)
Start importing Assets/Studio33 Interactive_[BasketBall] v1.1/Animations/Basketball Motions Humanoid/1748_RstalayupCA.fbx using Guid(94b9f233ac5e9494fbad2484e3e142f5) Importer(2089858483,b0f066a214c2f5e87bad3c948f4d605d) (ScriptedImporter) -> (artifact id: '4974a5435f917ae7799057b212fb0df6') in 0.0322526 seconds
Number of updated asset objects reloaded before import = 0Number of asset objects unloaded after import = 155

========================================================================
Received Import Request.
  Time since last request: 0.000050 seconds.
  path: Assets/Studio33 Interactive_[BasketBall] v1.1/Animations/Basketball Motions_Generic/991_Rebound rB.fbx
  artifactKey: Guid(2c59acae220f753458ead49868aca972) Importer(2089858483,b0f066a214c2f5e87bad3c948f4d605d)
Start importing Assets/Studio33 Interactive_[BasketBall] v1.1/Animations/Basketball Motions_Generic/991_Rebound rB.fbx using Guid(2c59acae220f753458ead49868aca972) Importer(2089858483,b0f066a214c2f5e87bad3c948f4d605d) (ScriptedImporter) -> (artifact id: 'db3b7b5815fe2821a50c378d7c94d5f3') in 0.0303269 seconds
Number of updated asset objects reloaded before import = 0Number of asset objects unloaded after import = 153

========================================================================
Received Import Request.
  Time since last request: 0.000042 seconds.
  path: Assets/Studio33 Interactive_[BasketBall] v1.1/Animations/Basketball Motions Humanoid/682_Run.fbx
  artifactKey: Guid(a85a601e4047f7e46a3fd527c509f010) Importer(2089858483,b0f066a214c2f5e87bad3c948f4d605d)
Start importing Assets/Studio33 Interactive_[BasketBall] v1.1/Animations/Basketball Motions Humanoid/682_Run.fbx using Guid(a85a601e4047f7e46a3fd527c509f010) Importer(2089858483,b0f066a214c2f5e87bad3c948f4d605d) (ScriptedImporter) -> (artifact id: 'f9f850513ec19ab7a3cd1abad76cc3f0') in 0.0350225 seconds
Number of updated asset objects reloaded before import = 0Number of asset objects unloaded after import = 155

========================================================================
Received Import Request.
  Time since last request: 0.000046 seconds.
  path: Assets/Studio33 Interactive_[BasketBall] v1.1/Animations/Basketball Motions Humanoid/1284_DunkCA.fbx
  artifactKey: Guid(7e24e2d262a2470469b1881325be6f60) Importer(2089858483,b0f066a214c2f5e87bad3c948f4d605d)
Start importing Assets/Studio33 Interactive_[BasketBall] v1.1/Animations/Basketball Motions Humanoid/1284_DunkCA.fbx using Guid(7e24e2d262a2470469b1881325be6f60) Importer(2089858483,b0f066a214c2f5e87bad3c948f4d605d) (ScriptedImporter) -> (artifact id: '5b31059131e0746add73fe5d11922009') in 0.0379634 seconds
Number of updated asset objects reloaded before import = 0Number of asset objects unloaded after import = 155

========================================================================
Received Import Request.
  Time since last request: 0.000042 seconds.
  path: Assets/Studio33 Interactive_[BasketBall] v1.1/Animations/Basketball Motions Humanoid/1060_SceneEntAway.fbx
  artifactKey: Guid(34ffb301c87cf6c4cb9757c244c731c6) Importer(2089858483,b0f066a214c2f5e87bad3c948f4d605d)
Start importing Assets/Studio33 Interactive_[BasketBall] v1.1/Animations/Basketball Motions Humanoid/1060_SceneEntAway.fbx using Guid(34ffb301c87cf6c4cb9757c244c731c6) Importer(2089858483,b0f066a214c2f5e87bad3c948f4d605d) (ScriptedImporter) -> (artifact id: '13b5d182e74036c9b6ea580bc7f3d46d') in 0.0296724 seconds
Number of updated asset objects reloaded before import = 0Number of asset objects unloaded after import = 155

========================================================================
Received Import Request.
  Time since last request: 0.000041 seconds.
  path: Assets/Studio33 Interactive_[BasketBall] v1.1/Animations/Basketball Motions_Generic/1324_FadeawayFakeRA.fbx
  artifactKey: Guid(89dee895f51ae7a4d957aff456de3824) Importer(2089858483,b0f066a214c2f5e87bad3c948f4d605d)
Start importing Assets/Studio33 Interactive_[BasketBall] v1.1/Animations/Basketball Motions_Generic/1324_FadeawayFakeRA.fbx using Guid(89dee895f51ae7a4d957aff456de3824) Importer(2089858483,b0f066a214c2f5e87bad3c948f4d605d) (ScriptedImporter) -> (artifact id: '84c31bf9f5293fd817be41ef31239e07') in 0.029988 seconds
Number of updated asset objects reloaded before import = 0Number of asset objects unloaded after import = 153

========================================================================
Received Import Request.
  Time since last request: 0.000064 seconds.
  path: Assets/Studio33 Interactive_[BasketBall] v1.1/Animations/Basketball Motions Humanoid/1507_AlleyoopCSA.fbx
  artifactKey: Guid(cdd25d52b3411de408ef57a2358f9ab3) Importer(2089858483,b0f066a214c2f5e87bad3c948f4d605d)
Start importing Assets/Studio33 Interactive_[BasketBall] v1.1/Animations/Basketball Motions Humanoid/1507_AlleyoopCSA.fbx using Guid(cdd25d52b3411de408ef57a2358f9ab3) Importer(2089858483,b0f066a214c2f5e87bad3c948f4d605d) (ScriptedImporter) -> (artifact id: 'b2b050d69bf711a4dac9af9950e53200') in 0.0316794 seconds
Number of updated asset objects reloaded before import = 0Number of asset objects unloaded after import = 155

========================================================================
Received Import Request.
  Time since last request: 0.000052 seconds.
  path: Assets/Studio33 Interactive_[BasketBall] v1.1/Animations/Basketball Motions_Generic/837_AlleyoopOverNpassFA.fbx
  artifactKey: Guid(71704ec89bd7ed443902dd1cb7f78b4a) Importer(2089858483,b0f066a214c2f5e87bad3c948f4d605d)
Start importing Assets/Studio33 Interactive_[BasketBall] v1.1/Animations/Basketball Motions_Generic/837_AlleyoopOverNpassFA.fbx using Guid(71704ec89bd7ed443902dd1cb7f78b4a) Importer(2089858483,b0f066a214c2f5e87bad3c948f4d605d) (ScriptedImporter) -> (artifact id: '557177d9d1edef057b7c03d789a10b20') in 0.0297297 seconds
Number of updated asset objects reloaded before import = 0Number of asset objects unloaded after import = 153

========================================================================
Received Import Request.
  Time since last request: 0.000030 seconds.
  path: Assets/Studio33 Interactive_[BasketBall] v1.1/Animations/Basketball Motions Humanoid/230_TurnstepFRA.fbx
  artifactKey: Guid(b51e8d2a95e424544bdc50d1069e21f3) Importer(2089858483,b0f066a214c2f5e87bad3c948f4d605d)
Start importing Assets/Studio33 Interactive_[BasketBall] v1.1/Animations/Basketball Motions Humanoid/230_TurnstepFRA.fbx using Guid(b51e8d2a95e424544bdc50d1069e21f3) Importer(2089858483,b0f066a214c2f5e87bad3c948f4d605d) (ScriptedImporter) -> (artifact id: '8a64c808552454e88443ae05deb21804') in 0.0372168 seconds
Number of updated asset objects reloaded before import = 0Number of asset objects unloaded after import = 155

========================================================================
Received Import Request.
  Time since last request: 0.000037 seconds.
  path: Assets/Studio33 Interactive_[BasketBall] v1.1/Animations/Basketball Motions Humanoid/1905_JumpshotMFakeA.fbx
  artifactKey: Guid(843b778498b37634db225154ea56a1ed) Importer(2089858483,b0f066a214c2f5e87bad3c948f4d605d)
Start importing Assets/Studio33 Interactive_[BasketBall] v1.1/Animations/Basketball Motions Humanoid/1905_JumpshotMFakeA.fbx using Guid(843b778498b37634db225154ea56a1ed) Importer(2089858483,b0f066a214c2f5e87bad3c948f4d605d) (ScriptedImporter) -> (artifact id: 'be892a7f5c48b4d4fb5e7c582030b020') in 0.0403267 seconds
Number of updated asset objects reloaded before import = 0Number of asset objects unloaded after import = 155

========================================================================
Received Import Request.
  Time since last request: 0.000041 seconds.
  path: Assets/Studio33 Interactive_[BasketBall] v1.1/Animations/Basketball Motions Humanoid/900_PostTurjumperLFakeA.fbx
  artifactKey: Guid(811c666b98a34374eaa6b9913db04317) Importer(2089858483,b0f066a214c2f5e87bad3c948f4d605d)
Start importing Assets/Studio33 Interactive_[BasketBall] v1.1/Animations/Basketball Motions Humanoid/900_PostTurjumperLFakeA.fbx using Guid(811c666b98a34374eaa6b9913db04317) Importer(2089858483,b0f066a214c2f5e87bad3c948f4d605d) (ScriptedImporter) -> (artifact id: '1b042d836a978deecd90a81202b9fdaf') in 0.030178 seconds
Number of updated asset objects reloaded before import = 0Number of asset objects unloaded after import = 155

========================================================================
Received Import Request.
  Time since last request: 0.000048 seconds.
  path: Assets/Studio33 Interactive_[BasketBall] v1.1/Animations/Basketball Motions_Generic/1043_TappassTapFFB.fbx
  artifactKey: Guid(5e186cb32c7272442a5f8999ba44babf) Importer(2089858483,b0f066a214c2f5e87bad3c948f4d605d)
Start importing Assets/Studio33 Interactive_[BasketBall] v1.1/Animations/Basketball Motions_Generic/1043_TappassTapFFB.fbx using Guid(5e186cb32c7272442a5f8999ba44babf) Importer(2089858483,b0f066a214c2f5e87bad3c948f4d605d) (ScriptedImporter) -> (artifact id: 'bc71fde353baf2cd059b9846bc4eb793') in 0.0320429 seconds
Number of updated asset objects reloaded before import = 0Number of asset objects unloaded after import = 153

========================================================================
Received Import Request.
  Time since last request: 0.000061 seconds.
  path: Assets/Studio33 Interactive_[BasketBall] v1.1/Animations/Basketball Motions_Generic/1302_DunkClutchRLeftA.fbx
  artifactKey: Guid(cd8993d70fadbb343bbd3e6b9672d026) Importer(2089858483,b0f066a214c2f5e87bad3c948f4d605d)
Start importing Assets/Studio33 Interactive_[BasketBall] v1.1/Animations/Basketball Motions_Generic/1302_DunkClutchRLeftA.fbx using Guid(cd8993d70fadbb343bbd3e6b9672d026) Importer(2089858483,b0f066a214c2f5e87bad3c948f4d605d) (ScriptedImporter) -> (artifact id: 'ced5d47c93f295da4b12f6b12c8d033a') in 0.0304449 seconds
Number of updated asset objects reloaded before import = 0Number of asset objects unloaded after import = 153

========================================================================
Received Import Request.
  Time since last request: 0.000039 seconds.
  path: Assets/Studio33 Interactive_[BasketBall] v1.1/Animations/Basketball Motions Humanoid/2166_DefenceA.fbx
  artifactKey: Guid(ad7deac561b085e4390a3d1c0da7afa5) Importer(2089858483,b0f066a214c2f5e87bad3c948f4d605d)
Start importing Assets/Studio33 Interactive_[BasketBall] v1.1/Animations/Basketball Motions Humanoid/2166_DefenceA.fbx using Guid(ad7deac561b085e4390a3d1c0da7afa5) Importer(2089858483,b0f066a214c2f5e87bad3c948f4d605d) (ScriptedImporter) -> (artifact id: 'b702016660287d6eec9a3896d1a57887') in 0.0321025 seconds
Number of updated asset objects reloaded before import = 0Number of asset objects unloaded after import = 155

========================================================================
Received Import Request.
  Time since last request: 0.000032 seconds.
  path: Assets/Studio33 Interactive_[BasketBall] v1.1/Animations/Basketball Motions_Generic/1380_JumpshotReadyFakeC.fbx
  artifactKey: Guid(a614a8742bb4e304c9b55cd10dceccb9) Importer(2089858483,b0f066a214c2f5e87bad3c948f4d605d)
Start importing Assets/Studio33 Interactive_[BasketBall] v1.1/Animations/Basketball Motions_Generic/1380_JumpshotReadyFakeC.fbx using Guid(a614a8742bb4e304c9b55cd10dceccb9) Importer(2089858483,b0f066a214c2f5e87bad3c948f4d605d) (ScriptedImporter) -> (artifact id: '67c351b9d2452b9dad9cba17774f2d62') in 0.0431454 seconds
Number of updated asset objects reloaded before import = 0Number of asset objects unloaded after import = 153

========================================================================
Received Import Request.
  Time since last request: 0.000057 seconds.
  path: Assets/Studio33 Interactive_[BasketBall] v1.1/Animations/Basketball Motions Humanoid/1423_TurbashootA.fbx
  artifactKey: Guid(ff0aac151f9afe84b8e819211def5796) Importer(2089858483,b0f066a214c2f5e87bad3c948f4d605d)
Start importing Assets/Studio33 Interactive_[BasketBall] v1.1/Animations/Basketball Motions Humanoid/1423_TurbashootA.fbx using Guid(ff0aac151f9afe84b8e819211def5796) Importer(2089858483,b0f066a214c2f5e87bad3c948f4d605d) (ScriptedImporter) -> (artifact id: '91034c2e299bc2441111901b36de5a41') in 0.0359579 seconds
Number of updated asset objects reloaded before import = 0Number of asset objects unloaded after import = 155

========================================================================
Received Import Request.
  Time since last request: 0.000037 seconds.
  path: Assets/Studio33 Interactive_[BasketBall] v1.1/Animations/Basketball Motions Humanoid/1277_DclutchFRightA.fbx
  artifactKey: Guid(a0b4c19162b5f6147b38000d9d16ecc7) Importer(2089858483,b0f066a214c2f5e87bad3c948f4d605d)
Start importing Assets/Studio33 Interactive_[BasketBall] v1.1/Animations/Basketball Motions Humanoid/1277_DclutchFRightA.fbx using Guid(a0b4c19162b5f6147b38000d9d16ecc7) Importer(2089858483,b0f066a214c2f5e87bad3c948f4d605d) (ScriptedImporter) -> (artifact id: '2ef1030810e574fd9a2b27582914cd1b') in 0.037312 seconds
Number of updated asset objects reloaded before import = 0Number of asset objects unloaded after import = 155

========================================================================
Received Import Request.
  Time since last request: 0.000037 seconds.
  path: Assets/Studio33 Interactive_[BasketBall] v1.1/Animations/Basketball Motions_Generic/1123_JumpshotMA.fbx
  artifactKey: Guid(ad33e98974ce5614086740d824c60d91) Importer(2089858483,b0f066a214c2f5e87bad3c948f4d605d)
Start importing Assets/Studio33 Interactive_[BasketBall] v1.1/Animations/Basketball Motions_Generic/1123_JumpshotMA.fbx using Guid(ad33e98974ce5614086740d824c60d91) Importer(2089858483,b0f066a214c2f5e87bad3c948f4d605d) (ScriptedImporter) -> (artifact id: '103a37ecac38a77c27bdd633df45f3b9') in 0.0306356 seconds
Number of updated asset objects reloaded before import = 0Number of asset objects unloaded after import = 153

========================================================================
Received Import Request.
  Time since last request: 0.000046 seconds.
  path: Assets/Studio33 Interactive_[BasketBall] v1.1/Animations/Basketball Motions_Generic/1054_SceneEntHome.fbx
  artifactKey: Guid(0dddab08e6626744a8c0f169fd7dd6ea) Importer(2089858483,b0f066a214c2f5e87bad3c948f4d605d)
Start importing Assets/Studio33 Interactive_[BasketBall] v1.1/Animations/Basketball Motions_Generic/1054_SceneEntHome.fbx using Guid(0dddab08e6626744a8c0f169fd7dd6ea) Importer(2089858483,b0f066a214c2f5e87bad3c948f4d605d) (ScriptedImporter) -> (artifact id: '97ebdff6f0870899b8837645aa8e779f') in 0.0317482 seconds
Number of updated asset objects reloaded before import = 0Number of asset objects unloaded after import = 153

========================================================================
Received Import Request.
  Time since last request: 0.000039 seconds.
  path: Assets/Studio33 Interactive_[BasketBall] v1.1/33_basket ball test animations/player/Back_number/Back_number_R/Rack_number_R_c15.png
  artifactKey: Guid(9e2faee0139c5d34c957492f8d2549eb) Importer(2089858483,b0f066a214c2f5e87bad3c948f4d605d)
Start importing Assets/Studio33 Interactive_[BasketBall] v1.1/33_basket ball test animations/player/Back_number/Back_number_R/Rack_number_R_c15.png using Guid(9e2faee0139c5d34c957492f8d2549eb) Importer(2089858483,b0f066a214c2f5e87bad3c948f4d605d) (ScriptedImporter) -> (artifact id: '6d06228442ff9e3a3f4c51d0dd4ca534') in 0.0200801 seconds
Number of updated asset objects reloaded before import = 0Number of asset objects unloaded after import = 1

========================================================================
Received Import Request.
  Time since last request: 0.000038 seconds.
  path: Assets/Studio33 Interactive_[BasketBall] v1.1/Animations/Basketball Motions_Generic/901_PostTurjumperRA.fbx
  artifactKey: Guid(f32090a61cd240e4e81084f1a1d08785) Importer(2089858483,b0f066a214c2f5e87bad3c948f4d605d)
Start importing Assets/Studio33 Interactive_[BasketBall] v1.1/Animations/Basketball Motions_Generic/901_PostTurjumperRA.fbx using Guid(f32090a61cd240e4e81084f1a1d08785) Importer(2089858483,b0f066a214c2f5e87bad3c948f4d605d) (ScriptedImporter) -> (artifact id: '34b86fb0ef61c86c18e50cc90e2566fd') in 0.0339474 seconds
Number of updated asset objects reloaded before import = 0Number of asset objects unloaded after import = 153

========================================================================
Received Import Request.
  Time since last request: 0.000043 seconds.
  path: Assets/Studio33 Interactive_[BasketBall] v1.1/Animations/Basketball Motions_Generic/1439_LayupCA.fbx
  artifactKey: Guid(8bd16d6fd27d52643873741f607b929a) Importer(2089858483,b0f066a214c2f5e87bad3c948f4d605d)
Start importing Assets/Studio33 Interactive_[BasketBall] v1.1/Animations/Basketball Motions_Generic/1439_LayupCA.fbx using Guid(8bd16d6fd27d52643873741f607b929a) Importer(2089858483,b0f066a214c2f5e87bad3c948f4d605d) (ScriptedImporter) -> (artifact id: '7cecfd41b1e8dcb4eaf2963d0dfa38e8') in 0.0315485 seconds
Number of updated asset objects reloaded before import = 0Number of asset objects unloaded after import = 153

========================================================================
Received Import Request.
  Time since last request: 0.000065 seconds.
  path: Assets/Studio33 Interactive_[BasketBall] v1.1/Animations/Basketball Motions_Generic/514_RruDribbleleright.fbx
  artifactKey: Guid(81543e971da260c4dae281db9d1f2991) Importer(2089858483,b0f066a214c2f5e87bad3c948f4d605d)
Start importing Assets/Studio33 Interactive_[BasketBall] v1.1/Animations/Basketball Motions_Generic/514_RruDribbleleright.fbx using Guid(81543e971da260c4dae281db9d1f2991) Importer(2089858483,b0f066a214c2f5e87bad3c948f4d605d) (ScriptedImporter) -> (artifact id: 'e98daa9300a1633103a9a96ebceeae54') in 0.0310535 seconds
Number of updated asset objects reloaded before import = 0Number of asset objects unloaded after import = 153

========================================================================
Received Import Request.
  Time since last request: 0.000037 seconds.
  path: Assets/Studio33 Interactive_[BasketBall] v1.1/Animations/Basketball Motions Humanoid/711_PassChestLA.fbx
  artifactKey: Guid(97d9f2e98a7f4234a846332e80972536) Importer(2089858483,b0f066a214c2f5e87bad3c948f4d605d)
Start importing Assets/Studio33 Interactive_[BasketBall] v1.1/Animations/Basketball Motions Humanoid/711_PassChestLA.fbx using Guid(97d9f2e98a7f4234a846332e80972536) Importer(2089858483,b0f066a214c2f5e87bad3c948f4d605d) (ScriptedImporter) -> (artifact id: 'b024fde40de0b0c5898ca150f1794b5c') in 0.0302882 seconds
Number of updated asset objects reloaded before import = 0Number of asset objects unloaded after import = 155

========================================================================
Received Import Request.
  Time since last request: 0.000053 seconds.
  path: Assets/Studio33 Interactive_[BasketBall] v1.1/Animations/Basketball Motions Humanoid/2172_PivotLFA.fbx
  artifactKey: Guid(6be347bbd0471684ea3f098bdfabe480) Importer(2089858483,b0f066a214c2f5e87bad3c948f4d605d)
Start importing Assets/Studio33 Interactive_[BasketBall] v1.1/Animations/Basketball Motions Humanoid/2172_PivotLFA.fbx using Guid(6be347bbd0471684ea3f098bdfabe480) Importer(2089858483,b0f066a214c2f5e87bad3c948f4d605d) (ScriptedImporter) -> (artifact id: 'c2b83f64dd34ecda079fa1ced0386de7') in 0.0320867 seconds
Number of updated asset objects reloaded before import = 0Number of asset objects unloaded after import = 155

========================================================================
Received Import Request.
  Time since last request: 0.000070 seconds.
  path: Assets/Studio33 Interactive_[BasketBall] v1.1/Animations/Basketball Motions_Generic/904_QpostNormalThRightFRA.fbx
  artifactKey: Guid(b4aacdd33d1647d429ba61f93fbfd5fe) Importer(2089858483,b0f066a214c2f5e87bad3c948f4d605d)
Start importing Assets/Studio33 Interactive_[BasketBall] v1.1/Animations/Basketball Motions_Generic/904_QpostNormalThRightFRA.fbx using Guid(b4aacdd33d1647d429ba61f93fbfd5fe) Importer(2089858483,b0f066a214c2f5e87bad3c948f4d605d) (ScriptedImporter) -> (artifact id: 'b225d12011fc6574ace7581c91add9e9') in 0.0320522 seconds
Number of updated asset objects reloaded before import = 0Number of asset objects unloaded after import = 153

========================================================================
Received Import Request.
  Time since last request: 0.000031 seconds.
  path: Assets/Studio33 Interactive_[BasketBall] v1.1/Animations/Basketball Motions_Generic/2185_PivotLFA.fbx
  artifactKey: Guid(618c39382bcb11440b1a99bc11b905da) Importer(2089858483,b0f066a214c2f5e87bad3c948f4d605d)
Start importing Assets/Studio33 Interactive_[BasketBall] v1.1/Animations/Basketball Motions_Generic/2185_PivotLFA.fbx using Guid(618c39382bcb11440b1a99bc11b905da) Importer(2089858483,b0f066a214c2f5e87bad3c948f4d605d) (ScriptedImporter) -> (artifact id: '8b6b1ef3b78de19430fdf95a3f169a3f') in 0.0300475 seconds
Number of updated asset objects reloaded before import = 0Number of asset objects unloaded after import = 153

========================================================================
Received Import Request.
  Time since last request: 0.000039 seconds.
  path: Assets/Studio33 Interactive_[BasketBall] v1.1/Animations/Basketball Motions Humanoid/1632_JumpshotReadyFake.fbx
  artifactKey: Guid(d9be1f775bf999d478835ca0d6ecdcd7) Importer(2089858483,b0f066a214c2f5e87bad3c948f4d605d)
Start importing Assets/Studio33 Interactive_[BasketBall] v1.1/Animations/Basketball Motions Humanoid/1632_JumpshotReadyFake.fbx using Guid(d9be1f775bf999d478835ca0d6ecdcd7) Importer(2089858483,b0f066a214c2f5e87bad3c948f4d605d) (ScriptedImporter) -> (artifact id: 'f4a80c0d1029c99ee48238408bfae093') in 0.0322813 seconds
Number of updated asset objects reloaded before import = 0Number of asset objects unloaded after import = 155

========================================================================
Received Import Request.
  Time since last request: 0.000046 seconds.
  path: Assets/Studio33 Interactive_[BasketBall] v1.1/Animations/Basketball Motions Humanoid/1927_JumpshotMFakeA.fbx
  artifactKey: Guid(db0481d2b466e1a4dba841d117e2b87d) Importer(2089858483,b0f066a214c2f5e87bad3c948f4d605d)
Start importing Assets/Studio33 Interactive_[BasketBall] v1.1/Animations/Basketball Motions Humanoid/1927_JumpshotMFakeA.fbx using Guid(db0481d2b466e1a4dba841d117e2b87d) Importer(2089858483,b0f066a214c2f5e87bad3c948f4d605d) (ScriptedImporter) -> (artifact id: 'a7a9214a12183165e93682bfe439a01f') in 0.0333598 seconds
Number of updated asset objects reloaded before import = 0Number of asset objects unloaded after import = 155

========================================================================
Received Import Request.
  Time since last request: 0.000053 seconds.
  path: Assets/Studio33 Interactive_[BasketBall] v1.1/Animations/Basketball Motions Humanoid/824_PassioverFA.fbx
  artifactKey: Guid(677ae16ecc1252149b526a33cac9fe64) Importer(2089858483,b0f066a214c2f5e87bad3c948f4d605d)
Start importing Assets/Studio33 Interactive_[BasketBall] v1.1/Animations/Basketball Motions Humanoid/824_PassioverFA.fbx using Guid(677ae16ecc1252149b526a33cac9fe64) Importer(2089858483,b0f066a214c2f5e87bad3c948f4d605d) (ScriptedImporter) -> (artifact id: '256290938a78a9b5c0041273b6f6a53e') in 0.0310496 seconds
Number of updated asset objects reloaded before import = 0Number of asset objects unloaded after import = 155

========================================================================
Received Import Request.
  Time since last request: 0.000047 seconds.
  path: Assets/Studio33 Interactive_[BasketBall] v1.1/Animations/Basketball Motions Humanoid/1349_JumpshotMA.fbx
  artifactKey: Guid(564c18b165681854b8c0cdb4ecf57aad) Importer(2089858483,b0f066a214c2f5e87bad3c948f4d605d)
Start importing Assets/Studio33 Interactive_[BasketBall] v1.1/Animations/Basketball Motions Humanoid/1349_JumpshotMA.fbx using Guid(564c18b165681854b8c0cdb4ecf57aad) Importer(2089858483,b0f066a214c2f5e87bad3c948f4d605d) (ScriptedImporter) -> (artifact id: 'd98254a605743365a75fd497538c06fc') in 0.0385644 seconds
Number of updated asset objects reloaded before import = 0Number of asset objects unloaded after import = 155

========================================================================
Received Import Request.
  Time since last request: 0.000054 seconds.
  path: Assets/Studio33 Interactive_[BasketBall] v1.1/Animations/Basketball Motions Humanoid/1221_LayupCA.fbx
  artifactKey: Guid(30f17d665d224b94cade163a7a61dd67) Importer(2089858483,b0f066a214c2f5e87bad3c948f4d605d)
Start importing Assets/Studio33 Interactive_[BasketBall] v1.1/Animations/Basketball Motions Humanoid/1221_LayupCA.fbx using Guid(30f17d665d224b94cade163a7a61dd67) Importer(2089858483,b0f066a214c2f5e87bad3c948f4d605d) (ScriptedImporter) -> (artifact id: 'cf0c2e19d1e332adce12fb14bebbbfbd') in 0.0340485 seconds
Number of updated asset objects reloaded before import = 0Number of asset objects unloaded after import = 155

========================================================================
Received Import Request.
  Time since last request: 0.000053 seconds.
  path: Assets/Studio33 Interactive_[BasketBall] v1.1/Animations/Basketball Motions Humanoid/1818_DunkRA.fbx
  artifactKey: Guid(a41754962da8ed84d9e9196e526244c7) Importer(2089858483,b0f066a214c2f5e87bad3c948f4d605d)
Start importing Assets/Studio33 Interactive_[BasketBall] v1.1/Animations/Basketball Motions Humanoid/1818_DunkRA.fbx using Guid(a41754962da8ed84d9e9196e526244c7) Importer(2089858483,b0f066a214c2f5e87bad3c948f4d605d) (ScriptedImporter) -> (artifact id: 'b365d4472c4716212b535011b40a7f49') in 0.0332197 seconds
Number of updated asset objects reloaded before import = 0Number of asset objects unloaded after import = 155

========================================================================
Received Import Request.
  Time since last request: 0.000040 seconds.
  path: Assets/Studio33 Interactive_[BasketBall] v1.1/Animations/Basketball Motions_Generic/356_OffballcutA.fbx
  artifactKey: Guid(b90150fc60043bc48a724a54f1f7b62a) Importer(2089858483,b0f066a214c2f5e87bad3c948f4d605d)
Start importing Assets/Studio33 Interactive_[BasketBall] v1.1/Animations/Basketball Motions_Generic/356_OffballcutA.fbx using Guid(b90150fc60043bc48a724a54f1f7b62a) Importer(2089858483,b0f066a214c2f5e87bad3c948f4d605d) (ScriptedImporter) -> (artifact id: '365606bfe330d3c1866e9ccdbfefcc6c') in 0.031089 seconds
Number of updated asset objects reloaded before import = 0Number of asset objects unloaded after import = 153

========================================================================
Received Import Request.
  Time since last request: 0.000061 seconds.
  path: Assets/Studio33 Interactive_[BasketBall] v1.1/Animations/Basketball Motions_Generic/1220_JumpshotDriftRA.fbx
  artifactKey: Guid(e2b032741f101ce4295fce05b94ae36c) Importer(2089858483,b0f066a214c2f5e87bad3c948f4d605d)
Start importing Assets/Studio33 Interactive_[BasketBall] v1.1/Animations/Basketball Motions_Generic/1220_JumpshotDriftRA.fbx using Guid(e2b032741f101ce4295fce05b94ae36c) Importer(2089858483,b0f066a214c2f5e87bad3c948f4d605d) (ScriptedImporter) -> (artifact id: '060e294c5de8777bc31053e4d8455164') in 0.0322738 seconds
Number of updated asset objects reloaded before import = 0Number of asset objects unloaded after import = 153

========================================================================
Received Import Request.
  Time since last request: 0.000062 seconds.
  path: Assets/Studio33 Interactive_[BasketBall] v1.1/Animations/Basketball Motions Humanoid/813_PassBadA.fbx
  artifactKey: Guid(963968626cf4c9c48acf7ef963202167) Importer(2089858483,b0f066a214c2f5e87bad3c948f4d605d)
Start importing Assets/Studio33 Interactive_[BasketBall] v1.1/Animations/Basketball Motions Humanoid/813_PassBadA.fbx using Guid(963968626cf4c9c48acf7ef963202167) Importer(2089858483,b0f066a214c2f5e87bad3c948f4d605d) (ScriptedImporter) -> (artifact id: '2464d4122a9d018da8ede1f1849cdb6a') in 0.0363382 seconds
Number of updated asset objects reloaded before import = 0Number of asset objects unloaded after import = 155

========================================================================
Received Import Request.
  Time since last request: 0.000032 seconds.
  path: Assets/Studio33 Interactive_[BasketBall] v1.1/Animations/Basketball Motions Humanoid/1638_TipiA.fbx
  artifactKey: Guid(ee98a3b984d12804fb3704be176a6653) Importer(2089858483,b0f066a214c2f5e87bad3c948f4d605d)
Start importing Assets/Studio33 Interactive_[BasketBall] v1.1/Animations/Basketball Motions Humanoid/1638_TipiA.fbx using Guid(ee98a3b984d12804fb3704be176a6653) Importer(2089858483,b0f066a214c2f5e87bad3c948f4d605d) (ScriptedImporter) -> (artifact id: '68a8d21534cf613c6f07a78ed12b5e85') in 0.0337925 seconds
Number of updated asset objects reloaded before import = 0Number of asset objects unloaded after import = 155

========================================================================
Received Import Request.
  Time since last request: 0.000046 seconds.
  path: Assets/Studio33 Interactive_[BasketBall] v1.1/Animations/Basketball Motions_Generic/806_PassioverLA.fbx
  artifactKey: Guid(70a6693c6521c5f4197e34d8dde21338) Importer(2089858483,b0f066a214c2f5e87bad3c948f4d605d)
Start importing Assets/Studio33 Interactive_[BasketBall] v1.1/Animations/Basketball Motions_Generic/806_PassioverLA.fbx using Guid(70a6693c6521c5f4197e34d8dde21338) Importer(2089858483,b0f066a214c2f5e87bad3c948f4d605d) (ScriptedImporter) -> (artifact id: '1396877f8826bbf264f8ed8bd2b1b86d') in 0.0325049 seconds
Number of updated asset objects reloaded before import = 0Number of asset objects unloaded after import = 153

========================================================================
Received Import Request.
  Time since last request: 0.000070 seconds.
  path: Assets/Studio33 Interactive_[BasketBall] v1.1/Animations/Basketball Motions Humanoid/1254_SelfalleyoopReadyA.fbx
  artifactKey: Guid(b3eb4062398da6247a70f6c142131b8f) Importer(2089858483,b0f066a214c2f5e87bad3c948f4d605d)
Start importing Assets/Studio33 Interactive_[BasketBall] v1.1/Animations/Basketball Motions Humanoid/1254_SelfalleyoopReadyA.fbx using Guid(b3eb4062398da6247a70f6c142131b8f) Importer(2089858483,b0f066a214c2f5e87bad3c948f4d605d) (ScriptedImporter) -> (artifact id: '14b7f537e8a82cab131ffbd4303ed4e5') in 0.0313871 seconds
Number of updated asset objects reloaded before import = 0Number of asset objects unloaded after import = 155

========================================================================
Received Import Request.
  Time since last request: 0.000040 seconds.
  path: Assets/Studio33 Interactive_[BasketBall] v1.1/Animations/Basketball Motions_Generic/59_BlockinglongFarLayupF.fbx
  artifactKey: Guid(e8120123017116f429c500d4cc0871d5) Importer(2089858483,b0f066a214c2f5e87bad3c948f4d605d)
Start importing Assets/Studio33 Interactive_[BasketBall] v1.1/Animations/Basketball Motions_Generic/59_BlockinglongFarLayupF.fbx using Guid(e8120123017116f429c500d4cc0871d5) Importer(2089858483,b0f066a214c2f5e87bad3c948f4d605d) (ScriptedImporter) -> (artifact id: '6087c9ec537d15b13e044f75e3a80696') in 0.0270746 seconds
Number of updated asset objects reloaded before import = 0Number of asset objects unloaded after import = 153

========================================================================
Received Import Request.
  Time since last request: 0.000039 seconds.
  path: Assets/Studio33 Interactive_[BasketBall] v1.1/Animations/Basketball Motions Humanoid/880_RstapassShootfakepass.fbx
  artifactKey: Guid(f6ba427e675c4d9459383c3469e4876a) Importer(2089858483,b0f066a214c2f5e87bad3c948f4d605d)
Start importing Assets/Studio33 Interactive_[BasketBall] v1.1/Animations/Basketball Motions Humanoid/880_RstapassShootfakepass.fbx using Guid(f6ba427e675c4d9459383c3469e4876a) Importer(2089858483,b0f066a214c2f5e87bad3c948f4d605d) (ScriptedImporter) -> (artifact id: 'b2fd5e33e492c4481103e648a36b26d8') in 0.0371794 seconds
Number of updated asset objects reloaded before import = 0Number of asset objects unloaded after import = 155

========================================================================
Received Import Request.
  Time since last request: 0.000049 seconds.
  path: Assets/Studio33 Interactive_[BasketBall] v1.1/Animations/Basketball Motions Humanoid/141_CollisiohopstepFFaA.fbx
  artifactKey: Guid(ab9b6be202bf9cc4a891ef5a885d47f3) Importer(2089858483,b0f066a214c2f5e87bad3c948f4d605d)
Start importing Assets/Studio33 Interactive_[BasketBall] v1.1/Animations/Basketball Motions Humanoid/141_CollisiohopstepFFaA.fbx using Guid(ab9b6be202bf9cc4a891ef5a885d47f3) Importer(2089858483,b0f066a214c2f5e87bad3c948f4d605d) (ScriptedImporter) -> (artifact id: 'f26a9dce5f8fbf686c1118622bf59457') in 0.0362851 seconds
Number of updated asset objects reloaded before import = 0Number of asset objects unloaded after import = 155

========================================================================
Received Import Request.
  Time since last request: 0.000043 seconds.
  path: Assets/Studio33 Interactive_[BasketBall] v1.1/Animations/Basketball Motions Humanoid/1418_TipicA.fbx
  artifactKey: Guid(24d8659ff3132f04e8f58d480fd28bf7) Importer(2089858483,b0f066a214c2f5e87bad3c948f4d605d)
Start importing Assets/Studio33 Interactive_[BasketBall] v1.1/Animations/Basketball Motions Humanoid/1418_TipicA.fbx using Guid(24d8659ff3132f04e8f58d480fd28bf7) Importer(2089858483,b0f066a214c2f5e87bad3c948f4d605d) (ScriptedImporter) -> (artifact id: '49c4ba3bd64aea8c5faf33af59d130a8') in 0.0333423 seconds
Number of updated asset objects reloaded before import = 0Number of asset objects unloaded after import = 155

========================================================================
Received Import Request.
  Time since last request: 0.000042 seconds.
  path: Assets/Studio33 Interactive_[BasketBall] v1.1/Animations/Basketball Motions Humanoid/1754_LayupRA.fbx
  artifactKey: Guid(817b0ebb07b8a204886b433509fdacae) Importer(2089858483,b0f066a214c2f5e87bad3c948f4d605d)
Start importing Assets/Studio33 Interactive_[BasketBall] v1.1/Animations/Basketball Motions Humanoid/1754_LayupRA.fbx using Guid(817b0ebb07b8a204886b433509fdacae) Importer(2089858483,b0f066a214c2f5e87bad3c948f4d605d) (ScriptedImporter) -> (artifact id: '713fa8603395bd51b25217ccabdb9d81') in 0.0321868 seconds
Number of updated asset objects reloaded before import = 0Number of asset objects unloaded after import = 155

========================================================================
Received Import Request.
  Time since last request: 0.000055 seconds.
  path: Assets/Studio33 Interactive_[BasketBall] v1.1/Animations/Basketball Motions Humanoid/1131_AlleyoopCLB.fbx
  artifactKey: Guid(13b2f33fed979864a95c00f09a0989b8) Importer(2089858483,b0f066a214c2f5e87bad3c948f4d605d)
Start importing Assets/Studio33 Interactive_[BasketBall] v1.1/Animations/Basketball Motions Humanoid/1131_AlleyoopCLB.fbx using Guid(13b2f33fed979864a95c00f09a0989b8) Importer(2089858483,b0f066a214c2f5e87bad3c948f4d605d) (ScriptedImporter) -> (artifact id: 'b4eca8048ff632cdb59d46173d828df9') in 0.0308193 seconds
Number of updated asset objects reloaded before import = 0Number of asset objects unloaded after import = 155

========================================================================
Received Import Request.
  Time since last request: 0.000055 seconds.
  path: Assets/Studio33 Interactive_[BasketBall] v1.1/Animations/Basketball Motions Humanoid/279_CrossoverStepbarRA.fbx
  artifactKey: Guid(75d01c1c21affc045877ee9a961efa14) Importer(2089858483,b0f066a214c2f5e87bad3c948f4d605d)
Start importing Assets/Studio33 Interactive_[BasketBall] v1.1/Animations/Basketball Motions Humanoid/279_CrossoverStepbarRA.fbx using Guid(75d01c1c21affc045877ee9a961efa14) Importer(2089858483,b0f066a214c2f5e87bad3c948f4d605d) (ScriptedImporter) -> (artifact id: '8d414e9f64c4b12f892f61eeade0edbd') in 0.035838 seconds
Number of updated asset objects reloaded before import = 0Number of asset objects unloaded after import = 155

========================================================================
Received Import Request.
  Time since last request: 0.000043 seconds.
  path: Assets/Studio33 Interactive_[BasketBall] v1.1/Animations/Basketball Motions Humanoid/1650_DunkCAC.fbx
  artifactKey: Guid(a24d1116c67368f4b930542e98addf68) Importer(2089858483,b0f066a214c2f5e87bad3c948f4d605d)
Start importing Assets/Studio33 Interactive_[BasketBall] v1.1/Animations/Basketball Motions Humanoid/1650_DunkCAC.fbx using Guid(a24d1116c67368f4b930542e98addf68) Importer(2089858483,b0f066a214c2f5e87bad3c948f4d605d) (ScriptedImporter) -> (artifact id: '23640d340746d0ce66c4d2b0ab50e208') in 0.035156 seconds
Number of updated asset objects reloaded before import = 0Number of asset objects unloaded after import = 155

========================================================================
Received Import Request.
  Time since last request: 0.000045 seconds.
  path: Assets/Studio33 Interactive_[BasketBall] v1.1/Animations/Basketball Motions Humanoid/507_Dribbleright.fbx
  artifactKey: Guid(43f2943f390852a47b1b3f69903981f4) Importer(2089858483,b0f066a214c2f5e87bad3c948f4d605d)
Start importing Assets/Studio33 Interactive_[BasketBall] v1.1/Animations/Basketball Motions Humanoid/507_Dribbleright.fbx using Guid(43f2943f390852a47b1b3f69903981f4) Importer(2089858483,b0f066a214c2f5e87bad3c948f4d605d) (ScriptedImporter) -> (artifact id: '0316baf239918bfc145e239246759e92') in 0.0316164 seconds
Number of updated asset objects reloaded before import = 0Number of asset objects unloaded after import = 155

========================================================================
Received Import Request.
  Time since last request: 0.000042 seconds.
  path: Assets/Studio33 Interactive_[BasketBall] v1.1/Animations/Basketball Motions_Generic/686_AlleyoopOverNpassA.fbx
  artifactKey: Guid(0c7e56e447589db4e91d9e06145a197d) Importer(2089858483,b0f066a214c2f5e87bad3c948f4d605d)
Start importing Assets/Studio33 Interactive_[BasketBall] v1.1/Animations/Basketball Motions_Generic/686_AlleyoopOverNpassA.fbx using Guid(0c7e56e447589db4e91d9e06145a197d) Importer(2089858483,b0f066a214c2f5e87bad3c948f4d605d) (ScriptedImporter) -> (artifact id: '9d59d9e0458f49491e99159c92a90985') in 0.0278946 seconds
Number of updated asset objects reloaded before import = 0Number of asset objects unloaded after import = 153

========================================================================
Received Import Request.
  Time since last request: 0.000046 seconds.
  path: Assets/Studio33 Interactive_[BasketBall] v1.1/Animations/Basketball Motions Humanoid/1120_DunkRA.fbx
  artifactKey: Guid(686244072078b4e4fad41fe1a19f3118) Importer(2089858483,b0f066a214c2f5e87bad3c948f4d605d)
Start importing Assets/Studio33 Interactive_[BasketBall] v1.1/Animations/Basketball Motions Humanoid/1120_DunkRA.fbx using Guid(686244072078b4e4fad41fe1a19f3118) Importer(2089858483,b0f066a214c2f5e87bad3c948f4d605d) (ScriptedImporter) -> (artifact id: 'b3bfaae345466abd3fa8f6f4dc1dd5df') in 0.0329108 seconds
Number of updated asset objects reloaded before import = 0Number of asset objects unloaded after import = 155

========================================================================
Received Import Request.
  Time since last request: 0.000072 seconds.
  path: Assets/Studio33 Interactive_[BasketBall] v1.1/Animations/Basketball Motions Humanoid/2116_RstajumpshotMA.fbx
  artifactKey: Guid(1f01ab90930ebbe45bd28f99b703bd5c) Importer(2089858483,b0f066a214c2f5e87bad3c948f4d605d)
Start importing Assets/Studio33 Interactive_[BasketBall] v1.1/Animations/Basketball Motions Humanoid/2116_RstajumpshotMA.fbx using Guid(1f01ab90930ebbe45bd28f99b703bd5c) Importer(2089858483,b0f066a214c2f5e87bad3c948f4d605d) (ScriptedImporter) -> (artifact id: 'f6b774cd3fc18c35da9c836af58c83d3') in 0.0295921 seconds
Number of updated asset objects reloaded before import = 0Number of asset objects unloaded after import = 155

========================================================================
Received Import Request.
  Time since last request: 0.000053 seconds.
  path: Assets/Studio33 Interactive_[BasketBall] v1.1/Animations/Basketball Motions Humanoid/534_LayupdunkCA.fbx
  artifactKey: Guid(221d9d607b9394b43bb7d66b3a813c23) Importer(2089858483,b0f066a214c2f5e87bad3c948f4d605d)
Start importing Assets/Studio33 Interactive_[BasketBall] v1.1/Animations/Basketball Motions Humanoid/534_LayupdunkCA.fbx using Guid(221d9d607b9394b43bb7d66b3a813c23) Importer(2089858483,b0f066a214c2f5e87bad3c948f4d605d) (ScriptedImporter) -> (artifact id: '14cbbff6745b034a125140b63aac6a06') in 0.0392958 seconds
Number of updated asset objects reloaded before import = 0Number of asset objects unloaded after import = 155

========================================================================
Received Import Request.
  Time since last request: 0.000031 seconds.
  path: Assets/Studio33 Interactive_[BasketBall] v1.1/Animations/Basketball Motions Humanoid/465_SideDenyA.fbx
  artifactKey: Guid(9428a133864c05f4499a475134e200d7) Importer(2089858483,b0f066a214c2f5e87bad3c948f4d605d)
Start importing Assets/Studio33 Interactive_[BasketBall] v1.1/Animations/Basketball Motions Humanoid/465_SideDenyA.fbx using Guid(9428a133864c05f4499a475134e200d7) Importer(2089858483,b0f066a214c2f5e87bad3c948f4d605d) (ScriptedImporter) -> (artifact id: '7a77441231d3e3e47df4ebf94e5bce83') in 0.0331559 seconds
Number of updated asset objects reloaded before import = 0Number of asset objects unloaded after import = 155

========================================================================
Received Import Request.
  Time since last request: 0.000036 seconds.
  path: Assets/Studio33 Interactive_[BasketBall] v1.1/Animations/Basketball Motions_Generic/1752_LayupRA.fbx
  artifactKey: Guid(e94a883dfbcab4a44814ccd0f67969f1) Importer(2089858483,b0f066a214c2f5e87bad3c948f4d605d)
Start importing Assets/Studio33 Interactive_[BasketBall] v1.1/Animations/Basketball Motions_Generic/1752_LayupRA.fbx using Guid(e94a883dfbcab4a44814ccd0f67969f1) Importer(2089858483,b0f066a214c2f5e87bad3c948f4d605d) (ScriptedImporter) -> (artifact id: '3aee62e808fd81d87555cbef7a573f94') in 0.0306093 seconds
Number of updated asset objects reloaded before import = 0Number of asset objects unloaded after import = 153

========================================================================
Received Import Request.
  Time since last request: 0.000053 seconds.
  path: Assets/Studio33 Interactive_[BasketBall] v1.1/Animations/Basketball Motions Humanoid/720_PassfakeLeftA.fbx
  artifactKey: Guid(f75fd2d5ee02a034f940022607fdb0be) Importer(2089858483,b0f066a214c2f5e87bad3c948f4d605d)
Start importing Assets/Studio33 Interactive_[BasketBall] v1.1/Animations/Basketball Motions Humanoid/720_PassfakeLeftA.fbx using Guid(f75fd2d5ee02a034f940022607fdb0be) Importer(2089858483,b0f066a214c2f5e87bad3c948f4d605d) (ScriptedImporter) -> (artifact id: '0d36fdeb50a9abc28ffaf9b338495ead') in 0.0335785 seconds
Number of updated asset objects reloaded before import = 0Number of asset objects unloaded after import = 155

========================================================================
Received Import Request.
  Time since last request: 0.000040 seconds.
  path: Assets/Studio33 Interactive_[BasketBall] v1.1/33_basket ball test animations/player/Back_number/Back_number_R
  artifactKey: Guid(59f07539ce8ed124ba02e32ea75ba08f) Importer(2089858483,b0f066a214c2f5e87bad3c948f4d605d)
Start importing Assets/Studio33 Interactive_[BasketBall] v1.1/33_basket ball test animations/player/Back_number/Back_number_R using Guid(59f07539ce8ed124ba02e32ea75ba08f) Importer(2089858483,b0f066a214c2f5e87bad3c948f4d605d) (ScriptedImporter) -> (artifact id: 'f1609f857f8861e8f17615c4de80a2c4') in 0.0122875 seconds
Number of updated asset objects reloaded before import = 0Number of asset objects unloaded after import = 1

========================================================================
Received Import Request.
  Time since last request: 0.000027 seconds.
  path: Assets/Studio33 Interactive_[BasketBall] v1.1/Animations/Basketball Motions_Generic/848_Passifront.fbx
  artifactKey: Guid(af37d9be866076a43929abee277c5a9a) Importer(2089858483,b0f066a214c2f5e87bad3c948f4d605d)
Start importing Assets/Studio33 Interactive_[BasketBall] v1.1/Animations/Basketball Motions_Generic/848_Passifront.fbx using Guid(af37d9be866076a43929abee277c5a9a) Importer(2089858483,b0f066a214c2f5e87bad3c948f4d605d) (ScriptedImporter) -> (artifact id: '3b907df1b9fff89f1b90d3e2da7669cb') in 0.0319871 seconds
Number of updated asset objects reloaded before import = 0Number of asset objects unloaded after import = 153

========================================================================
Received Import Request.
  Time since last request: 0.000038 seconds.
  path: Assets/Studio33 Interactive_[BasketBall] v1.1/Animations/Basketball Motions Humanoid/998_Rebound tappassLongRightA.fbx
  artifactKey: Guid(38c49419155306f429316ff0bf909a74) Importer(2089858483,b0f066a214c2f5e87bad3c948f4d605d)
Start importing Assets/Studio33 Interactive_[BasketBall] v1.1/Animations/Basketball Motions Humanoid/998_Rebound tappassLongRightA.fbx using Guid(38c49419155306f429316ff0bf909a74) Importer(2089858483,b0f066a214c2f5e87bad3c948f4d605d) (ScriptedImporter) -> (artifact id: 'bef699812ef511b3205ad2dad7235e9e') in 0.0349383 seconds
Number of updated asset objects reloaded before import = 0Number of asset objects unloaded after import = 155

========================================================================
Received Import Request.
  Time since last request: 0.000052 seconds.
  path: Assets/Studio33 Interactive_[BasketBall] v1.1/Animations/Basketball Motions_Generic/1895_BjDunkRA.fbx
  artifactKey: Guid(ad811ff2d4a196a45ad1231d38929545) Importer(2089858483,b0f066a214c2f5e87bad3c948f4d605d)
Start importing Assets/Studio33 Interactive_[BasketBall] v1.1/Animations/Basketball Motions_Generic/1895_BjDunkRA.fbx using Guid(ad811ff2d4a196a45ad1231d38929545) Importer(2089858483,b0f066a214c2f5e87bad3c948f4d605d) (ScriptedImporter) -> (artifact id: '0162481810f3027902f58d9de946750a') in 0.0374802 seconds
Number of updated asset objects reloaded before import = 0Number of asset objects unloaded after import = 153

========================================================================
Received Import Request.
  Time since last request: 0.000037 seconds.
  path: Assets/Studio33 Interactive_[BasketBall] v1.1/Animations/Basketball Motions Humanoid/413_FrontDenyA.fbx
  artifactKey: Guid(9f89c5b89ff63444c926f3d3a7cf93ad) Importer(2089858483,b0f066a214c2f5e87bad3c948f4d605d)
Start importing Assets/Studio33 Interactive_[BasketBall] v1.1/Animations/Basketball Motions Humanoid/413_FrontDenyA.fbx using Guid(9f89c5b89ff63444c926f3d3a7cf93ad) Importer(2089858483,b0f066a214c2f5e87bad3c948f4d605d) (ScriptedImporter) -> (artifact id: '0b3c3700f2774158f3357a58b91dc1fe') in 0.0323158 seconds
Number of updated asset objects reloaded before import = 0Number of asset objects unloaded after import = 155

========================================================================
Received Import Request.
  Time since last request: 0.000052 seconds.
  path: Assets/Studio33 Interactive_[BasketBall] v1.1/Animations/Basketball Motions_Generic/824_PassioverFA.fbx
  artifactKey: Guid(9c6f220b53df98e488ff130fa428e73a) Importer(2089858483,b0f066a214c2f5e87bad3c948f4d605d)
Start importing Assets/Studio33 Interactive_[BasketBall] v1.1/Animations/Basketball Motions_Generic/824_PassioverFA.fbx using Guid(9c6f220b53df98e488ff130fa428e73a) Importer(2089858483,b0f066a214c2f5e87bad3c948f4d605d) (ScriptedImporter) -> (artifact id: '088d990ae98ffc9c7ea2410495d42607') in 0.0297575 seconds
Number of updated asset objects reloaded before import = 0Number of asset objects unloaded after import = 153

========================================================================
Received Import Request.
  Time since last request: 0.000049 seconds.
  path: Assets/Studio33 Interactive_[BasketBall] v1.1/Animations/Basketball Motions_Generic/621_SlidingpassFA.fbx
  artifactKey: Guid(bdce43701ec79f64292f0e119efe0f0b) Importer(2089858483,b0f066a214c2f5e87bad3c948f4d605d)
Start importing Assets/Studio33 Interactive_[BasketBall] v1.1/Animations/Basketball Motions_Generic/621_SlidingpassFA.fbx using Guid(bdce43701ec79f64292f0e119efe0f0b) Importer(2089858483,b0f066a214c2f5e87bad3c948f4d605d) (ScriptedImporter) -> (artifact id: '24b5c4288cbafbc18df18bd08c6770e0') in 0.0283276 seconds
Number of updated asset objects reloaded before import = 0Number of asset objects unloaded after import = 153

========================================================================
Received Import Request.
  Time since last request: 0.000049 seconds.
  path: Assets/Studio33 Interactive_[BasketBall] v1.1/Animations/Basketball Motions Humanoid/1517_AlleyoopRSA.fbx
  artifactKey: Guid(83d0716bf619d9b478aa3f13e516789a) Importer(2089858483,b0f066a214c2f5e87bad3c948f4d605d)
Start importing Assets/Studio33 Interactive_[BasketBall] v1.1/Animations/Basketball Motions Humanoid/1517_AlleyoopRSA.fbx using Guid(83d0716bf619d9b478aa3f13e516789a) Importer(2089858483,b0f066a214c2f5e87bad3c948f4d605d) (ScriptedImporter) -> (artifact id: 'e74fb9968d7e5f2057827bf5348cf995') in 0.0349164 seconds
Number of updated asset objects reloaded before import = 0Number of asset objects unloaded after import = 155

========================================================================
Received Import Request.
  Time since last request: 0.000046 seconds.
  path: Assets/Studio33 Interactive_[BasketBall] v1.1/Animations/Basketball Motions_Generic/119_ReboundAndBoxOutBaa.fbx
  artifactKey: Guid(a35237008af82a14296cc7bb1af704f2) Importer(2089858483,b0f066a214c2f5e87bad3c948f4d605d)
Start importing Assets/Studio33 Interactive_[BasketBall] v1.1/Animations/Basketball Motions_Generic/119_ReboundAndBoxOutBaa.fbx using Guid(a35237008af82a14296cc7bb1af704f2) Importer(2089858483,b0f066a214c2f5e87bad3c948f4d605d) (ScriptedImporter) -> (artifact id: '7fdc7bd9abc6e14ee9b54283c4bcf91c') in 0.03279 seconds
Number of updated asset objects reloaded before import = 0Number of asset objects unloaded after import = 153

========================================================================
Received Import Request.
  Time since last request: 0.000053 seconds.
  path: Assets/Studio33 Interactive_[BasketBall] v1.1/Animations/Basketball Motions_Generic/1942_DunkCA.fbx
  artifactKey: Guid(1827ea914204ade4cac739e6e2c40e21) Importer(2089858483,b0f066a214c2f5e87bad3c948f4d605d)
Start importing Assets/Studio33 Interactive_[BasketBall] v1.1/Animations/Basketball Motions_Generic/1942_DunkCA.fbx using Guid(1827ea914204ade4cac739e6e2c40e21) Importer(2089858483,b0f066a214c2f5e87bad3c948f4d605d) (ScriptedImporter) -> (artifact id: '860de2d333fe2f680b16d595890eefa2') in 0.0321621 seconds
Number of updated asset objects reloaded before import = 0Number of asset objects unloaded after import = 153

========================================================================
Received Import Request.
  Time since last request: 0.000041 seconds.
  path: Assets/Studio33 Interactive_[BasketBall] v1.1/Animations/Basketball Motions Humanoid/316_TwostepRRLA.fbx
  artifactKey: Guid(71e3ccf583cc4bf4e99001760f12e092) Importer(2089858483,b0f066a214c2f5e87bad3c948f4d605d)
Start importing Assets/Studio33 Interactive_[BasketBall] v1.1/Animations/Basketball Motions Humanoid/316_TwostepRRLA.fbx using Guid(71e3ccf583cc4bf4e99001760f12e092) Importer(2089858483,b0f066a214c2f5e87bad3c948f4d605d) (ScriptedImporter) -> (artifact id: '4d8b93a423ea109c9d3273c951613265') in 0.0328318 seconds
Number of updated asset objects reloaded before import = 0Number of asset objects unloaded after import = 155

========================================================================
Received Import Request.
  Time since last request: 0.000039 seconds.
  path: Assets/Studio33 Interactive_[BasketBall] v1.1/Animations/Basketball Motions_Generic/616_LoosebamiddA.fbx
  artifactKey: Guid(ac45f1d19e986e142954ebbc83379c8d) Importer(2089858483,b0f066a214c2f5e87bad3c948f4d605d)
Start importing Assets/Studio33 Interactive_[BasketBall] v1.1/Animations/Basketball Motions_Generic/616_LoosebamiddA.fbx using Guid(ac45f1d19e986e142954ebbc83379c8d) Importer(2089858483,b0f066a214c2f5e87bad3c948f4d605d) (ScriptedImporter) -> (artifact id: '7f962d558d7e8ae6ab7b58280342a02b') in 0.0299272 seconds
Number of updated asset objects reloaded before import = 0Number of asset objects unloaded after import = 153

========================================================================
Received Import Request.
  Time since last request: 0.000071 seconds.
  path: Assets/Studio33 Interactive_[BasketBall] v1.1/Animations/Basketball Motions_Generic/1580_JumpshotMA.fbx
  artifactKey: Guid(41bef4a86bdd6d8409823a3b1caff75d) Importer(2089858483,b0f066a214c2f5e87bad3c948f4d605d)
Start importing Assets/Studio33 Interactive_[BasketBall] v1.1/Animations/Basketball Motions_Generic/1580_JumpshotMA.fbx using Guid(41bef4a86bdd6d8409823a3b1caff75d) Importer(2089858483,b0f066a214c2f5e87bad3c948f4d605d) (ScriptedImporter) -> (artifact id: '5ec2e062bbfdeacf1e7e84b1bab92fe4') in 0.0401253 seconds
Number of updated asset objects reloaded before import = 0Number of asset objects unloaded after import = 153

========================================================================
Received Import Request.
  Time since last request: 0.000036 seconds.
  path: Assets/Studio33 Interactive_[BasketBall] v1.1/Animations/Basketball Motions_Generic/1944_DunkRA.fbx
  artifactKey: Guid(411c1f131e4e85b4b82d745235fed74b) Importer(2089858483,b0f066a214c2f5e87bad3c948f4d605d)
Start importing Assets/Studio33 Interactive_[BasketBall] v1.1/Animations/Basketball Motions_Generic/1944_DunkRA.fbx using Guid(411c1f131e4e85b4b82d745235fed74b) Importer(2089858483,b0f066a214c2f5e87bad3c948f4d605d) (ScriptedImporter) -> (artifact id: 'b974ebbb603e2eeac49bbcd0301264fc') in 0.0307703 seconds
Number of updated asset objects reloaded before import = 0Number of asset objects unloaded after import = 153

========================================================================
Received Import Request.
  Time since last request: 0.000042 seconds.
  path: Assets/Studio33 Interactive_[BasketBall] v1.1/Animations/Basketball Motions_Generic/2094_DunkCA.fbx
  artifactKey: Guid(5e8fc0114dd66be479bff3bc846c82ee) Importer(2089858483,b0f066a214c2f5e87bad3c948f4d605d)
Start importing Assets/Studio33 Interactive_[BasketBall] v1.1/Animations/Basketball Motions_Generic/2094_DunkCA.fbx using Guid(5e8fc0114dd66be479bff3bc846c82ee) Importer(2089858483,b0f066a214c2f5e87bad3c948f4d605d) (ScriptedImporter) -> (artifact id: '7c74b1f199b81eec489a1313eb021b27') in 0.0357856 seconds
Number of updated asset objects reloaded before import = 0Number of asset objects unloaded after import = 153

========================================================================
Received Import Request.
  Time since last request: 0.000062 seconds.
  path: Assets/Studio33 Interactive_[BasketBall] v1.1/33_basket ball test animations/player/Back_number/Back_number_Y/Back_number_B_c05.png
  artifactKey: Guid(fec7bcbba948eaf4296995ef42299967) Importer(2089858483,b0f066a214c2f5e87bad3c948f4d605d)
Start importing Assets/Studio33 Interactive_[BasketBall] v1.1/33_basket ball test animations/player/Back_number/Back_number_Y/Back_number_B_c05.png using Guid(fec7bcbba948eaf4296995ef42299967) Importer(2089858483,b0f066a214c2f5e87bad3c948f4d605d) (ScriptedImporter) -> (artifact id: 'c6e82f0bed8a50fddd287633d467a634') in 0.0204765 seconds
Number of updated asset objects reloaded before import = 0Number of asset objects unloaded after import = 1

========================================================================
Received Import Request.
  Time since last request: 0.000031 seconds.
  path: Assets/Studio33 Interactive_[BasketBall] v1.1/Animations/Basketball Motions Humanoid/1961_JumpshotCFakeA.fbx
  artifactKey: Guid(624e407d921067346aeaf20e8ca54400) Importer(2089858483,b0f066a214c2f5e87bad3c948f4d605d)
Start importing Assets/Studio33 Interactive_[BasketBall] v1.1/Animations/Basketball Motions Humanoid/1961_JumpshotCFakeA.fbx using Guid(624e407d921067346aeaf20e8ca54400) Importer(2089858483,b0f066a214c2f5e87bad3c948f4d605d) (ScriptedImporter) -> (artifact id: 'dd8e3e9239fc77af686b949068da93ef') in 0.0339734 seconds
Number of updated asset objects reloaded before import = 0Number of asset objects unloaded after import = 155

========================================================================
Received Import Request.
  Time since last request: 0.000060 seconds.
  path: Assets/Studio33 Interactive_[BasketBall] v1.1/Animations/Basketball Motions Humanoid/857_PassBadOverA.fbx
  artifactKey: Guid(e8483d341696dcb40bf5a33099c8fce0) Importer(2089858483,b0f066a214c2f5e87bad3c948f4d605d)
Start importing Assets/Studio33 Interactive_[BasketBall] v1.1/Animations/Basketball Motions Humanoid/857_PassBadOverA.fbx using Guid(e8483d341696dcb40bf5a33099c8fce0) Importer(2089858483,b0f066a214c2f5e87bad3c948f4d605d) (ScriptedImporter) -> (artifact id: 'e386601faa351213dc2ad4b9e034b06a') in 0.0331507 seconds
Number of updated asset objects reloaded before import = 0Number of asset objects unloaded after import = 155

========================================================================
Received Import Request.
  Time since last request: 0.000046 seconds.
  path: Assets/Studio33 Interactive_[BasketBall] v1.1/Animations/Basketball Motions_Generic/471_DchangeRightRA.fbx
  artifactKey: Guid(db3556c1f6c8ad6479172da7b3cedac6) Importer(2089858483,b0f066a214c2f5e87bad3c948f4d605d)
Start importing Assets/Studio33 Interactive_[BasketBall] v1.1/Animations/Basketball Motions_Generic/471_DchangeRightRA.fbx using Guid(db3556c1f6c8ad6479172da7b3cedac6) Importer(2089858483,b0f066a214c2f5e87bad3c948f4d605d) (ScriptedImporter) -> (artifact id: '69f1880ac145dd30d933eb17323e5466') in 0.0294456 seconds
Number of updated asset objects reloaded before import = 0Number of asset objects unloaded after import = 153

========================================================================
Received Import Request.
  Time since last request: 0.000054 seconds.
  path: Assets/Studio33 Interactive_[BasketBall] v1.1/Animations/Basketball Motions Humanoid/1807_DunkRA.fbx
  artifactKey: Guid(0838050a090e815448edf7a4df78d1dd) Importer(2089858483,b0f066a214c2f5e87bad3c948f4d605d)
Start importing Assets/Studio33 Interactive_[BasketBall] v1.1/Animations/Basketball Motions Humanoid/1807_DunkRA.fbx using Guid(0838050a090e815448edf7a4df78d1dd) Importer(2089858483,b0f066a214c2f5e87bad3c948f4d605d) (ScriptedImporter) -> (artifact id: '40586e63a5c501f0742da7de783b945a') in 0.0337516 seconds
Number of updated asset objects reloaded before import = 0Number of asset objects unloaded after import = 155

========================================================================
Received Import Request.
  Time since last request: 0.000031 seconds.
  path: Assets/Studio33 Interactive_[BasketBall] v1.1/Animations/Basketball Motions_Generic/1506_AlleyoopSA.fbx
  artifactKey: Guid(b77f5fd722f7f7a48b47a1dfe3f1945d) Importer(2089858483,b0f066a214c2f5e87bad3c948f4d605d)
Start importing Assets/Studio33 Interactive_[BasketBall] v1.1/Animations/Basketball Motions_Generic/1506_AlleyoopSA.fbx using Guid(b77f5fd722f7f7a48b47a1dfe3f1945d) Importer(2089858483,b0f066a214c2f5e87bad3c948f4d605d) (ScriptedImporter) -> (artifact id: '159ad0133732607550bd7300e2c68362') in 0.0388025 seconds
Number of updated asset objects reloaded before import = 0Number of asset objects unloaded after import = 153

========================================================================
Received Import Request.
  Time since last request: 0.000046 seconds.
  path: Assets/Studio33 Interactive_[BasketBall] v1.1/33_basket ball test animations/player/Back_number/Back_number_Y/Back_number_B_c02.png
  artifactKey: Guid(57c9be7d3aedb4c44bbf73be181df91b) Importer(2089858483,b0f066a214c2f5e87bad3c948f4d605d)
Start importing Assets/Studio33 Interactive_[BasketBall] v1.1/33_basket ball test animations/player/Back_number/Back_number_Y/Back_number_B_c02.png using Guid(57c9be7d3aedb4c44bbf73be181df91b) Importer(2089858483,b0f066a214c2f5e87bad3c948f4d605d) (ScriptedImporter) -> (artifact id: '5255f1e02320e94abf04ecd057bf2e85') in 0.0201889 seconds
Number of updated asset objects reloaded before import = 0Number of asset objects unloaded after import = 1

========================================================================
Received Import Request.
  Time since last request: 0.000038 seconds.
  path: Assets/Studio33 Interactive_[BasketBall] v1.1/Animations/Basketball Motions_Generic/349_TurnstepFRA.fbx
  artifactKey: Guid(1897f1f3c18d9fa4e970e7fa465507e8) Importer(2089858483,b0f066a214c2f5e87bad3c948f4d605d)
Start importing Assets/Studio33 Interactive_[BasketBall] v1.1/Animations/Basketball Motions_Generic/349_TurnstepFRA.fbx using Guid(1897f1f3c18d9fa4e970e7fa465507e8) Importer(2089858483,b0f066a214c2f5e87bad3c948f4d605d) (ScriptedImporter) -> (artifact id: 'f3321cad117ec31456af82f9b2291648') in 0.0280988 seconds
Number of updated asset objects reloaded before import = 0Number of asset objects unloaded after import = 153

========================================================================
Received Import Request.
  Time since last request: 0.000043 seconds.
  path: Assets/Studio33 Interactive_[BasketBall] v1.1/Animations/Basketball Motions Humanoid/208_PushPushedFrontA.fbx
  artifactKey: Guid(c6d85a1a816fae244ba65770f81f7c43) Importer(2089858483,b0f066a214c2f5e87bad3c948f4d605d)
Start importing Assets/Studio33 Interactive_[BasketBall] v1.1/Animations/Basketball Motions Humanoid/208_PushPushedFrontA.fbx using Guid(c6d85a1a816fae244ba65770f81f7c43) Importer(2089858483,b0f066a214c2f5e87bad3c948f4d605d) (ScriptedImporter) -> (artifact id: '0b040a39d151dfe27a6519e30577b257') in 0.0305334 seconds
Number of updated asset objects reloaded before import = 0Number of asset objects unloaded after import = 155

========================================================================
Received Import Request.
  Time since last request: 0.000046 seconds.
  path: Assets/Studio33 Interactive_[BasketBall] v1.1/Animations/Basketball Motions Humanoid/63_BlockingshortJumpF.fbx
  artifactKey: Guid(fe485692544f5a3429b4de4451a9005e) Importer(2089858483,b0f066a214c2f5e87bad3c948f4d605d)
Start importing Assets/Studio33 Interactive_[BasketBall] v1.1/Animations/Basketball Motions Humanoid/63_BlockingshortJumpF.fbx using Guid(fe485692544f5a3429b4de4451a9005e) Importer(2089858483,b0f066a214c2f5e87bad3c948f4d605d) (ScriptedImporter) -> (artifact id: 'd718083a4e5c62a4e50ecb22e45d0eb0') in 0.0327214 seconds
Number of updated asset objects reloaded before import = 0Number of asset objects unloaded after import = 155

========================================================================
Received Import Request.
  Time since last request: 0.000044 seconds.
  path: Assets/Studio33 Interactive_[BasketBall] v1.1/Animations/Basketball Motions Humanoid/595_ShadowstealA.fbx
  artifactKey: Guid(e85607898bc76cb4e8f679ffcc4dfce5) Importer(2089858483,b0f066a214c2f5e87bad3c948f4d605d)
Start importing Assets/Studio33 Interactive_[BasketBall] v1.1/Animations/Basketball Motions Humanoid/595_ShadowstealA.fbx using Guid(e85607898bc76cb4e8f679ffcc4dfce5) Importer(2089858483,b0f066a214c2f5e87bad3c948f4d605d) (ScriptedImporter) -> (artifact id: 'fb03a43283eb9eec3f2558c6249301ca') in 0.0315843 seconds
Number of updated asset objects reloaded before import = 0Number of asset objects unloaded after import = 155

========================================================================
Received Import Request.
  Time since last request: 0.000059 seconds.
  path: Assets/Studio33 Interactive_[BasketBall] v1.1/Animations/Basketball Motions_Generic/1330_JumpshotCAFakeA.fbx
  artifactKey: Guid(8af1a37da9bfa7049808b744c1287585) Importer(2089858483,b0f066a214c2f5e87bad3c948f4d605d)
Start importing Assets/Studio33 Interactive_[BasketBall] v1.1/Animations/Basketball Motions_Generic/1330_JumpshotCAFakeA.fbx using Guid(8af1a37da9bfa7049808b744c1287585) Importer(2089858483,b0f066a214c2f5e87bad3c948f4d605d) (ScriptedImporter) -> (artifact id: '62000359406016e9f9c5ee80afcff01e') in 0.0345936 seconds
Number of updated asset objects reloaded before import = 0Number of asset objects unloaded after import = 153

========================================================================
Received Import Request.
  Time since last request: 0.000068 seconds.
  path: Assets/Studio33 Interactive_[BasketBall] v1.1/Animations/Basketball Motions_Generic/1784_DunkCA.fbx
  artifactKey: Guid(d81c43933795b224ba77eac643d9345d) Importer(2089858483,b0f066a214c2f5e87bad3c948f4d605d)
Start importing Assets/Studio33 Interactive_[BasketBall] v1.1/Animations/Basketball Motions_Generic/1784_DunkCA.fbx using Guid(d81c43933795b224ba77eac643d9345d) Importer(2089858483,b0f066a214c2f5e87bad3c948f4d605d) (ScriptedImporter) -> (artifact id: 'ccd7384b594623fbcc7cc81033274ac5') in 0.0321623 seconds
Number of updated asset objects reloaded before import = 0Number of asset objects unloaded after import = 153

========================================================================
Received Import Request.
  Time since last request: 0.000038 seconds.
  path: Assets/Studio33 Interactive_[BasketBall] v1.1/Animations/Basketball Motions_Generic/45_BlockingckncatchShortJumpFA.fbx
  artifactKey: Guid(ce753fb2d15e6bf4ea88a70bbeb17744) Importer(2089858483,b0f066a214c2f5e87bad3c948f4d605d)
Start importing Assets/Studio33 Interactive_[BasketBall] v1.1/Animations/Basketball Motions_Generic/45_BlockingckncatchShortJumpFA.fbx using Guid(ce753fb2d15e6bf4ea88a70bbeb17744) Importer(2089858483,b0f066a214c2f5e87bad3c948f4d605d) (ScriptedImporter) -> (artifact id: '3a36dc66e99c4cb27603f3bdd04d640a') in 0.029749 seconds
Number of updated asset objects reloaded before import = 0Number of asset objects unloaded after import = 153

========================================================================
Received Import Request.
  Time since last request: 0.000050 seconds.
  path: Assets/Studio33 Interactive_[BasketBall] v1.1/Animations/Basketball Motions Humanoid/1207_DunkRA.fbx
  artifactKey: Guid(1254fd5e39c91974ba9399196643b9f7) Importer(2089858483,b0f066a214c2f5e87bad3c948f4d605d)
Start importing Assets/Studio33 Interactive_[BasketBall] v1.1/Animations/Basketball Motions Humanoid/1207_DunkRA.fbx using Guid(1254fd5e39c91974ba9399196643b9f7) Importer(2089858483,b0f066a214c2f5e87bad3c948f4d605d) (ScriptedImporter) -> (artifact id: 'be76f90e7eaba54f21b2faca7c180f2a') in 0.0347223 seconds
Number of updated asset objects reloaded before import = 0Number of asset objects unloaded after import = 155

========================================================================
Received Import Request.
  Time since last request: 0.000040 seconds.
  path: Assets/Studio33 Interactive_[BasketBall] v1.1/Animations/Basketball Motions Humanoid/1138_AlleyoopRLB.fbx
  artifactKey: Guid(ae344a4260e3bac4fb629d8bba3fe901) Importer(2089858483,b0f066a214c2f5e87bad3c948f4d605d)
Start importing Assets/Studio33 Interactive_[BasketBall] v1.1/Animations/Basketball Motions Humanoid/1138_AlleyoopRLB.fbx using Guid(ae344a4260e3bac4fb629d8bba3fe901) Importer(2089858483,b0f066a214c2f5e87bad3c948f4d605d) (ScriptedImporter) -> (artifact id: '03efb288833296f7d93e9c327dfddbc8') in 0.0312012 seconds
Number of updated asset objects reloaded before import = 0Number of asset objects unloaded after import = 155

========================================================================
Received Import Request.
  Time since last request: 0.000032 seconds.
  path: Assets/Studio33 Interactive_[BasketBall] v1.1/Animations/Basketball Motions Humanoid/1374_JumpshotPullupFA.fbx
  artifactKey: Guid(e77ae1a6503afd84bbb094274d9a5acd) Importer(2089858483,b0f066a214c2f5e87bad3c948f4d605d)
Start importing Assets/Studio33 Interactive_[BasketBall] v1.1/Animations/Basketball Motions Humanoid/1374_JumpshotPullupFA.fbx using Guid(e77ae1a6503afd84bbb094274d9a5acd) Importer(2089858483,b0f066a214c2f5e87bad3c948f4d605d) (ScriptedImporter) -> (artifact id: '38065ccc97dd3eba75e3150fa2297106') in 0.0388076 seconds
Number of updated asset objects reloaded before import = 0Number of asset objects unloaded after import = 155

========================================================================
Received Import Request.
  Time since last request: 0.000053 seconds.
  path: Assets/Studio33 Interactive_[BasketBall] v1.1/Animations/Basketball Motions Humanoid/1778_DunkCA.fbx
  artifactKey: Guid(1353f7f4e18dda54fafd30845a8732aa) Importer(2089858483,b0f066a214c2f5e87bad3c948f4d605d)
Start importing Assets/Studio33 Interactive_[BasketBall] v1.1/Animations/Basketball Motions Humanoid/1778_DunkCA.fbx using Guid(1353f7f4e18dda54fafd30845a8732aa) Importer(2089858483,b0f066a214c2f5e87bad3c948f4d605d) (ScriptedImporter) -> (artifact id: 'a64269a7ef3886fb4410ec78c71ddb51') in 0.0353638 seconds
Number of updated asset objects reloaded before import = 0Number of asset objects unloaded after import = 155

========================================================================
Received Import Request.
  Time since last request: 0.000038 seconds.
  path: Assets/Studio33 Interactive_[BasketBall] v1.1/Animations/Basketball Motions_Generic/1115_ScreetwostepBa.fbx
  artifactKey: Guid(db8c2fe74bd394c4c83fdb03a87474f0) Importer(2089858483,b0f066a214c2f5e87bad3c948f4d605d)
Start importing Assets/Studio33 Interactive_[BasketBall] v1.1/Animations/Basketball Motions_Generic/1115_ScreetwostepBa.fbx using Guid(db8c2fe74bd394c4c83fdb03a87474f0) Importer(2089858483,b0f066a214c2f5e87bad3c948f4d605d) (ScriptedImporter) -> (artifact id: '917dda89801e983cdb606c3e934d0c3f') in 0.0315187 seconds
Number of updated asset objects reloaded before import = 0Number of asset objects unloaded after import = 153

========================================================================
Received Import Request.
  Time since last request: 0.000044 seconds.
  path: Assets/Studio33 Interactive_[BasketBall] v1.1/Animations/Basketball Motions Humanoid/2150_PivotLA.fbx
  artifactKey: Guid(8e0028649fef36246a357dbaa911a077) Importer(2089858483,b0f066a214c2f5e87bad3c948f4d605d)
Start importing Assets/Studio33 Interactive_[BasketBall] v1.1/Animations/Basketball Motions Humanoid/2150_PivotLA.fbx using Guid(8e0028649fef36246a357dbaa911a077) Importer(2089858483,b0f066a214c2f5e87bad3c948f4d605d) (ScriptedImporter) -> (artifact id: 'ddd7fd3a146d6e60d2b482becd48c20a') in 0.0315585 seconds
Number of updated asset objects reloaded before import = 0Number of asset objects unloaded after import = 155

========================================================================
Received Import Request.
  Time since last request: 0.000053 seconds.
  path: Assets/Studio33 Interactive_[BasketBall] v1.1/Animations/Basketball Motions Humanoid/1783_DunkCA.fbx
  artifactKey: Guid(f4a9df966e8875c4da0a4f6205526cd8) Importer(2089858483,b0f066a214c2f5e87bad3c948f4d605d)
Start importing Assets/Studio33 Interactive_[BasketBall] v1.1/Animations/Basketball Motions Humanoid/1783_DunkCA.fbx using Guid(f4a9df966e8875c4da0a4f6205526cd8) Importer(2089858483,b0f066a214c2f5e87bad3c948f4d605d) (ScriptedImporter) -> (artifact id: '6e31c4a6c7be2cf72b5e6aa0ca984720') in 0.0342993 seconds
Number of updated asset objects reloaded before import = 0Number of asset objects unloaded after import = 155

========================================================================
Received Import Request.
  Time since last request: 0.000044 seconds.
  path: Assets/Studio33 Interactive_[BasketBall] v1.1/Animations/Basketball Motions Humanoid/1448_JumpshotReadyFake.fbx
  artifactKey: Guid(d275597fc3f308f459b88dd711114585) Importer(2089858483,b0f066a214c2f5e87bad3c948f4d605d)
Start importing Assets/Studio33 Interactive_[BasketBall] v1.1/Animations/Basketball Motions Humanoid/1448_JumpshotReadyFake.fbx using Guid(d275597fc3f308f459b88dd711114585) Importer(2089858483,b0f066a214c2f5e87bad3c948f4d605d) (ScriptedImporter) -> (artifact id: '50280d716a71ba9c9db7f96da0e6e85b') in 0.0349458 seconds
Number of updated asset objects reloaded before import = 0Number of asset objects unloaded after import = 155

========================================================================
Received Import Request.
  Time since last request: 0.000074 seconds.
  path: Assets/Studio33 Interactive_[BasketBall] v1.1/Animations/Basketball Motions Humanoid/1187_DunkRA.fbx
  artifactKey: Guid(2c2ff4c0db3b6194fa008631aa344754) Importer(2089858483,b0f066a214c2f5e87bad3c948f4d605d)
Start importing Assets/Studio33 Interactive_[BasketBall] v1.1/Animations/Basketball Motions Humanoid/1187_DunkRA.fbx using Guid(2c2ff4c0db3b6194fa008631aa344754) Importer(2089858483,b0f066a214c2f5e87bad3c948f4d605d) (ScriptedImporter) -> (artifact id: '97364277fc5c87734e2ffc1ab3bf8ad0') in 0.0437121 seconds
Number of updated asset objects reloaded before import = 0Number of asset objects unloaded after import = 155

========================================================================
Received Import Request.
  Time since last request: 0.000048 seconds.
  path: Assets/Studio33 Interactive_[BasketBall] v1.1/Animations/Basketball Motions_Generic/2108_JumpshotMA.fbx
  artifactKey: Guid(b30bcb0d16c4b204b9a3f02ef8703865) Importer(2089858483,b0f066a214c2f5e87bad3c948f4d605d)
Start importing Assets/Studio33 Interactive_[BasketBall] v1.1/Animations/Basketball Motions_Generic/2108_JumpshotMA.fbx using Guid(b30bcb0d16c4b204b9a3f02ef8703865) Importer(2089858483,b0f066a214c2f5e87bad3c948f4d605d) (ScriptedImporter) -> (artifact id: '64c65b14bccb2492f38e4b5cbd6ac6ea') in 0.031326 seconds
Number of updated asset objects reloaded before import = 0Number of asset objects unloaded after import = 153

========================================================================
Received Import Request.
  Time since last request: 0.000035 seconds.
  path: Assets/Studio33 Interactive_[BasketBall] v1.1/Animations/Basketball Motions_Generic/1086_ScreerightA.fbx
  artifactKey: Guid(1b23833d2d8a2b04098541e997d75d5d) Importer(2089858483,b0f066a214c2f5e87bad3c948f4d605d)
Start importing Assets/Studio33 Interactive_[BasketBall] v1.1/Animations/Basketball Motions_Generic/1086_ScreerightA.fbx using Guid(1b23833d2d8a2b04098541e997d75d5d) Importer(2089858483,b0f066a214c2f5e87bad3c948f4d605d) (ScriptedImporter) -> (artifact id: '0bbdec57b6fd60fd3f0c0b1612517423') in 0.0315322 seconds
Number of updated asset objects reloaded before import = 0Number of asset objects unloaded after import = 153

========================================================================
Received Import Request.
  Time since last request: 0.000041 seconds.
  path: Assets/Studio33 Interactive_[BasketBall] v1.1/Animations/Basketball Motions_Generic/657_Run.fbx
  artifactKey: Guid(678c476b8c1d9a743a0ce937daa471a1) Importer(2089858483,b0f066a214c2f5e87bad3c948f4d605d)
Start importing Assets/Studio33 Interactive_[BasketBall] v1.1/Animations/Basketball Motions_Generic/657_Run.fbx using Guid(678c476b8c1d9a743a0ce937daa471a1) Importer(2089858483,b0f066a214c2f5e87bad3c948f4d605d) (ScriptedImporter) -> (artifact id: '513050f855e6a6358b538b96f97cfaf6') in 0.0278209 seconds
Number of updated asset objects reloaded before import = 0Number of asset objects unloaded after import = 153

========================================================================
Received Import Request.
  Time since last request: 0.000044 seconds.
  path: Assets/Studio33 Interactive_[BasketBall] v1.1/Animations/Basketball Motions Humanoid/1181_DunkRA.fbx
  artifactKey: Guid(420c56441d1e726489a86b1c97993e95) Importer(2089858483,b0f066a214c2f5e87bad3c948f4d605d)
Start importing Assets/Studio33 Interactive_[BasketBall] v1.1/Animations/Basketball Motions Humanoid/1181_DunkRA.fbx using Guid(420c56441d1e726489a86b1c97993e95) Importer(2089858483,b0f066a214c2f5e87bad3c948f4d605d) (ScriptedImporter) -> (artifact id: '3cab6e25f94c16f8f88b0523201dc2ee') in 0.0296177 seconds
Number of updated asset objects reloaded before import = 0Number of asset objects unloaded after import = 155

========================================================================
Received Import Request.
  Time since last request: 0.000038 seconds.
  path: Assets/Studio33 Interactive_[BasketBall] v1.1/Animations/Basketball Motions Humanoid/2045_JumpshotMA.fbx
  artifactKey: Guid(39d5c345c1d295c4baa65f17097dcf5b) Importer(2089858483,b0f066a214c2f5e87bad3c948f4d605d)
Start importing Assets/Studio33 Interactive_[BasketBall] v1.1/Animations/Basketball Motions Humanoid/2045_JumpshotMA.fbx using Guid(39d5c345c1d295c4baa65f17097dcf5b) Importer(2089858483,b0f066a214c2f5e87bad3c948f4d605d) (ScriptedImporter) -> (artifact id: '69e73f286f6e45b5741bd536dd08505c') in 0.03179 seconds
Number of updated asset objects reloaded before import = 0Number of asset objects unloaded after import = 155

========================================================================
Received Import Request.
  Time since last request: 0.000038 seconds.
  path: Assets/Studio33 Interactive_[BasketBall] v1.1/Animations/Basketball Motions_Generic/408_ShoulderChargeA.fbx
  artifactKey: Guid(adcc9b3e2c110c24b8d24be43fbf380d) Importer(2089858483,b0f066a214c2f5e87bad3c948f4d605d)
Start importing Assets/Studio33 Interactive_[BasketBall] v1.1/Animations/Basketball Motions_Generic/408_ShoulderChargeA.fbx using Guid(adcc9b3e2c110c24b8d24be43fbf380d) Importer(2089858483,b0f066a214c2f5e87bad3c948f4d605d) (ScriptedImporter) -> (artifact id: 'b6b4ef5ca08fcf9ec1d87ecb5c2a92bd') in 0.0401857 seconds
Number of updated asset objects reloaded before import = 0Number of asset objects unloaded after import = 153

========================================================================
Received Import Request.
  Time since last request: 0.000043 seconds.
  path: Assets/Studio33 Interactive_[BasketBall] v1.1/Animations/Basketball Motions_Generic/1747_RstalayupCA.fbx
  artifactKey: Guid(f352c800bdc835144b22aa45ca588dc8) Importer(2089858483,b0f066a214c2f5e87bad3c948f4d605d)
Start importing Assets/Studio33 Interactive_[BasketBall] v1.1/Animations/Basketball Motions_Generic/1747_RstalayupCA.fbx using Guid(f352c800bdc835144b22aa45ca588dc8) Importer(2089858483,b0f066a214c2f5e87bad3c948f4d605d) (ScriptedImporter) -> (artifact id: 'd272cab45016cda7daf317d42ec5f0df') in 0.02845 seconds
Number of updated asset objects reloaded before import = 0Number of asset objects unloaded after import = 153

========================================================================
Received Import Request.
  Time since last request: 0.000042 seconds.
  path: Assets/Studio33 Interactive_[BasketBall] v1.1/Animations/Basketball Motions_Generic/955_Rebound rC.fbx
  artifactKey: Guid(fa44e1599d367c74193406734eee5130) Importer(2089858483,b0f066a214c2f5e87bad3c948f4d605d)
Start importing Assets/Studio33 Interactive_[BasketBall] v1.1/Animations/Basketball Motions_Generic/955_Rebound rC.fbx using Guid(fa44e1599d367c74193406734eee5130) Importer(2089858483,b0f066a214c2f5e87bad3c948f4d605d) (ScriptedImporter) -> (artifact id: 'c09244f8d50119fb8da5676f1525d4db') in 0.0305274 seconds
Number of updated asset objects reloaded before import = 0Number of asset objects unloaded after import = 153

========================================================================
Received Import Request.
  Time since last request: 0.000050 seconds.
  path: Assets/Studio33 Interactive_[BasketBall] v1.1/Animations/Basketball Motions Humanoid/450_MarkResistancefaceupF.fbx
  artifactKey: Guid(d1166f781d3d283449e2e272e5362212) Importer(2089858483,b0f066a214c2f5e87bad3c948f4d605d)
Start importing Assets/Studio33 Interactive_[BasketBall] v1.1/Animations/Basketball Motions Humanoid/450_MarkResistancefaceupF.fbx using Guid(d1166f781d3d283449e2e272e5362212) Importer(2089858483,b0f066a214c2f5e87bad3c948f4d605d) (ScriptedImporter) -> (artifact id: '0a880b9bd5b88767ceef6bdbae328a83') in 0.0325511 seconds
Number of updated asset objects reloaded before import = 0Number of asset objects unloaded after import = 155

========================================================================
Received Import Request.
  Time since last request: 0.000060 seconds.
  path: Assets/Studio33 Interactive_[BasketBall] v1.1/Animations/Basketball Motions_Generic/530_BehindshootReadyFake.fbx
  artifactKey: Guid(dc6d9babe597de54da5d56dae0af9511) Importer(2089858483,b0f066a214c2f5e87bad3c948f4d605d)
Start importing Assets/Studio33 Interactive_[BasketBall] v1.1/Animations/Basketball Motions_Generic/530_BehindshootReadyFake.fbx using Guid(dc6d9babe597de54da5d56dae0af9511) Importer(2089858483,b0f066a214c2f5e87bad3c948f4d605d) (ScriptedImporter) -> (artifact id: 'd88c6bc51c16148efed99c4de9162b80') in 0.0298199 seconds
Number of updated asset objects reloaded before import = 0Number of asset objects unloaded after import = 153

========================================================================
Received Import Request.
  Time since last request: 0.000037 seconds.
  path: Assets/Studio33 Interactive_[BasketBall] v1.1/Animations/Basketball Motions Humanoid/1192_DunkRA.fbx
  artifactKey: Guid(f4483752601037544acd322215e3b1d6) Importer(2089858483,b0f066a214c2f5e87bad3c948f4d605d)
Start importing Assets/Studio33 Interactive_[BasketBall] v1.1/Animations/Basketball Motions Humanoid/1192_DunkRA.fbx using Guid(f4483752601037544acd322215e3b1d6) Importer(2089858483,b0f066a214c2f5e87bad3c948f4d605d) (ScriptedImporter) -> (artifact id: 'e8754b67b462d8a54295e30ad282e69a') in 0.0342374 seconds
Number of updated asset objects reloaded before import = 0Number of asset objects unloaded after import = 155

========================================================================
Received Import Request.
  Time since last request: 0.000051 seconds.
  path: Assets/Studio33 Interactive_[BasketBall] v1.1/Animations/Basketball Motions_Generic/1227_LayupRA.fbx
  artifactKey: Guid(e658dcb957a1ff7439efab245de38fa0) Importer(2089858483,b0f066a214c2f5e87bad3c948f4d605d)
Start importing Assets/Studio33 Interactive_[BasketBall] v1.1/Animations/Basketball Motions_Generic/1227_LayupRA.fbx using Guid(e658dcb957a1ff7439efab245de38fa0) Importer(2089858483,b0f066a214c2f5e87bad3c948f4d605d) (ScriptedImporter) -> (artifact id: 'fceac06f6dc24c63c8dc51ec20245b15') in 0.0332675 seconds
Number of updated asset objects reloaded before import = 0Number of asset objects unloaded after import = 153

========================================================================
Received Import Request.
  Time since last request: 0.000057 seconds.
  path: Assets/Studio33 Interactive_[BasketBall] v1.1/Animations/Basketball Motions_Generic/625_LoosebalowA.fbx
  artifactKey: Guid(674837497c1c9804196c350de9dc0512) Importer(2089858483,b0f066a214c2f5e87bad3c948f4d605d)
Start importing Assets/Studio33 Interactive_[BasketBall] v1.1/Animations/Basketball Motions_Generic/625_LoosebalowA.fbx using Guid(674837497c1c9804196c350de9dc0512) Importer(2089858483,b0f066a214c2f5e87bad3c948f4d605d) (ScriptedImporter) -> (artifact id: 'b4513bf1ec5c808a62b2e27a2cb89080') in 0.0329518 seconds
Number of updated asset objects reloaded before import = 0Number of asset objects unloaded after import = 153

========================================================================
Received Import Request.
  Time since last request: 0.000039 seconds.
  path: Assets/Studio33 Interactive_[BasketBall] v1.1/Animations/Basketball Motions Humanoid/934_PostWindupRightA.fbx
  artifactKey: Guid(ca25f8b37c22955488ee33a428469316) Importer(2089858483,b0f066a214c2f5e87bad3c948f4d605d)
Start importing Assets/Studio33 Interactive_[BasketBall] v1.1/Animations/Basketball Motions Humanoid/934_PostWindupRightA.fbx using Guid(ca25f8b37c22955488ee33a428469316) Importer(2089858483,b0f066a214c2f5e87bad3c948f4d605d) (ScriptedImporter) -> (artifact id: '9fc2b86a0c90f2e59a49b3b41d3a6c07') in 0.0358435 seconds
Number of updated asset objects reloaded before import = 0Number of asset objects unloaded after import = 155

========================================================================
Received Import Request.
  Time since last request: 0.000035 seconds.
  path: Assets/Studio33 Interactive_[BasketBall] v1.1/Animations/Basketball Motions Humanoid/2102_JumpshotMFakeA.fbx
  artifactKey: Guid(af94c22a5264a3843afde509841e5562) Importer(2089858483,b0f066a214c2f5e87bad3c948f4d605d)
Start importing Assets/Studio33 Interactive_[BasketBall] v1.1/Animations/Basketball Motions Humanoid/2102_JumpshotMFakeA.fbx using Guid(af94c22a5264a3843afde509841e5562) Importer(2089858483,b0f066a214c2f5e87bad3c948f4d605d) (ScriptedImporter) -> (artifact id: '05b0e160fbddad53690d1332b0a3302a') in 0.0314404 seconds
Number of updated asset objects reloaded before import = 0Number of asset objects unloaded after import = 155

========================================================================
Received Import Request.
  Time since last request: 0.000056 seconds.
  path: Assets/Studio33 Interactive_[BasketBall] v1.1/Animations/Basketball Motions Humanoid/1015_Rebound fB.fbx
  artifactKey: Guid(e8ddf955d5da26d44b11f858f1377567) Importer(2089858483,b0f066a214c2f5e87bad3c948f4d605d)
Start importing Assets/Studio33 Interactive_[BasketBall] v1.1/Animations/Basketball Motions Humanoid/1015_Rebound fB.fbx using Guid(e8ddf955d5da26d44b11f858f1377567) Importer(2089858483,b0f066a214c2f5e87bad3c948f4d605d) (ScriptedImporter) -> (artifact id: 'c6f02bd8e08849f80ba1a5118de9813c') in 0.0353165 seconds
Number of updated asset objects reloaded before import = 0Number of asset objects unloaded after import = 155

========================================================================
Received Import Request.
  Time since last request: 0.000041 seconds.
  path: Assets/Studio33 Interactive_[BasketBall] v1.1/Animations/Basketball Motions_Generic/282_CrossoverWindupRL.fbx
  artifactKey: Guid(8ba0293572adfa94cb27b31404bc02a0) Importer(2089858483,b0f066a214c2f5e87bad3c948f4d605d)
Start importing Assets/Studio33 Interactive_[BasketBall] v1.1/Animations/Basketball Motions_Generic/282_CrossoverWindupRL.fbx using Guid(8ba0293572adfa94cb27b31404bc02a0) Importer(2089858483,b0f066a214c2f5e87bad3c948f4d605d) (ScriptedImporter) -> (artifact id: 'b58c25fdce882f99be2d458898f4c60d') in 0.0301125 seconds
Number of updated asset objects reloaded before import = 0Number of asset objects unloaded after import = 153

========================================================================
Received Import Request.
  Time since last request: 0.000029 seconds.
  path: Assets/Studio33 Interactive_[BasketBall] v1.1/Animations/Basketball Motions Humanoid/1040_TappassTapFA.fbx
  artifactKey: Guid(b435d9a56e4fcd64cb7179996c6a5296) Importer(2089858483,b0f066a214c2f5e87bad3c948f4d605d)
Start importing Assets/Studio33 Interactive_[BasketBall] v1.1/Animations/Basketball Motions Humanoid/1040_TappassTapFA.fbx using Guid(b435d9a56e4fcd64cb7179996c6a5296) Importer(2089858483,b0f066a214c2f5e87bad3c948f4d605d) (ScriptedImporter) -> (artifact id: '942fe3e2f3127bafa1b5bb598a2b4852') in 0.0438129 seconds
Number of updated asset objects reloaded before import = 0Number of asset objects unloaded after import = 155

========================================================================
Received Import Request.
  Time since last request: 0.000052 seconds.
  path: Assets/Studio33 Interactive_[BasketBall] v1.1/Animations/Basketball Motions Humanoid/1804_DunkClutchFRightA.fbx
  artifactKey: Guid(b4fb19fc24e52134ea47c49013e21d8f) Importer(2089858483,b0f066a214c2f5e87bad3c948f4d605d)
Start importing Assets/Studio33 Interactive_[BasketBall] v1.1/Animations/Basketball Motions Humanoid/1804_DunkClutchFRightA.fbx using Guid(b4fb19fc24e52134ea47c49013e21d8f) Importer(2089858483,b0f066a214c2f5e87bad3c948f4d605d) (ScriptedImporter) -> (artifact id: '7d3bb1bbbdb8b82a13a81c521a75e45c') in 0.032537 seconds
Number of updated asset objects reloaded before import = 0Number of asset objects unloaded after import = 155

========================================================================
Received Import Request.
  Time since last request: 0.000037 seconds.
  path: Assets/Studio33 Interactive_[BasketBall] v1.1/Animations/Basketball Motions Humanoid/768_AlleyoopNpassRA.fbx
  artifactKey: Guid(5775401ae0ec6d146b848c80013d12c5) Importer(2089858483,b0f066a214c2f5e87bad3c948f4d605d)
Start importing Assets/Studio33 Interactive_[BasketBall] v1.1/Animations/Basketball Motions Humanoid/768_AlleyoopNpassRA.fbx using Guid(5775401ae0ec6d146b848c80013d12c5) Importer(2089858483,b0f066a214c2f5e87bad3c948f4d605d) (ScriptedImporter) -> (artifact id: 'e3bf87dd5ba5875b8277d4c95683e8f2') in 0.0327707 seconds
Number of updated asset objects reloaded before import = 0Number of asset objects unloaded after import = 155

========================================================================
Received Import Request.
  Time since last request: 0.000038 seconds.
  path: Assets/Studio33 Interactive_[BasketBall] v1.1/Animations/Basketball Motions Humanoid/827_PassinmissBadTravellingA.fbx
  artifactKey: Guid(eab98a35cfbaf1f4d9d9eb5ed1aa1532) Importer(2089858483,b0f066a214c2f5e87bad3c948f4d605d)
Start importing Assets/Studio33 Interactive_[BasketBall] v1.1/Animations/Basketball Motions Humanoid/827_PassinmissBadTravellingA.fbx using Guid(eab98a35cfbaf1f4d9d9eb5ed1aa1532) Importer(2089858483,b0f066a214c2f5e87bad3c948f4d605d) (ScriptedImporter) -> (artifact id: '97c26dac6c9779759a686094e60a7cab') in 0.0348102 seconds
Number of updated asset objects reloaded before import = 0Number of asset objects unloaded after import = 155

========================================================================
Received Import Request.
  Time since last request: 0.000063 seconds.
  path: Assets/Studio33 Interactive_[BasketBall] v1.1/Animations/Basketball Motions_Generic/1578_JumpshotMFakeA.fbx
  artifactKey: Guid(2b2b0dc09ca74944dbaf9f09978ce79b) Importer(2089858483,b0f066a214c2f5e87bad3c948f4d605d)
Start importing Assets/Studio33 Interactive_[BasketBall] v1.1/Animations/Basketball Motions_Generic/1578_JumpshotMFakeA.fbx using Guid(2b2b0dc09ca74944dbaf9f09978ce79b) Importer(2089858483,b0f066a214c2f5e87bad3c948f4d605d) (ScriptedImporter) -> (artifact id: '287a239ef0bd8171fc274565f3a67115') in 0.0311914 seconds
Number of updated asset objects reloaded before import = 0Number of asset objects unloaded after import = 153

========================================================================
Received Import Request.
  Time since last request: 0.000040 seconds.
  path: Assets/Studio33 Interactive_[BasketBall] v1.1/Animations/Basketball Motions_Generic/97_BlockinglongNearF.fbx
  artifactKey: Guid(26086f674bb8f4c4fb54c354bbf4b218) Importer(2089858483,b0f066a214c2f5e87bad3c948f4d605d)
Start importing Assets/Studio33 Interactive_[BasketBall] v1.1/Animations/Basketball Motions_Generic/97_BlockinglongNearF.fbx using Guid(26086f674bb8f4c4fb54c354bbf4b218) Importer(2089858483,b0f066a214c2f5e87bad3c948f4d605d) (ScriptedImporter) -> (artifact id: 'fe94aac20b751fa173449f8380cde7fc') in 0.0309059 seconds
Number of updated asset objects reloaded before import = 0Number of asset objects unloaded after import = 153

========================================================================
Received Import Request.
  Time since last request: 0.000042 seconds.
  path: Assets/Studio33 Interactive_[BasketBall] v1.1/Animations/Basketball Motions_Generic/56_BlockinglongFarJumpF.fbx
  artifactKey: Guid(7583cf70fffc3e747ab6745f35c54e58) Importer(2089858483,b0f066a214c2f5e87bad3c948f4d605d)
Start importing Assets/Studio33 Interactive_[BasketBall] v1.1/Animations/Basketball Motions_Generic/56_BlockinglongFarJumpF.fbx using Guid(7583cf70fffc3e747ab6745f35c54e58) Importer(2089858483,b0f066a214c2f5e87bad3c948f4d605d) (ScriptedImporter) -> (artifact id: '99a16be2af5a4f19759f126af18d6fd9') in 0.0385961 seconds
Number of updated asset objects reloaded before import = 0Number of asset objects unloaded after import = 153

========================================================================
Received Import Request.
  Time since last request: 0.000055 seconds.
  path: Assets/Studio33 Interactive_[BasketBall] v1.1/Animations/Basketball Motions_Generic/61_BlockinglongNearL.fbx
  artifactKey: Guid(4327b4b0a13746f47a5a194b0b7082e7) Importer(2089858483,b0f066a214c2f5e87bad3c948f4d605d)
Start importing Assets/Studio33 Interactive_[BasketBall] v1.1/Animations/Basketball Motions_Generic/61_BlockinglongNearL.fbx using Guid(4327b4b0a13746f47a5a194b0b7082e7) Importer(2089858483,b0f066a214c2f5e87bad3c948f4d605d) (ScriptedImporter) -> (artifact id: 'adbe4c711f830212b8fa52ea54d27471') in 0.0314526 seconds
Number of updated asset objects reloaded before import = 0Number of asset objects unloaded after import = 153

========================================================================
Received Import Request.
  Time since last request: 0.000033 seconds.
  path: Assets/Studio33 Interactive_[BasketBall] v1.1/Animations/Basketball Motions Humanoid/675_DashRtTurR.fbx
  artifactKey: Guid(175108027336e6c49bc8ec615e0e1816) Importer(2089858483,b0f066a214c2f5e87bad3c948f4d605d)
Start importing Assets/Studio33 Interactive_[BasketBall] v1.1/Animations/Basketball Motions Humanoid/675_DashRtTurR.fbx using Guid(175108027336e6c49bc8ec615e0e1816) Importer(2089858483,b0f066a214c2f5e87bad3c948f4d605d) (ScriptedImporter) -> (artifact id: '4a25ba8243caf25425d55d8283a0f7a7') in 0.0297665 seconds
Number of updated asset objects reloaded before import = 0Number of asset objects unloaded after import = 155

========================================================================
Received Import Request.
  Time since last request: 0.000032 seconds.
  path: Assets/Studio33 Interactive_[BasketBall] v1.1/Animations/Basketball Motions Humanoid/317_WindupRRRMMA.fbx
  artifactKey: Guid(73fe71d049cc403478371c42593f0b12) Importer(2089858483,b0f066a214c2f5e87bad3c948f4d605d)
Start importing Assets/Studio33 Interactive_[BasketBall] v1.1/Animations/Basketball Motions Humanoid/317_WindupRRRMMA.fbx using Guid(73fe71d049cc403478371c42593f0b12) Importer(2089858483,b0f066a214c2f5e87bad3c948f4d605d) (ScriptedImporter) -> (artifact id: '62b801d4629edf39d75b6902c940b8b9') in 0.0319849 seconds
Number of updated asset objects reloaded before import = 0Number of asset objects unloaded after import = 155

========================================================================
Received Import Request.
  Time since last request: 0.000050 seconds.
  path: Assets/Studio33 Interactive_[BasketBall] v1.1/Animations/Basketball Motions Humanoid/325_CrossFakeStepRTrC.fbx
  artifactKey: Guid(6ce3a2c80e9156f48a146dd512363579) Importer(2089858483,b0f066a214c2f5e87bad3c948f4d605d)
Start importing Assets/Studio33 Interactive_[BasketBall] v1.1/Animations/Basketball Motions Humanoid/325_CrossFakeStepRTrC.fbx using Guid(6ce3a2c80e9156f48a146dd512363579) Importer(2089858483,b0f066a214c2f5e87bad3c948f4d605d) (ScriptedImporter) -> (artifact id: 'b8ebeb19109931dff0c025be4f875edb') in 0.0330744 seconds
Number of updated asset objects reloaded before import = 0Number of asset objects unloaded after import = 155

========================================================================
Received Import Request.
  Time since last request: 0.000045 seconds.
  path: Assets/Studio33 Interactive_[BasketBall] v1.1/Animations/Basketball Motions Humanoid/421_MarkDelayR.fbx
  artifactKey: Guid(8b71428e6b803754d86b70aa0f8c6f27) Importer(2089858483,b0f066a214c2f5e87bad3c948f4d605d)
Start importing Assets/Studio33 Interactive_[BasketBall] v1.1/Animations/Basketball Motions Humanoid/421_MarkDelayR.fbx using Guid(8b71428e6b803754d86b70aa0f8c6f27) Importer(2089858483,b0f066a214c2f5e87bad3c948f4d605d) (ScriptedImporter) -> (artifact id: '725859f8e4b16be9a0b6089e659bb43e') in 0.0358357 seconds
Number of updated asset objects reloaded before import = 0Number of asset objects unloaded after import = 155

========================================================================
Received Import Request.
  Time since last request: 0.000050 seconds.
  path: Assets/Studio33 Interactive_[BasketBall] v1.1/33_basket ball test animations/player/Studio33_basketball_c08.png
  artifactKey: Guid(ae48712da5334cf4ab9abbb277733da4) Importer(2089858483,b0f066a214c2f5e87bad3c948f4d605d)
Start importing Assets/Studio33 Interactive_[BasketBall] v1.1/33_basket ball test animations/player/Studio33_basketball_c08.png using Guid(ae48712da5334cf4ab9abbb277733da4) Importer(2089858483,b0f066a214c2f5e87bad3c948f4d605d) (ScriptedImporter) -> (artifact id: 'f53374446d2600e5c6e71bd1fddef5f5') in 0.0349008 seconds
Number of updated asset objects reloaded before import = 0Number of asset objects unloaded after import = 1

========================================================================
Received Import Request.
  Time since last request: 0.000043 seconds.
  path: Assets/Studio33 Interactive_[BasketBall] v1.1/Animations/Basketball Motions_Generic/171_TravRA.fbx
  artifactKey: Guid(15b290ce4cf647a40baa1a757c96103e) Importer(2089858483,b0f066a214c2f5e87bad3c948f4d605d)
Start importing Assets/Studio33 Interactive_[BasketBall] v1.1/Animations/Basketball Motions_Generic/171_TravRA.fbx using Guid(15b290ce4cf647a40baa1a757c96103e) Importer(2089858483,b0f066a214c2f5e87bad3c948f4d605d) (ScriptedImporter) -> (artifact id: 'b310b4c0de867d08d634794161b48056') in 0.0388414 seconds
Number of updated asset objects reloaded before import = 0Number of asset objects unloaded after import = 153

========================================================================
Received Import Request.
  Time since last request: 0.000063 seconds.
  path: Assets/Studio33 Interactive_[BasketBall] v1.1/Animations/Basketball Motions_Generic/1282_DunkCAC.fbx
  artifactKey: Guid(3ef8bdf2f21004c4696f5a036b037694) Importer(2089858483,b0f066a214c2f5e87bad3c948f4d605d)
Start importing Assets/Studio33 Interactive_[BasketBall] v1.1/Animations/Basketball Motions_Generic/1282_DunkCAC.fbx using Guid(3ef8bdf2f21004c4696f5a036b037694) Importer(2089858483,b0f066a214c2f5e87bad3c948f4d605d) (ScriptedImporter) -> (artifact id: '3d4fef3a2298a8edc80f809b64eac9c9') in 0.0297259 seconds
Number of updated asset objects reloaded before import = 0Number of asset objects unloaded after import = 153

========================================================================
Received Import Request.
  Time since last request: 0.000031 seconds.
  path: Assets/Studio33 Interactive_[BasketBall] v1.1/Animations/Basketball Motions Humanoid/1679_FadeawayHookRA.fbx
  artifactKey: Guid(0758ee1a41bd90243a34100406597f57) Importer(2089858483,b0f066a214c2f5e87bad3c948f4d605d)
Start importing Assets/Studio33 Interactive_[BasketBall] v1.1/Animations/Basketball Motions Humanoid/1679_FadeawayHookRA.fbx using Guid(0758ee1a41bd90243a34100406597f57) Importer(2089858483,b0f066a214c2f5e87bad3c948f4d605d) (ScriptedImporter) -> (artifact id: '3384ab8bbbb7a2d4f067d6387d461e41') in 0.0344497 seconds
Number of updated asset objects reloaded before import = 0Number of asset objects unloaded after import = 155

========================================================================
Received Import Request.
  Time since last request: 0.000044 seconds.
  path: Assets/Studio33 Interactive_[BasketBall] v1.1/Animations/Basketball Motions Humanoid/2208_BounceBall.fbx
  artifactKey: Guid(f2b131d3ac8b3a845870b404e70c0a27) Importer(2089858483,b0f066a214c2f5e87bad3c948f4d605d)
Start importing Assets/Studio33 Interactive_[BasketBall] v1.1/Animations/Basketball Motions Humanoid/2208_BounceBall.fbx using Guid(f2b131d3ac8b3a845870b404e70c0a27) Importer(2089858483,b0f066a214c2f5e87bad3c948f4d605d) (ScriptedImporter) -> (artifact id: 'f3ac6105249b12f25eaa884ed030faf6') in 0.0344709 seconds
Number of updated asset objects reloaded before import = 0Number of asset objects unloaded after import = 155

========================================================================
Received Import Request.
  Time since last request: 0.000062 seconds.
  path: Assets/Studio33 Interactive_[BasketBall] v1.1/Animations/Basketball Motions Humanoid/695_CrossPassOverLA.fbx
  artifactKey: Guid(0a0aa3843384fa640a192224b8ecbbcf) Importer(2089858483,b0f066a214c2f5e87bad3c948f4d605d)
Start importing Assets/Studio33 Interactive_[BasketBall] v1.1/Animations/Basketball Motions Humanoid/695_CrossPassOverLA.fbx using Guid(0a0aa3843384fa640a192224b8ecbbcf) Importer(2089858483,b0f066a214c2f5e87bad3c948f4d605d) (ScriptedImporter) -> (artifact id: '22a2b7d2064db7539047bf2f94f61776') in 0.0317442 seconds
Number of updated asset objects reloaded before import = 0Number of asset objects unloaded after import = 155

========================================================================
Received Import Request.
  Time since last request: 0.000044 seconds.
  path: Assets/Studio33 Interactive_[BasketBall] v1.1/Animations/Basketball Motions_Generic/916_QpostOverThRightRA.fbx
  artifactKey: Guid(13f127618bb6c424983b5f0c5630019b) Importer(2089858483,b0f066a214c2f5e87bad3c948f4d605d)
Start importing Assets/Studio33 Interactive_[BasketBall] v1.1/Animations/Basketball Motions_Generic/916_QpostOverThRightRA.fbx using Guid(13f127618bb6c424983b5f0c5630019b) Importer(2089858483,b0f066a214c2f5e87bad3c948f4d605d) (ScriptedImporter) -> (artifact id: '9d35ba45e4903f4f7176ae5b329703e8') in 0.0294171 seconds
Number of updated asset objects reloaded before import = 0Number of asset objects unloaded after import = 153

========================================================================
Received Import Request.
  Time since last request: 0.000040 seconds.
  path: Assets/Studio33 Interactive_[BasketBall] v1.1/Animations/Basketball Motions_Generic/1959_JumpshotCAFakeA.fbx
  artifactKey: Guid(856b9e7a2e640f8459056dc1ac2339bb) Importer(2089858483,b0f066a214c2f5e87bad3c948f4d605d)
Start importing Assets/Studio33 Interactive_[BasketBall] v1.1/Animations/Basketball Motions_Generic/1959_JumpshotCAFakeA.fbx using Guid(856b9e7a2e640f8459056dc1ac2339bb) Importer(2089858483,b0f066a214c2f5e87bad3c948f4d605d) (ScriptedImporter) -> (artifact id: 'a28e2d0433ecddfe01a9319030c39b00') in 0.0305852 seconds
Number of updated asset objects reloaded before import = 0Number of asset objects unloaded after import = 153

========================================================================
Received Import Request.
  Time since last request: 0.000052 seconds.
  path: Assets/Studio33 Interactive_[BasketBall] v1.1/Animations/Basketball Motions_Generic/1377_JumpshotReadyFake.fbx
  artifactKey: Guid(a72e2e9e802fc354484b428bfcab3302) Importer(2089858483,b0f066a214c2f5e87bad3c948f4d605d)
Start importing Assets/Studio33 Interactive_[BasketBall] v1.1/Animations/Basketball Motions_Generic/1377_JumpshotReadyFake.fbx using Guid(a72e2e9e802fc354484b428bfcab3302) Importer(2089858483,b0f066a214c2f5e87bad3c948f4d605d) (ScriptedImporter) -> (artifact id: '461fd4093b011a42bf5ae490e3ef3ca2') in 0.0277283 seconds
Number of updated asset objects reloaded before import = 0Number of asset objects unloaded after import = 153

========================================================================
Received Import Request.
  Time since last request: 0.000040 seconds.
  path: Assets/Studio33 Interactive_[BasketBall] v1.1/Animations/Basketball Motions_Generic/2057_DunkCA.fbx
  artifactKey: Guid(d168e90875e8e824b9f755f5155a8884) Importer(2089858483,b0f066a214c2f5e87bad3c948f4d605d)
Start importing Assets/Studio33 Interactive_[BasketBall] v1.1/Animations/Basketball Motions_Generic/2057_DunkCA.fbx using Guid(d168e90875e8e824b9f755f5155a8884) Importer(2089858483,b0f066a214c2f5e87bad3c948f4d605d) (ScriptedImporter) -> (artifact id: '457d495a7247e11b709915cfebe006ee') in 0.0314922 seconds
Number of updated asset objects reloaded before import = 0Number of asset objects unloaded after import = 153

========================================================================
Received Import Request.
  Time since last request: 0.000051 seconds.
  path: Assets/Studio33 Interactive_[BasketBall] v1.1/Animations/Basketball Motions Humanoid/481_DchangeRightRA.fbx
  artifactKey: Guid(f81da031a6578de449cbedecee4dd4f1) Importer(2089858483,b0f066a214c2f5e87bad3c948f4d605d)
Start importing Assets/Studio33 Interactive_[BasketBall] v1.1/Animations/Basketball Motions Humanoid/481_DchangeRightRA.fbx using Guid(f81da031a6578de449cbedecee4dd4f1) Importer(2089858483,b0f066a214c2f5e87bad3c948f4d605d) (ScriptedImporter) -> (artifact id: '630db4a2f174c3f6d206917a16dd85ef') in 0.0369024 seconds
Number of updated asset objects reloaded before import = 0Number of asset objects unloaded after import = 155

========================================================================
Received Import Request.
  Time since last request: 0.000058 seconds.
  path: Assets/Studio33 Interactive_[BasketBall] v1.1/Animations/Basketball Motions Humanoid/293_JabstepRRA.fbx
  artifactKey: Guid(13125586e4a472e42acd4bd5d49c3706) Importer(2089858483,b0f066a214c2f5e87bad3c948f4d605d)
Start importing Assets/Studio33 Interactive_[BasketBall] v1.1/Animations/Basketball Motions Humanoid/293_JabstepRRA.fbx using Guid(13125586e4a472e42acd4bd5d49c3706) Importer(2089858483,b0f066a214c2f5e87bad3c948f4d605d) (ScriptedImporter) -> (artifact id: '65a866e6b56c2c27c95b1e3890e92aa8') in 0.0383226 seconds
Number of updated asset objects reloaded before import = 0Number of asset objects unloaded after import = 155

========================================================================
Received Import Request.
  Time since last request: 0.000038 seconds.
  path: Assets/Studio33 Interactive_[BasketBall] v1.1/Animations/Basketball Motions_Generic/1445_DunkRA.fbx
  artifactKey: Guid(773826bf3f437f040b4a59f1313d67ad) Importer(2089858483,b0f066a214c2f5e87bad3c948f4d605d)
Start importing Assets/Studio33 Interactive_[BasketBall] v1.1/Animations/Basketball Motions_Generic/1445_DunkRA.fbx using Guid(773826bf3f437f040b4a59f1313d67ad) Importer(2089858483,b0f066a214c2f5e87bad3c948f4d605d) (ScriptedImporter) -> (artifact id: 'e3f7ef660308e9f383b38eb279672021') in 0.0396396 seconds
Number of updated asset objects reloaded before import = 0Number of asset objects unloaded after import = 153

========================================================================
Received Import Request.
  Time since last request: 0.000043 seconds.
  path: Assets/Studio33 Interactive_[BasketBall] v1.1/Animations/Basketball Motions_Generic/584_StealA.fbx
  artifactKey: Guid(5a4bb9dcfd4003f4d85bae7d9a0a97ee) Importer(2089858483,b0f066a214c2f5e87bad3c948f4d605d)
Start importing Assets/Studio33 Interactive_[BasketBall] v1.1/Animations/Basketball Motions_Generic/584_StealA.fbx using Guid(5a4bb9dcfd4003f4d85bae7d9a0a97ee) Importer(2089858483,b0f066a214c2f5e87bad3c948f4d605d) (ScriptedImporter) -> (artifact id: '8d2055f3d053ae58d2579432df181222') in 0.0364608 seconds
Number of updated asset objects reloaded before import = 0Number of asset objects unloaded after import = 153

========================================================================
Received Import Request.
  Time since last request: 0.000061 seconds.
  path: Assets/Studio33 Interactive_[BasketBall] v1.1/Animations/Basketball Motions Humanoid/23_BlockingckncatchShortLayupFA.fbx
  artifactKey: Guid(ab5cd5634cfa4bb49acce114a4f7df4f) Importer(2089858483,b0f066a214c2f5e87bad3c948f4d605d)
Start importing Assets/Studio33 Interactive_[BasketBall] v1.1/Animations/Basketball Motions Humanoid/23_BlockingckncatchShortLayupFA.fbx using Guid(ab5cd5634cfa4bb49acce114a4f7df4f) Importer(2089858483,b0f066a214c2f5e87bad3c948f4d605d) (ScriptedImporter) -> (artifact id: '4b2f4f0bb17ca92b73e0c54e3b65739f') in 0.0333074 seconds
Number of updated asset objects reloaded before import = 0Number of asset objects unloaded after import = 155

========================================================================
Received Import Request.
  Time since last request: 0.000038 seconds.
  path: Assets/Studio33 Interactive_[BasketBall] v1.1/Animations/Basketball Motions_Generic/483_DribbledashTurRL.fbx
  artifactKey: Guid(8fca11f3291f92d43b3aec3c678510b3) Importer(2089858483,b0f066a214c2f5e87bad3c948f4d605d)
Start importing Assets/Studio33 Interactive_[BasketBall] v1.1/Animations/Basketball Motions_Generic/483_DribbledashTurRL.fbx using Guid(8fca11f3291f92d43b3aec3c678510b3) Importer(2089858483,b0f066a214c2f5e87bad3c948f4d605d) (ScriptedImporter) -> (artifact id: '6ff487d688bc59c83fb92e7dbbfb45f1') in 0.028578 seconds
Number of updated asset objects reloaded before import = 0Number of asset objects unloaded after import = 153

========================================================================
Received Import Request.
  Time since last request: 0.000059 seconds.
  path: Assets/Studio33 Interactive_[BasketBall] v1.1/Animations/Basketball Motions Humanoid/1244_LayupfakeRA.fbx
  artifactKey: Guid(33e6000713ce46847acfb6dd47cef723) Importer(2089858483,b0f066a214c2f5e87bad3c948f4d605d)
Start importing Assets/Studio33 Interactive_[BasketBall] v1.1/Animations/Basketball Motions Humanoid/1244_LayupfakeRA.fbx using Guid(33e6000713ce46847acfb6dd47cef723) Importer(2089858483,b0f066a214c2f5e87bad3c948f4d605d) (ScriptedImporter) -> (artifact id: 'de24f99d7719806055c6eddaae008cdd') in 0.0317053 seconds
Number of updated asset objects reloaded before import = 0Number of asset objects unloaded after import = 155

========================================================================
Received Import Request.
  Time since last request: 0.000060 seconds.
  path: Assets/Studio33 Interactive_[BasketBall] v1.1/Animations/Basketball Motions_Generic/1275_DclutchFBaA.fbx
  artifactKey: Guid(0fc37eeadd2bfa444abcf8d9df3a338e) Importer(2089858483,b0f066a214c2f5e87bad3c948f4d605d)
Start importing Assets/Studio33 Interactive_[BasketBall] v1.1/Animations/Basketball Motions_Generic/1275_DclutchFBaA.fbx using Guid(0fc37eeadd2bfa444abcf8d9df3a338e) Importer(2089858483,b0f066a214c2f5e87bad3c948f4d605d) (ScriptedImporter) -> (artifact id: '31fbbb6b96161bafc8b71f38a65922b4') in 0.0327807 seconds
Number of updated asset objects reloaded before import = 0Number of asset objects unloaded after import = 153

========================================================================
Received Import Request.
  Time since last request: 0.000050 seconds.
  path: Assets/Studio33 Interactive_[BasketBall] v1.1/Animations/Basketball Motions Humanoid/198_Driveislip.fbx
  artifactKey: Guid(e7b1a9ba7f6def84ca2a74f70b819fbc) Importer(2089858483,b0f066a214c2f5e87bad3c948f4d605d)
Start importing Assets/Studio33 Interactive_[BasketBall] v1.1/Animations/Basketball Motions Humanoid/198_Driveislip.fbx using Guid(e7b1a9ba7f6def84ca2a74f70b819fbc) Importer(2089858483,b0f066a214c2f5e87bad3c948f4d605d) (ScriptedImporter) -> (artifact id: 'a626a5c67653a15066dcaf5bf677a8d7') in 0.0309865 seconds
Number of updated asset objects reloaded before import = 0Number of asset objects unloaded after import = 155

========================================================================
Received Import Request.
  Time since last request: 0.000043 seconds.
  path: Assets/Studio33 Interactive_[BasketBall] v1.1/Animations/Basketball Motions_Generic/874_PassreqFrontA.fbx
  artifactKey: Guid(ca9a0c70c6dfa464ab80b5ba44a41cb4) Importer(2089858483,b0f066a214c2f5e87bad3c948f4d605d)
Start importing Assets/Studio33 Interactive_[BasketBall] v1.1/Animations/Basketball Motions_Generic/874_PassreqFrontA.fbx using Guid(ca9a0c70c6dfa464ab80b5ba44a41cb4) Importer(2089858483,b0f066a214c2f5e87bad3c948f4d605d) (ScriptedImporter) -> (artifact id: '09d1634e1b9f2bf4e7b630e305c228dd') in 0.0281509 seconds
Number of updated asset objects reloaded before import = 0Number of asset objects unloaded after import = 153

========================================================================
Received Import Request.
  Time since last request: 0.000060 seconds.
  path: Assets/Studio33 Interactive_[BasketBall] v1.1/Animations/Basketball Motions Humanoid/1065_RsceneEntHome.fbx
  artifactKey: Guid(a9df957b6177f2a408d16f9d319c5d9b) Importer(2089858483,b0f066a214c2f5e87bad3c948f4d605d)
Start importing Assets/Studio33 Interactive_[BasketBall] v1.1/Animations/Basketball Motions Humanoid/1065_RsceneEntHome.fbx using Guid(a9df957b6177f2a408d16f9d319c5d9b) Importer(2089858483,b0f066a214c2f5e87bad3c948f4d605d) (ScriptedImporter) -> (artifact id: 'df11311981b6c64a815a77eeafbbc580') in 0.0368725 seconds
Number of updated asset objects reloaded before import = 0Number of asset objects unloaded after import = 155

========================================================================
Received Import Request.
  Time since last request: 0.000033 seconds.
  path: Assets/Studio33 Interactive_[BasketBall] v1.1/Animations/Basketball Motions Humanoid/1611_JumpshotReadyFake.fbx
  artifactKey: Guid(0a4fd01acef7f074fa4d048525945603) Importer(2089858483,b0f066a214c2f5e87bad3c948f4d605d)
Start importing Assets/Studio33 Interactive_[BasketBall] v1.1/Animations/Basketball Motions Humanoid/1611_JumpshotReadyFake.fbx using Guid(0a4fd01acef7f074fa4d048525945603) Importer(2089858483,b0f066a214c2f5e87bad3c948f4d605d) (ScriptedImporter) -> (artifact id: 'dab98d0b67a4daaea89faf88f1347b3a') in 0.0387698 seconds
Number of updated asset objects reloaded before import = 0Number of asset objects unloaded after import = 155

========================================================================
Received Import Request.
  Time since last request: 0.000042 seconds.
  path: Assets/Studio33 Interactive_[BasketBall] v1.1/Animations/Basketball Motions Humanoid/1285_DunkCAC.fbx
  artifactKey: Guid(71088b0443d4ddb40bdfdc8d38c619ee) Importer(2089858483,b0f066a214c2f5e87bad3c948f4d605d)
Start importing Assets/Studio33 Interactive_[BasketBall] v1.1/Animations/Basketball Motions Humanoid/1285_DunkCAC.fbx using Guid(71088b0443d4ddb40bdfdc8d38c619ee) Importer(2089858483,b0f066a214c2f5e87bad3c948f4d605d) (ScriptedImporter) -> (artifact id: '822a002e8bf97b450622fe15ace0159f') in 0.0341007 seconds
Number of updated asset objects reloaded before import = 0Number of asset objects unloaded after import = 155

========================================================================
Received Import Request.
  Time since last request: 0.000057 seconds.
  path: Assets/Studio33 Interactive_[BasketBall] v1.1/Animations/Basketball Motions_Generic/949_Rebound fB.fbx
  artifactKey: Guid(c9b8c04b7b20ece4397a6b6e4ef90b92) Importer(2089858483,b0f066a214c2f5e87bad3c948f4d605d)
Start importing Assets/Studio33 Interactive_[BasketBall] v1.1/Animations/Basketball Motions_Generic/949_Rebound fB.fbx using Guid(c9b8c04b7b20ece4397a6b6e4ef90b92) Importer(2089858483,b0f066a214c2f5e87bad3c948f4d605d) (ScriptedImporter) -> (artifact id: '1c8898233de08231570fcd56f5d7e46b') in 0.033123 seconds
Number of updated asset objects reloaded before import = 0Number of asset objects unloaded after import = 153

========================================================================
Received Import Request.
  Time since last request: 0.000037 seconds.
  path: Assets/Studio33 Interactive_[BasketBall] v1.1/Animations/Basketball Motions Humanoid/1867_DunkRAC.fbx
  artifactKey: Guid(12ef06393e30b8d41aa801204b73d77a) Importer(2089858483,b0f066a214c2f5e87bad3c948f4d605d)
Start importing Assets/Studio33 Interactive_[BasketBall] v1.1/Animations/Basketball Motions Humanoid/1867_DunkRAC.fbx using Guid(12ef06393e30b8d41aa801204b73d77a) Importer(2089858483,b0f066a214c2f5e87bad3c948f4d605d) (ScriptedImporter) -> (artifact id: '347ad0834fd3689d22ffa36db05cd863') in 0.0343041 seconds
Number of updated asset objects reloaded before import = 0Number of asset objects unloaded after import = 155

========================================================================
Received Import Request.
  Time since last request: 0.000033 seconds.
  path: Assets/Studio33 Interactive_[BasketBall] v1.1/Animations/Basketball Motions_Generic/1499_LayupCA.fbx
  artifactKey: Guid(2fa179b8c908c454da12d1d95934a2ee) Importer(2089858483,b0f066a214c2f5e87bad3c948f4d605d)
Start importing Assets/Studio33 Interactive_[BasketBall] v1.1/Animations/Basketball Motions_Generic/1499_LayupCA.fbx using Guid(2fa179b8c908c454da12d1d95934a2ee) Importer(2089858483,b0f066a214c2f5e87bad3c948f4d605d) (ScriptedImporter) -> (artifact id: '33a0c7690a3757087977c2d28a2cf5c3') in 0.0308394 seconds
Number of updated asset objects reloaded before import = 0Number of asset objects unloaded after import = 153

========================================================================
Received Import Request.
  Time since last request: 0.000053 seconds.
  path: Assets/Studio33 Interactive_[BasketBall] v1.1/Animations/Basketball Motions Humanoid/976_Rebound C.fbx
  artifactKey: Guid(ef16fb669c146da4bb9a20451f11569c) Importer(2089858483,b0f066a214c2f5e87bad3c948f4d605d)
Start importing Assets/Studio33 Interactive_[BasketBall] v1.1/Animations/Basketball Motions Humanoid/976_Rebound C.fbx using Guid(ef16fb669c146da4bb9a20451f11569c) Importer(2089858483,b0f066a214c2f5e87bad3c948f4d605d) (ScriptedImporter) -> (artifact id: '6a5497059d4ed7a96b7c255d6a78502f') in 0.0307788 seconds
Number of updated asset objects reloaded before import = 0Number of asset objects unloaded after import = 155

========================================================================
Received Import Request.
  Time since last request: 0.000042 seconds.
  path: Assets/Studio33 Interactive_[BasketBall] v1.1/Animations/Basketball Motions Humanoid/1161_DunkCA.fbx
  artifactKey: Guid(e4fb83698e33c5548b355c9e1284a5ac) Importer(2089858483,b0f066a214c2f5e87bad3c948f4d605d)
Start importing Assets/Studio33 Interactive_[BasketBall] v1.1/Animations/Basketball Motions Humanoid/1161_DunkCA.fbx using Guid(e4fb83698e33c5548b355c9e1284a5ac) Importer(2089858483,b0f066a214c2f5e87bad3c948f4d605d) (ScriptedImporter) -> (artifact id: '14a304b2f0fdeb747e33ff0d95faaf86') in 0.0351119 seconds
Number of updated asset objects reloaded before import = 0Number of asset objects unloaded after import = 155

========================================================================
Received Import Request.
  Time since last request: 0.000047 seconds.
  path: Assets/Studio33 Interactive_[BasketBall] v1.1/Animations/Basketball Motions_Generic/973_Rebound C.fbx
  artifactKey: Guid(c4560e5e1fa9c2945880a4256d10b8c7) Importer(2089858483,b0f066a214c2f5e87bad3c948f4d605d)
Start importing Assets/Studio33 Interactive_[BasketBall] v1.1/Animations/Basketball Motions_Generic/973_Rebound C.fbx using Guid(c4560e5e1fa9c2945880a4256d10b8c7) Importer(2089858483,b0f066a214c2f5e87bad3c948f4d605d) (ScriptedImporter) -> (artifact id: 'e7a453e83e29f68ab4a3380d02e2488a') in 0.0343393 seconds
Number of updated asset objects reloaded before import = 0Number of asset objects unloaded after import = 153

========================================================================
Received Import Request.
  Time since last request: 0.000059 seconds.
  path: Assets/Studio33 Interactive_[BasketBall] v1.1/Animations/Basketball Motions_Generic/922_PostBafrontDunkA.fbx
  artifactKey: Guid(b74b59872f7b0af47a3bbea6edde43d1) Importer(2089858483,b0f066a214c2f5e87bad3c948f4d605d)
Start importing Assets/Studio33 Interactive_[BasketBall] v1.1/Animations/Basketball Motions_Generic/922_PostBafrontDunkA.fbx using Guid(b74b59872f7b0af47a3bbea6edde43d1) Importer(2089858483,b0f066a214c2f5e87bad3c948f4d605d) (ScriptedImporter) -> (artifact id: 'c02899b30d18f265d5e2072f503aa660') in 0.0383771 seconds
Number of updated asset objects reloaded before import = 0Number of asset objects unloaded after import = 153

========================================================================
Received Import Request.
  Time since last request: 0.000033 seconds.
  path: Assets/Studio33 Interactive_[BasketBall] v1.1/Animations/Basketball Motions Humanoid/1877_DunkRA.fbx
  artifactKey: Guid(e1bef45a9d5db4d49afda4609ada97d9) Importer(2089858483,b0f066a214c2f5e87bad3c948f4d605d)
Start importing Assets/Studio33 Interactive_[BasketBall] v1.1/Animations/Basketball Motions Humanoid/1877_DunkRA.fbx using Guid(e1bef45a9d5db4d49afda4609ada97d9) Importer(2089858483,b0f066a214c2f5e87bad3c948f4d605d) (ScriptedImporter) -> (artifact id: '8cbf38919fa9a511713b52cfd1216549') in 0.032447 seconds
Number of updated asset objects reloaded before import = 0Number of asset objects unloaded after import = 155

========================================================================
Received Import Request.
  Time since last request: 0.000042 seconds.
  path: Assets/Studio33 Interactive_[BasketBall] v1.1/Animations/Basketball Motions_Generic/1627_DunkRA.fbx
  artifactKey: Guid(4ccb148aac6136649ab7fc10e4832fa4) Importer(2089858483,b0f066a214c2f5e87bad3c948f4d605d)
Start importing Assets/Studio33 Interactive_[BasketBall] v1.1/Animations/Basketball Motions_Generic/1627_DunkRA.fbx using Guid(4ccb148aac6136649ab7fc10e4832fa4) Importer(2089858483,b0f066a214c2f5e87bad3c948f4d605d) (ScriptedImporter) -> (artifact id: 'ee1810c08e7c93abefe6f0faf5268139') in 0.0309618 seconds
Number of updated asset objects reloaded before import = 0Number of asset objects unloaded after import = 153

========================================================================
Received Import Request.
  Time since last request: 0.000046 seconds.
  path: Assets/Studio33 Interactive_[BasketBall] v1.1/Animations/Basketball Motions_Generic/700_OverNpassA.fbx
  artifactKey: Guid(fa4bb84b31e46da4db52d84a5b1a88af) Importer(2089858483,b0f066a214c2f5e87bad3c948f4d605d)
Start importing Assets/Studio33 Interactive_[BasketBall] v1.1/Animations/Basketball Motions_Generic/700_OverNpassA.fbx using Guid(fa4bb84b31e46da4db52d84a5b1a88af) Importer(2089858483,b0f066a214c2f5e87bad3c948f4d605d) (ScriptedImporter) -> (artifact id: '43e250a635e991953496abd52b7924e7') in 0.0314788 seconds
Number of updated asset objects reloaded before import = 0Number of asset objects unloaded after import = 153

========================================================================
Received Import Request.
  Time since last request: 0.000026 seconds.
  path: Assets/Studio33 Interactive_[BasketBall] v1.1/Animations/Basketball Motions_Generic/749_PassKifA.fbx
  artifactKey: Guid(ca16320eba7e55f48b4550d6f0fd4c59) Importer(2089858483,b0f066a214c2f5e87bad3c948f4d605d)
Start importing Assets/Studio33 Interactive_[BasketBall] v1.1/Animations/Basketball Motions_Generic/749_PassKifA.fbx using Guid(ca16320eba7e55f48b4550d6f0fd4c59) Importer(2089858483,b0f066a214c2f5e87bad3c948f4d605d) (ScriptedImporter) -> (artifact id: 'df834ee7acbda5f4c650eecfc7717ced') in 0.0299475 seconds
Number of updated asset objects reloaded before import = 0Number of asset objects unloaded after import = 153

========================================================================
Received Import Request.
  Time since last request: 0.000042 seconds.
  path: Assets/Studio33 Interactive_[BasketBall] v1.1/Animations/Basketball Motions Humanoid/1069_SceneEntHome.fbx
  artifactKey: Guid(0cea7b6ceed2a6b4095ee624773bd246) Importer(2089858483,b0f066a214c2f5e87bad3c948f4d605d)
Start importing Assets/Studio33 Interactive_[BasketBall] v1.1/Animations/Basketball Motions Humanoid/1069_SceneEntHome.fbx using Guid(0cea7b6ceed2a6b4095ee624773bd246) Importer(2089858483,b0f066a214c2f5e87bad3c948f4d605d) (ScriptedImporter) -> (artifact id: '237d1eb8d75a9651c0a5e96d375e5cf0') in 0.0490916 seconds
Number of updated asset objects reloaded before import = 0Number of asset objects unloaded after import = 155

========================================================================
Received Import Request.
  Time since last request: 0.000057 seconds.
  path: Assets/Studio33 Interactive_[BasketBall] v1.1/Animations/Basketball Motions_Generic/647_Run.fbx
  artifactKey: Guid(016156c7401945947965c147aa0d34d2) Importer(2089858483,b0f066a214c2f5e87bad3c948f4d605d)
Start importing Assets/Studio33 Interactive_[BasketBall] v1.1/Animations/Basketball Motions_Generic/647_Run.fbx using Guid(016156c7401945947965c147aa0d34d2) Importer(2089858483,b0f066a214c2f5e87bad3c948f4d605d) (ScriptedImporter) -> (artifact id: '60ad7647c48a88f1ec26e054536120d5') in 0.0325368 seconds
Number of updated asset objects reloaded before import = 0Number of asset objects unloaded after import = 153

========================================================================
Received Import Request.
  Time since last request: 0.000050 seconds.
  path: Assets/Studio33 Interactive_[BasketBall] v1.1/Animations/Basketball Motions_Generic/718_PassfakeBaA.fbx
  artifactKey: Guid(6049c9b682ce34b44a50debd0a12e37d) Importer(2089858483,b0f066a214c2f5e87bad3c948f4d605d)
Start importing Assets/Studio33 Interactive_[BasketBall] v1.1/Animations/Basketball Motions_Generic/718_PassfakeBaA.fbx using Guid(6049c9b682ce34b44a50debd0a12e37d) Importer(2089858483,b0f066a214c2f5e87bad3c948f4d605d) (ScriptedImporter) -> (artifact id: '47e10a0cef0e40722f56e0c20c979e57') in 0.036455 seconds
Number of updated asset objects reloaded before import = 0Number of asset objects unloaded after import = 153

========================================================================
Received Import Request.
  Time since last request: 0.000036 seconds.
  path: Assets/Studio33 Interactive_[BasketBall] v1.1/Animations/Basketball Motions Humanoid/1569_LayupCA.fbx
  artifactKey: Guid(c72ee779a4518854a8604957ca56dca4) Importer(2089858483,b0f066a214c2f5e87bad3c948f4d605d)
Start importing Assets/Studio33 Interactive_[BasketBall] v1.1/Animations/Basketball Motions Humanoid/1569_LayupCA.fbx using Guid(c72ee779a4518854a8604957ca56dca4) Importer(2089858483,b0f066a214c2f5e87bad3c948f4d605d) (ScriptedImporter) -> (artifact id: 'a313cbd8219972fe252e1c3dd7c09cfa') in 0.0409274 seconds
Number of updated asset objects reloaded before import = 0Number of asset objects unloaded after import = 155

========================================================================
Received Import Request.
  Time since last request: 0.000066 seconds.
  path: Assets/Studio33 Interactive_[BasketBall] v1.1/Animations/Basketball Motions_Generic/675_DashRtTurR.fbx
  artifactKey: Guid(e0508f67299ff974fade48ac1a1229c8) Importer(2089858483,b0f066a214c2f5e87bad3c948f4d605d)
Start importing Assets/Studio33 Interactive_[BasketBall] v1.1/Animations/Basketball Motions_Generic/675_DashRtTurR.fbx using Guid(e0508f67299ff974fade48ac1a1229c8) Importer(2089858483,b0f066a214c2f5e87bad3c948f4d605d) (ScriptedImporter) -> (artifact id: '8f6cc19ec0f0e737884293c9a6fc55ca') in 0.0289395 seconds
Number of updated asset objects reloaded before import = 0Number of asset objects unloaded after import = 153

========================================================================
Received Import Request.
  Time since last request: 0.000040 seconds.
  path: Assets/Studio33 Interactive_[BasketBall] v1.1/Animations/Basketball Motions Humanoid/1105_ScreefrontA.fbx
  artifactKey: Guid(78aa92cee7046b4458b18521f2e7ab90) Importer(2089858483,b0f066a214c2f5e87bad3c948f4d605d)
Start importing Assets/Studio33 Interactive_[BasketBall] v1.1/Animations/Basketball Motions Humanoid/1105_ScreefrontA.fbx using Guid(78aa92cee7046b4458b18521f2e7ab90) Importer(2089858483,b0f066a214c2f5e87bad3c948f4d605d) (ScriptedImporter) -> (artifact id: 'b8a53017db8f57e2332fa222b7613986') in 0.0321284 seconds
Number of updated asset objects reloaded before import = 0Number of asset objects unloaded after import = 155

========================================================================
Received Import Request.
  Time since last request: 0.000040 seconds.
  path: Assets/Studio33 Interactive_[BasketBall] v1.1/Animations/Basketball Motions Humanoid/1845_DunkCA.fbx
  artifactKey: Guid(0b55c83e72f9d634e9e13859546b4faa) Importer(2089858483,b0f066a214c2f5e87bad3c948f4d605d)
Start importing Assets/Studio33 Interactive_[BasketBall] v1.1/Animations/Basketball Motions Humanoid/1845_DunkCA.fbx using Guid(0b55c83e72f9d634e9e13859546b4faa) Importer(2089858483,b0f066a214c2f5e87bad3c948f4d605d) (ScriptedImporter) -> (artifact id: '426da4ed49b7330adda9a1d44cc1e6d4') in 0.0316055 seconds
Number of updated asset objects reloaded before import = 0Number of asset objects unloaded after import = 155

========================================================================
Received Import Request.
  Time since last request: 0.000057 seconds.
  path: Assets/Studio33 Interactive_[BasketBall] v1.1/Animations/Basketball Motions_Generic/1152_DunkCA.fbx
  artifactKey: Guid(c00fb22ae2cd9e7448e9ec546fe64f88) Importer(2089858483,b0f066a214c2f5e87bad3c948f4d605d)
Start importing Assets/Studio33 Interactive_[BasketBall] v1.1/Animations/Basketball Motions_Generic/1152_DunkCA.fbx using Guid(c00fb22ae2cd9e7448e9ec546fe64f88) Importer(2089858483,b0f066a214c2f5e87bad3c948f4d605d) (ScriptedImporter) -> (artifact id: 'e507eccece720dfabeb8d8f0f5f07c39') in 0.0355285 seconds
Number of updated asset objects reloaded before import = 0Number of asset objects unloaded after import = 153

========================================================================
Received Import Request.
  Time since last request: 0.000043 seconds.
  path: Assets/Studio33 Interactive_[BasketBall] v1.1/Animations/Basketball Motions_Generic/1041_TappassTapFB.fbx
  artifactKey: Guid(ff88a7e8005f222429a70d1caaa7ac47) Importer(2089858483,b0f066a214c2f5e87bad3c948f4d605d)
Start importing Assets/Studio33 Interactive_[BasketBall] v1.1/Animations/Basketball Motions_Generic/1041_TappassTapFB.fbx using Guid(ff88a7e8005f222429a70d1caaa7ac47) Importer(2089858483,b0f066a214c2f5e87bad3c948f4d605d) (ScriptedImporter) -> (artifact id: '9c575c5f7fb09d1bd97b44086e87c605') in 0.0309139 seconds
Number of updated asset objects reloaded before import = 0Number of asset objects unloaded after import = 153

========================================================================
Received Import Request.
  Time since last request: 0.000040 seconds.
  path: Assets/Studio33 Interactive_[BasketBall] v1.1/Animations/Basketball Motions_Generic/780_PassfakeFrontA.fbx
  artifactKey: Guid(30994d9dd34bd7c41833560ed1e2d320) Importer(2089858483,b0f066a214c2f5e87bad3c948f4d605d)
Start importing Assets/Studio33 Interactive_[BasketBall] v1.1/Animations/Basketball Motions_Generic/780_PassfakeFrontA.fbx using Guid(30994d9dd34bd7c41833560ed1e2d320) Importer(2089858483,b0f066a214c2f5e87bad3c948f4d605d) (ScriptedImporter) -> (artifact id: '97db84ff33af89ea624c52dc73c385ec') in 0.0316245 seconds
Number of updated asset objects reloaded before import = 0Number of asset objects unloaded after import = 153

========================================================================
Received Import Request.
  Time since last request: 0.000053 seconds.
  path: Assets/Studio33 Interactive_[BasketBall] v1.1/Animations/Basketball Motions_Generic/1432_LayupRA.fbx
  artifactKey: Guid(e51db4231d4fb8843b21fcdcbedb6577) Importer(2089858483,b0f066a214c2f5e87bad3c948f4d605d)
Start importing Assets/Studio33 Interactive_[BasketBall] v1.1/Animations/Basketball Motions_Generic/1432_LayupRA.fbx using Guid(e51db4231d4fb8843b21fcdcbedb6577) Importer(2089858483,b0f066a214c2f5e87bad3c948f4d605d) (ScriptedImporter) -> (artifact id: '113ac2390c44f7dbd905be06dfbc6769') in 0.0319112 seconds
Number of updated asset objects reloaded before import = 0Number of asset objects unloaded after import = 153

========================================================================
Received Import Request.
  Time since last request: 0.000043 seconds.
  path: Assets/Studio33 Interactive_[BasketBall] v1.1/Animations/Basketball Motions Humanoid/213_ShoulderdunkTefront.fbx
  artifactKey: Guid(f9833a7925123644e828843ba962507e) Importer(2089858483,b0f066a214c2f5e87bad3c948f4d605d)
Start importing Assets/Studio33 Interactive_[BasketBall] v1.1/Animations/Basketball Motions Humanoid/213_ShoulderdunkTefront.fbx using Guid(f9833a7925123644e828843ba962507e) Importer(2089858483,b0f066a214c2f5e87bad3c948f4d605d) (ScriptedImporter) -> (artifact id: 'b726ecdc6e7e1d0dd75ec527ed2dc5a5') in 0.0433652 seconds
Number of updated asset objects reloaded before import = 0Number of asset objects unloaded after import = 155

========================================================================
Received Import Request.
  Time since last request: 0.000038 seconds.
  path: Assets/Studio33 Interactive_[BasketBall] v1.1/Animations/Basketball Motions Humanoid/1852_DunkCA.fbx
  artifactKey: Guid(8350ace7a3fbccf47a436d305e9bb078) Importer(2089858483,b0f066a214c2f5e87bad3c948f4d605d)
Start importing Assets/Studio33 Interactive_[BasketBall] v1.1/Animations/Basketball Motions Humanoid/1852_DunkCA.fbx using Guid(8350ace7a3fbccf47a436d305e9bb078) Importer(2089858483,b0f066a214c2f5e87bad3c948f4d605d) (ScriptedImporter) -> (artifact id: 'c761eaafc8edc6832a3570173e5a7b9e') in 0.03455 seconds
Number of updated asset objects reloaded before import = 0Number of asset objects unloaded after import = 155

========================================================================
Received Import Request.
  Time since last request: 0.000045 seconds.
  path: Assets/Studio33 Interactive_[BasketBall] v1.1/Animations/Basketball Motions_Generic/96_BlockinglongFarLayupF.fbx
  artifactKey: Guid(6c3950ead367eb3468693b3cf15b4513) Importer(815301076,1909f56bfc062723c751e8b465ee728b)
Start importing Assets/Studio33 Interactive_[BasketBall] v1.1/Animations/Basketball Motions_Generic/96_BlockinglongFarLayupF.fbx using Guid(6c3950ead367eb3468693b3cf15b4513) Importer(815301076,1909f56bfc062723c751e8b465ee728b) (PreviewImporter) -> (artifact id: 'e85eca3b73bd217a079c5ac120330870') in 0.0548668 seconds
Number of updated asset objects reloaded before import = 0Number of asset objects unloaded after import = 153

========================================================================
Received Import Request.
  Time since last request: 0.000044 seconds.
  path: Assets/Studio33 Interactive_[BasketBall] v1.1/Animations/Basketball Motions Humanoid/574_Steal.fbx
  artifactKey: Guid(5f6985fb3859cf6469cdfe01f85708a5) Importer(2089858483,b0f066a214c2f5e87bad3c948f4d605d)
Start importing Assets/Studio33 Interactive_[BasketBall] v1.1/Animations/Basketball Motions Humanoid/574_Steal.fbx using Guid(5f6985fb3859cf6469cdfe01f85708a5) Importer(2089858483,b0f066a214c2f5e87bad3c948f4d605d) (ScriptedImporter) -> (artifact id: '2fc90ab4979bcc5fc33452df34d00ac5') in 0.0317346 seconds
Number of updated asset objects reloaded before import = 0Number of asset objects unloaded after import = 155

========================================================================
Received Import Request.
  Time since last request: 0.000044 seconds.
  path: Assets/Studio33 Interactive_[BasketBall] v1.1/Animations/Basketball Motions Humanoid/1794_DunkCA.fbx
  artifactKey: Guid(1eb49d87af00b0946b68aff5f8a8852f) Importer(2089858483,b0f066a214c2f5e87bad3c948f4d605d)
Start importing Assets/Studio33 Interactive_[BasketBall] v1.1/Animations/Basketball Motions Humanoid/1794_DunkCA.fbx using Guid(1eb49d87af00b0946b68aff5f8a8852f) Importer(2089858483,b0f066a214c2f5e87bad3c948f4d605d) (ScriptedImporter) -> (artifact id: '0fc9979498c2abac07443f4e9b363a59') in 0.0362177 seconds
Number of updated asset objects reloaded before import = 0Number of asset objects unloaded after import = 155

========================================================================
Received Import Request.
  Time since last request: 0.000085 seconds.
  path: Assets/Studio33 Interactive_[BasketBall] v1.1/Animations/Basketball Motions Humanoid/1542_JumpshotPullupLA.fbx
  artifactKey: Guid(cb62b3d91a82a9a45bd70cca8c0fb9f3) Importer(2089858483,b0f066a214c2f5e87bad3c948f4d605d)
Start importing Assets/Studio33 Interactive_[BasketBall] v1.1/Animations/Basketball Motions Humanoid/1542_JumpshotPullupLA.fbx using Guid(cb62b3d91a82a9a45bd70cca8c0fb9f3) Importer(2089858483,b0f066a214c2f5e87bad3c948f4d605d) (ScriptedImporter) -> (artifact id: '5ca48b4b7e3bec9117ccec66e2f9b86e') in 0.0327921 seconds
Number of updated asset objects reloaded before import = 0Number of asset objects unloaded after import = 155

========================================================================
Received Import Request.
  Time since last request: 0.000046 seconds.
  path: Assets/Studio33 Interactive_[BasketBall] v1.1/Animations/Basketball Motions_Generic/2136_JumpshotReadyFake.fbx
  artifactKey: Guid(f1bb61634a9d17f48acd1d0f04947726) Importer(2089858483,b0f066a214c2f5e87bad3c948f4d605d)
Start importing Assets/Studio33 Interactive_[BasketBall] v1.1/Animations/Basketball Motions_Generic/2136_JumpshotReadyFake.fbx using Guid(f1bb61634a9d17f48acd1d0f04947726) Importer(2089858483,b0f066a214c2f5e87bad3c948f4d605d) (ScriptedImporter) -> (artifact id: '793d38c4a22017bf12e35a03de3b4623') in 0.0303921 seconds
Number of updated asset objects reloaded before import = 0Number of asset objects unloaded after import = 153

========================================================================
Received Import Request.
  Time since last request: 0.000040 seconds.
  path: Assets/Studio33 Interactive_[BasketBall] v1.1/Animations/Basketball Motions_Generic/2049_DunkRA.fbx
  artifactKey: Guid(eb8810957d8fac74aad900119908b345) Importer(2089858483,b0f066a214c2f5e87bad3c948f4d605d)
Start importing Assets/Studio33 Interactive_[BasketBall] v1.1/Animations/Basketball Motions_Generic/2049_DunkRA.fbx using Guid(eb8810957d8fac74aad900119908b345) Importer(2089858483,b0f066a214c2f5e87bad3c948f4d605d) (ScriptedImporter) -> (artifact id: '06d364d0480d6d5642fa2a4d56c34e2f') in 0.0311532 seconds
Number of updated asset objects reloaded before import = 0Number of asset objects unloaded after import = 153

========================================================================
Received Import Request.
  Time since last request: 0.000067 seconds.
  path: Assets/Studio33 Interactive_[BasketBall] v1.1/Animations/Basketball Motions Humanoid/1878_DunkRA.fbx
  artifactKey: Guid(f1d6bb9bf8ed1a04d809bef874de8830) Importer(2089858483,b0f066a214c2f5e87bad3c948f4d605d)
Start importing Assets/Studio33 Interactive_[BasketBall] v1.1/Animations/Basketball Motions Humanoid/1878_DunkRA.fbx using Guid(f1d6bb9bf8ed1a04d809bef874de8830) Importer(2089858483,b0f066a214c2f5e87bad3c948f4d605d) (ScriptedImporter) -> (artifact id: 'e209795586a002df6af3b0b460ea6079') in 0.0355925 seconds
Number of updated asset objects reloaded before import = 0Number of asset objects unloaded after import = 155

========================================================================
Received Import Request.
  Time since last request: 0.000052 seconds.
  path: Assets/Studio33 Interactive_[BasketBall] v1.1/Animations/Basketball Motions_Generic/29_BlockingshortJumpF.fbx
  artifactKey: Guid(76d56eba46e9d7845818e7218afd1898) Importer(815301076,1909f56bfc062723c751e8b465ee728b)
Start importing Assets/Studio33 Interactive_[BasketBall] v1.1/Animations/Basketball Motions_Generic/29_BlockingshortJumpF.fbx using Guid(76d56eba46e9d7845818e7218afd1898) Importer(815301076,1909f56bfc062723c751e8b465ee728b) (PreviewImporter) -> (artifact id: 'c6e33fe33f06fab2f0e6c7840b584b38') in 0.0527257 seconds
Number of updated asset objects reloaded before import = 0Number of asset objects unloaded after import = 153

========================================================================
Received Import Request.
  Time since last request: 0.000069 seconds.
  path: Assets/Studio33 Interactive_[BasketBall] v1.1/Animations/Basketball Motions Humanoid/1178_DunkClutchFRightA.fbx
  artifactKey: Guid(28db61f5aa5c25e449f39805410b76e8) Importer(2089858483,b0f066a214c2f5e87bad3c948f4d605d)
Start importing Assets/Studio33 Interactive_[BasketBall] v1.1/Animations/Basketball Motions Humanoid/1178_DunkClutchFRightA.fbx using Guid(28db61f5aa5c25e449f39805410b76e8) Importer(2089858483,b0f066a214c2f5e87bad3c948f4d605d) (ScriptedImporter) -> (artifact id: 'fa44281d1e7cd44e3f21c945dd563d48') in 0.0429365 seconds
Number of updated asset objects reloaded before import = 0Number of asset objects unloaded after import = 155

========================================================================
Received Import Request.
  Time since last request: 0.000063 seconds.
  path: Assets/Studio33 Interactive_[BasketBall] v1.1/Animations/Basketball Motions_Generic/1277_DclutchFRightA.fbx
  artifactKey: Guid(add002a29e20b314799289742fe6cb14) Importer(2089858483,b0f066a214c2f5e87bad3c948f4d605d)
Start importing Assets/Studio33 Interactive_[BasketBall] v1.1/Animations/Basketball Motions_Generic/1277_DclutchFRightA.fbx using Guid(add002a29e20b314799289742fe6cb14) Importer(2089858483,b0f066a214c2f5e87bad3c948f4d605d) (ScriptedImporter) -> (artifact id: '55873f04065b56bf016f19df3f25aedb') in 0.030807 seconds
Number of updated asset objects reloaded before import = 0Number of asset objects unloaded after import = 153

========================================================================
Received Import Request.
  Time since last request: 0.000052 seconds.
  path: Assets/Studio33 Interactive_[BasketBall] v1.1/Animations/Basketball Motions Humanoid/335_JabstepA.fbx
  artifactKey: Guid(e9c1c76cab1739440a6bd3ad07165dbc) Importer(2089858483,b0f066a214c2f5e87bad3c948f4d605d)
Start importing Assets/Studio33 Interactive_[BasketBall] v1.1/Animations/Basketball Motions Humanoid/335_JabstepA.fbx using Guid(e9c1c76cab1739440a6bd3ad07165dbc) Importer(2089858483,b0f066a214c2f5e87bad3c948f4d605d) (ScriptedImporter) -> (artifact id: '671e9fb77ee0d82bab55750aa4485e4c') in 0.0317708 seconds
Number of updated asset objects reloaded before import = 0Number of asset objects unloaded after import = 155

========================================================================
Received Import Request.
  Time since last request: 0.000051 seconds.
  path: Assets/Studio33 Interactive_[BasketBall] v1.1/Animations/Basketball Motions Humanoid/1049_BackboardDestructioA.fbx
  artifactKey: Guid(d1932ba6ee1527248b003747e50b0320) Importer(2089858483,b0f066a214c2f5e87bad3c948f4d605d)
Start importing Assets/Studio33 Interactive_[BasketBall] v1.1/Animations/Basketball Motions Humanoid/1049_BackboardDestructioA.fbx using Guid(d1932ba6ee1527248b003747e50b0320) Importer(2089858483,b0f066a214c2f5e87bad3c948f4d605d) (ScriptedImporter) -> (artifact id: '43d5d2258fb27d477dcb6c64cde7e3c2') in 0.0309886 seconds
Number of updated asset objects reloaded before import = 0Number of asset objects unloaded after import = 155

========================================================================
Received Import Request.
  Time since last request: 0.000061 seconds.
  path: Assets/Studio33 Interactive_[BasketBall] v1.1/Animations/Basketball Motions_Generic/173_BlockingckedFrontA.fbx
  artifactKey: Guid(c47c4f5e7c2511c4db5dcf94231dd6cf) Importer(815301076,1909f56bfc062723c751e8b465ee728b)
Start importing Assets/Studio33 Interactive_[BasketBall] v1.1/Animations/Basketball Motions_Generic/173_BlockingckedFrontA.fbx using Guid(c47c4f5e7c2511c4db5dcf94231dd6cf) Importer(815301076,1909f56bfc062723c751e8b465ee728b) (PreviewImporter) -> (artifact id: '00368b9a25d2562d26a13ff8655d7ef7') in 0.0475721 seconds
Number of updated asset objects reloaded before import = 0Number of asset objects unloaded after import = 153

========================================================================
Received Import Request.
  Time since last request: 0.000041 seconds.
  path: Assets/Studio33 Interactive_[BasketBall] v1.1/Animations/Basketball Motions Humanoid/1956_DunkRA.fbx
  artifactKey: Guid(424ca7ffc6cabe14695b9efbaa08b1e0) Importer(2089858483,b0f066a214c2f5e87bad3c948f4d605d)
Start importing Assets/Studio33 Interactive_[BasketBall] v1.1/Animations/Basketball Motions Humanoid/1956_DunkRA.fbx using Guid(424ca7ffc6cabe14695b9efbaa08b1e0) Importer(2089858483,b0f066a214c2f5e87bad3c948f4d605d) (ScriptedImporter) -> (artifact id: '90c7947117291d3e17b860ad8097b32b') in 0.033671 seconds
Number of updated asset objects reloaded before import = 0Number of asset objects unloaded after import = 155

========================================================================
Received Import Request.
  Time since last request: 0.000062 seconds.
  path: Assets/Studio33 Interactive_[BasketBall] v1.1/Animations/Basketball Motions_Generic/118_ReboundAndBoxOutBaa.fbx
  artifactKey: Guid(ba2482ca7b909e840a2fb0005e345249) Importer(815301076,1909f56bfc062723c751e8b465ee728b)
Start importing Assets/Studio33 Interactive_[BasketBall] v1.1/Animations/Basketball Motions_Generic/118_ReboundAndBoxOutBaa.fbx using Guid(ba2482ca7b909e840a2fb0005e345249) Importer(815301076,1909f56bfc062723c751e8b465ee728b) (PreviewImporter) -> (artifact id: 'c20aeb78a3da24d633e7a23f5acf654d') in 0.049091 seconds
Number of updated asset objects reloaded before import = 0Number of asset objects unloaded after import = 153

========================================================================
Received Import Request.
  Time since last request: 0.000063 seconds.
  path: Assets/Studio33 Interactive_[BasketBall] v1.1/Animations/Basketball Motions_Generic/139_PostPushFrontA.fbx
  artifactKey: Guid(f3ac574c4ac445e47926a9cd06693335) Importer(815301076,1909f56bfc062723c751e8b465ee728b)
Start importing Assets/Studio33 Interactive_[BasketBall] v1.1/Animations/Basketball Motions_Generic/139_PostPushFrontA.fbx using Guid(f3ac574c4ac445e47926a9cd06693335) Importer(815301076,1909f56bfc062723c751e8b465ee728b) (PreviewImporter) -> (artifact id: '055c416258179d665ab4e8359af3211d') in 0.0491911 seconds
Number of updated asset objects reloaded before import = 0Number of asset objects unloaded after import = 153

========================================================================
Received Import Request.
  Time since last request: 0.000041 seconds.
  path: Assets/Studio33 Interactive_[BasketBall] v1.1/Animations/Basketball Motions_Generic/2_PostBackingpushA.fbx
  artifactKey: Guid(9ec1c5c9201180143af8ad18adaaf8ec) Importer(815301076,1909f56bfc062723c751e8b465ee728b)
Start importing Assets/Studio33 Interactive_[BasketBall] v1.1/Animations/Basketball Motions_Generic/2_PostBackingpushA.fbx using Guid(9ec1c5c9201180143af8ad18adaaf8ec) Importer(815301076,1909f56bfc062723c751e8b465ee728b) (PreviewImporter) -> (artifact id: '58cb9b1289ac6e56b0195eccffd2002b') in 0.0561513 seconds
Number of updated asset objects reloaded before import = 0Number of asset objects unloaded after import = 153

========================================================================
Received Import Request.
  Time since last request: 0.000058 seconds.
  path: Assets/Studio33 Interactive_[BasketBall] v1.1/Animations/Basketball Motions_Generic/107_Blockingstaf.fbx
  artifactKey: Guid(bb55ebdf6d18a6e4ba3b9b39fec4ccce) Importer(815301076,1909f56bfc062723c751e8b465ee728b)
Start importing Assets/Studio33 Interactive_[BasketBall] v1.1/Animations/Basketball Motions_Generic/107_Blockingstaf.fbx using Guid(bb55ebdf6d18a6e4ba3b9b39fec4ccce) Importer(815301076,1909f56bfc062723c751e8b465ee728b) (PreviewImporter) -> (artifact id: '0380ba8dc96294bd89fe3b18c1bbc65b') in 0.0498457 seconds
Number of updated asset objects reloaded before import = 0Number of asset objects unloaded after import = 153

========================================================================
Received Import Request.
  Time since last request: 0.000051 seconds.
  path: Assets/Studio33 Interactive_[BasketBall] v1.1/Animations/Basketball Motions Humanoid/1403_LayupRA.fbx
  artifactKey: Guid(c3e957fd9d5589b4f90235481e3d50dc) Importer(2089858483,b0f066a214c2f5e87bad3c948f4d605d)
Start importing Assets/Studio33 Interactive_[BasketBall] v1.1/Animations/Basketball Motions Humanoid/1403_LayupRA.fbx using Guid(c3e957fd9d5589b4f90235481e3d50dc) Importer(2089858483,b0f066a214c2f5e87bad3c948f4d605d) (ScriptedImporter) -> (artifact id: '6dad22c4057c3c47c4135a2d3ce2ff20') in 0.0343035 seconds
Number of updated asset objects reloaded before import = 0Number of asset objects unloaded after import = 155

========================================================================
Received Import Request.
  Time since last request: 0.000046 seconds.
  path: Assets/Studio33 Interactive_[BasketBall] v1.1/Animations/Basketball Motions_Generic/2009_DunkCA.fbx
  artifactKey: Guid(503dacb70a7843c4094cde1b8dd94432) Importer(2089858483,b0f066a214c2f5e87bad3c948f4d605d)
Start importing Assets/Studio33 Interactive_[BasketBall] v1.1/Animations/Basketball Motions_Generic/2009_DunkCA.fbx using Guid(503dacb70a7843c4094cde1b8dd94432) Importer(2089858483,b0f066a214c2f5e87bad3c948f4d605d) (ScriptedImporter) -> (artifact id: '26c1ff9721a71906addd37d0adf269a1') in 0.0338336 seconds
Number of updated asset objects reloaded before import = 0Number of asset objects unloaded after import = 153

========================================================================
Received Import Request.
  Time since last request: 0.000051 seconds.
  path: Assets/Studio33 Interactive_[BasketBall] v1.1/Animations/Basketball Motions_Generic/198_Driveislip.fbx
  artifactKey: Guid(1bd8b4b5ae7e08540b25973b41a13b60) Importer(2089858483,b0f066a214c2f5e87bad3c948f4d605d)
Start importing Assets/Studio33 Interactive_[BasketBall] v1.1/Animations/Basketball Motions_Generic/198_Driveislip.fbx using Guid(1bd8b4b5ae7e08540b25973b41a13b60) Importer(2089858483,b0f066a214c2f5e87bad3c948f4d605d) (ScriptedImporter) -> (artifact id: '4dbf3586a26ef182187df80bd2ffb45d') in 0.0394744 seconds
Number of updated asset objects reloaded before import = 0Number of asset objects unloaded after import = 153

========================================================================
Received Import Request.
  Time since last request: 0.000050 seconds.
  path: Assets/Studio33 Interactive_[BasketBall] v1.1/Animations/Basketball Motions Humanoid/1512_AlleyoopDclutchFRightA.fbx
  artifactKey: Guid(f3688dd809b92f743a5fde1d1e31c7cd) Importer(2089858483,b0f066a214c2f5e87bad3c948f4d605d)
Start importing Assets/Studio33 Interactive_[BasketBall] v1.1/Animations/Basketball Motions Humanoid/1512_AlleyoopDclutchFRightA.fbx using Guid(f3688dd809b92f743a5fde1d1e31c7cd) Importer(2089858483,b0f066a214c2f5e87bad3c948f4d605d) (ScriptedImporter) -> (artifact id: '76962e0791b6ce4d2e3284af88bb03dc') in 0.0326987 seconds
Number of updated asset objects reloaded before import = 0Number of asset objects unloaded after import = 155

========================================================================
Received Import Request.
  Time since last request: 0.000031 seconds.
  path: Assets/Studio33 Interactive_[BasketBall] v1.1/Animations/Basketball Motions Humanoid/2000_DunkCC.fbx
  artifactKey: Guid(c8818e2c813755c45a280e7783950fcd) Importer(2089858483,b0f066a214c2f5e87bad3c948f4d605d)
Start importing Assets/Studio33 Interactive_[BasketBall] v1.1/Animations/Basketball Motions Humanoid/2000_DunkCC.fbx using Guid(c8818e2c813755c45a280e7783950fcd) Importer(2089858483,b0f066a214c2f5e87bad3c948f4d605d) (ScriptedImporter) -> (artifact id: '002e90ea0360310c4c34366924e7b255') in 0.0318098 seconds
Number of updated asset objects reloaded before import = 0Number of asset objects unloaded after import = 155

========================================================================
Received Import Request.
  Time since last request: 0.000045 seconds.
  path: Assets/Studio33 Interactive_[BasketBall] v1.1/Animations/Basketball Motions Humanoid/1983_JumpshotMA.fbx
  artifactKey: Guid(02cf1d0095565324daacb89fe58f1e3f) Importer(2089858483,b0f066a214c2f5e87bad3c948f4d605d)
Start importing Assets/Studio33 Interactive_[BasketBall] v1.1/Animations/Basketball Motions Humanoid/1983_JumpshotMA.fbx using Guid(02cf1d0095565324daacb89fe58f1e3f) Importer(2089858483,b0f066a214c2f5e87bad3c948f4d605d) (ScriptedImporter) -> (artifact id: '49df956392cd3443aa3dcc876ad0d84c') in 0.0324504 seconds
Number of updated asset objects reloaded before import = 0Number of asset objects unloaded after import = 155

========================================================================
Received Import Request.
  Time since last request: 0.000059 seconds.
  path: Assets/Studio33 Interactive_[BasketBall] v1.1/Animations/Basketball Motions_Generic/769_AlleyoopOverNpassA.fbx
  artifactKey: Guid(7443bea4edac5c640aa5169a357151df) Importer(2089858483,b0f066a214c2f5e87bad3c948f4d605d)
Start importing Assets/Studio33 Interactive_[BasketBall] v1.1/Animations/Basketball Motions_Generic/769_AlleyoopOverNpassA.fbx using Guid(7443bea4edac5c640aa5169a357151df) Importer(2089858483,b0f066a214c2f5e87bad3c948f4d605d) (ScriptedImporter) -> (artifact id: '6249d5063983da445d557edf09192934') in 0.0278895 seconds
Number of updated asset objects reloaded before import = 0Number of asset objects unloaded after import = 153

========================================================================
Received Import Request.
  Time since last request: 0.000030 seconds.
  path: Assets/Studio33 Interactive_[BasketBall] v1.1/Animations/Basketball Motions_Generic/1917_DunkCA.fbx
  artifactKey: Guid(d25b6b761f4160645832f8e6ceb7f432) Importer(2089858483,b0f066a214c2f5e87bad3c948f4d605d)
Start importing Assets/Studio33 Interactive_[BasketBall] v1.1/Animations/Basketball Motions_Generic/1917_DunkCA.fbx using Guid(d25b6b761f4160645832f8e6ceb7f432) Importer(2089858483,b0f066a214c2f5e87bad3c948f4d605d) (ScriptedImporter) -> (artifact id: '62baa23d317c97da35fb54e0e483b9b8') in 0.0343268 seconds
Number of updated asset objects reloaded before import = 0Number of asset objects unloaded after import = 153

========================================================================
Received Import Request.
  Time since last request: 0.000048 seconds.
  path: Assets/Studio33 Interactive_[BasketBall] v1.1/Animations/Basketball Motions_Generic/144_CollisiotwostepFFaA.fbx
  artifactKey: Guid(916a9703186bbd44b96c227ebde93728) Importer(815301076,1909f56bfc062723c751e8b465ee728b)
Start importing Assets/Studio33 Interactive_[BasketBall] v1.1/Animations/Basketball Motions_Generic/144_CollisiotwostepFFaA.fbx using Guid(916a9703186bbd44b96c227ebde93728) Importer(815301076,1909f56bfc062723c751e8b465ee728b) (PreviewImporter) -> (artifact id: '29975b66f70594b65b013e98cba33eee') in 0.0463282 seconds
Number of updated asset objects reloaded before import = 0Number of asset objects unloaded after import = 153

========================================================================
Received Import Request.
  Time since last request: 0.000068 seconds.
  path: Assets/Studio33 Interactive_[BasketBall] v1.1/Animations/Basketball Motions_Generic/157_BlockingckedLeftA.fbx
  artifactKey: Guid(bc28c611fe5bd4d4fbb42a39a44cae1c) Importer(815301076,1909f56bfc062723c751e8b465ee728b)
Start importing Assets/Studio33 Interactive_[BasketBall] v1.1/Animations/Basketball Motions_Generic/157_BlockingckedLeftA.fbx using Guid(bc28c611fe5bd4d4fbb42a39a44cae1c) Importer(815301076,1909f56bfc062723c751e8b465ee728b) (PreviewImporter) -> (artifact id: '53f4d7f692ec06c383a96681f0e4baf0') in 0.0520396 seconds
Number of updated asset objects reloaded before import = 0Number of asset objects unloaded after import = 153

========================================================================
Received Import Request.
  Time since last request: 0.000048 seconds.
  path: Assets/Studio33 Interactive_[BasketBall] v1.1/Animations/Basketball Motions Humanoid/870_AlleyooppassreqBaA.fbx
  artifactKey: Guid(bdd00ba6521588e49a6fce666c779ed1) Importer(2089858483,b0f066a214c2f5e87bad3c948f4d605d)
Start importing Assets/Studio33 Interactive_[BasketBall] v1.1/Animations/Basketball Motions Humanoid/870_AlleyooppassreqBaA.fbx using Guid(bdd00ba6521588e49a6fce666c779ed1) Importer(2089858483,b0f066a214c2f5e87bad3c948f4d605d) (ScriptedImporter) -> (artifact id: 'eae9edc98cb997d07c6efa2aec95ad20') in 0.0325498 seconds
Number of updated asset objects reloaded before import = 0Number of asset objects unloaded after import = 155

========================================================================
Received Import Request.
  Time since last request: 0.000044 seconds.
  path: Assets/Studio33 Interactive_[BasketBall] v1.1/Animations/Basketball Motions Humanoid/928_PostThRightLA.fbx
  artifactKey: Guid(a12499e9b2687d44fa46180214bfec83) Importer(2089858483,b0f066a214c2f5e87bad3c948f4d605d)
Start importing Assets/Studio33 Interactive_[BasketBall] v1.1/Animations/Basketball Motions Humanoid/928_PostThRightLA.fbx using Guid(a12499e9b2687d44fa46180214bfec83) Importer(2089858483,b0f066a214c2f5e87bad3c948f4d605d) (ScriptedImporter) -> (artifact id: '899d23e80869ed373ec6212b85aa1b41') in 0.0349435 seconds
Number of updated asset objects reloaded before import = 0Number of asset objects unloaded after import = 155

========================================================================
Received Import Request.
  Time since last request: 0.000067 seconds.
  path: Assets/Studio33 Interactive_[BasketBall] v1.1/Animations/Basketball Motions_Generic/1133_AlleyoopDclutchFRightA.fbx
  artifactKey: Guid(213ff0b37e1ecbf4ca351284e3a6e682) Importer(2089858483,b0f066a214c2f5e87bad3c948f4d605d)
Start importing Assets/Studio33 Interactive_[BasketBall] v1.1/Animations/Basketball Motions_Generic/1133_AlleyoopDclutchFRightA.fbx using Guid(213ff0b37e1ecbf4ca351284e3a6e682) Importer(2089858483,b0f066a214c2f5e87bad3c948f4d605d) (ScriptedImporter) -> (artifact id: '3fa48da8b134667d4ee9df80f64ae6b6') in 0.0367476 seconds
Number of updated asset objects reloaded before import = 0Number of asset objects unloaded after import = 153

========================================================================
Received Import Request.
  Time since last request: 0.000045 seconds.
  path: Assets/Studio33 Interactive_[BasketBall] v1.1/Animations/Basketball Motions_Generic/151_StopRA.fbx
  artifactKey: Guid(89d1e5afe12a914479ee35033a4d9807) Importer(815301076,1909f56bfc062723c751e8b465ee728b)
Start importing Assets/Studio33 Interactive_[BasketBall] v1.1/Animations/Basketball Motions_Generic/151_StopRA.fbx using Guid(89d1e5afe12a914479ee35033a4d9807) Importer(815301076,1909f56bfc062723c751e8b465ee728b) (PreviewImporter) -> (artifact id: 'f1c0e9444610648e8a9a7f645f65c827') in 0.0489091 seconds
Number of updated asset objects reloaded before import = 0Number of asset objects unloaded after import = 153

========================================================================
Received Import Request.
  Time since last request: 0.000057 seconds.
  path: Assets/Studio33 Interactive_[BasketBall] v1.1/Animations/Basketball Motions Humanoid/83_BlockingckpassLongNearFLA.fbx
  artifactKey: Guid(dab5e6a5b069ac14bad09001237c863f) Importer(2089858483,b0f066a214c2f5e87bad3c948f4d605d)
Start importing Assets/Studio33 Interactive_[BasketBall] v1.1/Animations/Basketball Motions Humanoid/83_BlockingckpassLongNearFLA.fbx using Guid(dab5e6a5b069ac14bad09001237c863f) Importer(2089858483,b0f066a214c2f5e87bad3c948f4d605d) (ScriptedImporter) -> (artifact id: '1e2f632fc7a31989c34e1afa13493f96') in 0.0318493 seconds
Number of updated asset objects reloaded before import = 0Number of asset objects unloaded after import = 155

========================================================================
Received Import Request.
  Time since last request: 0.000059 seconds.
  path: Assets/Studio33 Interactive_[BasketBall] v1.1/Animations/Basketball Motions Humanoid/1519_AlleyoopRevSA.fbx
  artifactKey: Guid(84e66fe651395704eb6bfbf794064a52) Importer(2089858483,b0f066a214c2f5e87bad3c948f4d605d)
Start importing Assets/Studio33 Interactive_[BasketBall] v1.1/Animations/Basketball Motions Humanoid/1519_AlleyoopRevSA.fbx using Guid(84e66fe651395704eb6bfbf794064a52) Importer(2089858483,b0f066a214c2f5e87bad3c948f4d605d) (ScriptedImporter) -> (artifact id: 'ee768ddf8feb1d0f826a4719c4ef0898') in 0.0320016 seconds
Number of updated asset objects reloaded before import = 0Number of asset objects unloaded after import = 155

========================================================================
Received Import Request.
  Time since last request: 0.000042 seconds.
  path: Assets/Studio33 Interactive_[BasketBall] v1.1/Animations/Basketball Motions_Generic/108_BlockingckpassLongFarLayupFFA.fbx
  artifactKey: Guid(79ea605a2eef4fa4f8158a9dd9eca253) Importer(815301076,1909f56bfc062723c751e8b465ee728b)
Start importing Assets/Studio33 Interactive_[BasketBall] v1.1/Animations/Basketball Motions_Generic/108_BlockingckpassLongFarLayupFFA.fbx using Guid(79ea605a2eef4fa4f8158a9dd9eca253) Importer(815301076,1909f56bfc062723c751e8b465ee728b) (PreviewImporter) -> (artifact id: '6e98a48b9fbecf63243e97eceadb3ecc') in 0.0488451 seconds
Number of updated asset objects reloaded before import = 0Number of asset objects unloaded after import = 153

========================================================================
Received Import Request.
  Time since last request: 0.000050 seconds.
  path: Assets/Studio33 Interactive_[BasketBall] v1.1/Animations/Basketball Motions_Generic/549_ThlayupCA.fbx
  artifactKey: Guid(2ecd9a615bcdbba43bad0a2ff81661fe) Importer(2089858483,b0f066a214c2f5e87bad3c948f4d605d)
Start importing Assets/Studio33 Interactive_[BasketBall] v1.1/Animations/Basketball Motions_Generic/549_ThlayupCA.fbx using Guid(2ecd9a615bcdbba43bad0a2ff81661fe) Importer(2089858483,b0f066a214c2f5e87bad3c948f4d605d) (ScriptedImporter) -> (artifact id: '49dc62c4ac78aa7d8143668084942dd6') in 0.0320339 seconds
Number of updated asset objects reloaded before import = 0Number of asset objects unloaded after import = 153

========================================================================
Received Import Request.
  Time since last request: 0.000053 seconds.
  path: Assets/Studio33 Interactive_[BasketBall] v1.1/Animations/Basketball Motions_Generic/803_Passifront.fbx
  artifactKey: Guid(f1a6995a52ffded45bd2240338f62601) Importer(2089858483,b0f066a214c2f5e87bad3c948f4d605d)
Start importing Assets/Studio33 Interactive_[BasketBall] v1.1/Animations/Basketball Motions_Generic/803_Passifront.fbx using Guid(f1a6995a52ffded45bd2240338f62601) Importer(2089858483,b0f066a214c2f5e87bad3c948f4d605d) (ScriptedImporter) -> (artifact id: '33d15ded1528ab06bac328d5b871dee4') in 0.0296334 seconds
Number of updated asset objects reloaded before import = 0Number of asset objects unloaded after import = 153

========================================================================
Received Import Request.
  Time since last request: 0.000051 seconds.
  path: Assets/Studio33 Interactive_[BasketBall] v1.1/Animations/Basketball Motions_Generic/889_PostChRightRLLayupA.fbx
  artifactKey: Guid(e8edd11ea6b7ed64db24b9e6daacd6c9) Importer(2089858483,b0f066a214c2f5e87bad3c948f4d605d)
Start importing Assets/Studio33 Interactive_[BasketBall] v1.1/Animations/Basketball Motions_Generic/889_PostChRightRLLayupA.fbx using Guid(e8edd11ea6b7ed64db24b9e6daacd6c9) Importer(2089858483,b0f066a214c2f5e87bad3c948f4d605d) (ScriptedImporter) -> (artifact id: '2f241a798c835789381944824cd7c763') in 0.0319838 seconds
Number of updated asset objects reloaded before import = 0Number of asset objects unloaded after import = 153

========================================================================
Received Import Request.
  Time since last request: 0.000043 seconds.
  path: Assets/Studio33 Interactive_[BasketBall] v1.1/Animations/Basketball Motions Humanoid/1967_JumpshotQuiA.fbx
  artifactKey: Guid(bc3474dac8663fa4a9a50e3aa67a806a) Importer(2089858483,b0f066a214c2f5e87bad3c948f4d605d)
Start importing Assets/Studio33 Interactive_[BasketBall] v1.1/Animations/Basketball Motions Humanoid/1967_JumpshotQuiA.fbx using Guid(bc3474dac8663fa4a9a50e3aa67a806a) Importer(2089858483,b0f066a214c2f5e87bad3c948f4d605d) (ScriptedImporter) -> (artifact id: '8e91c64db6cdee33b3941bdae916d2e5') in 0.0304985 seconds
Number of updated asset objects reloaded before import = 0Number of asset objects unloaded after import = 155

========================================================================
Received Import Request.
  Time since last request: 0.000055 seconds.
  path: Assets/Studio33 Interactive_[BasketBall] v1.1/Animations/Basketball Motions_Generic/1598_DunkRA.fbx
  artifactKey: Guid(6dc08f0894bd27e4da00a40d17593ba6) Importer(2089858483,b0f066a214c2f5e87bad3c948f4d605d)
Start importing Assets/Studio33 Interactive_[BasketBall] v1.1/Animations/Basketball Motions_Generic/1598_DunkRA.fbx using Guid(6dc08f0894bd27e4da00a40d17593ba6) Importer(2089858483,b0f066a214c2f5e87bad3c948f4d605d) (ScriptedImporter) -> (artifact id: '8c77629c4dde1fa3009e2c9764410b0c') in 0.0333031 seconds
Number of updated asset objects reloaded before import = 0Number of asset objects unloaded after import = 153

========================================================================
Received Import Request.
  Time since last request: 0.000037 seconds.
  path: Assets/Studio33 Interactive_[BasketBall] v1.1/Animations/Basketball Motions Humanoid/34_BlockinglongFarLayupF.fbx
  artifactKey: Guid(f2293f5ddd40b764bbc5411c16756001) Importer(2089858483,b0f066a214c2f5e87bad3c948f4d605d)
Start importing Assets/Studio33 Interactive_[BasketBall] v1.1/Animations/Basketball Motions Humanoid/34_BlockinglongFarLayupF.fbx using Guid(f2293f5ddd40b764bbc5411c16756001) Importer(2089858483,b0f066a214c2f5e87bad3c948f4d605d) (ScriptedImporter) -> (artifact id: '796d4c8fd7bafa332972cbb9a941bb05') in 0.0388561 seconds
Number of updated asset objects reloaded before import = 0Number of asset objects unloaded after import = 155

========================================================================
Received Import Request.
  Time since last request: 0.000047 seconds.
  path: Assets/Studio33 Interactive_[BasketBall] v1.1/Animations/Basketball Motions Humanoid/653_DashC.fbx
  artifactKey: Guid(7592d45b47d84f342b4334af9dad6946) Importer(2089858483,b0f066a214c2f5e87bad3c948f4d605d)
Start importing Assets/Studio33 Interactive_[BasketBall] v1.1/Animations/Basketball Motions Humanoid/653_DashC.fbx using Guid(7592d45b47d84f342b4334af9dad6946) Importer(2089858483,b0f066a214c2f5e87bad3c948f4d605d) (ScriptedImporter) -> (artifact id: '62d4fdefe9821cd86928cf16363b7ff1') in 0.0295245 seconds
Number of updated asset objects reloaded before import = 0Number of asset objects unloaded after import = 155

========================================================================
Received Import Request.
  Time since last request: 0.000044 seconds.
  path: Assets/Studio33 Interactive_[BasketBall] v1.1/Animations/Basketball Motions_Generic/1333_JumpshotCCA.fbx
  artifactKey: Guid(ad0eb6aa4c5070e408a97439914bc4aa) Importer(2089858483,b0f066a214c2f5e87bad3c948f4d605d)
Start importing Assets/Studio33 Interactive_[BasketBall] v1.1/Animations/Basketball Motions_Generic/1333_JumpshotCCA.fbx using Guid(ad0eb6aa4c5070e408a97439914bc4aa) Importer(2089858483,b0f066a214c2f5e87bad3c948f4d605d) (ScriptedImporter) -> (artifact id: '723e4af5ec5ef805e918f470163e2666') in 0.0311163 seconds
Number of updated asset objects reloaded before import = 0Number of asset objects unloaded after import = 153

========================================================================
Received Import Request.
  Time since last request: 0.000032 seconds.
  path: Assets/Studio33 Interactive_[BasketBall] v1.1/Animations/Basketball Motions_Generic/24_BlockinglongFarJumpF.fbx
  artifactKey: Guid(fe090cfcf2cb8a24b9ddea3927bbcb2b) Importer(2089858483,b0f066a214c2f5e87bad3c948f4d605d)
Start importing Assets/Studio33 Interactive_[BasketBall] v1.1/Animations/Basketball Motions_Generic/24_BlockinglongFarJumpF.fbx using Guid(fe090cfcf2cb8a24b9ddea3927bbcb2b) Importer(2089858483,b0f066a214c2f5e87bad3c948f4d605d) (ScriptedImporter) -> (artifact id: 'cb8391e7684392b9445d69fa5e368cd8') in 0.0306684 seconds
Number of updated asset objects reloaded before import = 0Number of asset objects unloaded after import = 153

Editor requested this worker to shutdown with reason: Scaling down because of idle timeout
AssetImportWorker is now disconnected from the server
Process exiting
Exiting without the bug reporter. Application will terminate with return code 0