[Licensing::Module] Trying to connect to existing licensing client channel...
[Licensing::IpcConnector] Successfully connected to: "LicenseClient-Akshay" at "2026-09-18T10:50:16.0020265Z"
Built from '6000.3/staging' branch; Version is '6000.3.13f1 (8c4f11e4fb20) revision 9195281'; Using compiler version '194234433'; Build Type 'Release'
OS: 'Windows 11  (10.0.26200) Professional' Language: 'en' Physical Memory: 32721 MB
BatchMode: 1, IsHumanControllingUs: 0, StartBugReporterOnCrash: 0, Is64bit: 1
System  architecture: x64
Process architecture: x64
Date: 2026-09-18T10:50:16Z

COMMAND LINE ARGUMENTS:
C:\Program Files\Unity\Hub\Editor\6000.3.13f1\Editor\Unity.exe
-adb2
-batchMode
-noUpm
-name
AssetImportWorker4
-projectPath
C:/Users/Akshay/Downloads/basketball/Hoops-Unity-Project-2026-09-14/Basketball Betting
-logFile
Logs/AssetImportWorker4.log
-srvPort
57243
-licensingIpc
LicenseClient-Akshay
-job-worker-count
7
-background-job-worker-count
8
-gc-helper-count
1
-name
AssetImport
Successfully changed project path to: C:/Users/Akshay/Downloads/basketball/Hoops-Unity-Project-2026-09-14/Basketball Betting
C:/Users/Akshay/Downloads/basketball/Hoops-Unity-Project-2026-09-14/Basketball Betting
[UnityMemory] Configuration Parameters - Can be set up in boot.config
    "memorysetup-temp-allocator-size-nav-mesh-worker=65536"
    "memorysetup-temp-allocator-size-audio-worker=65536"
    "memorysetup-temp-allocator-size-gfx=262144"
    "memorysetup-allocator-temp-initial-block-size-main=262144"
    "memorysetup-allocator-temp-initial-block-size-worker=262144"
    "memorysetup-temp-allocator-size-background-worker=32768"
    "memorysetup-temp-allocator-size-job-worker=262144"
    "memorysetup-temp-allocator-size-preload-manager=33554432"
    "memorysetup-temp-allocator-size-gi-baking-worker=262144"
    "memorysetup-temp-allocator-size-gi-baking-worker=262144"
    "memorysetup-temp-allocator-size-gi-baking-worker=262144"
    "memorysetup-temp-allocator-size-gi-baking-worker=262144"
    "memorysetup-temp-allocator-size-gi-baking-worker=262144"
    "memorysetup-bucket-allocator-granularity=16"
    "memorysetup-bucket-allocator-bucket-count=8"
    "memorysetup-bucket-allocator-block-size=33554432"
    "memorysetup-bucket-allocator-block-count=8"
    "memorysetup-main-allocator-block-size=16777216"
    "memorysetup-thread-allocator-block-size=16777216"
    "memorysetup-gfx-main-allocator-block-size=16777216"
    "memorysetup-gfx-thread-allocator-block-size=16777216"
    "memorysetup-cache-allocator-block-size=4194304"
    "memorysetup-typetree-allocator-block-size=2097152"
    "memorysetup-profiler-bucket-allocator-granularity=16"
    "memorysetup-profiler-bucket-allocator-bucket-count=8"
    "memorysetup-profiler-bucket-allocator-block-size=33554432"
    "memorysetup-profiler-bucket-allocator-block-count=8"
    "memorysetup-profiler-allocator-block-size=16777216"
    "memorysetup-profiler-editor-allocator-block-size=1048576"
    "memorysetup-temp-allocator-size-main=16777216"
    "memorysetup-job-temp-allocator-block-size=2097152"
    "memorysetup-job-temp-allocator-block-size-background=1048576"
    "memorysetup-job-temp-allocator-reduction-small-platforms=262144"
    "memorysetup-temp-allocator-size-cloud-worker=32768"
Player connection [13888]  Target information:

Player connection [13888]  * "[IP] 192.168.1.2 [Port] 0 [Flags] 2 [Guid] 3505538014 [EditorId] 3505538014 [Version] 1048832 [Id] WindowsEditor(7,AkshayGOD) [Debug] 1 [PackageName] WindowsEditor [ProjectName] Editor" 

Player connection [13888] Host joined multi-casting on [225.0.0.222:54997]...
Player connection [13888] Host joined alternative multi-casting on [225.0.0.222:34997]...
JobSystem: Creating JobQueue using job-worker-count value 7
Input System module state changed to: Initialized.
[Physics::Module] Initialized fallback backend.
[Physics::Module] Id: 0xdecafbad
Library Redirect Path: Library/
[Physics::Module] Selected backend.
[Physics::Module] Name: PhysX
[Physics::Module] Id: 0xf2b8ea05
[Physics::Module] SDK Version: 4.1.2
[Physics::Module] Integration Version: 1.0.0
[Physics::Module] Threading Mode: Multi-Threaded
Refreshing native plugins compatible for Editor in 72.35 ms, found 4 plugins.
Preloading 0 native plugins for Editor in 0.00 ms.
Initialize engine version: 6000.3.13f1 (8c4f11e4fb20)
[Subsystems] Discovering subsystems at path C:/Program Files/Unity/Hub/Editor/6000.3.13f1/Editor/Data/Resources/UnitySubsystems
[Subsystems] Discovering subsystems at path C:/Users/Akshay/Downloads/basketball/Hoops-Unity-Project-2026-09-14/Basketball Betting/Assets
GfxDevice: creating device client; kGfxThreadingModeNonThreaded
Direct3D:
    Version:  Direct3D 11.0 [level 11.1]
    Renderer: NVIDIA GeForce RTX 3060 (ID=0x2503)
    Vendor:   NVIDIA
    VRAM:     12115 MB
    Driver:   32.0.15.9636
Initialize mono
Mono path[0] = 'C:/Program Files/Unity/Hub/Editor/6000.3.13f1/Editor/Data/Managed'
Mono path[1] = 'C:/Program Files/Unity/Hub/Editor/6000.3.13f1/Editor/Data/MonoBleedingEdge/lib/mono/unityjit-win32'
Mono config path = 'C:/Program Files/Unity/Hub/Editor/6000.3.13f1/Editor/Data/MonoBleedingEdge/etc'
Using monoOptions --debugger-agent=transport=dt_socket,embedding=1,server=y,suspend=n,address=127.0.0.1:56824
Begin MonoManager ReloadAssembly
Registering precompiled unity dll's ...
Register platform support module: C:/Program Files/Unity/Hub/Editor/6000.3.13f1/Editor/Data/PlaybackEngines/WebGLSupport/UnityEditor.WebGL.Extensions.dll
Register platform support module: C:/Program Files/Unity/Hub/Editor/6000.3.13f1/Editor/Data/PlaybackEngines/WindowsStandaloneSupport/UnityEditor.WindowsStandalone.Extensions.dll
[Licensing::Module] Licensing is not yet initialized.
[Licensing::Client] Error: HandshakeResponse reported an error:
	ResponseCode: 505
	ResponseStatus: Unsupported protocol version '1.18.1'.
[Licensing::Module] Error: Failed to handshake to channel: "LicenseClient-Akshay"
[Licensing::IpcConnector] LicenseClient-Akshay channel disconnected successfully.
[Licensing::IpcConnector] Successfully connected to: "LicenseClient-Akshay-6000.3.13" at "2026-09-18T10:50:19.0801668Z"
[Licensing::Client] Handshaking with LicensingClient:
  Version:                 1.18.1+9fbee8e
  Session Id:              bb7a412fb3e641e39bd2f7588a62b6e8
  Correlation Id:          5e93026b5c0b11c00edbe502aa1f5ea4
  External correlation Id: 8140305602189832392
  Machine Id:              3NfW/rOMhHNi3qXUenoIsbRB2l4=
[Licensing::Module] Successfully connected to LicensingClient on channel: "LicenseClient-Akshay-6000.3.13" (connect: 0.00s, validation: 0.00s, handshake: 2.85s)
[Licensing::IpcConnector] Successfully connected to: "LicenseClient-Akshay-6000.3.13-notifications" at "2026-09-18T10:50:21.9307129Z"
[Licensing::Module] Licensing Background thread has ended after 5.93s
[Licensing::Module] Licensing is initialized (took 4.19s).
[Licensing::Client] Successfully resolved entitlement details
[Licensing::Module] License group:
  Id: F4-3PM3-ADE2-V2GM-5WSR-XXXX
  Product: Unity Personal
  Type: ULF
  Expiration: 2026-10-26T11:41:56Z
[Licensing::Module] License group:
  Id: 13469192146326-UnityPersXXXX
  Product: Unity Personal
  Type: Assigned
  Expiration: Unlimited
Register platform support module: C:/Program Files/Unity/Hub/Editor/6000.3.13f1/Editor/Data/PlaybackEngines/AndroidPlayer/UnityEditor.Android.Extensions.dll
[Licensing::Client] Successfully resolved entitlement details
[Licensing::Module] License group:
  Id: F4-3PM3-ADE2-V2GM-5WSR-XXXX
  Product: Unity Personal
  Type: ULF
  Expiration: 2026-10-26T11:41:56Z
[Licensing::Module] License group:
  Id: 13469192146326-UnityPersXXXX
  Product: Unity Personal
  Type: Assigned
  Expiration: Unlimited
Register platform support module: C:/Program Files/Unity/Hub/Editor/6000.3.13f1/Editor/Data/PlaybackEngines/iOSSupport/UnityEditor.iOS.Extensions.dll
Registered in 4.204415 seconds.
- Loaded All Assemblies, in  4.821 seconds
[usbmuxd] Start listen thread
[usbmuxd] Listen thread started
Native extension for iOS target not found
Native extension for Android target not found
Native extension for WindowsStandalone target not found
Native extension for WebGL target not found
Package Manager log level set to [2]
[Package Manager] Failed to launch server process. Reason: Unity was launched with the -noUpm command-line argument
[Package Manager] Unable to send message (not connected to server process).
[Package Manager] Cannot connect to Unity Package Manager local server
ScheduleIndexationOnStartup MainProcess:False IndexOnStartup:True
Mono: successfully reloaded assembly
- Finished resetting the current domain, in  0.597 seconds
Domain Reload Profiling: 5415ms
	BeginReloadAssembly (190ms)
		ExecutionOrderSort (0ms)
		DisableScriptedObjects (0ms)
		BackupInstance (0ms)
		ReleaseScriptingObjects (0ms)
		CreateAndSetChildDomain (1ms)
	RebuildCommonClasses (61ms)
	RebuildNativeTypeToScriptingClass (24ms)
	initialDomainReloadingComplete (4274ms)
	LoadAllAssembliesAndSetupDomain (267ms)
		LoadAssemblies (187ms)
		RebuildTransferFunctionScriptingTraits (0ms)
		AnalyzeDomain (261ms)
			TypeCache.Refresh (258ms)
				TypeCache.ScanAssembly (241ms)
			BuildScriptInfoCaches (0ms)
			ResolveRequiredComponents (1ms)
	FinalizeReload (597ms)
		ReleaseScriptCaches (0ms)
		RebuildScriptCaches (0ms)
		SetupLoadedEditorAssemblies (526ms)
			LogAssemblyErrors (0ms)
			InitializePlatformSupportModulesInManaged (100ms)
			SetLoadedEditorAssemblies (6ms)
			BeforeProcessingInitializeOnLoad (112ms)
			ProcessInitializeOnLoadAttributes (197ms)
			ProcessInitializeOnLoadMethodAttributes (111ms)
			AfterProcessingInitializeOnLoad (0ms)
			EditorAssembliesLoaded (0ms)
		ExecutionOrderSort2 (0ms)
		AwakeInstancesAfterBackupRestoration (0ms)
========================================================================
Worker process is ready to serve import requests
Import Worker Mode flag is 0x00
Begin MonoManager ReloadAssembly
[Licensing::Client] Successfully resolved entitlement details
[Licensing::Module] License group:
  Id: F4-3PM3-ADE2-V2GM-5WSR-XXXX
  Product: Unity Personal
  Type: ULF
  Expiration: 2026-10-26T11:41:56Z
[Licensing::Module] License group:
  Id: 13469192146326-UnityPersXXXX
  Product: Unity Personal
  Type: Assigned
  Expiration: Unlimited
- Loaded All Assemblies, in  1.269 seconds
Refreshing native plugins compatible for Editor in 1.90 ms, found 4 plugins.
Native extension for iOS target not found
Native extension for Android target not found
Native extension for WindowsStandalone target not found
Native extension for WebGL target not found
[Package Manager] Failed to launch server process. Reason: Unity was launched with the -noUpm command-line argument
[Package Manager] Unable to send message (not connected to server process).
[Package Manager] Cannot connect to Unity Package Manager local server
Refreshing native plugins compatible for Editor in 3.08 ms, found 4 plugins.
[Package Manager] Failed to launch server process. Reason: Unity was launched with the -noUpm command-line argument
[Package Manager] Unable to send message (not connected to server process).
[Package Manager] Cannot connect to Unity Package Manager local server
ScheduleIndexationOnStartup MainProcess:False IndexOnStartup:True
Mono: successfully reloaded assembly
- Finished resetting the current domain, in  1.037 seconds
Domain Reload Profiling: 2298ms
	BeginReloadAssembly (276ms)
		ExecutionOrderSort (0ms)
		DisableScriptedObjects (8ms)
		BackupInstance (0ms)
		ReleaseScriptingObjects (0ms)
		CreateAndSetChildDomain (61ms)
	RebuildCommonClasses (68ms)
	RebuildNativeTypeToScriptingClass (20ms)
	initialDomainReloadingComplete (72ms)
	LoadAllAssembliesAndSetupDomain (824ms)
		LoadAssemblies (557ms)
		RebuildTransferFunctionScriptingTraits (0ms)
		AnalyzeDomain (407ms)
			TypeCache.Refresh (278ms)
				TypeCache.ScanAssembly (253ms)
			BuildScriptInfoCaches (109ms)
			ResolveRequiredComponents (11ms)
	FinalizeReload (1037ms)
		ReleaseScriptCaches (0ms)
		RebuildScriptCaches (0ms)
		SetupLoadedEditorAssemblies (757ms)
			LogAssemblyErrors (0ms)
			InitializePlatformSupportModulesInManaged (17ms)
			SetLoadedEditorAssemblies (7ms)
			BeforeProcessingInitializeOnLoad (199ms)
			ProcessInitializeOnLoadAttributes (439ms)
			ProcessInitializeOnLoadMethodAttributes (86ms)
			AfterProcessingInitializeOnLoad (9ms)
			EditorAssembliesLoaded (1ms)
		ExecutionOrderSort2 (0ms)
		AwakeInstancesAfterBackupRestoration (11ms)
Launched and connected shader compiler UnityShaderCompiler.exe after 0.02 seconds
Refreshing native plugins compatible for Editor in 2.73 ms, found 4 plugins.
Preloading 0 native plugins for Editor in 0.00 ms.
Unloading 16 Unused Serialized files (Serialized files now loaded: 0)
Unloading 6507 unused Assets / (5.1 MB). Loaded Objects now: 7303.
Memory consumption went from 150.1 MB to 145.0 MB.
Total: 15.522100 ms (FindLiveObjects: 1.361600 ms CreateObjectMapping: 1.261900 ms MarkObjects: 7.534400 ms  DeleteObjects: 5.362000 ms)

========================================================================
Received Import Request.
  Time since last request: 176318.869733 seconds.
  path: Assets/Studio33 Interactive_[BasketBall] v1.1/Animations/Basketball Motions_Generic/1323_FadeawayFakeLA.fbx
  artifactKey: Guid(fe43067b73dde04478b864d16cf5e825) Importer(2089858483,b0f066a214c2f5e87bad3c948f4d605d)
Start importing Assets/Studio33 Interactive_[BasketBall] v1.1/Animations/Basketball Motions_Generic/1323_FadeawayFakeLA.fbx using Guid(fe43067b73dde04478b864d16cf5e825) Importer(2089858483,b0f066a214c2f5e87bad3c948f4d605d) (ScriptedImporter) -> (artifact id: '8dcdf640575650b483fbf8a2c24ac487') in 0.2020138 seconds
Number of updated asset objects reloaded before import = 0Number of asset objects unloaded after import = 152

========================================================================
Received Import Request.
  Time since last request: 0.000029 seconds.
  path: Assets/Studio33 Interactive_[BasketBall] v1.1/Animations/Basketball Motions Humanoid/1400_LayupCA.fbx
  artifactKey: Guid(2b2479f4cc41dae4e94904af4211bada) Importer(2089858483,b0f066a214c2f5e87bad3c948f4d605d)
Start importing Assets/Studio33 Interactive_[BasketBall] v1.1/Animations/Basketball Motions Humanoid/1400_LayupCA.fbx using Guid(2b2479f4cc41dae4e94904af4211bada) Importer(2089858483,b0f066a214c2f5e87bad3c948f4d605d) (ScriptedImporter) -> (artifact id: 'bf7b189a76196fe41a9c6c73371e9464') in 0.036884 seconds
Number of updated asset objects reloaded before import = 0Number of asset objects unloaded after import = 154

========================================================================
Received Import Request.
  Time since last request: 0.000034 seconds.
  path: Assets/Studio33 Interactive_[BasketBall] v1.1/Animations/Basketball Motions Humanoid/1366_JumpshotMFakeA.fbx
  artifactKey: Guid(ad044cdc96e6d1f43b98346a0da18d99) Importer(2089858483,b0f066a214c2f5e87bad3c948f4d605d)
Start importing Assets/Studio33 Interactive_[BasketBall] v1.1/Animations/Basketball Motions Humanoid/1366_JumpshotMFakeA.fbx using Guid(ad044cdc96e6d1f43b98346a0da18d99) Importer(2089858483,b0f066a214c2f5e87bad3c948f4d605d) (ScriptedImporter) -> (artifact id: 'b1bd47ffdd99761dc2ebd668bc4e66b8') in 0.0361881 seconds
Number of updated asset objects reloaded before import = 0Number of asset objects unloaded after import = 154

========================================================================
Received Import Request.
  Time since last request: 0.000027 seconds.
  path: Assets/Studio33 Interactive_[BasketBall] v1.1/Animations/Basketball Motions Humanoid/1936_DunkCA.fbx
  artifactKey: Guid(ce3819869c870cc48a82b2093727e0f5) Importer(2089858483,b0f066a214c2f5e87bad3c948f4d605d)
Start importing Assets/Studio33 Interactive_[BasketBall] v1.1/Animations/Basketball Motions Humanoid/1936_DunkCA.fbx using Guid(ce3819869c870cc48a82b2093727e0f5) Importer(2089858483,b0f066a214c2f5e87bad3c948f4d605d) (ScriptedImporter) -> (artifact id: '3213eede7926848d4acd84fd1f3a186b') in 0.0234047 seconds
Number of updated asset objects reloaded before import = 0Number of asset objects unloaded after import = 154

========================================================================
Received Import Request.
  Time since last request: 0.000026 seconds.
  path: Assets/Studio33 Interactive_[BasketBall] v1.1/Animations/Basketball Motions_Generic/2165_.fbx
  artifactKey: Guid(1efa3e95ec75a1240b468a9adf08febb) Importer(2089858483,b0f066a214c2f5e87bad3c948f4d605d)
Start importing Assets/Studio33 Interactive_[BasketBall] v1.1/Animations/Basketball Motions_Generic/2165_.fbx using Guid(1efa3e95ec75a1240b468a9adf08febb) Importer(2089858483,b0f066a214c2f5e87bad3c948f4d605d) (ScriptedImporter) -> (artifact id: 'c39626faecc6501ea920a10916a01f86') in 0.0216442 seconds
Number of updated asset objects reloaded before import = 0Number of asset objects unloaded after import = 152

========================================================================
Received Import Request.
  Time since last request: 0.000027 seconds.
  path: Assets/Studio33 Interactive_[BasketBall] v1.1/Animations/Basketball Motions Humanoid/215_CrossEurostepLayupA.fbx
  artifactKey: Guid(9b6dd7cd962ee634bbe85502798dc7fb) Importer(2089858483,b0f066a214c2f5e87bad3c948f4d605d)
Start importing Assets/Studio33 Interactive_[BasketBall] v1.1/Animations/Basketball Motions Humanoid/215_CrossEurostepLayupA.fbx using Guid(9b6dd7cd962ee634bbe85502798dc7fb) Importer(2089858483,b0f066a214c2f5e87bad3c948f4d605d) (ScriptedImporter) -> (artifact id: 'b973ce28ed566412e57dd02a11de8c8a') in 0.0264043 seconds
Number of updated asset objects reloaded before import = 0Number of asset objects unloaded after import = 154

========================================================================
Received Import Request.
  Time since last request: 0.000041 seconds.
  path: Assets/Studio33 Interactive_[BasketBall] v1.1/Animations/Basketball Motions_Generic/1900_DunkCA.fbx
  artifactKey: Guid(0ebc4a9b0ee41e54d9e31a5252594418) Importer(2089858483,b0f066a214c2f5e87bad3c948f4d605d)
Start importing Assets/Studio33 Interactive_[BasketBall] v1.1/Animations/Basketball Motions_Generic/1900_DunkCA.fbx using Guid(0ebc4a9b0ee41e54d9e31a5252594418) Importer(2089858483,b0f066a214c2f5e87bad3c948f4d605d) (ScriptedImporter) -> (artifact id: 'a4be8821a9ae647aa69d95d5eb60b0b3') in 0.02557 seconds
Number of updated asset objects reloaded before import = 0Number of asset objects unloaded after import = 152

========================================================================
Received Import Request.
  Time since last request: 0.000034 seconds.
  path: Assets/Studio33 Interactive_[BasketBall] v1.1/Animations/Basketball Motions_Generic/2003_JumpshotMA.fbx
  artifactKey: Guid(13825fdeb0109e24aa0968b53a9879ec) Importer(2089858483,b0f066a214c2f5e87bad3c948f4d605d)
Start importing Assets/Studio33 Interactive_[BasketBall] v1.1/Animations/Basketball Motions_Generic/2003_JumpshotMA.fbx using Guid(13825fdeb0109e24aa0968b53a9879ec) Importer(2089858483,b0f066a214c2f5e87bad3c948f4d605d) (ScriptedImporter) -> (artifact id: '55fd15b0de523d6cbb84a0856d001479') in 0.0247594 seconds
Number of updated asset objects reloaded before import = 0Number of asset objects unloaded after import = 152

========================================================================
Received Import Request.
  Time since last request: 0.000027 seconds.
  path: Assets/Studio33 Interactive_[BasketBall] v1.1/Animations/Basketball Motions_Generic/2061_DunkRAC.fbx
  artifactKey: Guid(1ea4f8b2c1598f644b4049db67752ab6) Importer(2089858483,b0f066a214c2f5e87bad3c948f4d605d)
Start importing Assets/Studio33 Interactive_[BasketBall] v1.1/Animations/Basketball Motions_Generic/2061_DunkRAC.fbx using Guid(1ea4f8b2c1598f644b4049db67752ab6) Importer(2089858483,b0f066a214c2f5e87bad3c948f4d605d) (ScriptedImporter) -> (artifact id: 'bb5e7332f749f2d7ad9f7e92181d625e') in 0.0255164 seconds
Number of updated asset objects reloaded before import = 0Number of asset objects unloaded after import = 152

========================================================================
Received Import Request.
  Time since last request: 0.000020 seconds.
  path: Assets/Studio33 Interactive_[BasketBall] v1.1/Animations/Basketball Motions Humanoid/400_OffballcutA.fbx
  artifactKey: Guid(980289d69b0d96b4f82c82d11fe229e9) Importer(2089858483,b0f066a214c2f5e87bad3c948f4d605d)
Start importing Assets/Studio33 Interactive_[BasketBall] v1.1/Animations/Basketball Motions Humanoid/400_OffballcutA.fbx using Guid(980289d69b0d96b4f82c82d11fe229e9) Importer(2089858483,b0f066a214c2f5e87bad3c948f4d605d) (ScriptedImporter) -> (artifact id: '64fae74c4c6d0d1aa84abc683545faa2') in 0.0263687 seconds
Number of updated asset objects reloaded before import = 0Number of asset objects unloaded after import = 154

========================================================================
Received Import Request.
  Time since last request: 0.000025 seconds.
  path: Assets/Studio33 Interactive_[BasketBall] v1.1/Animations/Basketball Motions Humanoid/1696_LayupRA.fbx
  artifactKey: Guid(5c4a92c1fd93f1b46a60df18d54e7584) Importer(2089858483,b0f066a214c2f5e87bad3c948f4d605d)
Start importing Assets/Studio33 Interactive_[BasketBall] v1.1/Animations/Basketball Motions Humanoid/1696_LayupRA.fbx using Guid(5c4a92c1fd93f1b46a60df18d54e7584) Importer(2089858483,b0f066a214c2f5e87bad3c948f4d605d) (ScriptedImporter) -> (artifact id: '43c922ad4d901df1733ab2cd82e433fd') in 0.0272124 seconds
Number of updated asset objects reloaded before import = 0Number of asset objects unloaded after import = 154

========================================================================
Received Import Request.
  Time since last request: 0.000021 seconds.
  path: Assets/Studio33 Interactive_[BasketBall] v1.1/Animations/Basketball Motions_Generic/1766_JumpshotMA.fbx
  artifactKey: Guid(0d0de44bf7e0c8c47b1bbc9490bd4521) Importer(2089858483,b0f066a214c2f5e87bad3c948f4d605d)
Start importing Assets/Studio33 Interactive_[BasketBall] v1.1/Animations/Basketball Motions_Generic/1766_JumpshotMA.fbx using Guid(0d0de44bf7e0c8c47b1bbc9490bd4521) Importer(2089858483,b0f066a214c2f5e87bad3c948f4d605d) (ScriptedImporter) -> (artifact id: 'b871d9fb495d940e5b808ffc379f63c4') in 0.0262463 seconds
Number of updated asset objects reloaded before import = 0Number of asset objects unloaded after import = 152

========================================================================
Received Import Request.
  Time since last request: 0.000028 seconds.
  path: Assets/Studio33 Interactive_[BasketBall] v1.1/Animations/Basketball Motions Humanoid/1705_TipiA.fbx
  artifactKey: Guid(5964c13616054ea479ec4e6af7c17967) Importer(2089858483,b0f066a214c2f5e87bad3c948f4d605d)
Start importing Assets/Studio33 Interactive_[BasketBall] v1.1/Animations/Basketball Motions Humanoid/1705_TipiA.fbx using Guid(5964c13616054ea479ec4e6af7c17967) Importer(2089858483,b0f066a214c2f5e87bad3c948f4d605d) (ScriptedImporter) -> (artifact id: '7dc7a7f8d154b04f62a2e693f4cbb93a') in 0.0282429 seconds
Number of updated asset objects reloaded before import = 0Number of asset objects unloaded after import = 154

========================================================================
Received Import Request.
  Time since last request: 0.000026 seconds.
  path: Assets/Studio33 Interactive_[BasketBall] v1.1/Animations/Basketball Motions_Generic/1442_DunkCA.fbx
  artifactKey: Guid(0c79a1bd76290bf4ebf98814d4abf8e5) Importer(2089858483,b0f066a214c2f5e87bad3c948f4d605d)
Start importing Assets/Studio33 Interactive_[BasketBall] v1.1/Animations/Basketball Motions_Generic/1442_DunkCA.fbx using Guid(0c79a1bd76290bf4ebf98814d4abf8e5) Importer(2089858483,b0f066a214c2f5e87bad3c948f4d605d) (ScriptedImporter) -> (artifact id: '764fb1d76efa5383ea04e355d5ef8ff0') in 0.0263684 seconds
Number of updated asset objects reloaded before import = 0Number of asset objects unloaded after import = 152

========================================================================
Received Import Request.
  Time since last request: 0.000037 seconds.
  path: Assets/Studio33 Interactive_[BasketBall] v1.1/Animations/Basketball Motions_Generic/1218_FloaterF.fbx
  artifactKey: Guid(586f1e4de2e323a4a9193575faf64f1e) Importer(2089858483,b0f066a214c2f5e87bad3c948f4d605d)
Start importing Assets/Studio33 Interactive_[BasketBall] v1.1/Animations/Basketball Motions_Generic/1218_FloaterF.fbx using Guid(586f1e4de2e323a4a9193575faf64f1e) Importer(2089858483,b0f066a214c2f5e87bad3c948f4d605d) (ScriptedImporter) -> (artifact id: 'e3cc6b8c6e7e36bcac543af4c19a4bd2') in 0.0261604 seconds
Number of updated asset objects reloaded before import = 0Number of asset objects unloaded after import = 152

========================================================================
Received Import Request.
  Time since last request: 0.000031 seconds.
  path: Assets/Studio33 Interactive_[BasketBall] v1.1/Animations/Basketball Motions Humanoid/445_MarkDefenceFF.fbx
  artifactKey: Guid(f4476e445dae5ae4c99cd1834b71eedd) Importer(2089858483,b0f066a214c2f5e87bad3c948f4d605d)
Start importing Assets/Studio33 Interactive_[BasketBall] v1.1/Animations/Basketball Motions Humanoid/445_MarkDefenceFF.fbx using Guid(f4476e445dae5ae4c99cd1834b71eedd) Importer(2089858483,b0f066a214c2f5e87bad3c948f4d605d) (ScriptedImporter) -> (artifact id: '7fb97cea9f30ccc47f6fdd7ab4a2cb9b') in 0.0307117 seconds
Number of updated asset objects reloaded before import = 0Number of asset objects unloaded after import = 154

========================================================================
Received Import Request.
  Time since last request: 0.000020 seconds.
  path: Assets/Studio33 Interactive_[BasketBall] v1.1/Animations/Basketball Motions_Generic/49_BlockingckncatchLongFarLA.fbx
  artifactKey: Guid(9f599ee9ffce7e547853a283666a4dba) Importer(2089858483,b0f066a214c2f5e87bad3c948f4d605d)
Start importing Assets/Studio33 Interactive_[BasketBall] v1.1/Animations/Basketball Motions_Generic/49_BlockingckncatchLongFarLA.fbx using Guid(9f599ee9ffce7e547853a283666a4dba) Importer(2089858483,b0f066a214c2f5e87bad3c948f4d605d) (ScriptedImporter) -> (artifact id: '7a2dd3f5e8000733db867432eeb8cca0') in 0.0277716 seconds
Number of updated asset objects reloaded before import = 0Number of asset objects unloaded after import = 152

========================================================================
Received Import Request.
  Time since last request: 0.000022 seconds.
  path: Assets/Studio33 Interactive_[BasketBall] v1.1/Animations/Basketball Motions Humanoid/979_Rebound fB.fbx
  artifactKey: Guid(bd2bf42494c138540a2c3017611e8149) Importer(2089858483,b0f066a214c2f5e87bad3c948f4d605d)
Start importing Assets/Studio33 Interactive_[BasketBall] v1.1/Animations/Basketball Motions Humanoid/979_Rebound fB.fbx using Guid(bd2bf42494c138540a2c3017611e8149) Importer(2089858483,b0f066a214c2f5e87bad3c948f4d605d) (ScriptedImporter) -> (artifact id: '872ed5c35efd98dce7f6e537d280663a') in 0.0289498 seconds
Number of updated asset objects reloaded before import = 0Number of asset objects unloaded after import = 154

========================================================================
Received Import Request.
  Time since last request: 0.000033 seconds.
  path: Assets/Studio33 Interactive_[BasketBall] v1.1/Animations/Basketball Motions_Generic/705_AlleyooppassRA.fbx
  artifactKey: Guid(ba2ce7c204b45d247a0626bf65b86379) Importer(2089858483,b0f066a214c2f5e87bad3c948f4d605d)
Start importing Assets/Studio33 Interactive_[BasketBall] v1.1/Animations/Basketball Motions_Generic/705_AlleyooppassRA.fbx using Guid(ba2ce7c204b45d247a0626bf65b86379) Importer(2089858483,b0f066a214c2f5e87bad3c948f4d605d) (ScriptedImporter) -> (artifact id: 'e7cbefe34bd5b6583d3e4104a0c036a4') in 0.0296315 seconds
Number of updated asset objects reloaded before import = 0Number of asset objects unloaded after import = 152

========================================================================
Received Import Request.
  Time since last request: 0.000025 seconds.
  path: Assets/Studio33 Interactive_[BasketBall] v1.1/Animations/Basketball Motions Humanoid/2061_DunkRAC.fbx
  artifactKey: Guid(b0e63d3cd9bc00a4d8f4e6e647933c11) Importer(2089858483,b0f066a214c2f5e87bad3c948f4d605d)
Start importing Assets/Studio33 Interactive_[BasketBall] v1.1/Animations/Basketball Motions Humanoid/2061_DunkRAC.fbx using Guid(b0e63d3cd9bc00a4d8f4e6e647933c11) Importer(2089858483,b0f066a214c2f5e87bad3c948f4d605d) (ScriptedImporter) -> (artifact id: '2a9c669ee9b32bb2dcc2a0db073674d8') in 0.0274541 seconds
Number of updated asset objects reloaded before import = 0Number of asset objects unloaded after import = 154

========================================================================
Received Import Request.
  Time since last request: 0.000023 seconds.
  path: Assets/Studio33 Interactive_[BasketBall] v1.1/Animations/Basketball Motions Humanoid/1734_JumpshotMFakeA.fbx
  artifactKey: Guid(3f14772cc6915f8449acc9428fee2da3) Importer(2089858483,b0f066a214c2f5e87bad3c948f4d605d)
Start importing Assets/Studio33 Interactive_[BasketBall] v1.1/Animations/Basketball Motions Humanoid/1734_JumpshotMFakeA.fbx using Guid(3f14772cc6915f8449acc9428fee2da3) Importer(2089858483,b0f066a214c2f5e87bad3c948f4d605d) (ScriptedImporter) -> (artifact id: '2d06665d539d2727142e0912299a3778') in 0.0317557 seconds
Number of updated asset objects reloaded before import = 0Number of asset objects unloaded after import = 154

========================================================================
Received Import Request.
  Time since last request: 0.000032 seconds.
  path: Assets/Studio33 Interactive_[BasketBall] v1.1/Animations/Basketball Motions_Generic/13_PostBackingA.fbx
  artifactKey: Guid(312a10261417cfb409ea41e12e81fb99) Importer(2089858483,b0f066a214c2f5e87bad3c948f4d605d)
Start importing Assets/Studio33 Interactive_[BasketBall] v1.1/Animations/Basketball Motions_Generic/13_PostBackingA.fbx using Guid(312a10261417cfb409ea41e12e81fb99) Importer(2089858483,b0f066a214c2f5e87bad3c948f4d605d) (ScriptedImporter) -> (artifact id: '58d69c6d086cb6676e82c536c3f4968d') in 0.028359 seconds
Number of updated asset objects reloaded before import = 0Number of asset objects unloaded after import = 152

========================================================================
Received Import Request.
  Time since last request: 0.000033 seconds.
  path: Assets/Studio33 Interactive_[BasketBall] v1.1/Animations/Basketball Motions_Generic/1577_JumpshotMA.fbx
  artifactKey: Guid(39223a5d0cace004da1e86933a91e7ec) Importer(2089858483,b0f066a214c2f5e87bad3c948f4d605d)
Start importing Assets/Studio33 Interactive_[BasketBall] v1.1/Animations/Basketball Motions_Generic/1577_JumpshotMA.fbx using Guid(39223a5d0cace004da1e86933a91e7ec) Importer(2089858483,b0f066a214c2f5e87bad3c948f4d605d) (ScriptedImporter) -> (artifact id: '03444b8075590b336b60c5e48945d2f0') in 0.0253853 seconds
Number of updated asset objects reloaded before import = 0Number of asset objects unloaded after import = 152

========================================================================
Received Import Request.
  Time since last request: 0.000020 seconds.
  path: Assets/Studio33 Interactive_[BasketBall] v1.1/Animations/Basketball Motions_Generic/941_ChipoutA.fbx
  artifactKey: Guid(5fd4969850fe6e44980e3ce36d545b81) Importer(2089858483,b0f066a214c2f5e87bad3c948f4d605d)
Start importing Assets/Studio33 Interactive_[BasketBall] v1.1/Animations/Basketball Motions_Generic/941_ChipoutA.fbx using Guid(5fd4969850fe6e44980e3ce36d545b81) Importer(2089858483,b0f066a214c2f5e87bad3c948f4d605d) (ScriptedImporter) -> (artifact id: 'c33a50db3a9a9d7acd440c61844f0a1e') in 0.0281596 seconds
Number of updated asset objects reloaded before import = 0Number of asset objects unloaded after import = 152

========================================================================
Received Import Request.
  Time since last request: 0.000020 seconds.
  path: Assets/Studio33 Interactive_[BasketBall] v1.1/Animations/Basketball Motions_Generic/1517_AlleyoopRSA.fbx
  artifactKey: Guid(d10b9749fd8081e418209e7e9bea9742) Importer(2089858483,b0f066a214c2f5e87bad3c948f4d605d)
Start importing Assets/Studio33 Interactive_[BasketBall] v1.1/Animations/Basketball Motions_Generic/1517_AlleyoopRSA.fbx using Guid(d10b9749fd8081e418209e7e9bea9742) Importer(2089858483,b0f066a214c2f5e87bad3c948f4d605d) (ScriptedImporter) -> (artifact id: '4ec69a9da691854d69e1e8b036f0b26f') in 0.0256639 seconds
Number of updated asset objects reloaded before import = 0Number of asset objects unloaded after import = 152

========================================================================
Received Import Request.
  Time since last request: 0.000039 seconds.
  path: Assets/Studio33 Interactive_[BasketBall] v1.1/Animations/Basketball Motions_Generic/172_BlockingckedBaA.fbx
  artifactKey: Guid(1e4ab46fa0741144bab750ce229b906b) Importer(2089858483,b0f066a214c2f5e87bad3c948f4d605d)
Start importing Assets/Studio33 Interactive_[BasketBall] v1.1/Animations/Basketball Motions_Generic/172_BlockingckedBaA.fbx using Guid(1e4ab46fa0741144bab750ce229b906b) Importer(2089858483,b0f066a214c2f5e87bad3c948f4d605d) (ScriptedImporter) -> (artifact id: '9f60f65e4957f253b8af93447fb0156a') in 0.0278316 seconds
Number of updated asset objects reloaded before import = 0Number of asset objects unloaded after import = 152

========================================================================
Received Import Request.
  Time since last request: 0.000034 seconds.
  path: Assets/Studio33 Interactive_[BasketBall] v1.1/Animations/Basketball Motions Humanoid/580_IntRHighA.fbx
  artifactKey: Guid(b255953084cf9a54496e5afb52dcecb4) Importer(2089858483,b0f066a214c2f5e87bad3c948f4d605d)
Start importing Assets/Studio33 Interactive_[BasketBall] v1.1/Animations/Basketball Motions Humanoid/580_IntRHighA.fbx using Guid(b255953084cf9a54496e5afb52dcecb4) Importer(2089858483,b0f066a214c2f5e87bad3c948f4d605d) (ScriptedImporter) -> (artifact id: '1786421ad5d34ff75ffa83057c499a2f') in 0.0279337 seconds
Number of updated asset objects reloaded before import = 0Number of asset objects unloaded after import = 154

========================================================================
Received Import Request.
  Time since last request: 0.000023 seconds.
  path: Assets/Studio33 Interactive_[BasketBall] v1.1/Animations/Basketball Motions Humanoid/6_PostBackingpushA.fbx
  artifactKey: Guid(7abd2cb9a87e48f418fc7a6c3d56b5c2) Importer(2089858483,b0f066a214c2f5e87bad3c948f4d605d)
Start importing Assets/Studio33 Interactive_[BasketBall] v1.1/Animations/Basketball Motions Humanoid/6_PostBackingpushA.fbx using Guid(7abd2cb9a87e48f418fc7a6c3d56b5c2) Importer(2089858483,b0f066a214c2f5e87bad3c948f4d605d) (ScriptedImporter) -> (artifact id: '9af706f6d1f8672c7fbd266d523f358f') in 0.025408 seconds
Number of updated asset objects reloaded before import = 0Number of asset objects unloaded after import = 154

========================================================================
Received Import Request.
  Time since last request: 0.000022 seconds.
  path: Assets/Studio33 Interactive_[BasketBall] v1.1/Animations/Basketball Motions_Generic/721_Passifront.fbx
  artifactKey: Guid(dbd4d4bccd2fd994c897f120ebd0abf8) Importer(2089858483,b0f066a214c2f5e87bad3c948f4d605d)
Start importing Assets/Studio33 Interactive_[BasketBall] v1.1/Animations/Basketball Motions_Generic/721_Passifront.fbx using Guid(dbd4d4bccd2fd994c897f120ebd0abf8) Importer(2089858483,b0f066a214c2f5e87bad3c948f4d605d) (ScriptedImporter) -> (artifact id: '5fd3bb71c074b18dc1cc0acee761f8c2') in 0.022438 seconds
Number of updated asset objects reloaded before import = 0Number of asset objects unloaded after import = 152

========================================================================
Received Import Request.
  Time since last request: 0.000041 seconds.
  path: Assets/Studio33 Interactive_[BasketBall] v1.1/Animations/Basketball Motions Humanoid/1076_Screebaa.fbx
  artifactKey: Guid(49b765de0eafb4c48a323f3b77c9f7e8) Importer(2089858483,b0f066a214c2f5e87bad3c948f4d605d)
Start importing Assets/Studio33 Interactive_[BasketBall] v1.1/Animations/Basketball Motions Humanoid/1076_Screebaa.fbx using Guid(49b765de0eafb4c48a323f3b77c9f7e8) Importer(2089858483,b0f066a214c2f5e87bad3c948f4d605d) (ScriptedImporter) -> (artifact id: '6bbc1bf77bae85ed306dbf2c53593216') in 0.0310264 seconds
Number of updated asset objects reloaded before import = 0Number of asset objects unloaded after import = 154

========================================================================
Received Import Request.
  Time since last request: 0.000041 seconds.
  path: Assets/Studio33 Interactive_[BasketBall] v1.1/Animations/Basketball Motions_Generic/1137_AlleyoopRLA.fbx
  artifactKey: Guid(4770baa54ecf18a4280728e117571d0b) Importer(2089858483,b0f066a214c2f5e87bad3c948f4d605d)
Start importing Assets/Studio33 Interactive_[BasketBall] v1.1/Animations/Basketball Motions_Generic/1137_AlleyoopRLA.fbx using Guid(4770baa54ecf18a4280728e117571d0b) Importer(2089858483,b0f066a214c2f5e87bad3c948f4d605d) (ScriptedImporter) -> (artifact id: '342212fea9b078d75603426b39dbf00a') in 0.0253247 seconds
Number of updated asset objects reloaded before import = 0Number of asset objects unloaded after import = 152

========================================================================
Received Import Request.
  Time since last request: 0.000022 seconds.
  path: Assets/Studio33 Interactive_[BasketBall] v1.1/Animations/Basketball Motions_Generic/1548_JumpshotUFakeA.fbx
  artifactKey: Guid(67af3f75a66fc7a459597660cd583784) Importer(2089858483,b0f066a214c2f5e87bad3c948f4d605d)
Start importing Assets/Studio33 Interactive_[BasketBall] v1.1/Animations/Basketball Motions_Generic/1548_JumpshotUFakeA.fbx using Guid(67af3f75a66fc7a459597660cd583784) Importer(2089858483,b0f066a214c2f5e87bad3c948f4d605d) (ScriptedImporter) -> (artifact id: 'b7cfbd12a7068365cff5f56b155742eb') in 0.0257269 seconds
Number of updated asset objects reloaded before import = 0Number of asset objects unloaded after import = 152

========================================================================
Received Import Request.
  Time since last request: 0.000027 seconds.
  path: Assets/Studio33 Interactive_[BasketBall] v1.1/Animations/Basketball Motions Humanoid/175_AirBigBaA.fbx
  artifactKey: Guid(89981b0ebcc55464c9f1cb5cddfbf782) Importer(2089858483,b0f066a214c2f5e87bad3c948f4d605d)
Start importing Assets/Studio33 Interactive_[BasketBall] v1.1/Animations/Basketball Motions Humanoid/175_AirBigBaA.fbx using Guid(89981b0ebcc55464c9f1cb5cddfbf782) Importer(2089858483,b0f066a214c2f5e87bad3c948f4d605d) (ScriptedImporter) -> (artifact id: '11b36d99a5a3f836273ea369c4fa1e98') in 0.0234488 seconds
Number of updated asset objects reloaded before import = 0Number of asset objects unloaded after import = 154

========================================================================
Received Import Request.
  Time since last request: 0.000028 seconds.
  path: Assets/Studio33 Interactive_[BasketBall] v1.1/Animations/Basketball Motions Humanoid/1380_JumpshotReadyFakeC.fbx
  artifactKey: Guid(fec7cf90234ea5a4b938219a2849442c) Importer(2089858483,b0f066a214c2f5e87bad3c948f4d605d)
Start importing Assets/Studio33 Interactive_[BasketBall] v1.1/Animations/Basketball Motions Humanoid/1380_JumpshotReadyFakeC.fbx using Guid(fec7cf90234ea5a4b938219a2849442c) Importer(2089858483,b0f066a214c2f5e87bad3c948f4d605d) (ScriptedImporter) -> (artifact id: 'f98a557cb317801dbbfc7b2941af6472') in 0.0272676 seconds
Number of updated asset objects reloaded before import = 0Number of asset objects unloaded after import = 154

========================================================================
Received Import Request.
  Time since last request: 0.000042 seconds.
  path: Assets/Studio33 Interactive_[BasketBall] v1.1/Animations/Basketball Motions_Generic/44_BlockingckncatchLongNearLA.fbx
  artifactKey: Guid(2ab15e663b6c756448d967f183e773d5) Importer(2089858483,b0f066a214c2f5e87bad3c948f4d605d)
Start importing Assets/Studio33 Interactive_[BasketBall] v1.1/Animations/Basketball Motions_Generic/44_BlockingckncatchLongNearLA.fbx using Guid(2ab15e663b6c756448d967f183e773d5) Importer(2089858483,b0f066a214c2f5e87bad3c948f4d605d) (ScriptedImporter) -> (artifact id: 'b36ccda7b3fed3b3e112f613aef25832') in 0.0218978 seconds
Number of updated asset objects reloaded before import = 0Number of asset objects unloaded after import = 152

========================================================================
Received Import Request.
  Time since last request: 0.000034 seconds.
  path: Assets/Studio33 Interactive_[BasketBall] v1.1/Animations/Basketball Motions_Generic/963_Rebound fC.fbx
  artifactKey: Guid(c162c4a46db5dee44944196476da9957) Importer(2089858483,b0f066a214c2f5e87bad3c948f4d605d)
Start importing Assets/Studio33 Interactive_[BasketBall] v1.1/Animations/Basketball Motions_Generic/963_Rebound fC.fbx using Guid(c162c4a46db5dee44944196476da9957) Importer(2089858483,b0f066a214c2f5e87bad3c948f4d605d) (ScriptedImporter) -> (artifact id: 'cd5395c2e3d4cd0c51a10d974d0691df') in 0.0271238 seconds
Number of updated asset objects reloaded before import = 0Number of asset objects unloaded after import = 152

========================================================================
Received Import Request.
  Time since last request: 0.000026 seconds.
  path: Assets/Studio33 Interactive_[BasketBall] v1.1/Animations/Basketball Motions Humanoid/1576_DunkRA.fbx
  artifactKey: Guid(632060d1d85c3de41bcadb3619ceea8e) Importer(2089858483,b0f066a214c2f5e87bad3c948f4d605d)
Start importing Assets/Studio33 Interactive_[BasketBall] v1.1/Animations/Basketball Motions Humanoid/1576_DunkRA.fbx using Guid(632060d1d85c3de41bcadb3619ceea8e) Importer(2089858483,b0f066a214c2f5e87bad3c948f4d605d) (ScriptedImporter) -> (artifact id: '616615f36691280067f3d193ccbe12a7') in 0.0281089 seconds
Number of updated asset objects reloaded before import = 0Number of asset objects unloaded after import = 154

========================================================================
Received Import Request.
  Time since last request: 0.000032 seconds.
  path: Assets/Studio33 Interactive_[BasketBall] v1.1/Animations/Basketball Motions Humanoid/1034_TappassTapFA.fbx
  artifactKey: Guid(aa402776c7c5b104d90fafa011d3784f) Importer(2089858483,b0f066a214c2f5e87bad3c948f4d605d)
Start importing Assets/Studio33 Interactive_[BasketBall] v1.1/Animations/Basketball Motions Humanoid/1034_TappassTapFA.fbx using Guid(aa402776c7c5b104d90fafa011d3784f) Importer(2089858483,b0f066a214c2f5e87bad3c948f4d605d) (ScriptedImporter) -> (artifact id: 'a49fbda5f1e57826b9f210ec2f19672d') in 0.0274755 seconds
Number of updated asset objects reloaded before import = 0Number of asset objects unloaded after import = 154

========================================================================
Received Import Request.
  Time since last request: 0.000050 seconds.
  path: Assets/Studio33 Interactive_[BasketBall] v1.1/Animations/Basketball Motions_Generic/829_PassChestA.fbx
  artifactKey: Guid(eab145b31ee75d447b0e12f2a1621b1b) Importer(2089858483,b0f066a214c2f5e87bad3c948f4d605d)
Start importing Assets/Studio33 Interactive_[BasketBall] v1.1/Animations/Basketball Motions_Generic/829_PassChestA.fbx using Guid(eab145b31ee75d447b0e12f2a1621b1b) Importer(2089858483,b0f066a214c2f5e87bad3c948f4d605d) (ScriptedImporter) -> (artifact id: '70e58e49197ffc2aacb8d7fb21e2a847') in 0.0301105 seconds
Number of updated asset objects reloaded before import = 0Number of asset objects unloaded after import = 152

========================================================================
Received Import Request.
  Time since last request: 0.000031 seconds.
  path: Assets/Studio33 Interactive_[BasketBall] v1.1/Animations/Basketball Motions Humanoid/1604_DunkClutchRRightA.fbx
  artifactKey: Guid(be3f89ea13067a145b16e8f44dc68eec) Importer(2089858483,b0f066a214c2f5e87bad3c948f4d605d)
Start importing Assets/Studio33 Interactive_[BasketBall] v1.1/Animations/Basketball Motions Humanoid/1604_DunkClutchRRightA.fbx using Guid(be3f89ea13067a145b16e8f44dc68eec) Importer(2089858483,b0f066a214c2f5e87bad3c948f4d605d) (ScriptedImporter) -> (artifact id: 'eeace19e64190ce297a90d56f040310c') in 0.0353751 seconds
Number of updated asset objects reloaded before import = 0Number of asset objects unloaded after import = 154

========================================================================
Received Import Request.
  Time since last request: 0.000037 seconds.
  path: Assets/Studio33 Interactive_[BasketBall] v1.1/Animations/Basketball Motions Humanoid/833_AlleyoopNpassA.fbx
  artifactKey: Guid(c667a34482d9b3948875a9358b4bf1d7) Importer(2089858483,b0f066a214c2f5e87bad3c948f4d605d)
Start importing Assets/Studio33 Interactive_[BasketBall] v1.1/Animations/Basketball Motions Humanoid/833_AlleyoopNpassA.fbx using Guid(c667a34482d9b3948875a9358b4bf1d7) Importer(2089858483,b0f066a214c2f5e87bad3c948f4d605d) (ScriptedImporter) -> (artifact id: '0e0d26c20e9cfbe0f6feba673c3b1fd8') in 0.0276709 seconds
Number of updated asset objects reloaded before import = 0Number of asset objects unloaded after import = 154

========================================================================
Received Import Request.
  Time since last request: 0.000027 seconds.
  path: Assets/Studio33 Interactive_[BasketBall] v1.1/Animations/Basketball Motions Humanoid/2183_PivotLA.fbx
  artifactKey: Guid(63950f3ac71c9634cad03f70bb04c786) Importer(2089858483,b0f066a214c2f5e87bad3c948f4d605d)
Start importing Assets/Studio33 Interactive_[BasketBall] v1.1/Animations/Basketball Motions Humanoid/2183_PivotLA.fbx using Guid(63950f3ac71c9634cad03f70bb04c786) Importer(2089858483,b0f066a214c2f5e87bad3c948f4d605d) (ScriptedImporter) -> (artifact id: 'b79dc6d03ed83d171ac2a99538af01b0') in 0.0279576 seconds
Number of updated asset objects reloaded before import = 0Number of asset objects unloaded after import = 154

========================================================================
Received Import Request.
  Time since last request: 0.000042 seconds.
  path: Assets/Studio33 Interactive_[BasketBall] v1.1/Animations/Basketball Motions_Generic/1864_DunkRAC.fbx
  artifactKey: Guid(8f8c6eac61d00274e87d9cd581336c38) Importer(2089858483,b0f066a214c2f5e87bad3c948f4d605d)
Start importing Assets/Studio33 Interactive_[BasketBall] v1.1/Animations/Basketball Motions_Generic/1864_DunkRAC.fbx using Guid(8f8c6eac61d00274e87d9cd581336c38) Importer(2089858483,b0f066a214c2f5e87bad3c948f4d605d) (ScriptedImporter) -> (artifact id: 'f09ba3997838f63bea940856d7b27232') in 0.0276794 seconds
Number of updated asset objects reloaded before import = 0Number of asset objects unloaded after import = 152

========================================================================
Received Import Request.
  Time since last request: 0.000027 seconds.
  path: Assets/Studio33 Interactive_[BasketBall] v1.1/Animations/Basketball Motions_Generic/1452_DunkCA.fbx
  artifactKey: Guid(790eb901be71189409da5bf8230e7a8a) Importer(2089858483,b0f066a214c2f5e87bad3c948f4d605d)
Start importing Assets/Studio33 Interactive_[BasketBall] v1.1/Animations/Basketball Motions_Generic/1452_DunkCA.fbx using Guid(790eb901be71189409da5bf8230e7a8a) Importer(2089858483,b0f066a214c2f5e87bad3c948f4d605d) (ScriptedImporter) -> (artifact id: 'c1b56ea32f4a9a81291bdaf59401a58d') in 0.0254933 seconds
Number of updated asset objects reloaded before import = 0Number of asset objects unloaded after import = 152

========================================================================
Received Import Request.
  Time since last request: 0.000021 seconds.
  path: Assets/Studio33 Interactive_[BasketBall] v1.1/Animations/Basketball Motions Humanoid/522_SofttouchCA.fbx
  artifactKey: Guid(9a8643e9ac68d4c4bae55321b643512c) Importer(2089858483,b0f066a214c2f5e87bad3c948f4d605d)
Start importing Assets/Studio33 Interactive_[BasketBall] v1.1/Animations/Basketball Motions Humanoid/522_SofttouchCA.fbx using Guid(9a8643e9ac68d4c4bae55321b643512c) Importer(2089858483,b0f066a214c2f5e87bad3c948f4d605d) (ScriptedImporter) -> (artifact id: '376b82f9b2829b9e1c7b1f3ccc4d81a8') in 0.0369312 seconds
Number of updated asset objects reloaded before import = 0Number of asset objects unloaded after import = 154

========================================================================
Received Import Request.
  Time since last request: 0.000037 seconds.
  path: Assets/Studio33 Interactive_[BasketBall] v1.1/Animations/Basketball Motions_Generic/1582_JumpshotReadyFake.fbx
  artifactKey: Guid(27f50e55958353f4b8e0b9b9ddb5f1a3) Importer(2089858483,b0f066a214c2f5e87bad3c948f4d605d)
Start importing Assets/Studio33 Interactive_[BasketBall] v1.1/Animations/Basketball Motions_Generic/1582_JumpshotReadyFake.fbx using Guid(27f50e55958353f4b8e0b9b9ddb5f1a3) Importer(2089858483,b0f066a214c2f5e87bad3c948f4d605d) (ScriptedImporter) -> (artifact id: '7ab327e85a6ad71d78109ace52ff5f51') in 0.0258511 seconds
Number of updated asset objects reloaded before import = 0Number of asset objects unloaded after import = 152

========================================================================
Received Import Request.
  Time since last request: 0.000040 seconds.
  path: Assets/Studio33 Interactive_[BasketBall] v1.1/Animations/Basketball Motions Humanoid/482_DribbledashCR.fbx
  artifactKey: Guid(96ac443bef72a3e4783e6134b77cd707) Importer(2089858483,b0f066a214c2f5e87bad3c948f4d605d)
Start importing Assets/Studio33 Interactive_[BasketBall] v1.1/Animations/Basketball Motions Humanoid/482_DribbledashCR.fbx using Guid(96ac443bef72a3e4783e6134b77cd707) Importer(2089858483,b0f066a214c2f5e87bad3c948f4d605d) (ScriptedImporter) -> (artifact id: '500e0980eccd88e94a26621944d1b955') in 0.025852 seconds
Number of updated asset objects reloaded before import = 0Number of asset objects unloaded after import = 154

========================================================================
Received Import Request.
  Time since last request: 0.000034 seconds.
  path: Assets/Studio33 Interactive_[BasketBall] v1.1/Animations/Basketball Motions_Generic/1216_FakelayupRA.fbx
  artifactKey: Guid(266287977fb6b214b9bbc025b3b99d02) Importer(2089858483,b0f066a214c2f5e87bad3c948f4d605d)
Start importing Assets/Studio33 Interactive_[BasketBall] v1.1/Animations/Basketball Motions_Generic/1216_FakelayupRA.fbx using Guid(266287977fb6b214b9bbc025b3b99d02) Importer(2089858483,b0f066a214c2f5e87bad3c948f4d605d) (ScriptedImporter) -> (artifact id: '0db626eeb4b0452a711967abf2bfaea5') in 0.0257348 seconds
Number of updated asset objects reloaded before import = 0Number of asset objects unloaded after import = 152

========================================================================
Received Import Request.
  Time since last request: 0.000021 seconds.
  path: Assets/Studio33 Interactive_[BasketBall] v1.1/Animations/Basketball Motions_Generic/1815_DunkRA.fbx
  artifactKey: Guid(0f2bb41733a2ae045841514dae7d2141) Importer(2089858483,b0f066a214c2f5e87bad3c948f4d605d)
Start importing Assets/Studio33 Interactive_[BasketBall] v1.1/Animations/Basketball Motions_Generic/1815_DunkRA.fbx using Guid(0f2bb41733a2ae045841514dae7d2141) Importer(2089858483,b0f066a214c2f5e87bad3c948f4d605d) (ScriptedImporter) -> (artifact id: 'd381576ad2d3c809ff90975579e9c5f0') in 0.0235795 seconds
Number of updated asset objects reloaded before import = 0Number of asset objects unloaded after import = 152

========================================================================
Received Import Request.
  Time since last request: 0.000025 seconds.
  path: Assets/Studio33 Interactive_[BasketBall] v1.1/Animations/Basketball Motions Humanoid/152_TravRA.fbx
  artifactKey: Guid(71aad3e7e9cc31e438e6e51360d9cfc9) Importer(2089858483,b0f066a214c2f5e87bad3c948f4d605d)
Start importing Assets/Studio33 Interactive_[BasketBall] v1.1/Animations/Basketball Motions Humanoid/152_TravRA.fbx using Guid(71aad3e7e9cc31e438e6e51360d9cfc9) Importer(2089858483,b0f066a214c2f5e87bad3c948f4d605d) (ScriptedImporter) -> (artifact id: '628c3f38307aa15ecccb4e52a221f878') in 0.0255507 seconds
Number of updated asset objects reloaded before import = 0Number of asset objects unloaded after import = 154

========================================================================
Received Import Request.
  Time since last request: 0.000041 seconds.
  path: Assets/Studio33 Interactive_[BasketBall] v1.1/Animations/Basketball Motions Humanoid/2032_DunkRA.fbx
  artifactKey: Guid(88e7afe77ba85d644a2673df44205e58) Importer(2089858483,b0f066a214c2f5e87bad3c948f4d605d)
Start importing Assets/Studio33 Interactive_[BasketBall] v1.1/Animations/Basketball Motions Humanoid/2032_DunkRA.fbx using Guid(88e7afe77ba85d644a2673df44205e58) Importer(2089858483,b0f066a214c2f5e87bad3c948f4d605d) (ScriptedImporter) -> (artifact id: '337b2f6c159205064281cfccda800ef2') in 0.0277942 seconds
Number of updated asset objects reloaded before import = 0Number of asset objects unloaded after import = 154

========================================================================
Received Import Request.
  Time since last request: 0.000028 seconds.
  path: Assets/Studio33 Interactive_[BasketBall] v1.1/Animations/Basketball Motions_Generic/1935_JumpshotReadyFake.fbx
  artifactKey: Guid(a0a728fb3e5e24742a7559bc31e3ec4e) Importer(2089858483,b0f066a214c2f5e87bad3c948f4d605d)
Start importing Assets/Studio33 Interactive_[BasketBall] v1.1/Animations/Basketball Motions_Generic/1935_JumpshotReadyFake.fbx using Guid(a0a728fb3e5e24742a7559bc31e3ec4e) Importer(2089858483,b0f066a214c2f5e87bad3c948f4d605d) (ScriptedImporter) -> (artifact id: '47e7cae92fe5cbad43c199a733f0b7a6') in 0.0235662 seconds
Number of updated asset objects reloaded before import = 0Number of asset objects unloaded after import = 152

========================================================================
Received Import Request.
  Time since last request: 0.000027 seconds.
  path: Assets/Studio33 Interactive_[BasketBall] v1.1/Animations/Basketball Motions Humanoid/1668_AlleyoopCSA.fbx
  artifactKey: Guid(e50aaa7a7c9708b4db2d8e6546ccf164) Importer(2089858483,b0f066a214c2f5e87bad3c948f4d605d)
Start importing Assets/Studio33 Interactive_[BasketBall] v1.1/Animations/Basketball Motions Humanoid/1668_AlleyoopCSA.fbx using Guid(e50aaa7a7c9708b4db2d8e6546ccf164) Importer(2089858483,b0f066a214c2f5e87bad3c948f4d605d) (ScriptedImporter) -> (artifact id: 'e5b3d95fbf300d24c5ea21957fb2bfaa') in 0.0266025 seconds
Number of updated asset objects reloaded before import = 0Number of asset objects unloaded after import = 154

========================================================================
Received Import Request.
  Time since last request: 0.000067 seconds.
  path: Assets/Studio33 Interactive_[BasketBall] v1.1/Animations/Basketball Motions_Generic/2015_DunkClutchRLeftA.fbx
  artifactKey: Guid(d365390f6a538454ba4ced96c298416c) Importer(2089858483,b0f066a214c2f5e87bad3c948f4d605d)
Start importing Assets/Studio33 Interactive_[BasketBall] v1.1/Animations/Basketball Motions_Generic/2015_DunkClutchRLeftA.fbx using Guid(d365390f6a538454ba4ced96c298416c) Importer(2089858483,b0f066a214c2f5e87bad3c948f4d605d) (ScriptedImporter) -> (artifact id: '0e2e3f4a1f44eb433fd1b7e71701bbb1') in 0.028635 seconds
Number of updated asset objects reloaded before import = 0Number of asset objects unloaded after import = 152

========================================================================
Received Import Request.
  Time since last request: 0.000040 seconds.
  path: Assets/Studio33 Interactive_[BasketBall] v1.1/Animations/Basketball Motions_Generic/2129_JumpshotMFakeA.fbx
  artifactKey: Guid(d1e3939c4820ae94c9ee3a96427eb271) Importer(2089858483,b0f066a214c2f5e87bad3c948f4d605d)
Start importing Assets/Studio33 Interactive_[BasketBall] v1.1/Animations/Basketball Motions_Generic/2129_JumpshotMFakeA.fbx using Guid(d1e3939c4820ae94c9ee3a96427eb271) Importer(2089858483,b0f066a214c2f5e87bad3c948f4d605d) (ScriptedImporter) -> (artifact id: 'f7e31025e5b997286b6af92e8524a638') in 0.0256969 seconds
Number of updated asset objects reloaded before import = 0Number of asset objects unloaded after import = 152

========================================================================
Received Import Request.
  Time since last request: 0.000031 seconds.
  path: Assets/Studio33 Interactive_[BasketBall] v1.1/Animations/Basketball Motions Humanoid/722_Passileft.fbx
  artifactKey: Guid(bdaec9d4769bcb148ba88533960aea9e) Importer(2089858483,b0f066a214c2f5e87bad3c948f4d605d)
Start importing Assets/Studio33 Interactive_[BasketBall] v1.1/Animations/Basketball Motions Humanoid/722_Passileft.fbx using Guid(bdaec9d4769bcb148ba88533960aea9e) Importer(2089858483,b0f066a214c2f5e87bad3c948f4d605d) (ScriptedImporter) -> (artifact id: 'ba0b4405acf5a56c44839cfbd1a6d9e5') in 0.0263421 seconds
Number of updated asset objects reloaded before import = 0Number of asset objects unloaded after import = 154

========================================================================
Received Import Request.
  Time since last request: 0.000021 seconds.
  path: Assets/Studio33 Interactive_[BasketBall] v1.1/Animations/Basketball Motions Humanoid/1223_LayupCA.fbx
  artifactKey: Guid(74d39de45575ee04f952768339ba79c5) Importer(2089858483,b0f066a214c2f5e87bad3c948f4d605d)
Start importing Assets/Studio33 Interactive_[BasketBall] v1.1/Animations/Basketball Motions Humanoid/1223_LayupCA.fbx using Guid(74d39de45575ee04f952768339ba79c5) Importer(2089858483,b0f066a214c2f5e87bad3c948f4d605d) (ScriptedImporter) -> (artifact id: '6882af4ec5d82ff940aa8850f020507b') in 0.0267696 seconds
Number of updated asset objects reloaded before import = 0Number of asset objects unloaded after import = 154

========================================================================
Received Import Request.
  Time since last request: 0.000034 seconds.
  path: Assets/Studio33 Interactive_[BasketBall] v1.1/Animations/Basketball Motions Humanoid/195_CollisiopushedA.fbx
  artifactKey: Guid(28dbbf9e1221b9844b64d774b1abdc44) Importer(2089858483,b0f066a214c2f5e87bad3c948f4d605d)
Start importing Assets/Studio33 Interactive_[BasketBall] v1.1/Animations/Basketball Motions Humanoid/195_CollisiopushedA.fbx using Guid(28dbbf9e1221b9844b64d774b1abdc44) Importer(2089858483,b0f066a214c2f5e87bad3c948f4d605d) (ScriptedImporter) -> (artifact id: 'f69bdd3cd54df56b0f20967f949c96a1') in 0.0267762 seconds
Number of updated asset objects reloaded before import = 0Number of asset objects unloaded after import = 154

========================================================================
Received Import Request.
  Time since last request: 0.000042 seconds.
  path: Assets/Studio33 Interactive_[BasketBall] v1.1/Animations/Basketball Motions_Generic/1015_Rebound fB.fbx
  artifactKey: Guid(303d40ebf5839a04082a0810fa272644) Importer(2089858483,b0f066a214c2f5e87bad3c948f4d605d)
Start importing Assets/Studio33 Interactive_[BasketBall] v1.1/Animations/Basketball Motions_Generic/1015_Rebound fB.fbx using Guid(303d40ebf5839a04082a0810fa272644) Importer(2089858483,b0f066a214c2f5e87bad3c948f4d605d) (ScriptedImporter) -> (artifact id: 'c5b90b6f21b0b0c972d36e5e5589ccd1') in 0.0244968 seconds
Number of updated asset objects reloaded before import = 0Number of asset objects unloaded after import = 152

========================================================================
Received Import Request.
  Time since last request: 0.000044 seconds.
  path: Assets/Studio33 Interactive_[BasketBall] v1.1/Animations/Basketball Motions Humanoid/861_PassKirA.fbx
  artifactKey: Guid(e88f2a04ae24bac48a149bd09223138a) Importer(2089858483,b0f066a214c2f5e87bad3c948f4d605d)
Start importing Assets/Studio33 Interactive_[BasketBall] v1.1/Animations/Basketball Motions Humanoid/861_PassKirA.fbx using Guid(e88f2a04ae24bac48a149bd09223138a) Importer(2089858483,b0f066a214c2f5e87bad3c948f4d605d) (ScriptedImporter) -> (artifact id: '4d04ce888a8e4986b85d1771828d6c4c') in 0.0316874 seconds
Number of updated asset objects reloaded before import = 0Number of asset objects unloaded after import = 154

========================================================================
Received Import Request.
  Time since last request: 0.000027 seconds.
  path: Assets/Studio33 Interactive_[BasketBall] v1.1/Animations/Basketball Motions Humanoid/444_MarkDefenceF.fbx
  artifactKey: Guid(10746811ec33b474a9fc1e3e3947747e) Importer(2089858483,b0f066a214c2f5e87bad3c948f4d605d)
Start importing Assets/Studio33 Interactive_[BasketBall] v1.1/Animations/Basketball Motions Humanoid/444_MarkDefenceF.fbx using Guid(10746811ec33b474a9fc1e3e3947747e) Importer(2089858483,b0f066a214c2f5e87bad3c948f4d605d) (ScriptedImporter) -> (artifact id: '3620fbd4840416fd465c8baedb190c66') in 0.0262574 seconds
Number of updated asset objects reloaded before import = 0Number of asset objects unloaded after import = 154

========================================================================
Received Import Request.
  Time since last request: 0.000025 seconds.
  path: Assets/Studio33 Interactive_[BasketBall] v1.1/Animations/Basketball Motions_Generic/729_ShootpassJumpShortFrontA.fbx
  artifactKey: Guid(463bd5c384566b94681436209f36693d) Importer(2089858483,b0f066a214c2f5e87bad3c948f4d605d)
Start importing Assets/Studio33 Interactive_[BasketBall] v1.1/Animations/Basketball Motions_Generic/729_ShootpassJumpShortFrontA.fbx using Guid(463bd5c384566b94681436209f36693d) Importer(2089858483,b0f066a214c2f5e87bad3c948f4d605d) (ScriptedImporter) -> (artifact id: '1e8e7edfd5fa27f22184dfe84cb6d8f6') in 0.0282731 seconds
Number of updated asset objects reloaded before import = 0Number of asset objects unloaded after import = 152

========================================================================
Received Import Request.
  Time since last request: 0.000051 seconds.
  path: Assets/Studio33 Interactive_[BasketBall] v1.1/Animations/Basketball Motions Humanoid/716_PassOverFA.fbx
  artifactKey: Guid(f71dfd9f82ea8d145ac0044427c92f44) Importer(2089858483,b0f066a214c2f5e87bad3c948f4d605d)
Start importing Assets/Studio33 Interactive_[BasketBall] v1.1/Animations/Basketball Motions Humanoid/716_PassOverFA.fbx using Guid(f71dfd9f82ea8d145ac0044427c92f44) Importer(2089858483,b0f066a214c2f5e87bad3c948f4d605d) (ScriptedImporter) -> (artifact id: '2479e559fa2c4a588f575587b5e165db') in 0.0311773 seconds
Number of updated asset objects reloaded before import = 0Number of asset objects unloaded after import = 154

========================================================================
Received Import Request.
  Time since last request: 0.000028 seconds.
  path: Assets/Studio33 Interactive_[BasketBall] v1.1/Animations/Basketball Motions Humanoid/962_Rebound fC.fbx
  artifactKey: Guid(ecf9dce1c18142e4981f8773862c558c) Importer(2089858483,b0f066a214c2f5e87bad3c948f4d605d)
Start importing Assets/Studio33 Interactive_[BasketBall] v1.1/Animations/Basketball Motions Humanoid/962_Rebound fC.fbx using Guid(ecf9dce1c18142e4981f8773862c558c) Importer(2089858483,b0f066a214c2f5e87bad3c948f4d605d) (ScriptedImporter) -> (artifact id: '9c69928b786118e47c0eb8b35cee1587') in 0.0308155 seconds
Number of updated asset objects reloaded before import = 0Number of asset objects unloaded after import = 154

========================================================================
Received Import Request.
  Time since last request: 0.000029 seconds.
  path: Assets/Studio33 Interactive_[BasketBall] v1.1/Animations/Basketball Motions_Generic/1017_Rebound fC.fbx
  artifactKey: Guid(ac7fb8694759ea34eb1c63b170d6dc2f) Importer(2089858483,b0f066a214c2f5e87bad3c948f4d605d)
Start importing Assets/Studio33 Interactive_[BasketBall] v1.1/Animations/Basketball Motions_Generic/1017_Rebound fC.fbx using Guid(ac7fb8694759ea34eb1c63b170d6dc2f) Importer(2089858483,b0f066a214c2f5e87bad3c948f4d605d) (ScriptedImporter) -> (artifact id: 'ed274beacf03cb3a293997d3ea711a85') in 0.0308919 seconds
Number of updated asset objects reloaded before import = 0Number of asset objects unloaded after import = 152

========================================================================
Received Import Request.
  Time since last request: 0.000027 seconds.
  path: Assets/Studio33 Interactive_[BasketBall] v1.1/Animations/Basketball Motions_Generic/945_Rebound B.fbx
  artifactKey: Guid(fc62062c1bd45424f8b393b667c2ddd7) Importer(2089858483,b0f066a214c2f5e87bad3c948f4d605d)
Start importing Assets/Studio33 Interactive_[BasketBall] v1.1/Animations/Basketball Motions_Generic/945_Rebound B.fbx using Guid(fc62062c1bd45424f8b393b667c2ddd7) Importer(2089858483,b0f066a214c2f5e87bad3c948f4d605d) (ScriptedImporter) -> (artifact id: 'fd9523577900553ae63f40a0bc15a859') in 0.0270262 seconds
Number of updated asset objects reloaded before import = 0Number of asset objects unloaded after import = 152

========================================================================
Received Import Request.
  Time since last request: 0.000031 seconds.
  path: Assets/Studio33 Interactive_[BasketBall] v1.1/Animations/Basketball Motions_Generic/1689_JumpshotUAFakeA.fbx
  artifactKey: Guid(89b3c3582de75fe4e8a3b134ec5d7f82) Importer(2089858483,b0f066a214c2f5e87bad3c948f4d605d)
Start importing Assets/Studio33 Interactive_[BasketBall] v1.1/Animations/Basketball Motions_Generic/1689_JumpshotUAFakeA.fbx using Guid(89b3c3582de75fe4e8a3b134ec5d7f82) Importer(2089858483,b0f066a214c2f5e87bad3c948f4d605d) (ScriptedImporter) -> (artifact id: 'e7efdca135746140aae90a5c2be97249') in 0.0294161 seconds
Number of updated asset objects reloaded before import = 0Number of asset objects unloaded after import = 152

========================================================================
Received Import Request.
  Time since last request: 0.000020 seconds.
  path: Assets/Studio33 Interactive_[BasketBall] v1.1/Animations/Basketball Motions Humanoid/1259_AlleyoopCSB.fbx
  artifactKey: Guid(4ac4ac165a4b8ce488ac165746fdaef2) Importer(2089858483,b0f066a214c2f5e87bad3c948f4d605d)
Start importing Assets/Studio33 Interactive_[BasketBall] v1.1/Animations/Basketball Motions Humanoid/1259_AlleyoopCSB.fbx using Guid(4ac4ac165a4b8ce488ac165746fdaef2) Importer(2089858483,b0f066a214c2f5e87bad3c948f4d605d) (ScriptedImporter) -> (artifact id: '1526d4f293f80e7909d14feedc6c0214') in 0.0295805 seconds
Number of updated asset objects reloaded before import = 0Number of asset objects unloaded after import = 154

========================================================================
Received Import Request.
  Time since last request: 0.000020 seconds.
  path: Assets/Studio33 Interactive_[BasketBall] v1.1/Animations/Basketball Motions_Generic/157_BlockingckedLeftA.fbx
  artifactKey: Guid(bc28c611fe5bd4d4fbb42a39a44cae1c) Importer(2089858483,b0f066a214c2f5e87bad3c948f4d605d)
Start importing Assets/Studio33 Interactive_[BasketBall] v1.1/Animations/Basketball Motions_Generic/157_BlockingckedLeftA.fbx using Guid(bc28c611fe5bd4d4fbb42a39a44cae1c) Importer(2089858483,b0f066a214c2f5e87bad3c948f4d605d) (ScriptedImporter) -> (artifact id: 'e1fb5c7cd907debb732cf1c4602e3b8a') in 0.0293672 seconds
Number of updated asset objects reloaded before import = 0Number of asset objects unloaded after import = 152

========================================================================
Received Import Request.
  Time since last request: 0.000028 seconds.
  path: Assets/Studio33 Interactive_[BasketBall] v1.1/Animations/Basketball Motions Humanoid/265_CrossShammgod.fbx
  artifactKey: Guid(b45c65745a27cfd4cb2730e274d52650) Importer(2089858483,b0f066a214c2f5e87bad3c948f4d605d)
Start importing Assets/Studio33 Interactive_[BasketBall] v1.1/Animations/Basketball Motions Humanoid/265_CrossShammgod.fbx using Guid(b45c65745a27cfd4cb2730e274d52650) Importer(2089858483,b0f066a214c2f5e87bad3c948f4d605d) (ScriptedImporter) -> (artifact id: '1ad3aa6d34025f9ad251c21044ce5350') in 0.0279366 seconds
Number of updated asset objects reloaded before import = 0Number of asset objects unloaded after import = 154

========================================================================
Received Import Request.
  Time since last request: 0.000036 seconds.
  path: Assets/Studio33 Interactive_[BasketBall] v1.1/Animations/Basketball Motions_Generic/1607_JumpshotMFakeA.fbx
  artifactKey: Guid(c6b786d642c90ee469febe81d423fa53) Importer(2089858483,b0f066a214c2f5e87bad3c948f4d605d)
Start importing Assets/Studio33 Interactive_[BasketBall] v1.1/Animations/Basketball Motions_Generic/1607_JumpshotMFakeA.fbx using Guid(c6b786d642c90ee469febe81d423fa53) Importer(2089858483,b0f066a214c2f5e87bad3c948f4d605d) (ScriptedImporter) -> (artifact id: 'd8495b22ef5aba1057c8616af634e652') in 0.0280309 seconds
Number of updated asset objects reloaded before import = 0Number of asset objects unloaded after import = 152

========================================================================
Received Import Request.
  Time since last request: 0.000059 seconds.
  path: Assets/Studio33 Interactive_[BasketBall] v1.1/Animations/Basketball Motions_Generic/1365_JumpshotMFakeA.fbx
  artifactKey: Guid(e865c13879d610e40b03345b260e8123) Importer(2089858483,b0f066a214c2f5e87bad3c948f4d605d)
Start importing Assets/Studio33 Interactive_[BasketBall] v1.1/Animations/Basketball Motions_Generic/1365_JumpshotMFakeA.fbx using Guid(e865c13879d610e40b03345b260e8123) Importer(2089858483,b0f066a214c2f5e87bad3c948f4d605d) (ScriptedImporter) -> (artifact id: '121deb9b1220d2f948b0a6fee6888e52') in 0.02523 seconds
Number of updated asset objects reloaded before import = 0Number of asset objects unloaded after import = 152

========================================================================
Received Import Request.
  Time since last request: 0.000026 seconds.
  path: Assets/Studio33 Interactive_[BasketBall] v1.1/Animations/Basketball Motions_Generic/1440_LayupRA.fbx
  artifactKey: Guid(1accba24295d5824eb9a891b140a953c) Importer(2089858483,b0f066a214c2f5e87bad3c948f4d605d)
Start importing Assets/Studio33 Interactive_[BasketBall] v1.1/Animations/Basketball Motions_Generic/1440_LayupRA.fbx using Guid(1accba24295d5824eb9a891b140a953c) Importer(2089858483,b0f066a214c2f5e87bad3c948f4d605d) (ScriptedImporter) -> (artifact id: 'f1607f670087470b6f9f372cb6f8d8df') in 0.029547 seconds
Number of updated asset objects reloaded before import = 0Number of asset objects unloaded after import = 152

========================================================================
Received Import Request.
  Time since last request: 0.000024 seconds.
  path: Assets/Studio33 Interactive_[BasketBall] v1.1/Animations/Basketball Motions_Generic/1389_JumpshotReadyFake.fbx
  artifactKey: Guid(6c2616386ad501a4594599440564e770) Importer(2089858483,b0f066a214c2f5e87bad3c948f4d605d)
Start importing Assets/Studio33 Interactive_[BasketBall] v1.1/Animations/Basketball Motions_Generic/1389_JumpshotReadyFake.fbx using Guid(6c2616386ad501a4594599440564e770) Importer(2089858483,b0f066a214c2f5e87bad3c948f4d605d) (ScriptedImporter) -> (artifact id: 'fae44ce2120c8c73762ff9f0a4e83d43') in 0.0283713 seconds
Number of updated asset objects reloaded before import = 0Number of asset objects unloaded after import = 152

========================================================================
Received Import Request.
  Time since last request: 0.000039 seconds.
  path: Assets/Studio33 Interactive_[BasketBall] v1.1/Animations/Basketball Motions_Generic/766_AlleyoopNpassA.fbx
  artifactKey: Guid(4761722ccbd5ff04c9fce017397dc26d) Importer(2089858483,b0f066a214c2f5e87bad3c948f4d605d)
Start importing Assets/Studio33 Interactive_[BasketBall] v1.1/Animations/Basketball Motions_Generic/766_AlleyoopNpassA.fbx using Guid(4761722ccbd5ff04c9fce017397dc26d) Importer(2089858483,b0f066a214c2f5e87bad3c948f4d605d) (ScriptedImporter) -> (artifact id: '626284db9281de3b9cfd67d3d7e29e4e') in 0.0263996 seconds
Number of updated asset objects reloaded before import = 0Number of asset objects unloaded after import = 152

========================================================================
Received Import Request.
  Time since last request: 0.000024 seconds.
  path: Assets/Studio33 Interactive_[BasketBall] v1.1/Animations/Basketball Motions_Generic/1850_DunkCA.fbx
  artifactKey: Guid(d61b4dc57dce7e443bfe9d34a023337e) Importer(2089858483,b0f066a214c2f5e87bad3c948f4d605d)
Start importing Assets/Studio33 Interactive_[BasketBall] v1.1/Animations/Basketball Motions_Generic/1850_DunkCA.fbx using Guid(d61b4dc57dce7e443bfe9d34a023337e) Importer(2089858483,b0f066a214c2f5e87bad3c948f4d605d) (ScriptedImporter) -> (artifact id: 'a8c5caf0d91d0236e9da0151f32a39ae') in 0.026304 seconds
Number of updated asset objects reloaded before import = 0Number of asset objects unloaded after import = 152

========================================================================
Received Import Request.
  Time since last request: 0.000027 seconds.
  path: Assets/Studio33 Interactive_[BasketBall] v1.1/Animations/Basketball Motions_Generic/1349_JumpshotMA.fbx
  artifactKey: Guid(65c89bd9f824eb640983a24bb91eb332) Importer(2089858483,b0f066a214c2f5e87bad3c948f4d605d)
Start importing Assets/Studio33 Interactive_[BasketBall] v1.1/Animations/Basketball Motions_Generic/1349_JumpshotMA.fbx using Guid(65c89bd9f824eb640983a24bb91eb332) Importer(2089858483,b0f066a214c2f5e87bad3c948f4d605d) (ScriptedImporter) -> (artifact id: 'ac0f1b45eac8f45d3f05295cd8bde60b') in 0.0266718 seconds
Number of updated asset objects reloaded before import = 0Number of asset objects unloaded after import = 152

========================================================================
Received Import Request.
  Time since last request: 0.000032 seconds.
  path: Assets/Studio33 Interactive_[BasketBall] v1.1/Animations/Basketball Motions Humanoid/1167_DunkCA.fbx
  artifactKey: Guid(78e9ff27a54e9da4985b736e7877ba3f) Importer(2089858483,b0f066a214c2f5e87bad3c948f4d605d)
Start importing Assets/Studio33 Interactive_[BasketBall] v1.1/Animations/Basketball Motions Humanoid/1167_DunkCA.fbx using Guid(78e9ff27a54e9da4985b736e7877ba3f) Importer(2089858483,b0f066a214c2f5e87bad3c948f4d605d) (ScriptedImporter) -> (artifact id: 'c0de6813ac24ed489cebff6f4d3a2e97') in 0.0299898 seconds
Number of updated asset objects reloaded before import = 0Number of asset objects unloaded after import = 154

========================================================================
Received Import Request.
  Time since last request: 0.000041 seconds.
  path: Assets/Studio33 Interactive_[BasketBall] v1.1/Animations/Basketball Motions_Generic/1933_JumpshotMA.fbx
  artifactKey: Guid(7e82f9b59b15ae145b122b0b96545822) Importer(2089858483,b0f066a214c2f5e87bad3c948f4d605d)
Start importing Assets/Studio33 Interactive_[BasketBall] v1.1/Animations/Basketball Motions_Generic/1933_JumpshotMA.fbx using Guid(7e82f9b59b15ae145b122b0b96545822) Importer(2089858483,b0f066a214c2f5e87bad3c948f4d605d) (ScriptedImporter) -> (artifact id: '7d4693cec22c194705880a52255a0169') in 0.0249673 seconds
Number of updated asset objects reloaded before import = 0Number of asset objects unloaded after import = 152

========================================================================
Received Import Request.
  Time since last request: 0.000026 seconds.
  path: Assets/Studio33 Interactive_[BasketBall] v1.1/Animations/Basketball Motions_Generic/1053_SceneEntAway.fbx
  artifactKey: Guid(1ebff0577ea993b419d0691e9cbe87a2) Importer(2089858483,b0f066a214c2f5e87bad3c948f4d605d)
Start importing Assets/Studio33 Interactive_[BasketBall] v1.1/Animations/Basketball Motions_Generic/1053_SceneEntAway.fbx using Guid(1ebff0577ea993b419d0691e9cbe87a2) Importer(2089858483,b0f066a214c2f5e87bad3c948f4d605d) (ScriptedImporter) -> (artifact id: '0bd9045e14dec8cd452b4fbaaaac8fda') in 0.0243966 seconds
Number of updated asset objects reloaded before import = 0Number of asset objects unloaded after import = 152

========================================================================
Received Import Request.
  Time since last request: 0.000020 seconds.
  path: Assets/Studio33 Interactive_[BasketBall] v1.1/Animations/Basketball Motions Humanoid/1109_ScreeillegalFR.fbx
  artifactKey: Guid(8ec1313bce445834c986818b385d9790) Importer(2089858483,b0f066a214c2f5e87bad3c948f4d605d)
Start importing Assets/Studio33 Interactive_[BasketBall] v1.1/Animations/Basketball Motions Humanoid/1109_ScreeillegalFR.fbx using Guid(8ec1313bce445834c986818b385d9790) Importer(2089858483,b0f066a214c2f5e87bad3c948f4d605d) (ScriptedImporter) -> (artifact id: 'ef1cd9dbc3da23375bd1880ccb295d8b') in 0.030097 seconds
Number of updated asset objects reloaded before import = 0Number of asset objects unloaded after import = 154

========================================================================
Received Import Request.
  Time since last request: 0.000025 seconds.
  path: Assets/Studio33 Interactive_[BasketBall] v1.1/Animations/Basketball Motions Humanoid/1521_DclutchFBaA.fbx
  artifactKey: Guid(393f50e9c9d69cc44bcea8b6e89df9c1) Importer(2089858483,b0f066a214c2f5e87bad3c948f4d605d)
Start importing Assets/Studio33 Interactive_[BasketBall] v1.1/Animations/Basketball Motions Humanoid/1521_DclutchFBaA.fbx using Guid(393f50e9c9d69cc44bcea8b6e89df9c1) Importer(2089858483,b0f066a214c2f5e87bad3c948f4d605d) (ScriptedImporter) -> (artifact id: 'fa7ab3a719fe74dc310211dd84448cb2') in 0.0258734 seconds
Number of updated asset objects reloaded before import = 0Number of asset objects unloaded after import = 154

========================================================================
Received Import Request.
  Time since last request: 0.000115 seconds.
  path: Assets/Studio33 Interactive_[BasketBall] v1.1/Animations/Basketball Motions_Generic/1914_JumpshotMA.fbx
  artifactKey: Guid(1aea331ab7e6ec144bce04a2e18b1140) Importer(2089858483,b0f066a214c2f5e87bad3c948f4d605d)
Start importing Assets/Studio33 Interactive_[BasketBall] v1.1/Animations/Basketball Motions_Generic/1914_JumpshotMA.fbx using Guid(1aea331ab7e6ec144bce04a2e18b1140) Importer(2089858483,b0f066a214c2f5e87bad3c948f4d605d) (ScriptedImporter) -> (artifact id: '4b70356a50737b751b98e27699222d34') in 0.0324493 seconds
Number of updated asset objects reloaded before import = 0Number of asset objects unloaded after import = 152

========================================================================
Received Import Request.
  Time since last request: 0.000031 seconds.
  path: Assets/Studio33 Interactive_[BasketBall] v1.1/Animations/Basketball Motions Humanoid/341_JabstepLRA.fbx
  artifactKey: Guid(8b126ac2f8b98a84d89fcae8029098bf) Importer(2089858483,b0f066a214c2f5e87bad3c948f4d605d)
Start importing Assets/Studio33 Interactive_[BasketBall] v1.1/Animations/Basketball Motions Humanoid/341_JabstepLRA.fbx using Guid(8b126ac2f8b98a84d89fcae8029098bf) Importer(2089858483,b0f066a214c2f5e87bad3c948f4d605d) (ScriptedImporter) -> (artifact id: '0382dd0f20052897d3a0dd4e888de48b') in 0.034912 seconds
Number of updated asset objects reloaded before import = 0Number of asset objects unloaded after import = 154

========================================================================
Received Import Request.
  Time since last request: 0.000022 seconds.
  path: Assets/Studio33 Interactive_[BasketBall] v1.1/Animations/Basketball Motions_Generic/611_DivpassA.fbx
  artifactKey: Guid(dbb80243b840f07499478d671f13997d) Importer(2089858483,b0f066a214c2f5e87bad3c948f4d605d)
Start importing Assets/Studio33 Interactive_[BasketBall] v1.1/Animations/Basketball Motions_Generic/611_DivpassA.fbx using Guid(dbb80243b840f07499478d671f13997d) Importer(2089858483,b0f066a214c2f5e87bad3c948f4d605d) (ScriptedImporter) -> (artifact id: '036c8d2d9d2ab890f3e2b67424ef81cd') in 0.0281268 seconds
Number of updated asset objects reloaded before import = 0Number of asset objects unloaded after import = 152

========================================================================
Received Import Request.
  Time since last request: 0.000033 seconds.
  path: Assets/Studio33 Interactive_[BasketBall] v1.1/Animations/Basketball Motions_Generic/850_PassioverFA.fbx
  artifactKey: Guid(4eebfc83b4d3f03448806a6cd2b1abc7) Importer(2089858483,b0f066a214c2f5e87bad3c948f4d605d)
Start importing Assets/Studio33 Interactive_[BasketBall] v1.1/Animations/Basketball Motions_Generic/850_PassioverFA.fbx using Guid(4eebfc83b4d3f03448806a6cd2b1abc7) Importer(2089858483,b0f066a214c2f5e87bad3c948f4d605d) (ScriptedImporter) -> (artifact id: 'e944274406e257d73122faba2020cab2') in 0.0313681 seconds
Number of updated asset objects reloaded before import = 0Number of asset objects unloaded after import = 152

========================================================================
Received Import Request.
  Time since last request: 0.000044 seconds.
  path: Assets/Studio33 Interactive_[BasketBall] v1.1/33_basket ball test animations/player/skin_map_c03.png
  artifactKey: Guid(663b995b1109f8043b0352b1ecb9253f) Importer(2089858483,b0f066a214c2f5e87bad3c948f4d605d)
Start importing Assets/Studio33 Interactive_[BasketBall] v1.1/33_basket ball test animations/player/skin_map_c03.png using Guid(663b995b1109f8043b0352b1ecb9253f) Importer(2089858483,b0f066a214c2f5e87bad3c948f4d605d) (ScriptedImporter) -> (artifact id: '17c100a263d37686483aee317cc28342') in 0.0581726 seconds
Number of updated asset objects reloaded before import = 0Number of asset objects unloaded after import = 1

========================================================================
Received Import Request.
  Time since last request: 0.000019 seconds.
  path: Assets/Studio33 Interactive_[BasketBall] v1.1/Animations/Basketball Motions Humanoid/1739_RrulayupCA.fbx
  artifactKey: Guid(6e5484facd0795d40b57835882971f0a) Importer(2089858483,b0f066a214c2f5e87bad3c948f4d605d)
Start importing Assets/Studio33 Interactive_[BasketBall] v1.1/Animations/Basketball Motions Humanoid/1739_RrulayupCA.fbx using Guid(6e5484facd0795d40b57835882971f0a) Importer(2089858483,b0f066a214c2f5e87bad3c948f4d605d) (ScriptedImporter) -> (artifact id: '84794fea4b31791b9345adeb6a896358') in 0.0288645 seconds
Number of updated asset objects reloaded before import = 0Number of asset objects unloaded after import = 154

========================================================================
Received Import Request.
  Time since last request: 0.000029 seconds.
  path: Assets/Studio33 Interactive_[BasketBall] v1.1/Animations/Basketball Motions Humanoid/1698_LayupRA.fbx
  artifactKey: Guid(e7bc4eabd9bdbbb419161e0dd9b81e93) Importer(2089858483,b0f066a214c2f5e87bad3c948f4d605d)
Start importing Assets/Studio33 Interactive_[BasketBall] v1.1/Animations/Basketball Motions Humanoid/1698_LayupRA.fbx using Guid(e7bc4eabd9bdbbb419161e0dd9b81e93) Importer(2089858483,b0f066a214c2f5e87bad3c948f4d605d) (ScriptedImporter) -> (artifact id: '47bb15cf18806c441f1aff616bca2ff9') in 0.032968 seconds
Number of updated asset objects reloaded before import = 0Number of asset objects unloaded after import = 154

========================================================================
Received Import Request.
  Time since last request: 0.000036 seconds.
  path: Assets/Studio33 Interactive_[BasketBall] v1.1/Animations/Basketball Motions Humanoid/852_PostBackingpassKiA.fbx
  artifactKey: Guid(e2ab16c0f46fc0f4198b71dcbc519482) Importer(2089858483,b0f066a214c2f5e87bad3c948f4d605d)
Start importing Assets/Studio33 Interactive_[BasketBall] v1.1/Animations/Basketball Motions Humanoid/852_PostBackingpassKiA.fbx using Guid(e2ab16c0f46fc0f4198b71dcbc519482) Importer(2089858483,b0f066a214c2f5e87bad3c948f4d605d) (ScriptedImporter) -> (artifact id: 'c5c42891a49c7cc06a0e0c94b23f535f') in 0.0306321 seconds
Number of updated asset objects reloaded before import = 0Number of asset objects unloaded after import = 154

========================================================================
Received Import Request.
  Time since last request: 0.000023 seconds.
  path: Assets/Studio33 Interactive_[BasketBall] v1.1/Animations/Basketball Motions_Generic/1065_RsceneEntHome.fbx
  artifactKey: Guid(8bd40abd7d1128042af3011e3804cc31) Importer(2089858483,b0f066a214c2f5e87bad3c948f4d605d)
Start importing Assets/Studio33 Interactive_[BasketBall] v1.1/Animations/Basketball Motions_Generic/1065_RsceneEntHome.fbx using Guid(8bd40abd7d1128042af3011e3804cc31) Importer(2089858483,b0f066a214c2f5e87bad3c948f4d605d) (ScriptedImporter) -> (artifact id: '52bdf00a04f28a8b6acc50e5fff5e691') in 0.0298588 seconds
Number of updated asset objects reloaded before import = 0Number of asset objects unloaded after import = 152

========================================================================
Received Import Request.
  Time since last request: 0.000018 seconds.
  path: Assets/Studio33 Interactive_[BasketBall] v1.1/Animations/Basketball Motions Humanoid/1598_DunkRA.fbx
  artifactKey: Guid(d595adb4f9528ca4c84f4a794a6bf4cb) Importer(2089858483,b0f066a214c2f5e87bad3c948f4d605d)
Start importing Assets/Studio33 Interactive_[BasketBall] v1.1/Animations/Basketball Motions Humanoid/1598_DunkRA.fbx using Guid(d595adb4f9528ca4c84f4a794a6bf4cb) Importer(2089858483,b0f066a214c2f5e87bad3c948f4d605d) (ScriptedImporter) -> (artifact id: 'a96e214a1a16e462142f6318dff16076') in 0.0295672 seconds
Number of updated asset objects reloaded before import = 0Number of asset objects unloaded after import = 154

========================================================================
Received Import Request.
  Time since last request: 0.000028 seconds.
  path: Assets/Studio33 Interactive_[BasketBall] v1.1/Animations/Basketball Motions Humanoid/237_BtlCrossoverWindup.fbx
  artifactKey: Guid(a67c544bb8b91d842bb444f9bcd24670) Importer(2089858483,b0f066a214c2f5e87bad3c948f4d605d)
Start importing Assets/Studio33 Interactive_[BasketBall] v1.1/Animations/Basketball Motions Humanoid/237_BtlCrossoverWindup.fbx using Guid(a67c544bb8b91d842bb444f9bcd24670) Importer(2089858483,b0f066a214c2f5e87bad3c948f4d605d) (ScriptedImporter) -> (artifact id: 'f3d34a6bcb770022782ca1eba7cc553f') in 0.0251304 seconds
Number of updated asset objects reloaded before import = 0Number of asset objects unloaded after import = 154

========================================================================
Received Import Request.
  Time since last request: 0.000038 seconds.
  path: Assets/Studio33 Interactive_[BasketBall] v1.1/Animations/Basketball Motions_Generic/1648_AlleyoopRLA.fbx
  artifactKey: Guid(588c70f8ea785c44ea619e85c8f639f1) Importer(2089858483,b0f066a214c2f5e87bad3c948f4d605d)
Start importing Assets/Studio33 Interactive_[BasketBall] v1.1/Animations/Basketball Motions_Generic/1648_AlleyoopRLA.fbx using Guid(588c70f8ea785c44ea619e85c8f639f1) Importer(2089858483,b0f066a214c2f5e87bad3c948f4d605d) (ScriptedImporter) -> (artifact id: '5196d70d7591ab3b229f5c39d3d6636f') in 0.0254322 seconds
Number of updated asset objects reloaded before import = 0Number of asset objects unloaded after import = 152

========================================================================
Received Import Request.
  Time since last request: 0.000027 seconds.
  path: Assets/Studio33 Interactive_[BasketBall] v1.1/Animations/Basketball Motions Humanoid/1703_PutbarA.fbx
  artifactKey: Guid(4acfa7935f0e7a54aaf266d5abc33738) Importer(2089858483,b0f066a214c2f5e87bad3c948f4d605d)
Start importing Assets/Studio33 Interactive_[BasketBall] v1.1/Animations/Basketball Motions Humanoid/1703_PutbarA.fbx using Guid(4acfa7935f0e7a54aaf266d5abc33738) Importer(2089858483,b0f066a214c2f5e87bad3c948f4d605d) (ScriptedImporter) -> (artifact id: '1a5d52fa34fbef55781ff1391435ff3e') in 0.0253934 seconds
Number of updated asset objects reloaded before import = 0Number of asset objects unloaded after import = 154

========================================================================
Received Import Request.
  Time since last request: 0.000021 seconds.
  path: Assets/Studio33 Interactive_[BasketBall] v1.1/Animations/Basketball Motions_Generic/1597_DunkClutchRRightA.fbx
  artifactKey: Guid(38defd4c07857104ab7c70769eb6c80b) Importer(2089858483,b0f066a214c2f5e87bad3c948f4d605d)
Start importing Assets/Studio33 Interactive_[BasketBall] v1.1/Animations/Basketball Motions_Generic/1597_DunkClutchRRightA.fbx using Guid(38defd4c07857104ab7c70769eb6c80b) Importer(2089858483,b0f066a214c2f5e87bad3c948f4d605d) (ScriptedImporter) -> (artifact id: 'e8f322874db7c17500bc6b7c5f1cf26a') in 0.0265292 seconds
Number of updated asset objects reloaded before import = 0Number of asset objects unloaded after import = 152

========================================================================
Received Import Request.
  Time since last request: 0.000025 seconds.
  path: Assets/Studio33 Interactive_[BasketBall] v1.1/Animations/Basketball Motions_Generic/1128_BlockingckedDunkLeftA.fbx
  artifactKey: Guid(05037156f3555bc4990741b74e213b16) Importer(2089858483,b0f066a214c2f5e87bad3c948f4d605d)
Start importing Assets/Studio33 Interactive_[BasketBall] v1.1/Animations/Basketball Motions_Generic/1128_BlockingckedDunkLeftA.fbx using Guid(05037156f3555bc4990741b74e213b16) Importer(2089858483,b0f066a214c2f5e87bad3c948f4d605d) (ScriptedImporter) -> (artifact id: 'a31ea5d36170db5e182677192448abdd') in 0.0247503 seconds
Number of updated asset objects reloaded before import = 0Number of asset objects unloaded after import = 152

========================================================================
Received Import Request.
  Time since last request: 0.000121 seconds.
  path: Assets/Studio33 Interactive_[BasketBall] v1.1/Animations/Basketball Motions_Generic/2041_DunkCA.fbx
  artifactKey: Guid(8eb99dd2836feb545b59716298cd7420) Importer(2089858483,b0f066a214c2f5e87bad3c948f4d605d)
Start importing Assets/Studio33 Interactive_[BasketBall] v1.1/Animations/Basketball Motions_Generic/2041_DunkCA.fbx using Guid(8eb99dd2836feb545b59716298cd7420) Importer(2089858483,b0f066a214c2f5e87bad3c948f4d605d) (ScriptedImporter) -> (artifact id: 'cc00271d37740352ed658cd104478be4') in 0.0268663 seconds
Number of updated asset objects reloaded before import = 0Number of asset objects unloaded after import = 152

========================================================================
Received Import Request.
  Time since last request: 0.000027 seconds.
  path: Assets/Studio33 Interactive_[BasketBall] v1.1/Animations/Basketball Motions_Generic/1096_ScreequickescapeBaa.fbx
  artifactKey: Guid(25441bd0717818e4ebe0a5d39faee24e) Importer(2089858483,b0f066a214c2f5e87bad3c948f4d605d)
Start importing Assets/Studio33 Interactive_[BasketBall] v1.1/Animations/Basketball Motions_Generic/1096_ScreequickescapeBaa.fbx using Guid(25441bd0717818e4ebe0a5d39faee24e) Importer(2089858483,b0f066a214c2f5e87bad3c948f4d605d) (ScriptedImporter) -> (artifact id: 'd3177a774628ab50aedfc77e52a57301') in 0.0230337 seconds
Number of updated asset objects reloaded before import = 0Number of asset objects unloaded after import = 152

========================================================================
Received Import Request.
  Time since last request: 0.000021 seconds.
  path: Assets/Studio33 Interactive_[BasketBall] v1.1/Animations/Basketball Motions_Generic/2187_TravNorLA.fbx
  artifactKey: Guid(110cf9a094eb1ad43990c4936f27a7d2) Importer(2089858483,b0f066a214c2f5e87bad3c948f4d605d)
Start importing Assets/Studio33 Interactive_[BasketBall] v1.1/Animations/Basketball Motions_Generic/2187_TravNorLA.fbx using Guid(110cf9a094eb1ad43990c4936f27a7d2) Importer(2089858483,b0f066a214c2f5e87bad3c948f4d605d) (ScriptedImporter) -> (artifact id: '99b96a1037086dbe6e0312125ad6a963') in 0.0259112 seconds
Number of updated asset objects reloaded before import = 0Number of asset objects unloaded after import = 152

========================================================================
Received Import Request.
  Time since last request: 0.000034 seconds.
  path: Assets/Studio33 Interactive_[BasketBall] v1.1/Animations/Basketball Motions Humanoid/2034_DunkRA.fbx
  artifactKey: Guid(d5eddb991b1a7ad4f8838806f7ec4603) Importer(2089858483,b0f066a214c2f5e87bad3c948f4d605d)
Start importing Assets/Studio33 Interactive_[BasketBall] v1.1/Animations/Basketball Motions Humanoid/2034_DunkRA.fbx using Guid(d5eddb991b1a7ad4f8838806f7ec4603) Importer(2089858483,b0f066a214c2f5e87bad3c948f4d605d) (ScriptedImporter) -> (artifact id: 'cec89b619d38732e33621b04cec8aceb') in 0.027414 seconds
Number of updated asset objects reloaded before import = 0Number of asset objects unloaded after import = 154

========================================================================
Received Import Request.
  Time since last request: 0.000042 seconds.
  path: Assets/Studio33 Interactive_[BasketBall] v1.1/Animations/Basketball Motions_Generic/1988_GgJumpshotReadyFake.fbx
  artifactKey: Guid(5079f94722de8884394d6a8ad54b36bf) Importer(2089858483,b0f066a214c2f5e87bad3c948f4d605d)
Start importing Assets/Studio33 Interactive_[BasketBall] v1.1/Animations/Basketball Motions_Generic/1988_GgJumpshotReadyFake.fbx using Guid(5079f94722de8884394d6a8ad54b36bf) Importer(2089858483,b0f066a214c2f5e87bad3c948f4d605d) (ScriptedImporter) -> (artifact id: '40960bf9b106ba6398fa34c5b634e980') in 0.0215364 seconds
Number of updated asset objects reloaded before import = 0Number of asset objects unloaded after import = 152

========================================================================
Received Import Request.
  Time since last request: 0.000022 seconds.
  path: Assets/Studio33 Interactive_[BasketBall] v1.1/Animations/Basketball Motions Humanoid/281_CrossoverThRRight.fbx
  artifactKey: Guid(0ee6128891adbe145ae731ba70733e05) Importer(2089858483,b0f066a214c2f5e87bad3c948f4d605d)
Start importing Assets/Studio33 Interactive_[BasketBall] v1.1/Animations/Basketball Motions Humanoid/281_CrossoverThRRight.fbx using Guid(0ee6128891adbe145ae731ba70733e05) Importer(2089858483,b0f066a214c2f5e87bad3c948f4d605d) (ScriptedImporter) -> (artifact id: 'f28d0e57ac376e46b36c322ca13aa7fb') in 0.0312417 seconds
Number of updated asset objects reloaded before import = 0Number of asset objects unloaded after import = 154

========================================================================
Received Import Request.
  Time since last request: 0.000035 seconds.
  path: Assets/Studio33 Interactive_[BasketBall] v1.1/Animations/Basketball Motions_Generic/1713_DunkRA.fbx
  artifactKey: Guid(910a545456eebb041b6d7f84d5f24c7b) Importer(2089858483,b0f066a214c2f5e87bad3c948f4d605d)
Start importing Assets/Studio33 Interactive_[BasketBall] v1.1/Animations/Basketball Motions_Generic/1713_DunkRA.fbx using Guid(910a545456eebb041b6d7f84d5f24c7b) Importer(2089858483,b0f066a214c2f5e87bad3c948f4d605d) (ScriptedImporter) -> (artifact id: 'f677ac6d4107f764b6dac67c8133481c') in 0.0243524 seconds
Number of updated asset objects reloaded before import = 0Number of asset objects unloaded after import = 152

========================================================================
Received Import Request.
  Time since last request: 0.000034 seconds.
  path: Assets/Studio33 Interactive_[BasketBall] v1.1/33_basket ball test animations/player/Studio33_basketball_c07.png
  artifactKey: Guid(ac1f041c3b7af66499952692e49e798e) Importer(2089858483,b0f066a214c2f5e87bad3c948f4d605d)
Start importing Assets/Studio33 Interactive_[BasketBall] v1.1/33_basket ball test animations/player/Studio33_basketball_c07.png using Guid(ac1f041c3b7af66499952692e49e798e) Importer(2089858483,b0f066a214c2f5e87bad3c948f4d605d) (ScriptedImporter) -> (artifact id: 'f52333929b9d6fbb410a65b9feff7433') in 0.0212731 seconds
Number of updated asset objects reloaded before import = 0Number of asset objects unloaded after import = 1

========================================================================
Received Import Request.
  Time since last request: 0.000042 seconds.
  path: Assets/Studio33 Interactive_[BasketBall] v1.1/Animations/Basketball Motions Humanoid/533_KneehereadyFake.fbx
  artifactKey: Guid(7558d559667e70f4a919c94e4d41b12d) Importer(2089858483,b0f066a214c2f5e87bad3c948f4d605d)
Start importing Assets/Studio33 Interactive_[BasketBall] v1.1/Animations/Basketball Motions Humanoid/533_KneehereadyFake.fbx using Guid(7558d559667e70f4a919c94e4d41b12d) Importer(2089858483,b0f066a214c2f5e87bad3c948f4d605d) (ScriptedImporter) -> (artifact id: 'b47977c0a225d69b8a34941350976f6e') in 0.0263149 seconds
Number of updated asset objects reloaded before import = 0Number of asset objects unloaded after import = 154

========================================================================
Received Import Request.
  Time since last request: 0.000022 seconds.
  path: Assets/Studio33 Interactive_[BasketBall] v1.1/Animations/Basketball Motions_Generic/1198_DunkRA.fbx
  artifactKey: Guid(dcde0b7fa627076459e69db16996264a) Importer(2089858483,b0f066a214c2f5e87bad3c948f4d605d)
Start importing Assets/Studio33 Interactive_[BasketBall] v1.1/Animations/Basketball Motions_Generic/1198_DunkRA.fbx using Guid(dcde0b7fa627076459e69db16996264a) Importer(2089858483,b0f066a214c2f5e87bad3c948f4d605d) (ScriptedImporter) -> (artifact id: '72a34bbccb531eab5955430238ad8c5e') in 0.0254618 seconds
Number of updated asset objects reloaded before import = 0Number of asset objects unloaded after import = 152

========================================================================
Received Import Request.
  Time since last request: 0.000020 seconds.
  path: Assets/Studio33 Interactive_[BasketBall] v1.1/Animations/Basketball Motions Humanoid/300_ScreespinStepRL.fbx
  artifactKey: Guid(c46dd6007d4734e408649290073e1b90) Importer(2089858483,b0f066a214c2f5e87bad3c948f4d605d)
Start importing Assets/Studio33 Interactive_[BasketBall] v1.1/Animations/Basketball Motions Humanoid/300_ScreespinStepRL.fbx using Guid(c46dd6007d4734e408649290073e1b90) Importer(2089858483,b0f066a214c2f5e87bad3c948f4d605d) (ScriptedImporter) -> (artifact id: '6d02dfd5b1eb498777af90f195bc5163') in 0.0255688 seconds
Number of updated asset objects reloaded before import = 0Number of asset objects unloaded after import = 154

========================================================================
Received Import Request.
  Time since last request: 0.000027 seconds.
  path: Assets/Studio33 Interactive_[BasketBall] v1.1/Animations/Basketball Motions_Generic/648_Run.fbx
  artifactKey: Guid(4ef7b4bfede4996408ed117bfee96e70) Importer(2089858483,b0f066a214c2f5e87bad3c948f4d605d)
Start importing Assets/Studio33 Interactive_[BasketBall] v1.1/Animations/Basketball Motions_Generic/648_Run.fbx using Guid(4ef7b4bfede4996408ed117bfee96e70) Importer(2089858483,b0f066a214c2f5e87bad3c948f4d605d) (ScriptedImporter) -> (artifact id: '48e24f9f5bbb5ffcc11689aeef8dda68') in 0.0249408 seconds
Number of updated asset objects reloaded before import = 0Number of asset objects unloaded after import = 152

========================================================================
Received Import Request.
  Time since last request: 0.000044 seconds.
  path: Assets/Studio33 Interactive_[BasketBall] v1.1/33_basket ball test animations/player/Back_number/Back_number_B/Back_number_B_c10.png
  artifactKey: Guid(9911f478dfe377b47b1ac97031ab7bc5) Importer(2089858483,b0f066a214c2f5e87bad3c948f4d605d)
Start importing Assets/Studio33 Interactive_[BasketBall] v1.1/33_basket ball test animations/player/Back_number/Back_number_B/Back_number_B_c10.png using Guid(9911f478dfe377b47b1ac97031ab7bc5) Importer(2089858483,b0f066a214c2f5e87bad3c948f4d605d) (ScriptedImporter) -> (artifact id: '79016a7b17f575bacec98068ce141126') in 0.0213441 seconds
Number of updated asset objects reloaded before import = 0Number of asset objects unloaded after import = 1

========================================================================
Received Import Request.
  Time since last request: 0.000030 seconds.
  path: Assets/Studio33 Interactive_[BasketBall] v1.1/Animations/Basketball Motions_Generic/477_ChangeRightLA.fbx
  artifactKey: Guid(7e57b0a832f99a442967bf1460413f4a) Importer(2089858483,b0f066a214c2f5e87bad3c948f4d605d)
Start importing Assets/Studio33 Interactive_[BasketBall] v1.1/Animations/Basketball Motions_Generic/477_ChangeRightLA.fbx using Guid(7e57b0a832f99a442967bf1460413f4a) Importer(2089858483,b0f066a214c2f5e87bad3c948f4d605d) (ScriptedImporter) -> (artifact id: '8f6be0049101f27d997a9bc885ef0efe') in 0.0243169 seconds
Number of updated asset objects reloaded before import = 0Number of asset objects unloaded after import = 152

========================================================================
Received Import Request.
  Time since last request: 0.000033 seconds.
  path: Assets/Studio33 Interactive_[BasketBall] v1.1/Animations/Basketball Motions Humanoid/1185_DunkRAG.fbx
  artifactKey: Guid(7cacc168ec8dfbe40b30017496197541) Importer(2089858483,b0f066a214c2f5e87bad3c948f4d605d)
Start importing Assets/Studio33 Interactive_[BasketBall] v1.1/Animations/Basketball Motions Humanoid/1185_DunkRAG.fbx using Guid(7cacc168ec8dfbe40b30017496197541) Importer(2089858483,b0f066a214c2f5e87bad3c948f4d605d) (ScriptedImporter) -> (artifact id: 'cfa3d635526f1206dae4b1a7473965ed') in 0.0306044 seconds
Number of updated asset objects reloaded before import = 0Number of asset objects unloaded after import = 154

========================================================================
Received Import Request.
  Time since last request: 0.000022 seconds.
  path: Assets/Studio33 Interactive_[BasketBall] v1.1/Animations/Basketball Motions_Generic/1160_DunkCA.fbx
  artifactKey: Guid(771588ef1cc2dbe45bcca14122651efc) Importer(2089858483,b0f066a214c2f5e87bad3c948f4d605d)
Start importing Assets/Studio33 Interactive_[BasketBall] v1.1/Animations/Basketball Motions_Generic/1160_DunkCA.fbx using Guid(771588ef1cc2dbe45bcca14122651efc) Importer(2089858483,b0f066a214c2f5e87bad3c948f4d605d) (ScriptedImporter) -> (artifact id: '47d6a0c594e15b7dab22bd7b426e7018') in 0.028059 seconds
Number of updated asset objects reloaded before import = 0Number of asset objects unloaded after import = 152

========================================================================
Received Import Request.
  Time since last request: 0.000031 seconds.
  path: Assets/Studio33 Interactive_[BasketBall] v1.1/Animations/Basketball Motions Humanoid/1286_DunkCA.fbx
  artifactKey: Guid(fb0be4504843d3849ae09364e3e4744f) Importer(2089858483,b0f066a214c2f5e87bad3c948f4d605d)
Start importing Assets/Studio33 Interactive_[BasketBall] v1.1/Animations/Basketball Motions Humanoid/1286_DunkCA.fbx using Guid(fb0be4504843d3849ae09364e3e4744f) Importer(2089858483,b0f066a214c2f5e87bad3c948f4d605d) (ScriptedImporter) -> (artifact id: '3832795f3fc6dfdea6f81a0cef6e8b49') in 0.0278845 seconds
Number of updated asset objects reloaded before import = 0Number of asset objects unloaded after import = 154

========================================================================
Received Import Request.
  Time since last request: 0.000026 seconds.
  path: Assets/Studio33 Interactive_[BasketBall] v1.1/Animations/Basketball Motions Humanoid/1637_HookRA.fbx
  artifactKey: Guid(ae97fdb0879a80b43a5b8209980ac83c) Importer(2089858483,b0f066a214c2f5e87bad3c948f4d605d)
Start importing Assets/Studio33 Interactive_[BasketBall] v1.1/Animations/Basketball Motions Humanoid/1637_HookRA.fbx using Guid(ae97fdb0879a80b43a5b8209980ac83c) Importer(2089858483,b0f066a214c2f5e87bad3c948f4d605d) (ScriptedImporter) -> (artifact id: '68af68cc236d32dd6e69cfdd6be338b7') in 0.0295678 seconds
Number of updated asset objects reloaded before import = 0Number of asset objects unloaded after import = 154

========================================================================
Received Import Request.
  Time since last request: 0.000023 seconds.
  path: Assets/Studio33 Interactive_[BasketBall] v1.1/Animations/Basketball Motions_Generic/1278_DclutchRBaA.fbx
  artifactKey: Guid(a77e4c25f7071a644b8a1c9c96c8ed5c) Importer(2089858483,b0f066a214c2f5e87bad3c948f4d605d)
Start importing Assets/Studio33 Interactive_[BasketBall] v1.1/Animations/Basketball Motions_Generic/1278_DclutchRBaA.fbx using Guid(a77e4c25f7071a644b8a1c9c96c8ed5c) Importer(2089858483,b0f066a214c2f5e87bad3c948f4d605d) (ScriptedImporter) -> (artifact id: 'c9949a723ac317861cdb5a8507b1b0c4') in 0.0274191 seconds
Number of updated asset objects reloaded before import = 0Number of asset objects unloaded after import = 152

========================================================================
Received Import Request.
  Time since last request: 0.000029 seconds.
  path: Assets/Studio33 Interactive_[BasketBall] v1.1/Animations/Basketball Motions Humanoid/604_LoosebalowLA.fbx
  artifactKey: Guid(2e49ff22773a2d946b9a0f993b78c848) Importer(2089858483,b0f066a214c2f5e87bad3c948f4d605d)
Start importing Assets/Studio33 Interactive_[BasketBall] v1.1/Animations/Basketball Motions Humanoid/604_LoosebalowLA.fbx using Guid(2e49ff22773a2d946b9a0f993b78c848) Importer(2089858483,b0f066a214c2f5e87bad3c948f4d605d) (ScriptedImporter) -> (artifact id: 'f725b3a66c21190ca72a73d35f476986') in 0.0261221 seconds
Number of updated asset objects reloaded before import = 0Number of asset objects unloaded after import = 154

========================================================================
Received Import Request.
  Time since last request: 0.000033 seconds.
  path: Assets/Studio33 Interactive_[BasketBall] v1.1/Animations/Basketball Motions Humanoid/55_BlockingckncatchShortLayupFA.fbx
  artifactKey: Guid(f9fe451edab5f6d47a6ab2fdc9cf4ee8) Importer(2089858483,b0f066a214c2f5e87bad3c948f4d605d)
Start importing Assets/Studio33 Interactive_[BasketBall] v1.1/Animations/Basketball Motions Humanoid/55_BlockingckncatchShortLayupFA.fbx using Guid(f9fe451edab5f6d47a6ab2fdc9cf4ee8) Importer(2089858483,b0f066a214c2f5e87bad3c948f4d605d) (ScriptedImporter) -> (artifact id: '03144c5d418d841c4a2b6b45a50397fd') in 0.0304209 seconds
Number of updated asset objects reloaded before import = 0Number of asset objects unloaded after import = 154

========================================================================
Received Import Request.
  Time since last request: 0.000022 seconds.
  path: Assets/Studio33 Interactive_[BasketBall] v1.1/Animations/Basketball Motions_Generic/434_DefenceFrontA.fbx
  artifactKey: Guid(1697b08d5a13282468a1a6037bcf9eb3) Importer(2089858483,b0f066a214c2f5e87bad3c948f4d605d)
Start importing Assets/Studio33 Interactive_[BasketBall] v1.1/Animations/Basketball Motions_Generic/434_DefenceFrontA.fbx using Guid(1697b08d5a13282468a1a6037bcf9eb3) Importer(2089858483,b0f066a214c2f5e87bad3c948f4d605d) (ScriptedImporter) -> (artifact id: 'b0f938e70f1c014f660e763f77ba1736') in 0.0258083 seconds
Number of updated asset objects reloaded before import = 0Number of asset objects unloaded after import = 152

========================================================================
Received Import Request.
  Time since last request: 0.000020 seconds.
  path: Assets/Studio33 Interactive_[BasketBall] v1.1/Animations/Basketball Motions Humanoid/221_CrossEurostepLayupR.fbx
  artifactKey: Guid(8783552fac0176642be29a4acca11956) Importer(2089858483,b0f066a214c2f5e87bad3c948f4d605d)
Start importing Assets/Studio33 Interactive_[BasketBall] v1.1/Animations/Basketball Motions Humanoid/221_CrossEurostepLayupR.fbx using Guid(8783552fac0176642be29a4acca11956) Importer(2089858483,b0f066a214c2f5e87bad3c948f4d605d) (ScriptedImporter) -> (artifact id: 'f8485923e42d9d62009a9be2b4edcfaf') in 0.0269889 seconds
Number of updated asset objects reloaded before import = 0Number of asset objects unloaded after import = 154

========================================================================
Received Import Request.
  Time since last request: 0.000024 seconds.
  path: Assets/Studio33 Interactive_[BasketBall] v1.1/Animations/Basketball Motions Humanoid/982_Rebound fB.fbx
  artifactKey: Guid(38a59a389927cf84795857bb386745e6) Importer(2089858483,b0f066a214c2f5e87bad3c948f4d605d)
Start importing Assets/Studio33 Interactive_[BasketBall] v1.1/Animations/Basketball Motions Humanoid/982_Rebound fB.fbx using Guid(38a59a389927cf84795857bb386745e6) Importer(2089858483,b0f066a214c2f5e87bad3c948f4d605d) (ScriptedImporter) -> (artifact id: '437ef5a195af902d329e44614085b5bb') in 0.0286486 seconds
Number of updated asset objects reloaded before import = 0Number of asset objects unloaded after import = 154

========================================================================
Received Import Request.
  Time since last request: 0.000037 seconds.
  path: Assets/Studio33 Interactive_[BasketBall] v1.1/Animations/Basketball Motions Humanoid/1584_DunkCC.fbx
  artifactKey: Guid(9b1454c0ba64bb14f9369c7d18294fcf) Importer(2089858483,b0f066a214c2f5e87bad3c948f4d605d)
Start importing Assets/Studio33 Interactive_[BasketBall] v1.1/Animations/Basketball Motions Humanoid/1584_DunkCC.fbx using Guid(9b1454c0ba64bb14f9369c7d18294fcf) Importer(2089858483,b0f066a214c2f5e87bad3c948f4d605d) (ScriptedImporter) -> (artifact id: '37933c34be98ff8f873beb45c9bcf437') in 0.0301463 seconds
Number of updated asset objects reloaded before import = 0Number of asset objects unloaded after import = 154

========================================================================
Received Import Request.
  Time since last request: 0.000024 seconds.
  path: Assets/Studio33 Interactive_[BasketBall] v1.1/Animations/Basketball Motions Humanoid/684_AlleyoopNpassFA.fbx
  artifactKey: Guid(7f24667a5a96ed94f931fcd483c42d03) Importer(2089858483,b0f066a214c2f5e87bad3c948f4d605d)
Start importing Assets/Studio33 Interactive_[BasketBall] v1.1/Animations/Basketball Motions Humanoid/684_AlleyoopNpassFA.fbx using Guid(7f24667a5a96ed94f931fcd483c42d03) Importer(2089858483,b0f066a214c2f5e87bad3c948f4d605d) (ScriptedImporter) -> (artifact id: 'c5647c97e75f81d8c13597522a7316f9') in 0.0321253 seconds
Number of updated asset objects reloaded before import = 0Number of asset objects unloaded after import = 154

========================================================================
Received Import Request.
  Time since last request: 0.000019 seconds.
  path: Assets/Studio33 Interactive_[BasketBall] v1.1/Animations/Basketball Motions_Generic/981_Rebound fC.fbx
  artifactKey: Guid(c16eaa19025873c478da98d235fb1a1f) Importer(2089858483,b0f066a214c2f5e87bad3c948f4d605d)
Start importing Assets/Studio33 Interactive_[BasketBall] v1.1/Animations/Basketball Motions_Generic/981_Rebound fC.fbx using Guid(c16eaa19025873c478da98d235fb1a1f) Importer(2089858483,b0f066a214c2f5e87bad3c948f4d605d) (ScriptedImporter) -> (artifact id: '318516e7168343d299ce89149094509e') in 0.0248325 seconds
Number of updated asset objects reloaded before import = 0Number of asset objects unloaded after import = 152

========================================================================
Received Import Request.
  Time since last request: 0.000036 seconds.
  path: Assets/Studio33 Interactive_[BasketBall] v1.1/Animations/Basketball Motions Humanoid/1142_DclutchFRightA.fbx
  artifactKey: Guid(faaa08db7239e7040a28ba0ce8a2c190) Importer(2089858483,b0f066a214c2f5e87bad3c948f4d605d)
Start importing Assets/Studio33 Interactive_[BasketBall] v1.1/Animations/Basketball Motions Humanoid/1142_DclutchFRightA.fbx using Guid(faaa08db7239e7040a28ba0ce8a2c190) Importer(2089858483,b0f066a214c2f5e87bad3c948f4d605d) (ScriptedImporter) -> (artifact id: '1f174689b90bc9440e39b0cdae195c6a') in 0.0319 seconds
Number of updated asset objects reloaded before import = 0Number of asset objects unloaded after import = 154

========================================================================
Received Import Request.
  Time since last request: 0.000050 seconds.
  path: Assets/Studio33 Interactive_[BasketBall] v1.1/Animations/Basketball Motions_Generic/1884_JumpshotPumpfakespishoot.fbx
  artifactKey: Guid(0bc1b37161084004f8801163076f3129) Importer(2089858483,b0f066a214c2f5e87bad3c948f4d605d)
Start importing Assets/Studio33 Interactive_[BasketBall] v1.1/Animations/Basketball Motions_Generic/1884_JumpshotPumpfakespishoot.fbx using Guid(0bc1b37161084004f8801163076f3129) Importer(2089858483,b0f066a214c2f5e87bad3c948f4d605d) (ScriptedImporter) -> (artifact id: 'f184fa5d44d806b4c7ddbab3c96aac6f') in 0.025453 seconds
Number of updated asset objects reloaded before import = 0Number of asset objects unloaded after import = 152

========================================================================
Received Import Request.
  Time since last request: 0.000022 seconds.
  path: Assets/Studio33 Interactive_[BasketBall] v1.1/Animations/Basketball Motions Humanoid/483_DribbledashTurRL.fbx
  artifactKey: Guid(e20b8d0da94c57a4b84bb012220c3746) Importer(2089858483,b0f066a214c2f5e87bad3c948f4d605d)
Start importing Assets/Studio33 Interactive_[BasketBall] v1.1/Animations/Basketball Motions Humanoid/483_DribbledashTurRL.fbx using Guid(e20b8d0da94c57a4b84bb012220c3746) Importer(2089858483,b0f066a214c2f5e87bad3c948f4d605d) (ScriptedImporter) -> (artifact id: 'fab4f1ff8efd27bd4e5453297e603b9a') in 0.0265658 seconds
Number of updated asset objects reloaded before import = 0Number of asset objects unloaded after import = 154

========================================================================
Received Import Request.
  Time since last request: 0.000019 seconds.
  path: Assets/Studio33 Interactive_[BasketBall] v1.1/Animations/Basketball Motions_Generic/660_Run.fbx
  artifactKey: Guid(d29047aa8b50dfc49b385df98c70ddba) Importer(2089858483,b0f066a214c2f5e87bad3c948f4d605d)
Start importing Assets/Studio33 Interactive_[BasketBall] v1.1/Animations/Basketball Motions_Generic/660_Run.fbx using Guid(d29047aa8b50dfc49b385df98c70ddba) Importer(2089858483,b0f066a214c2f5e87bad3c948f4d605d) (ScriptedImporter) -> (artifact id: '0ec347b8378e9fa2cc87464dd9922188') in 0.0269379 seconds
Number of updated asset objects reloaded before import = 0Number of asset objects unloaded after import = 152

========================================================================
Received Import Request.
  Time since last request: 0.000037 seconds.
  path: Assets/Studio33 Interactive_[BasketBall] v1.1/Animations/Basketball Motions_Generic/1465_JumpshotReadyFake.fbx
  artifactKey: Guid(6aab2b1739d40664d8db9cdecc0853ff) Importer(2089858483,b0f066a214c2f5e87bad3c948f4d605d)
Start importing Assets/Studio33 Interactive_[BasketBall] v1.1/Animations/Basketball Motions_Generic/1465_JumpshotReadyFake.fbx using Guid(6aab2b1739d40664d8db9cdecc0853ff) Importer(2089858483,b0f066a214c2f5e87bad3c948f4d605d) (ScriptedImporter) -> (artifact id: '1aeba0471d845bb4a9c04297cb56d479') in 0.0245459 seconds
Number of updated asset objects reloaded before import = 0Number of asset objects unloaded after import = 152

========================================================================
Received Import Request.
  Time since last request: 0.000052 seconds.
  path: Assets/Studio33 Interactive_[BasketBall] v1.1/Animations/Basketball Motions Humanoid/1408_OverTossShootA.fbx
  artifactKey: Guid(d328ea981676b54498afd1f2582a25b1) Importer(2089858483,b0f066a214c2f5e87bad3c948f4d605d)
Start importing Assets/Studio33 Interactive_[BasketBall] v1.1/Animations/Basketball Motions Humanoid/1408_OverTossShootA.fbx using Guid(d328ea981676b54498afd1f2582a25b1) Importer(2089858483,b0f066a214c2f5e87bad3c948f4d605d) (ScriptedImporter) -> (artifact id: '784950926035519e16fee02bc1062188') in 0.0236907 seconds
Number of updated asset objects reloaded before import = 0Number of asset objects unloaded after import = 154

========================================================================
Received Import Request.
  Time since last request: 0.000029 seconds.
  path: Assets/Studio33 Interactive_[BasketBall] v1.1/Animations/Basketball Motions_Generic/1246_LayupfakeTurnjumpCA.fbx
  artifactKey: Guid(d866271ec4a798c49bd28bf586e5ee3e) Importer(2089858483,b0f066a214c2f5e87bad3c948f4d605d)
Start importing Assets/Studio33 Interactive_[BasketBall] v1.1/Animations/Basketball Motions_Generic/1246_LayupfakeTurnjumpCA.fbx using Guid(d866271ec4a798c49bd28bf586e5ee3e) Importer(2089858483,b0f066a214c2f5e87bad3c948f4d605d) (ScriptedImporter) -> (artifact id: '6e73cfef24920c6243a5f8438904adb4') in 0.0265114 seconds
Number of updated asset objects reloaded before import = 0Number of asset objects unloaded after import = 152

========================================================================
Received Import Request.
  Time since last request: 0.000019 seconds.
  path: Assets/Studio33 Interactive_[BasketBall] v1.1/Animations/Basketball Motions_Generic/414_FrontDenyFA.fbx
  artifactKey: Guid(57ed5660c5ed74548bfa3c9bcb85bc7c) Importer(2089858483,b0f066a214c2f5e87bad3c948f4d605d)
Start importing Assets/Studio33 Interactive_[BasketBall] v1.1/Animations/Basketball Motions_Generic/414_FrontDenyFA.fbx using Guid(57ed5660c5ed74548bfa3c9bcb85bc7c) Importer(2089858483,b0f066a214c2f5e87bad3c948f4d605d) (ScriptedImporter) -> (artifact id: 'b1166b945a574831dd6b8064aeac7025') in 0.0246942 seconds
Number of updated asset objects reloaded before import = 0Number of asset objects unloaded after import = 152

========================================================================
Received Import Request.
  Time since last request: 0.000025 seconds.
  path: Assets/Studio33 Interactive_[BasketBall] v1.1/Animations/Basketball Motions_Generic/1341_JumpshotMA.fbx
  artifactKey: Guid(5026740c3b35d8e47b6944c944b34d2e) Importer(2089858483,b0f066a214c2f5e87bad3c948f4d605d)
Start importing Assets/Studio33 Interactive_[BasketBall] v1.1/Animations/Basketball Motions_Generic/1341_JumpshotMA.fbx using Guid(5026740c3b35d8e47b6944c944b34d2e) Importer(2089858483,b0f066a214c2f5e87bad3c948f4d605d) (ScriptedImporter) -> (artifact id: '8b678f2b1ead63fc1671169c7b39dbe6') in 0.0233157 seconds
Number of updated asset objects reloaded before import = 0Number of asset objects unloaded after import = 152

========================================================================
Received Import Request.
  Time since last request: 0.000038 seconds.
  path: Assets/Studio33 Interactive_[BasketBall] v1.1/Animations/Basketball Motions_Generic/335_JabstepA.fbx
  artifactKey: Guid(e209c882a0579e94daed21470bb0b280) Importer(2089858483,b0f066a214c2f5e87bad3c948f4d605d)
Start importing Assets/Studio33 Interactive_[BasketBall] v1.1/Animations/Basketball Motions_Generic/335_JabstepA.fbx using Guid(e209c882a0579e94daed21470bb0b280) Importer(2089858483,b0f066a214c2f5e87bad3c948f4d605d) (ScriptedImporter) -> (artifact id: '8a0efae01342b1a2a4f9e06222378a69') in 0.0226743 seconds
Number of updated asset objects reloaded before import = 0Number of asset objects unloaded after import = 152

========================================================================
Received Import Request.
  Time since last request: 0.000021 seconds.
  path: Assets/Studio33 Interactive_[BasketBall] v1.1/Animations/Basketball Motions Humanoid/2035_JumpshotMA.fbx
  artifactKey: Guid(282d11edcc1e3eb4ba01d8ebad948011) Importer(2089858483,b0f066a214c2f5e87bad3c948f4d605d)
Start importing Assets/Studio33 Interactive_[BasketBall] v1.1/Animations/Basketball Motions Humanoid/2035_JumpshotMA.fbx using Guid(282d11edcc1e3eb4ba01d8ebad948011) Importer(2089858483,b0f066a214c2f5e87bad3c948f4d605d) (ScriptedImporter) -> (artifact id: '5986d522b272df16e2f66730943d683f') in 0.0276352 seconds
Number of updated asset objects reloaded before import = 0Number of asset objects unloaded after import = 154

========================================================================
Received Import Request.
  Time since last request: 0.000026 seconds.
  path: Assets/Studio33 Interactive_[BasketBall] v1.1/Animations/Basketball Motions Humanoid/956_Rebound B.fbx
  artifactKey: Guid(03db80ca6ae7fec439db041d6b3a83d9) Importer(2089858483,b0f066a214c2f5e87bad3c948f4d605d)
Start importing Assets/Studio33 Interactive_[BasketBall] v1.1/Animations/Basketball Motions Humanoid/956_Rebound B.fbx using Guid(03db80ca6ae7fec439db041d6b3a83d9) Importer(2089858483,b0f066a214c2f5e87bad3c948f4d605d) (ScriptedImporter) -> (artifact id: '0f1a56b57f9b6af24197d53554bb5a6d') in 0.0237436 seconds
Number of updated asset objects reloaded before import = 0Number of asset objects unloaded after import = 154

========================================================================
Received Import Request.
  Time since last request: 0.000024 seconds.
  path: Assets/Studio33 Interactive_[BasketBall] v1.1/Animations/Basketball Motions Humanoid/399_CutoutRRA.fbx
  artifactKey: Guid(b0d8abb304449734ca4fbd47f1f42e5c) Importer(2089858483,b0f066a214c2f5e87bad3c948f4d605d)
Start importing Assets/Studio33 Interactive_[BasketBall] v1.1/Animations/Basketball Motions Humanoid/399_CutoutRRA.fbx using Guid(b0d8abb304449734ca4fbd47f1f42e5c) Importer(2089858483,b0f066a214c2f5e87bad3c948f4d605d) (ScriptedImporter) -> (artifact id: '41aedb2d1c27d6b97abfb91e5f1a626e') in 0.0260144 seconds
Number of updated asset objects reloaded before import = 0Number of asset objects unloaded after import = 154

========================================================================
Received Import Request.
  Time since last request: 0.000038 seconds.
  path: Assets/Studio33 Interactive_[BasketBall] v1.1/Animations/Basketball Motions_Generic/568_IntRA.fbx
  artifactKey: Guid(0f2c8b2d5b6ce3f45b469b8f21710cd0) Importer(2089858483,b0f066a214c2f5e87bad3c948f4d605d)
Start importing Assets/Studio33 Interactive_[BasketBall] v1.1/Animations/Basketball Motions_Generic/568_IntRA.fbx using Guid(0f2c8b2d5b6ce3f45b469b8f21710cd0) Importer(2089858483,b0f066a214c2f5e87bad3c948f4d605d) (ScriptedImporter) -> (artifact id: '2028350ede71a707e30cf51d6f0266b8') in 0.0291474 seconds
Number of updated asset objects reloaded before import = 0Number of asset objects unloaded after import = 152

========================================================================
Received Import Request.
  Time since last request: 0.000018 seconds.
  path: Assets/Studio33 Interactive_[BasketBall] v1.1/Animations/Basketball Motions_Generic/1805_DunkClutchRLeftA.fbx
  artifactKey: Guid(57763874d856c5b4091d417d6f8cfb79) Importer(2089858483,b0f066a214c2f5e87bad3c948f4d605d)
Start importing Assets/Studio33 Interactive_[BasketBall] v1.1/Animations/Basketball Motions_Generic/1805_DunkClutchRLeftA.fbx using Guid(57763874d856c5b4091d417d6f8cfb79) Importer(2089858483,b0f066a214c2f5e87bad3c948f4d605d) (ScriptedImporter) -> (artifact id: '7430ba3cda92562cb97ef6d48ce491a5') in 0.0279303 seconds
Number of updated asset objects reloaded before import = 0Number of asset objects unloaded after import = 152

========================================================================
Received Import Request.
  Time since last request: 0.000022 seconds.
  path: Assets/Studio33 Interactive_[BasketBall] v1.1/Animations/Basketball Motions Humanoid/1962_JumpshotCCA.fbx
  artifactKey: Guid(0cd0d131f6035374facdb7b28145ae0c) Importer(2089858483,b0f066a214c2f5e87bad3c948f4d605d)
Start importing Assets/Studio33 Interactive_[BasketBall] v1.1/Animations/Basketball Motions Humanoid/1962_JumpshotCCA.fbx using Guid(0cd0d131f6035374facdb7b28145ae0c) Importer(2089858483,b0f066a214c2f5e87bad3c948f4d605d) (ScriptedImporter) -> (artifact id: 'b0fb627cc832f8a039fb697ab9ca6338') in 0.0301315 seconds
Number of updated asset objects reloaded before import = 0Number of asset objects unloaded after import = 154

========================================================================
Received Import Request.
  Time since last request: 0.000029 seconds.
  path: Assets/Studio33 Interactive_[BasketBall] v1.1/Animations/Basketball Motions_Generic/70_BlockingckncatchLongFarJumpFA.fbx
  artifactKey: Guid(2876af3f3aa629f4cb8b94c7968bcfb7) Importer(2089858483,b0f066a214c2f5e87bad3c948f4d605d)
Start importing Assets/Studio33 Interactive_[BasketBall] v1.1/Animations/Basketball Motions_Generic/70_BlockingckncatchLongFarJumpFA.fbx using Guid(2876af3f3aa629f4cb8b94c7968bcfb7) Importer(2089858483,b0f066a214c2f5e87bad3c948f4d605d) (ScriptedImporter) -> (artifact id: '69adabbda04937ef15fc8ebda1498423') in 0.0268491 seconds
Number of updated asset objects reloaded before import = 0Number of asset objects unloaded after import = 152

========================================================================
Received Import Request.
  Time since last request: 0.000036 seconds.
  path: Assets/Studio33 Interactive_[BasketBall] v1.1/Animations/Basketball Motions_Generic/2087_DunkCA.fbx
  artifactKey: Guid(273d901fee1e2374685c265bd2c1da3f) Importer(2089858483,b0f066a214c2f5e87bad3c948f4d605d)
Start importing Assets/Studio33 Interactive_[BasketBall] v1.1/Animations/Basketball Motions_Generic/2087_DunkCA.fbx using Guid(273d901fee1e2374685c265bd2c1da3f) Importer(2089858483,b0f066a214c2f5e87bad3c948f4d605d) (ScriptedImporter) -> (artifact id: '249516a6a79fd578bb19575107c59d47') in 0.0312769 seconds
Number of updated asset objects reloaded before import = 0Number of asset objects unloaded after import = 152

========================================================================
Received Import Request.
  Time since last request: 0.000027 seconds.
  path: Assets/Studio33 Interactive_[BasketBall] v1.1/33_basket ball test animations/player/Back_number/Back_number_Y/Back_number_B_c03.png
  artifactKey: Guid(c32e07064903609478fed1008275d1e4) Importer(2089858483,b0f066a214c2f5e87bad3c948f4d605d)
Start importing Assets/Studio33 Interactive_[BasketBall] v1.1/33_basket ball test animations/player/Back_number/Back_number_Y/Back_number_B_c03.png using Guid(c32e07064903609478fed1008275d1e4) Importer(2089858483,b0f066a214c2f5e87bad3c948f4d605d) (ScriptedImporter) -> (artifact id: 'd74a54577ef5e5cee9d01772fc370e17') in 0.0180234 seconds
Number of updated asset objects reloaded before import = 0Number of asset objects unloaded after import = 1

========================================================================
Received Import Request.
  Time since last request: 0.000020 seconds.
  path: Assets/Studio33 Interactive_[BasketBall] v1.1/Animations/Basketball Motions_Generic/2211_Die.fbx
  artifactKey: Guid(83254eb3a23f45b40995726a4edd801f) Importer(2089858483,b0f066a214c2f5e87bad3c948f4d605d)
Start importing Assets/Studio33 Interactive_[BasketBall] v1.1/Animations/Basketball Motions_Generic/2211_Die.fbx using Guid(83254eb3a23f45b40995726a4edd801f) Importer(2089858483,b0f066a214c2f5e87bad3c948f4d605d) (ScriptedImporter) -> (artifact id: '215d3d325c1f3f9911cc8a48fcf7cecb') in 0.0261516 seconds
Number of updated asset objects reloaded before import = 0Number of asset objects unloaded after import = 152

========================================================================
Received Import Request.
  Time since last request: 0.000032 seconds.
  path: Assets/Studio33 Interactive_[BasketBall] v1.1/Animations/Basketball Motions Humanoid/38_BlockingshortL.fbx
  artifactKey: Guid(b69d6d29b276ac74aa0bba89e957c59c) Importer(2089858483,b0f066a214c2f5e87bad3c948f4d605d)
Start importing Assets/Studio33 Interactive_[BasketBall] v1.1/Animations/Basketball Motions Humanoid/38_BlockingshortL.fbx using Guid(b69d6d29b276ac74aa0bba89e957c59c) Importer(2089858483,b0f066a214c2f5e87bad3c948f4d605d) (ScriptedImporter) -> (artifact id: '1f7682afd0886c851aba3e9084649823') in 0.0259187 seconds
Number of updated asset objects reloaded before import = 0Number of asset objects unloaded after import = 154

========================================================================
Received Import Request.
  Time since last request: 0.000055 seconds.
  path: Assets/Studio33 Interactive_[BasketBall] v1.1/Animations/Basketball Motions Humanoid/593_IntRLowA.fbx
  artifactKey: Guid(c7ea4549de4a89442b0606f8deb71231) Importer(2089858483,b0f066a214c2f5e87bad3c948f4d605d)
Start importing Assets/Studio33 Interactive_[BasketBall] v1.1/Animations/Basketball Motions Humanoid/593_IntRLowA.fbx using Guid(c7ea4549de4a89442b0606f8deb71231) Importer(2089858483,b0f066a214c2f5e87bad3c948f4d605d) (ScriptedImporter) -> (artifact id: '988f15f8184911caedf378210534e7f1') in 0.0284171 seconds
Number of updated asset objects reloaded before import = 0Number of asset objects unloaded after import = 154

========================================================================
Received Import Request.
  Time since last request: 0.000026 seconds.
  path: Assets/Studio33 Interactive_[BasketBall] v1.1/Animations/Basketball Motions Humanoid/2074_JumpshotUAFakeA.fbx
  artifactKey: Guid(0b1943034c619204f8c1b1501d6b1b2b) Importer(2089858483,b0f066a214c2f5e87bad3c948f4d605d)
Start importing Assets/Studio33 Interactive_[BasketBall] v1.1/Animations/Basketball Motions Humanoid/2074_JumpshotUAFakeA.fbx using Guid(0b1943034c619204f8c1b1501d6b1b2b) Importer(2089858483,b0f066a214c2f5e87bad3c948f4d605d) (ScriptedImporter) -> (artifact id: '29d714a1e48fe282a95016f392046647') in 0.0253953 seconds
Number of updated asset objects reloaded before import = 0Number of asset objects unloaded after import = 154

========================================================================
Received Import Request.
  Time since last request: 0.000020 seconds.
  path: Assets/Studio33 Interactive_[BasketBall] v1.1/Animations/Basketball Motions Humanoid/503_Dribbleright.fbx
  artifactKey: Guid(723082e0dbe04834bbfce32e6aeb8e93) Importer(2089858483,b0f066a214c2f5e87bad3c948f4d605d)
Start importing Assets/Studio33 Interactive_[BasketBall] v1.1/Animations/Basketball Motions Humanoid/503_Dribbleright.fbx using Guid(723082e0dbe04834bbfce32e6aeb8e93) Importer(2089858483,b0f066a214c2f5e87bad3c948f4d605d) (ScriptedImporter) -> (artifact id: '6d428ecde6095c0c3d8d1acba7d6b2be') in 0.0291906 seconds
Number of updated asset objects reloaded before import = 0Number of asset objects unloaded after import = 154

========================================================================
Received Import Request.
  Time since last request: 0.000025 seconds.
  path: Assets/Studio33 Interactive_[BasketBall] v1.1/Animations/Basketball Motions Humanoid/2196_RstaDribbleleright.fbx
  artifactKey: Guid(110271ee7de1c67419682f33475c3573) Importer(2089858483,b0f066a214c2f5e87bad3c948f4d605d)
Start importing Assets/Studio33 Interactive_[BasketBall] v1.1/Animations/Basketball Motions Humanoid/2196_RstaDribbleleright.fbx using Guid(110271ee7de1c67419682f33475c3573) Importer(2089858483,b0f066a214c2f5e87bad3c948f4d605d) (ScriptedImporter) -> (artifact id: '7c62b5cffb0b216d1b5a3b4bfe11c249') in 0.0271908 seconds
Number of updated asset objects reloaded before import = 0Number of asset objects unloaded after import = 154

========================================================================
Received Import Request.
  Time since last request: 0.000049 seconds.
  path: Assets/Studio33 Interactive_[BasketBall] v1.1/Animations/Basketball Motions Humanoid/64_BlockingshortL.fbx
  artifactKey: Guid(d8864c1af66d96c4d9a9555baff54cb8) Importer(2089858483,b0f066a214c2f5e87bad3c948f4d605d)
Start importing Assets/Studio33 Interactive_[BasketBall] v1.1/Animations/Basketball Motions Humanoid/64_BlockingshortL.fbx using Guid(d8864c1af66d96c4d9a9555baff54cb8) Importer(2089858483,b0f066a214c2f5e87bad3c948f4d605d) (ScriptedImporter) -> (artifact id: 'c11190710459c1b57a00c3b56fe74e2b') in 0.0258533 seconds
Number of updated asset objects reloaded before import = 0Number of asset objects unloaded after import = 154

========================================================================
Received Import Request.
  Time since last request: 0.000026 seconds.
  path: Assets/Studio33 Interactive_[BasketBall] v1.1/Animations/Basketball Motions Humanoid/740_PostBackingpassKifA.fbx
  artifactKey: Guid(7b1d03ee863546a4f811fb4db164ea6c) Importer(2089858483,b0f066a214c2f5e87bad3c948f4d605d)
Start importing Assets/Studio33 Interactive_[BasketBall] v1.1/Animations/Basketball Motions Humanoid/740_PostBackingpassKifA.fbx using Guid(7b1d03ee863546a4f811fb4db164ea6c) Importer(2089858483,b0f066a214c2f5e87bad3c948f4d605d) (ScriptedImporter) -> (artifact id: '58223695d55d0f9ea3ac2b107b118939') in 0.026794 seconds
Number of updated asset objects reloaded before import = 0Number of asset objects unloaded after import = 154

========================================================================
Received Import Request.
  Time since last request: 0.000026 seconds.
  path: Assets/Studio33 Interactive_[BasketBall] v1.1/Animations/Basketball Motions Humanoid/1581_JumpshotMFakeA.fbx
  artifactKey: Guid(cf4e66a3b53f629448d30a3184ae9f81) Importer(2089858483,b0f066a214c2f5e87bad3c948f4d605d)
Start importing Assets/Studio33 Interactive_[BasketBall] v1.1/Animations/Basketball Motions Humanoid/1581_JumpshotMFakeA.fbx using Guid(cf4e66a3b53f629448d30a3184ae9f81) Importer(2089858483,b0f066a214c2f5e87bad3c948f4d605d) (ScriptedImporter) -> (artifact id: 'dec22e3473daf60516117b74fa8f131c') in 0.0214165 seconds
Number of updated asset objects reloaded before import = 0Number of asset objects unloaded after import = 154

========================================================================
Received Import Request.
  Time since last request: 0.000033 seconds.
  path: Assets/Studio33 Interactive_[BasketBall] v1.1/Animations/Basketball Motions Humanoid/892_PostSpirightLA.fbx
  artifactKey: Guid(d37ce71b4c479104482e0d40e84f5441) Importer(2089858483,b0f066a214c2f5e87bad3c948f4d605d)
Start importing Assets/Studio33 Interactive_[BasketBall] v1.1/Animations/Basketball Motions Humanoid/892_PostSpirightLA.fbx using Guid(d37ce71b4c479104482e0d40e84f5441) Importer(2089858483,b0f066a214c2f5e87bad3c948f4d605d) (ScriptedImporter) -> (artifact id: 'b169a5a56617987fd484ba81b6b30da8') in 0.0258074 seconds
Number of updated asset objects reloaded before import = 0Number of asset objects unloaded after import = 154

========================================================================
Received Import Request.
  Time since last request: 0.000037 seconds.
  path: Assets/Studio33 Interactive_[BasketBall] v1.1/Animations/Basketball Motions Humanoid/1055_SceneMvp.fbx
  artifactKey: Guid(4aeaba50b695b634f8957818622a8694) Importer(2089858483,b0f066a214c2f5e87bad3c948f4d605d)
Start importing Assets/Studio33 Interactive_[BasketBall] v1.1/Animations/Basketball Motions Humanoid/1055_SceneMvp.fbx using Guid(4aeaba50b695b634f8957818622a8694) Importer(2089858483,b0f066a214c2f5e87bad3c948f4d605d) (ScriptedImporter) -> (artifact id: 'd7b740040817e4c209ad6fa2303a8ed7') in 0.0222276 seconds
Number of updated asset objects reloaded before import = 0Number of asset objects unloaded after import = 154

========================================================================
Received Import Request.
  Time since last request: 0.000034 seconds.
  path: Assets/Studio33 Interactive_[BasketBall] v1.1/Animations/Basketball Motions Humanoid/323_CrossFakeStepRTrA.fbx
  artifactKey: Guid(a77cca7756b5248458fd0d750c50324b) Importer(2089858483,b0f066a214c2f5e87bad3c948f4d605d)
Start importing Assets/Studio33 Interactive_[BasketBall] v1.1/Animations/Basketball Motions Humanoid/323_CrossFakeStepRTrA.fbx using Guid(a77cca7756b5248458fd0d750c50324b) Importer(2089858483,b0f066a214c2f5e87bad3c948f4d605d) (ScriptedImporter) -> (artifact id: '39b3497451d75d50f5264827e64154bc') in 0.0272239 seconds
Number of updated asset objects reloaded before import = 0Number of asset objects unloaded after import = 154

========================================================================
Received Import Request.
  Time since last request: 0.000027 seconds.
  path: Assets/Studio33 Interactive_[BasketBall] v1.1/Animations/Basketball Motions_Generic/1393_JumpshotReadyFake.fbx
  artifactKey: Guid(91d49d6394f31f0448f777dccbd97e6b) Importer(2089858483,b0f066a214c2f5e87bad3c948f4d605d)
Start importing Assets/Studio33 Interactive_[BasketBall] v1.1/Animations/Basketball Motions_Generic/1393_JumpshotReadyFake.fbx using Guid(91d49d6394f31f0448f777dccbd97e6b) Importer(2089858483,b0f066a214c2f5e87bad3c948f4d605d) (ScriptedImporter) -> (artifact id: 'cdfb3d97d070d0c87e90a12f3726e792') in 0.0249686 seconds
Number of updated asset objects reloaded before import = 0Number of asset objects unloaded after import = 152

========================================================================
Received Import Request.
  Time since last request: 0.000029 seconds.
  path: Assets/Studio33 Interactive_[BasketBall] v1.1/Animations/Basketball Motions_Generic/1843_DunkCA.fbx
  artifactKey: Guid(4b096107dd316544a9ff44eab5881eee) Importer(2089858483,b0f066a214c2f5e87bad3c948f4d605d)
Start importing Assets/Studio33 Interactive_[BasketBall] v1.1/Animations/Basketball Motions_Generic/1843_DunkCA.fbx using Guid(4b096107dd316544a9ff44eab5881eee) Importer(2089858483,b0f066a214c2f5e87bad3c948f4d605d) (ScriptedImporter) -> (artifact id: '31d77524276ba78580f5fce28fcd3b56') in 0.0269338 seconds
Number of updated asset objects reloaded before import = 0Number of asset objects unloaded after import = 152

========================================================================
Received Import Request.
  Time since last request: 0.000033 seconds.
  path: Assets/Studio33 Interactive_[BasketBall] v1.1/Animations/Basketball Motions Humanoid/31_BlockingshortLayupF.fbx
  artifactKey: Guid(41944507100866a4e9495ed3dd2a60dd) Importer(2089858483,b0f066a214c2f5e87bad3c948f4d605d)
Start importing Assets/Studio33 Interactive_[BasketBall] v1.1/Animations/Basketball Motions Humanoid/31_BlockingshortLayupF.fbx using Guid(41944507100866a4e9495ed3dd2a60dd) Importer(2089858483,b0f066a214c2f5e87bad3c948f4d605d) (ScriptedImporter) -> (artifact id: 'efa3a7a05183c12c713cf0f725940031') in 0.0252017 seconds
Number of updated asset objects reloaded before import = 0Number of asset objects unloaded after import = 154

========================================================================
Received Import Request.
  Time since last request: 0.000034 seconds.
  path: Assets/Studio33 Interactive_[BasketBall] v1.1/Animations/Basketball Motions Humanoid/223_CrossEurostepLayupRev.fbx
  artifactKey: Guid(23fb80523ce391243ab9054f0756378f) Importer(2089858483,b0f066a214c2f5e87bad3c948f4d605d)
Start importing Assets/Studio33 Interactive_[BasketBall] v1.1/Animations/Basketball Motions Humanoid/223_CrossEurostepLayupRev.fbx using Guid(23fb80523ce391243ab9054f0756378f) Importer(2089858483,b0f066a214c2f5e87bad3c948f4d605d) (ScriptedImporter) -> (artifact id: '100776ebf4583f5f69ed23dd3a23c184') in 0.0274415 seconds
Number of updated asset objects reloaded before import = 0Number of asset objects unloaded after import = 154

========================================================================
Received Import Request.
  Time since last request: 0.000070 seconds.
  path: Assets/Studio33 Interactive_[BasketBall] v1.1/Animations/Basketball Motions_Generic/403_UntamedDashA.fbx
  artifactKey: Guid(ae19a6129d52ca84999a7b140e02d35d) Importer(2089858483,b0f066a214c2f5e87bad3c948f4d605d)
Start importing Assets/Studio33 Interactive_[BasketBall] v1.1/Animations/Basketball Motions_Generic/403_UntamedDashA.fbx using Guid(ae19a6129d52ca84999a7b140e02d35d) Importer(2089858483,b0f066a214c2f5e87bad3c948f4d605d) (ScriptedImporter) -> (artifact id: '1476df3698a2d03fec550c4a9f2c5a6b') in 0.026395 seconds
Number of updated asset objects reloaded before import = 0Number of asset objects unloaded after import = 152

========================================================================
Received Import Request.
  Time since last request: 0.000032 seconds.
  path: Assets/Studio33 Interactive_[BasketBall] v1.1/Animations/Basketball Motions Humanoid/577_StealpassLA.fbx
  artifactKey: Guid(42aca1a5786ac7a4d80aa20267a1d5c7) Importer(2089858483,b0f066a214c2f5e87bad3c948f4d605d)
Start importing Assets/Studio33 Interactive_[BasketBall] v1.1/Animations/Basketball Motions Humanoid/577_StealpassLA.fbx using Guid(42aca1a5786ac7a4d80aa20267a1d5c7) Importer(2089858483,b0f066a214c2f5e87bad3c948f4d605d) (ScriptedImporter) -> (artifact id: 'e2a2b68c3fb54095f63a41e7726bb4ab') in 0.0235525 seconds
Number of updated asset objects reloaded before import = 0Number of asset objects unloaded after import = 154

========================================================================
Received Import Request.
  Time since last request: 0.000034 seconds.
  path: Assets/Studio33 Interactive_[BasketBall] v1.1/33_basket ball test animations/player/Back_number/Back_number_B
  artifactKey: Guid(19352b4b959b8a54ea006e3c31bb8724) Importer(2089858483,b0f066a214c2f5e87bad3c948f4d605d)
Start importing Assets/Studio33 Interactive_[BasketBall] v1.1/33_basket ball test animations/player/Back_number/Back_number_B using Guid(19352b4b959b8a54ea006e3c31bb8724) Importer(2089858483,b0f066a214c2f5e87bad3c948f4d605d) (ScriptedImporter) -> (artifact id: 'c46b61283e6c4e3a70d517e2afa670a9') in 0.0107161 seconds
Number of updated asset objects reloaded before import = 0Number of asset objects unloaded after import = 1

========================================================================
Received Import Request.
  Time since last request: 0.000022 seconds.
  path: Assets/Studio33 Interactive_[BasketBall] v1.1/Animations/Basketball Motions_Generic/494_ChangeRightRA.fbx
  artifactKey: Guid(7762ea993bf281241bf8dd7fbde205f4) Importer(2089858483,b0f066a214c2f5e87bad3c948f4d605d)
Start importing Assets/Studio33 Interactive_[BasketBall] v1.1/Animations/Basketball Motions_Generic/494_ChangeRightRA.fbx using Guid(7762ea993bf281241bf8dd7fbde205f4) Importer(2089858483,b0f066a214c2f5e87bad3c948f4d605d) (ScriptedImporter) -> (artifact id: '289eead325469b4598542d28b0c6abb2') in 0.0252942 seconds
Number of updated asset objects reloaded before import = 0Number of asset objects unloaded after import = 152

========================================================================
Received Import Request.
  Time since last request: 0.000026 seconds.
  path: Assets/Studio33 Interactive_[BasketBall] v1.1/Animations/Basketball Motions Humanoid/1874_DunkRA.fbx
  artifactKey: Guid(5377e8cbdd29ee84ab13dfc7b3400c63) Importer(2089858483,b0f066a214c2f5e87bad3c948f4d605d)
Start importing Assets/Studio33 Interactive_[BasketBall] v1.1/Animations/Basketball Motions Humanoid/1874_DunkRA.fbx using Guid(5377e8cbdd29ee84ab13dfc7b3400c63) Importer(2089858483,b0f066a214c2f5e87bad3c948f4d605d) (ScriptedImporter) -> (artifact id: '9f546c3bf5106d439950581a244f9e55') in 0.0271225 seconds
Number of updated asset objects reloaded before import = 0Number of asset objects unloaded after import = 154

========================================================================
Received Import Request.
  Time since last request: 0.000026 seconds.
  path: Assets/Studio33 Interactive_[BasketBall] v1.1/Animations/Basketball Motions Humanoid/1275_DclutchFBaA.fbx
  artifactKey: Guid(e85ec7488ea9b694aa1e84c3a866abfb) Importer(2089858483,b0f066a214c2f5e87bad3c948f4d605d)
Start importing Assets/Studio33 Interactive_[BasketBall] v1.1/Animations/Basketball Motions Humanoid/1275_DclutchFBaA.fbx using Guid(e85ec7488ea9b694aa1e84c3a866abfb) Importer(2089858483,b0f066a214c2f5e87bad3c948f4d605d) (ScriptedImporter) -> (artifact id: 'b45e8e01fe4eceb2ed9ae35ead975c8a') in 0.0268656 seconds
Number of updated asset objects reloaded before import = 0Number of asset objects unloaded after import = 154

========================================================================
Received Import Request.
  Time since last request: 0.000034 seconds.
  path: Assets/Studio33 Interactive_[BasketBall] v1.1/Animations/Basketball Motions_Generic/853_PostBackingpassKifA.fbx
  artifactKey: Guid(3e4d9025bff1d5b448e92115b0c8f29b) Importer(2089858483,b0f066a214c2f5e87bad3c948f4d605d)
Start importing Assets/Studio33 Interactive_[BasketBall] v1.1/Animations/Basketball Motions_Generic/853_PostBackingpassKifA.fbx using Guid(3e4d9025bff1d5b448e92115b0c8f29b) Importer(2089858483,b0f066a214c2f5e87bad3c948f4d605d) (ScriptedImporter) -> (artifact id: 'f6a2260a5d0b4b5b818306272e04afc0') in 0.0260957 seconds
Number of updated asset objects reloaded before import = 0Number of asset objects unloaded after import = 152

========================================================================
Received Import Request.
  Time since last request: 0.000024 seconds.
  path: Assets/Studio33 Interactive_[BasketBall] v1.1/Animations/Basketball Motions Humanoid/1111_ScreeleftMoveA.fbx
  artifactKey: Guid(cbcc3729e7bfb194a8cb902a3ea2cc3b) Importer(2089858483,b0f066a214c2f5e87bad3c948f4d605d)
Start importing Assets/Studio33 Interactive_[BasketBall] v1.1/Animations/Basketball Motions Humanoid/1111_ScreeleftMoveA.fbx using Guid(cbcc3729e7bfb194a8cb902a3ea2cc3b) Importer(2089858483,b0f066a214c2f5e87bad3c948f4d605d) (ScriptedImporter) -> (artifact id: '6a3ac2d23406b49502cc16823125875d') in 0.0286115 seconds
Number of updated asset objects reloaded before import = 0Number of asset objects unloaded after import = 154

========================================================================
Received Import Request.
  Time since last request: 0.000022 seconds.
  path: Assets/Studio33 Interactive_[BasketBall] v1.1/Animations/Basketball Motions_Generic/599_StealfailA.fbx
  artifactKey: Guid(212d8a8e0e870f045b4b5d40b586b0ed) Importer(2089858483,b0f066a214c2f5e87bad3c948f4d605d)
Start importing Assets/Studio33 Interactive_[BasketBall] v1.1/Animations/Basketball Motions_Generic/599_StealfailA.fbx using Guid(212d8a8e0e870f045b4b5d40b586b0ed) Importer(2089858483,b0f066a214c2f5e87bad3c948f4d605d) (ScriptedImporter) -> (artifact id: '57f66f6b23fc54447537f07c7d512362') in 0.0267068 seconds
Number of updated asset objects reloaded before import = 0Number of asset objects unloaded after import = 152

========================================================================
Received Import Request.
  Time since last request: 0.000031 seconds.
  path: Assets/Studio33 Interactive_[BasketBall] v1.1/Animations/Basketball Motions_Generic/111_BlockingckpassShortJumpFFA.fbx
  artifactKey: Guid(a3716779254e3f84989f149d0c244ace) Importer(2089858483,b0f066a214c2f5e87bad3c948f4d605d)
Start importing Assets/Studio33 Interactive_[BasketBall] v1.1/Animations/Basketball Motions_Generic/111_BlockingckpassShortJumpFFA.fbx using Guid(a3716779254e3f84989f149d0c244ace) Importer(2089858483,b0f066a214c2f5e87bad3c948f4d605d) (ScriptedImporter) -> (artifact id: '437fc830b88a355dd6ab5170064a4933') in 0.0317028 seconds
Number of updated asset objects reloaded before import = 0Number of asset objects unloaded after import = 152

========================================================================
Received Import Request.
  Time since last request: 0.000043 seconds.
  path: Assets/Studio33 Interactive_[BasketBall] v1.1/Animations/Basketball Motions_Generic/1191_DunkRA.fbx
  artifactKey: Guid(0dd14a4a8e2b3a040bed0bbc9fe67d93) Importer(2089858483,b0f066a214c2f5e87bad3c948f4d605d)
Start importing Assets/Studio33 Interactive_[BasketBall] v1.1/Animations/Basketball Motions_Generic/1191_DunkRA.fbx using Guid(0dd14a4a8e2b3a040bed0bbc9fe67d93) Importer(2089858483,b0f066a214c2f5e87bad3c948f4d605d) (ScriptedImporter) -> (artifact id: 'bfab6df417b027c284678a643aa01ec8') in 0.0281207 seconds
Number of updated asset objects reloaded before import = 0Number of asset objects unloaded after import = 152

========================================================================
Received Import Request.
  Time since last request: 0.000032 seconds.
  path: Assets/Studio33 Interactive_[BasketBall] v1.1/Animations/Basketball Motions_Generic/195_CollisiopushedA.fbx
  artifactKey: Guid(ffb1aecec23f85f4fb734c474964fe75) Importer(2089858483,b0f066a214c2f5e87bad3c948f4d605d)
Start importing Assets/Studio33 Interactive_[BasketBall] v1.1/Animations/Basketball Motions_Generic/195_CollisiopushedA.fbx using Guid(ffb1aecec23f85f4fb734c474964fe75) Importer(2089858483,b0f066a214c2f5e87bad3c948f4d605d) (ScriptedImporter) -> (artifact id: '46a95710ba2c9251ba91341c633b7942') in 0.0222965 seconds
Number of updated asset objects reloaded before import = 0Number of asset objects unloaded after import = 152

========================================================================
Received Import Request.
  Time since last request: 0.000021 seconds.
  path: Assets/Studio33 Interactive_[BasketBall] v1.1/Animations/Basketball Motions Humanoid/1571_LayupRA.fbx
  artifactKey: Guid(ef060ececa00e174fa635b88d577c03e) Importer(2089858483,b0f066a214c2f5e87bad3c948f4d605d)
Start importing Assets/Studio33 Interactive_[BasketBall] v1.1/Animations/Basketball Motions Humanoid/1571_LayupRA.fbx using Guid(ef060ececa00e174fa635b88d577c03e) Importer(2089858483,b0f066a214c2f5e87bad3c948f4d605d) (ScriptedImporter) -> (artifact id: '91fa5c3851ead5aef57ad27d8ec7233e') in 0.0304693 seconds
Number of updated asset objects reloaded before import = 0Number of asset objects unloaded after import = 154

========================================================================
Received Import Request.
  Time since last request: 0.000031 seconds.
  path: Assets/Studio33 Interactive_[BasketBall] v1.1/Animations/Basketball Motions_Generic/1290_DunkCA.fbx
  artifactKey: Guid(0439e3c1b80efef4388963ab04981d58) Importer(2089858483,b0f066a214c2f5e87bad3c948f4d605d)
Start importing Assets/Studio33 Interactive_[BasketBall] v1.1/Animations/Basketball Motions_Generic/1290_DunkCA.fbx using Guid(0439e3c1b80efef4388963ab04981d58) Importer(2089858483,b0f066a214c2f5e87bad3c948f4d605d) (ScriptedImporter) -> (artifact id: '98f7bed3150d839ee3b4060c7172f9c6') in 0.02377 seconds
Number of updated asset objects reloaded before import = 0Number of asset objects unloaded after import = 152

========================================================================
Received Import Request.
  Time since last request: 0.000034 seconds.
  path: Assets/Studio33 Interactive_[BasketBall] v1.1/Animations/Basketball Motions_Generic/1533_FadeawayLA.fbx
  artifactKey: Guid(b2b3eb4f132847b4abec66da80800a5a) Importer(2089858483,b0f066a214c2f5e87bad3c948f4d605d)
Start importing Assets/Studio33 Interactive_[BasketBall] v1.1/Animations/Basketball Motions_Generic/1533_FadeawayLA.fbx using Guid(b2b3eb4f132847b4abec66da80800a5a) Importer(2089858483,b0f066a214c2f5e87bad3c948f4d605d) (ScriptedImporter) -> (artifact id: '47083c09721783d295afc7f9b864ee06') in 0.0247488 seconds
Number of updated asset objects reloaded before import = 0Number of asset objects unloaded after import = 152

========================================================================
Received Import Request.
  Time since last request: 0.000020 seconds.
  path: Assets/Studio33 Interactive_[BasketBall] v1.1/Animations/Basketball Motions_Generic/2177_Dribbleright.fbx
  artifactKey: Guid(9f2db0eab4fa4ae4b9e30c331b3e1433) Importer(2089858483,b0f066a214c2f5e87bad3c948f4d605d)
Start importing Assets/Studio33 Interactive_[BasketBall] v1.1/Animations/Basketball Motions_Generic/2177_Dribbleright.fbx using Guid(9f2db0eab4fa4ae4b9e30c331b3e1433) Importer(2089858483,b0f066a214c2f5e87bad3c948f4d605d) (ScriptedImporter) -> (artifact id: '745900655a899968c509244c2b4181ef') in 0.0259777 seconds
Number of updated asset objects reloaded before import = 0Number of asset objects unloaded after import = 152

========================================================================
Received Import Request.
  Time since last request: 0.000020 seconds.
  path: Assets/Studio33 Interactive_[BasketBall] v1.1/Animations/Basketball Motions Humanoid/1587_MassiveFakeA.fbx
  artifactKey: Guid(96ace0b5d45947548b053a62513b1bba) Importer(2089858483,b0f066a214c2f5e87bad3c948f4d605d)
Start importing Assets/Studio33 Interactive_[BasketBall] v1.1/Animations/Basketball Motions Humanoid/1587_MassiveFakeA.fbx using Guid(96ace0b5d45947548b053a62513b1bba) Importer(2089858483,b0f066a214c2f5e87bad3c948f4d605d) (ScriptedImporter) -> (artifact id: '284cdcb3a02888937236e3a3c2d12dac') in 0.0251933 seconds
Number of updated asset objects reloaded before import = 0Number of asset objects unloaded after import = 154

========================================================================
Received Import Request.
  Time since last request: 0.000022 seconds.
  path: Assets/Studio33 Interactive_[BasketBall] v1.1/Animations/Basketball Motions_Generic/1759_JumpshotMA.fbx
  artifactKey: Guid(f0c6c37b168370f4f83ec5dfe1c002a1) Importer(2089858483,b0f066a214c2f5e87bad3c948f4d605d)
Start importing Assets/Studio33 Interactive_[BasketBall] v1.1/Animations/Basketball Motions_Generic/1759_JumpshotMA.fbx using Guid(f0c6c37b168370f4f83ec5dfe1c002a1) Importer(2089858483,b0f066a214c2f5e87bad3c948f4d605d) (ScriptedImporter) -> (artifact id: 'f259c970cb6030b826c0c0f0c10ca429') in 0.0245792 seconds
Number of updated asset objects reloaded before import = 0Number of asset objects unloaded after import = 152

========================================================================
Received Import Request.
  Time since last request: 0.000045 seconds.
  path: Assets/Studio33 Interactive_[BasketBall] v1.1/Animations/Basketball Motions_Generic/2018_DunkRB.fbx
  artifactKey: Guid(beaf1c222c1c3b0469ac25f9c797c404) Importer(2089858483,b0f066a214c2f5e87bad3c948f4d605d)
Start importing Assets/Studio33 Interactive_[BasketBall] v1.1/Animations/Basketball Motions_Generic/2018_DunkRB.fbx using Guid(beaf1c222c1c3b0469ac25f9c797c404) Importer(2089858483,b0f066a214c2f5e87bad3c948f4d605d) (ScriptedImporter) -> (artifact id: 'd38a927e12fa4109b6e4f320236e0a5e') in 0.027032 seconds
Number of updated asset objects reloaded before import = 0Number of asset objects unloaded after import = 152

========================================================================
Received Import Request.
  Time since last request: 0.000031 seconds.
  path: Assets/Studio33 Interactive_[BasketBall] v1.1/Animations/Basketball Motions Humanoid/290_JabstepLLA.fbx
  artifactKey: Guid(e426d1e71d3e5404b802739a3fde9d8d) Importer(2089858483,b0f066a214c2f5e87bad3c948f4d605d)
Start importing Assets/Studio33 Interactive_[BasketBall] v1.1/Animations/Basketball Motions Humanoid/290_JabstepLLA.fbx using Guid(e426d1e71d3e5404b802739a3fde9d8d) Importer(2089858483,b0f066a214c2f5e87bad3c948f4d605d) (ScriptedImporter) -> (artifact id: '5cd6f6616e4af4d93e387edad710f306') in 0.024986 seconds
Number of updated asset objects reloaded before import = 0Number of asset objects unloaded after import = 154

========================================================================
Received Import Request.
  Time since last request: 0.000023 seconds.
  path: Assets/Studio33 Interactive_[BasketBall] v1.1/Animations/Basketball Motions_Generic/1095_ScreefrontA.fbx
  artifactKey: Guid(c6a545a68774be8439b79f4976373dae) Importer(2089858483,b0f066a214c2f5e87bad3c948f4d605d)
Start importing Assets/Studio33 Interactive_[BasketBall] v1.1/Animations/Basketball Motions_Generic/1095_ScreefrontA.fbx using Guid(c6a545a68774be8439b79f4976373dae) Importer(2089858483,b0f066a214c2f5e87bad3c948f4d605d) (ScriptedImporter) -> (artifact id: 'e255bf095b6d4e5354acfcb213590d11') in 0.0207788 seconds
Number of updated asset objects reloaded before import = 0Number of asset objects unloaded after import = 152

========================================================================
Received Import Request.
  Time since last request: 0.000027 seconds.
  path: Assets/Studio33 Interactive_[BasketBall] v1.1/Animations/Basketball Motions_Generic/1149_DunkCA.fbx
  artifactKey: Guid(851db04563c05164e9fb4719a8789c9e) Importer(2089858483,b0f066a214c2f5e87bad3c948f4d605d)
Start importing Assets/Studio33 Interactive_[BasketBall] v1.1/Animations/Basketball Motions_Generic/1149_DunkCA.fbx using Guid(851db04563c05164e9fb4719a8789c9e) Importer(2089858483,b0f066a214c2f5e87bad3c948f4d605d) (ScriptedImporter) -> (artifact id: 'def68cc85e1baf2168c7e52350662305') in 0.0233401 seconds
Number of updated asset objects reloaded before import = 0Number of asset objects unloaded after import = 152

========================================================================
Received Import Request.
  Time since last request: 0.000040 seconds.
  path: Assets/Studio33 Interactive_[BasketBall] v1.1/Animations/Basketball Motions Humanoid/692_CrossPassChestLA.fbx
  artifactKey: Guid(4c87f9af4d9414d4d8d1e48c19d4380a) Importer(2089858483,b0f066a214c2f5e87bad3c948f4d605d)
Start importing Assets/Studio33 Interactive_[BasketBall] v1.1/Animations/Basketball Motions Humanoid/692_CrossPassChestLA.fbx using Guid(4c87f9af4d9414d4d8d1e48c19d4380a) Importer(2089858483,b0f066a214c2f5e87bad3c948f4d605d) (ScriptedImporter) -> (artifact id: '4510d27a2efaa04b266ec0b152e820cd') in 0.0248617 seconds
Number of updated asset objects reloaded before import = 0Number of asset objects unloaded after import = 154

========================================================================
Received Import Request.
  Time since last request: 0.000024 seconds.
  path: Assets/Studio33 Interactive_[BasketBall] v1.1/33_basket ball test animations/player/Back_number/Back_number_Y/Back_number_B_c10.png
  artifactKey: Guid(091edc1d327036c45b08c0bdad8f1854) Importer(2089858483,b0f066a214c2f5e87bad3c948f4d605d)
Start importing Assets/Studio33 Interactive_[BasketBall] v1.1/33_basket ball test animations/player/Back_number/Back_number_Y/Back_number_B_c10.png using Guid(091edc1d327036c45b08c0bdad8f1854) Importer(2089858483,b0f066a214c2f5e87bad3c948f4d605d) (ScriptedImporter) -> (artifact id: 'a56d3df9c7b7ee4e844f2225935d4e4f') in 0.0172098 seconds
Number of updated asset objects reloaded before import = 0Number of asset objects unloaded after import = 1

========================================================================
Received Import Request.
  Time since last request: 0.000029 seconds.
  path: Assets/Studio33 Interactive_[BasketBall] v1.1/Animations/Basketball Motions_Generic/696_HookuppassLayupA.fbx
  artifactKey: Guid(7d7d5b165fdeff540a591e0da0cf9596) Importer(2089858483,b0f066a214c2f5e87bad3c948f4d605d)
Start importing Assets/Studio33 Interactive_[BasketBall] v1.1/Animations/Basketball Motions_Generic/696_HookuppassLayupA.fbx using Guid(7d7d5b165fdeff540a591e0da0cf9596) Importer(2089858483,b0f066a214c2f5e87bad3c948f4d605d) (ScriptedImporter) -> (artifact id: '5acd24dba9243962c039da55ec026f71') in 0.0256146 seconds
Number of updated asset objects reloaded before import = 0Number of asset objects unloaded after import = 152

========================================================================
Received Import Request.
  Time since last request: 0.000043 seconds.
  path: Assets/Studio33 Interactive_[BasketBall] v1.1/Animations/Basketball Motions Humanoid/567_KisstherimCA.fbx
  artifactKey: Guid(e39df9877e62e89468d675cb266e49ab) Importer(2089858483,b0f066a214c2f5e87bad3c948f4d605d)
Start importing Assets/Studio33 Interactive_[BasketBall] v1.1/Animations/Basketball Motions Humanoid/567_KisstherimCA.fbx using Guid(e39df9877e62e89468d675cb266e49ab) Importer(2089858483,b0f066a214c2f5e87bad3c948f4d605d) (ScriptedImporter) -> (artifact id: '71351a57f6430e47898fa200070869ee') in 0.0296755 seconds
Number of updated asset objects reloaded before import = 0Number of asset objects unloaded after import = 154

========================================================================
Received Import Request.
  Time since last request: 0.000037 seconds.
  path: Assets/Studio33 Interactive_[BasketBall] v1.1/Animations/Basketball Motions_Generic/849_Passileft.fbx
  artifactKey: Guid(f7009753b2413964fbde1f510101e638) Importer(2089858483,b0f066a214c2f5e87bad3c948f4d605d)
Start importing Assets/Studio33 Interactive_[BasketBall] v1.1/Animations/Basketball Motions_Generic/849_Passileft.fbx using Guid(f7009753b2413964fbde1f510101e638) Importer(2089858483,b0f066a214c2f5e87bad3c948f4d605d) (ScriptedImporter) -> (artifact id: '3e12bc763f5a433d71072b037e74f251') in 0.0252571 seconds
Number of updated asset objects reloaded before import = 0Number of asset objects unloaded after import = 152

========================================================================
Received Import Request.
  Time since last request: 0.000028 seconds.
  path: Assets/Studio33 Interactive_[BasketBall] v1.1/Animations/Basketball Motions Humanoid/1296_DunkCA.fbx
  artifactKey: Guid(17dabc0fd581ebc44b1513df08d73517) Importer(2089858483,b0f066a214c2f5e87bad3c948f4d605d)
Start importing Assets/Studio33 Interactive_[BasketBall] v1.1/Animations/Basketball Motions Humanoid/1296_DunkCA.fbx using Guid(17dabc0fd581ebc44b1513df08d73517) Importer(2089858483,b0f066a214c2f5e87bad3c948f4d605d) (ScriptedImporter) -> (artifact id: 'f76430956e81cf1346f0a854784cb5d1') in 0.0258649 seconds
Number of updated asset objects reloaded before import = 0Number of asset objects unloaded after import = 154

========================================================================
Received Import Request.
  Time since last request: 0.000022 seconds.
  path: Assets/Studio33 Interactive_[BasketBall] v1.1/Animations/Basketball Motions_Generic/513_RruDribbleleright.fbx
  artifactKey: Guid(13d4d7e1e6875834db41015b8b814b93) Importer(2089858483,b0f066a214c2f5e87bad3c948f4d605d)
Start importing Assets/Studio33 Interactive_[BasketBall] v1.1/Animations/Basketball Motions_Generic/513_RruDribbleleright.fbx using Guid(13d4d7e1e6875834db41015b8b814b93) Importer(2089858483,b0f066a214c2f5e87bad3c948f4d605d) (ScriptedImporter) -> (artifact id: '2b261d293a007bfbf32776f6891ad002') in 0.0304377 seconds
Number of updated asset objects reloaded before import = 0Number of asset objects unloaded after import = 152

========================================================================
Received Import Request.
  Time since last request: 0.000026 seconds.
  path: Assets/Studio33 Interactive_[BasketBall] v1.1/Animations/Basketball Motions Humanoid/1590_DunkCA.fbx
  artifactKey: Guid(45db034db0b09d7408e1f249abbe4105) Importer(2089858483,b0f066a214c2f5e87bad3c948f4d605d)
Start importing Assets/Studio33 Interactive_[BasketBall] v1.1/Animations/Basketball Motions Humanoid/1590_DunkCA.fbx using Guid(45db034db0b09d7408e1f249abbe4105) Importer(2089858483,b0f066a214c2f5e87bad3c948f4d605d) (ScriptedImporter) -> (artifact id: '4e9b66e0d373043a433352ac0fa1305e') in 0.0299549 seconds
Number of updated asset objects reloaded before import = 0Number of asset objects unloaded after import = 154

========================================================================
Received Import Request.
  Time since last request: 0.000034 seconds.
  path: Assets/Studio33 Interactive_[BasketBall] v1.1/Animations/Basketball Motions Humanoid/1215_FakelayupRA.fbx
  artifactKey: Guid(740d3bd9f88e7ec43a18fc5ad94aa227) Importer(2089858483,b0f066a214c2f5e87bad3c948f4d605d)
Start importing Assets/Studio33 Interactive_[BasketBall] v1.1/Animations/Basketball Motions Humanoid/1215_FakelayupRA.fbx using Guid(740d3bd9f88e7ec43a18fc5ad94aa227) Importer(2089858483,b0f066a214c2f5e87bad3c948f4d605d) (ScriptedImporter) -> (artifact id: 'fc2d886e93ca11399b5d6cfd7eebe050') in 0.0253325 seconds
Number of updated asset objects reloaded before import = 0Number of asset objects unloaded after import = 154

========================================================================
Received Import Request.
  Time since last request: 0.000026 seconds.
  path: Assets/Studio33 Interactive_[BasketBall] v1.1/Animations/Basketball Motions_Generic/1558_LayupRA.fbx
  artifactKey: Guid(8d6527872cc2cfa4d81d4a3d39d1a602) Importer(2089858483,b0f066a214c2f5e87bad3c948f4d605d)
Start importing Assets/Studio33 Interactive_[BasketBall] v1.1/Animations/Basketball Motions_Generic/1558_LayupRA.fbx using Guid(8d6527872cc2cfa4d81d4a3d39d1a602) Importer(2089858483,b0f066a214c2f5e87bad3c948f4d605d) (ScriptedImporter) -> (artifact id: '687aa22f41e4482a53d9017ced97a737') in 0.026204 seconds
Number of updated asset objects reloaded before import = 0Number of asset objects unloaded after import = 152

========================================================================
Received Import Request.
  Time since last request: 0.000024 seconds.
  path: Assets/Studio33 Interactive_[BasketBall] v1.1/Animations/Basketball Motions Humanoid/1233_LayupfakeDclutchRLeftA.fbx
  artifactKey: Guid(c2e109ce76a71be428fa641c04e6deab) Importer(2089858483,b0f066a214c2f5e87bad3c948f4d605d)
Start importing Assets/Studio33 Interactive_[BasketBall] v1.1/Animations/Basketball Motions Humanoid/1233_LayupfakeDclutchRLeftA.fbx using Guid(c2e109ce76a71be428fa641c04e6deab) Importer(2089858483,b0f066a214c2f5e87bad3c948f4d605d) (ScriptedImporter) -> (artifact id: '77ed4c2461e28aa99fcc5d8e2b715c6a') in 0.0261656 seconds
Number of updated asset objects reloaded before import = 0Number of asset objects unloaded after import = 154

========================================================================
Received Import Request.
  Time since last request: 0.000027 seconds.
  path: Assets/Studio33 Interactive_[BasketBall] v1.1/Animations/Basketball Motions_Generic/677_Run.fbx
  artifactKey: Guid(7d4a94ac5e5e3fb45af0d935b67e8b2b) Importer(2089858483,b0f066a214c2f5e87bad3c948f4d605d)
Start importing Assets/Studio33 Interactive_[BasketBall] v1.1/Animations/Basketball Motions_Generic/677_Run.fbx using Guid(7d4a94ac5e5e3fb45af0d935b67e8b2b) Importer(2089858483,b0f066a214c2f5e87bad3c948f4d605d) (ScriptedImporter) -> (artifact id: 'ef6d5dfbd3fe9cf6a0bf75a580802adf') in 0.0251547 seconds
Number of updated asset objects reloaded before import = 0Number of asset objects unloaded after import = 152

========================================================================
Received Import Request.
  Time since last request: 0.000046 seconds.
  path: Assets/Studio33 Interactive_[BasketBall] v1.1/Animations/Basketball Motions Humanoid/1770_BlockingckedDunkFrontA.fbx
  artifactKey: Guid(1d886ffa5d0b1e6498e404c5d980640b) Importer(2089858483,b0f066a214c2f5e87bad3c948f4d605d)
Start importing Assets/Studio33 Interactive_[BasketBall] v1.1/Animations/Basketball Motions Humanoid/1770_BlockingckedDunkFrontA.fbx using Guid(1d886ffa5d0b1e6498e404c5d980640b) Importer(2089858483,b0f066a214c2f5e87bad3c948f4d605d) (ScriptedImporter) -> (artifact id: 'e02e4dec95117b7d922566e3e0e5651e') in 0.0286535 seconds
Number of updated asset objects reloaded before import = 0Number of asset objects unloaded after import = 154

========================================================================
Received Import Request.
  Time since last request: 0.000025 seconds.
  path: Assets/Studio33 Interactive_[BasketBall] v1.1/Animations/Basketball Motions_Generic/2000_DunkCC.fbx
  artifactKey: Guid(4ff32ed4e76068047a7868ca64f3f832) Importer(2089858483,b0f066a214c2f5e87bad3c948f4d605d)
Start importing Assets/Studio33 Interactive_[BasketBall] v1.1/Animations/Basketball Motions_Generic/2000_DunkCC.fbx using Guid(4ff32ed4e76068047a7868ca64f3f832) Importer(2089858483,b0f066a214c2f5e87bad3c948f4d605d) (ScriptedImporter) -> (artifact id: '963228513eb88a516ae8fbea63f2d185') in 0.0281329 seconds
Number of updated asset objects reloaded before import = 0Number of asset objects unloaded after import = 152

========================================================================
Received Import Request.
  Time since last request: 0.000039 seconds.
  path: Assets/Studio33 Interactive_[BasketBall] v1.1/Animations/Basketball Motions Humanoid/1614_DunkCA.fbx
  artifactKey: Guid(c749b67e7cb208544bc4844f01f3abbb) Importer(2089858483,b0f066a214c2f5e87bad3c948f4d605d)
Start importing Assets/Studio33 Interactive_[BasketBall] v1.1/Animations/Basketball Motions Humanoid/1614_DunkCA.fbx using Guid(c749b67e7cb208544bc4844f01f3abbb) Importer(2089858483,b0f066a214c2f5e87bad3c948f4d605d) (ScriptedImporter) -> (artifact id: '23f1e7e1e36e3c9100068601be1c458c') in 0.0288604 seconds
Number of updated asset objects reloaded before import = 0Number of asset objects unloaded after import = 154

========================================================================
Received Import Request.
  Time since last request: 0.000031 seconds.
  path: Assets/Studio33 Interactive_[BasketBall] v1.1/Animations/Basketball Motions Humanoid/865_PassifA.fbx
  artifactKey: Guid(c95d1e06be6fc314faafdae10dc2caf5) Importer(2089858483,b0f066a214c2f5e87bad3c948f4d605d)
Start importing Assets/Studio33 Interactive_[BasketBall] v1.1/Animations/Basketball Motions Humanoid/865_PassifA.fbx using Guid(c95d1e06be6fc314faafdae10dc2caf5) Importer(2089858483,b0f066a214c2f5e87bad3c948f4d605d) (ScriptedImporter) -> (artifact id: 'b685fb59bb96b562781f27f983e20ea4') in 0.0258576 seconds
Number of updated asset objects reloaded before import = 0Number of asset objects unloaded after import = 154

========================================================================
Received Import Request.
  Time since last request: 0.000053 seconds.
  path: Assets/Studio33 Interactive_[BasketBall] v1.1/33_basket ball test animations/player/Back_number
  artifactKey: Guid(731ce9a4a88c0df448c27b1510cc28bb) Importer(2089858483,b0f066a214c2f5e87bad3c948f4d605d)
Start importing Assets/Studio33 Interactive_[BasketBall] v1.1/33_basket ball test animations/player/Back_number using Guid(731ce9a4a88c0df448c27b1510cc28bb) Importer(2089858483,b0f066a214c2f5e87bad3c948f4d605d) (ScriptedImporter) -> (artifact id: '7d1416a14ea21e3afb6d71d51b763e8a') in 0.0163893 seconds
Number of updated asset objects reloaded before import = 0Number of asset objects unloaded after import = 1

========================================================================
Received Import Request.
  Time since last request: 0.000022 seconds.
  path: Assets/Studio33 Interactive_[BasketBall] v1.1/Animations/Basketball Motions Humanoid/1311_DunkRA.fbx
  artifactKey: Guid(e44e6128b038a444999c4c0052938829) Importer(2089858483,b0f066a214c2f5e87bad3c948f4d605d)
Start importing Assets/Studio33 Interactive_[BasketBall] v1.1/Animations/Basketball Motions Humanoid/1311_DunkRA.fbx using Guid(e44e6128b038a444999c4c0052938829) Importer(2089858483,b0f066a214c2f5e87bad3c948f4d605d) (ScriptedImporter) -> (artifact id: '9909cad1e76f765d11e77af684df233c') in 0.0277343 seconds
Number of updated asset objects reloaded before import = 0Number of asset objects unloaded after import = 154

========================================================================
Received Import Request.
  Time since last request: 0.000025 seconds.
  path: Assets/Studio33 Interactive_[BasketBall] v1.1/Animations/Basketball Motions Humanoid/1672_AlleyoopDclutchRevRightA.fbx
  artifactKey: Guid(a3e2c5fed3b355f43abf1482a43dccf4) Importer(2089858483,b0f066a214c2f5e87bad3c948f4d605d)
Start importing Assets/Studio33 Interactive_[BasketBall] v1.1/Animations/Basketball Motions Humanoid/1672_AlleyoopDclutchRevRightA.fbx using Guid(a3e2c5fed3b355f43abf1482a43dccf4) Importer(2089858483,b0f066a214c2f5e87bad3c948f4d605d) (ScriptedImporter) -> (artifact id: '81218c09061f7f7ae37c98726fc6ab7a') in 0.0284654 seconds
Number of updated asset objects reloaded before import = 0Number of asset objects unloaded after import = 154

========================================================================
Received Import Request.
  Time since last request: 0.000028 seconds.
  path: Assets/Studio33 Interactive_[BasketBall] v1.1/Animations/Basketball Motions Humanoid/1240_LayupfakeLayupCA.fbx
  artifactKey: Guid(9a8d2933037b35e489c580fab3d5f7b3) Importer(2089858483,b0f066a214c2f5e87bad3c948f4d605d)
Start importing Assets/Studio33 Interactive_[BasketBall] v1.1/Animations/Basketball Motions Humanoid/1240_LayupfakeLayupCA.fbx using Guid(9a8d2933037b35e489c580fab3d5f7b3) Importer(2089858483,b0f066a214c2f5e87bad3c948f4d605d) (ScriptedImporter) -> (artifact id: '7c4771ed28f78a7b79bdf3f45d73433a') in 0.0313329 seconds
Number of updated asset objects reloaded before import = 0Number of asset objects unloaded after import = 154

========================================================================
Received Import Request.
  Time since last request: 0.000030 seconds.
  path: Assets/Studio33 Interactive_[BasketBall] v1.1/Animations/Basketball Motions Humanoid/1108_ScreeillegalF.fbx
  artifactKey: Guid(49418a9daab83694a959cac78c1acc5f) Importer(2089858483,b0f066a214c2f5e87bad3c948f4d605d)
Start importing Assets/Studio33 Interactive_[BasketBall] v1.1/Animations/Basketball Motions Humanoid/1108_ScreeillegalF.fbx using Guid(49418a9daab83694a959cac78c1acc5f) Importer(2089858483,b0f066a214c2f5e87bad3c948f4d605d) (ScriptedImporter) -> (artifact id: '8c681916ebc128ddd145312855b947bc') in 0.034473 seconds
Number of updated asset objects reloaded before import = 0Number of asset objects unloaded after import = 154

========================================================================
Received Import Request.
  Time since last request: 0.000027 seconds.
  path: Assets/Studio33 Interactive_[BasketBall] v1.1/Animations/Basketball Motions_Generic/1272_AlleyoopRevSA.fbx
  artifactKey: Guid(73553422b34e2d443a3508099d6f6455) Importer(2089858483,b0f066a214c2f5e87bad3c948f4d605d)
Start importing Assets/Studio33 Interactive_[BasketBall] v1.1/Animations/Basketball Motions_Generic/1272_AlleyoopRevSA.fbx using Guid(73553422b34e2d443a3508099d6f6455) Importer(2089858483,b0f066a214c2f5e87bad3c948f4d605d) (ScriptedImporter) -> (artifact id: '375dd93869801be51a3ecd32eba7b0ae') in 0.0260941 seconds
Number of updated asset objects reloaded before import = 0Number of asset objects unloaded after import = 152

========================================================================
Received Import Request.
  Time since last request: 0.000023 seconds.
  path: Assets/Studio33 Interactive_[BasketBall] v1.1/Animations/Basketball Motions Humanoid/1940_DunkCA.fbx
  artifactKey: Guid(a87bcd4f2b1c4a944b012d3785031267) Importer(2089858483,b0f066a214c2f5e87bad3c948f4d605d)
Start importing Assets/Studio33 Interactive_[BasketBall] v1.1/Animations/Basketball Motions Humanoid/1940_DunkCA.fbx using Guid(a87bcd4f2b1c4a944b012d3785031267) Importer(2089858483,b0f066a214c2f5e87bad3c948f4d605d) (ScriptedImporter) -> (artifact id: '2db4b0f8ffb07ecfef6591457960980e') in 0.028745 seconds
Number of updated asset objects reloaded before import = 0Number of asset objects unloaded after import = 154

========================================================================
Received Import Request.
  Time since last request: 0.000029 seconds.
  path: Assets/Studio33 Interactive_[BasketBall] v1.1/Animations/Basketball Motions Humanoid/2177_Dribbleright.fbx
  artifactKey: Guid(81b3b84731b9bdb44b177d7c477b9c3a) Importer(2089858483,b0f066a214c2f5e87bad3c948f4d605d)
Start importing Assets/Studio33 Interactive_[BasketBall] v1.1/Animations/Basketball Motions Humanoid/2177_Dribbleright.fbx using Guid(81b3b84731b9bdb44b177d7c477b9c3a) Importer(2089858483,b0f066a214c2f5e87bad3c948f4d605d) (ScriptedImporter) -> (artifact id: 'ce8c4d1cd5e2d6e83d916ea6d1bfadd7') in 0.0261315 seconds
Number of updated asset objects reloaded before import = 0Number of asset objects unloaded after import = 154

========================================================================
Received Import Request.
  Time since last request: 0.000040 seconds.
  path: Assets/Studio33 Interactive_[BasketBall] v1.1/Animations/Basketball Motions_Generic/758_PassiairA.fbx
  artifactKey: Guid(c318e73096d4df543ad3dcd54857b313) Importer(2089858483,b0f066a214c2f5e87bad3c948f4d605d)
Start importing Assets/Studio33 Interactive_[BasketBall] v1.1/Animations/Basketball Motions_Generic/758_PassiairA.fbx using Guid(c318e73096d4df543ad3dcd54857b313) Importer(2089858483,b0f066a214c2f5e87bad3c948f4d605d) (ScriptedImporter) -> (artifact id: '93d478645e0f9fea4d05c039d430b241') in 0.0298184 seconds
Number of updated asset objects reloaded before import = 0Number of asset objects unloaded after import = 152

========================================================================
Received Import Request.
  Time since last request: 0.000028 seconds.
  path: Assets/Studio33 Interactive_[BasketBall] v1.1/Animations/Basketball Motions_Generic/2030_JumpshotReadyFake.fbx
  artifactKey: Guid(7fc84e6ac87e34b4d8c0eed9e43bbabf) Importer(2089858483,b0f066a214c2f5e87bad3c948f4d605d)
Start importing Assets/Studio33 Interactive_[BasketBall] v1.1/Animations/Basketball Motions_Generic/2030_JumpshotReadyFake.fbx using Guid(7fc84e6ac87e34b4d8c0eed9e43bbabf) Importer(2089858483,b0f066a214c2f5e87bad3c948f4d605d) (ScriptedImporter) -> (artifact id: 'b4775f5fb080f293545cd09377234fc9') in 0.0301647 seconds
Number of updated asset objects reloaded before import = 0Number of asset objects unloaded after import = 152

========================================================================
Received Import Request.
  Time since last request: 0.000034 seconds.
  path: Assets/Studio33 Interactive_[BasketBall] v1.1/Animations/Basketball Motions Humanoid/903_QpostNormalThRightRA.fbx
  artifactKey: Guid(9d5dc912477aa9e499275cd40d8861ea) Importer(2089858483,b0f066a214c2f5e87bad3c948f4d605d)
Start importing Assets/Studio33 Interactive_[BasketBall] v1.1/Animations/Basketball Motions Humanoid/903_QpostNormalThRightRA.fbx using Guid(9d5dc912477aa9e499275cd40d8861ea) Importer(2089858483,b0f066a214c2f5e87bad3c948f4d605d) (ScriptedImporter) -> (artifact id: 'a2ca028450a3e8f9ea07aa37b602a6ef') in 0.0334198 seconds
Number of updated asset objects reloaded before import = 0Number of asset objects unloaded after import = 154

========================================================================
Received Import Request.
  Time since last request: 0.000046 seconds.
  path: Assets/Studio33 Interactive_[BasketBall] v1.1/Animations/Basketball Motions_Generic/1360_JumpshotMFakeA.fbx
  artifactKey: Guid(12aa0ec26714315408a922b855d956f0) Importer(2089858483,b0f066a214c2f5e87bad3c948f4d605d)
Start importing Assets/Studio33 Interactive_[BasketBall] v1.1/Animations/Basketball Motions_Generic/1360_JumpshotMFakeA.fbx using Guid(12aa0ec26714315408a922b855d956f0) Importer(2089858483,b0f066a214c2f5e87bad3c948f4d605d) (ScriptedImporter) -> (artifact id: '62eb3e2fdd759338f95dbe1b2d4ab6dc') in 0.0281781 seconds
Number of updated asset objects reloaded before import = 0Number of asset objects unloaded after import = 152

========================================================================
Received Import Request.
  Time since last request: 0.000033 seconds.
  path: Assets/Studio33 Interactive_[BasketBall] v1.1/Animations/Basketball Motions_Generic/1459_DunkCA.fbx
  artifactKey: Guid(f28db563b835f564bbdf95222b9b5148) Importer(2089858483,b0f066a214c2f5e87bad3c948f4d605d)
Start importing Assets/Studio33 Interactive_[BasketBall] v1.1/Animations/Basketball Motions_Generic/1459_DunkCA.fbx using Guid(f28db563b835f564bbdf95222b9b5148) Importer(2089858483,b0f066a214c2f5e87bad3c948f4d605d) (ScriptedImporter) -> (artifact id: '1cafa0a0461e64e44cb23ea1ac0fa14c') in 0.0338312 seconds
Number of updated asset objects reloaded before import = 0Number of asset objects unloaded after import = 152

========================================================================
Received Import Request.
  Time since last request: 0.000032 seconds.
  path: Assets/Studio33 Interactive_[BasketBall] v1.1/Animations/Basketball Motions_Generic/618_SlidingCA.fbx
  artifactKey: Guid(8243f93c67d72454b975eb388673b251) Importer(2089858483,b0f066a214c2f5e87bad3c948f4d605d)
Start importing Assets/Studio33 Interactive_[BasketBall] v1.1/Animations/Basketball Motions_Generic/618_SlidingCA.fbx using Guid(8243f93c67d72454b975eb388673b251) Importer(2089858483,b0f066a214c2f5e87bad3c948f4d605d) (ScriptedImporter) -> (artifact id: '9b5e706be90042e6f19232c85f8da086') in 0.0295001 seconds
Number of updated asset objects reloaded before import = 0Number of asset objects unloaded after import = 152

========================================================================
Received Import Request.
  Time since last request: 0.000036 seconds.
  path: Assets/Studio33 Interactive_[BasketBall] v1.1/Animations/Basketball Motions_Generic/1310_DunkRA.fbx
  artifactKey: Guid(13572bbcdcf897b40a57a01d065cdf12) Importer(2089858483,b0f066a214c2f5e87bad3c948f4d605d)
Start importing Assets/Studio33 Interactive_[BasketBall] v1.1/Animations/Basketball Motions_Generic/1310_DunkRA.fbx using Guid(13572bbcdcf897b40a57a01d065cdf12) Importer(2089858483,b0f066a214c2f5e87bad3c948f4d605d) (ScriptedImporter) -> (artifact id: 'ae62bc4e093d5397711f8ce27728375e') in 0.0298225 seconds
Number of updated asset objects reloaded before import = 0Number of asset objects unloaded after import = 152

========================================================================
Received Import Request.
  Time since last request: 0.000024 seconds.
  path: Assets/Studio33 Interactive_[BasketBall] v1.1/Animations/Basketball Motions Humanoid/953_Rebound rB.fbx
  artifactKey: Guid(316db71d8518b1a499215d55bcd953cc) Importer(2089858483,b0f066a214c2f5e87bad3c948f4d605d)
Start importing Assets/Studio33 Interactive_[BasketBall] v1.1/Animations/Basketball Motions Humanoid/953_Rebound rB.fbx using Guid(316db71d8518b1a499215d55bcd953cc) Importer(2089858483,b0f066a214c2f5e87bad3c948f4d605d) (ScriptedImporter) -> (artifact id: 'e16f3f9c697ab9338f2bc522045f8d95') in 0.0285303 seconds
Number of updated asset objects reloaded before import = 0Number of asset objects unloaded after import = 154

========================================================================
Received Import Request.
  Time since last request: 0.000039 seconds.
  path: Assets/Studio33 Interactive_[BasketBall] v1.1/Animations/Basketball Motions Humanoid/1252_ShortNfloaterF.fbx
  artifactKey: Guid(b9ef66bcbbc487f4e955e496e4d7e63c) Importer(2089858483,b0f066a214c2f5e87bad3c948f4d605d)
Start importing Assets/Studio33 Interactive_[BasketBall] v1.1/Animations/Basketball Motions Humanoid/1252_ShortNfloaterF.fbx using Guid(b9ef66bcbbc487f4e955e496e4d7e63c) Importer(2089858483,b0f066a214c2f5e87bad3c948f4d605d) (ScriptedImporter) -> (artifact id: '0d4038b207e8e18918de60e78b2f7dda') in 0.0274834 seconds
Number of updated asset objects reloaded before import = 0Number of asset objects unloaded after import = 154

========================================================================
Received Import Request.
  Time since last request: 0.000026 seconds.
  path: Assets/Studio33 Interactive_[BasketBall] v1.1/Animations/Basketball Motions Humanoid/2077_DunkCA.fbx
  artifactKey: Guid(a70bb2bd2f54b584ba6e4ca41265aea0) Importer(2089858483,b0f066a214c2f5e87bad3c948f4d605d)
Start importing Assets/Studio33 Interactive_[BasketBall] v1.1/Animations/Basketball Motions Humanoid/2077_DunkCA.fbx using Guid(a70bb2bd2f54b584ba6e4ca41265aea0) Importer(2089858483,b0f066a214c2f5e87bad3c948f4d605d) (ScriptedImporter) -> (artifact id: '0b5ae451b879ba3b111acaeeb554440b') in 0.0292499 seconds
Number of updated asset objects reloaded before import = 0Number of asset objects unloaded after import = 154

========================================================================
Received Import Request.
  Time since last request: 0.000034 seconds.
  path: Assets/Studio33 Interactive_[BasketBall] v1.1/Animations/Basketball Motions_Generic/635_LoosebalowA.fbx
  artifactKey: Guid(8af33aa6a4ec37146be101a44962625e) Importer(2089858483,b0f066a214c2f5e87bad3c948f4d605d)
Start importing Assets/Studio33 Interactive_[BasketBall] v1.1/Animations/Basketball Motions_Generic/635_LoosebalowA.fbx using Guid(8af33aa6a4ec37146be101a44962625e) Importer(2089858483,b0f066a214c2f5e87bad3c948f4d605d) (ScriptedImporter) -> (artifact id: '0535b24271eb8da56a646dcc1b1d30c5') in 0.0270362 seconds
Number of updated asset objects reloaded before import = 0Number of asset objects unloaded after import = 152

========================================================================
Received Import Request.
  Time since last request: 0.000024 seconds.
  path: Assets/Studio33 Interactive_[BasketBall] v1.1/Animations/Basketball Motions_Generic/2019_DunkCA.fbx
  artifactKey: Guid(7b540f31cc87e2847b7dde842de7ce35) Importer(2089858483,b0f066a214c2f5e87bad3c948f4d605d)
Start importing Assets/Studio33 Interactive_[BasketBall] v1.1/Animations/Basketball Motions_Generic/2019_DunkCA.fbx using Guid(7b540f31cc87e2847b7dde842de7ce35) Importer(2089858483,b0f066a214c2f5e87bad3c948f4d605d) (ScriptedImporter) -> (artifact id: 'ad72e766a8835a73eb643798ee9a3e9f') in 0.0281619 seconds
Number of updated asset objects reloaded before import = 0Number of asset objects unloaded after import = 152

========================================================================
Received Import Request.
  Time since last request: 0.000029 seconds.
  path: Assets/Studio33 Interactive_[BasketBall] v1.1/Animations/Basketball Motions Humanoid/1568_AlleyoopRSA.fbx
  artifactKey: Guid(414f08669c304294ebc30ba68c66cc0e) Importer(2089858483,b0f066a214c2f5e87bad3c948f4d605d)
Start importing Assets/Studio33 Interactive_[BasketBall] v1.1/Animations/Basketball Motions Humanoid/1568_AlleyoopRSA.fbx using Guid(414f08669c304294ebc30ba68c66cc0e) Importer(2089858483,b0f066a214c2f5e87bad3c948f4d605d) (ScriptedImporter) -> (artifact id: 'cfb55b5405f55b5e3ab094ca34bba29c') in 0.0303881 seconds
Number of updated asset objects reloaded before import = 0Number of asset objects unloaded after import = 154

========================================================================
Received Import Request.
  Time since last request: 0.000026 seconds.
  path: Assets/Studio33 Interactive_[BasketBall] v1.1/Animations/Basketball Motions Humanoid/1989_JumpshotMA.fbx
  artifactKey: Guid(b03fef29282e86c4fa222434e861d32b) Importer(2089858483,b0f066a214c2f5e87bad3c948f4d605d)
Start importing Assets/Studio33 Interactive_[BasketBall] v1.1/Animations/Basketball Motions Humanoid/1989_JumpshotMA.fbx using Guid(b03fef29282e86c4fa222434e861d32b) Importer(2089858483,b0f066a214c2f5e87bad3c948f4d605d) (ScriptedImporter) -> (artifact id: '1737b1f04c5c9517ca45f626be0e4da2') in 0.0279933 seconds
Number of updated asset objects reloaded before import = 0Number of asset objects unloaded after import = 154

========================================================================
Received Import Request.
  Time since last request: 0.000034 seconds.
  path: Assets/Studio33 Interactive_[BasketBall] v1.1/Animations/Basketball Motions_Generic/1485_DclutchFBaA.fbx
  artifactKey: Guid(a863eb2be74d74a4793623bb220c1a54) Importer(2089858483,b0f066a214c2f5e87bad3c948f4d605d)
Start importing Assets/Studio33 Interactive_[BasketBall] v1.1/Animations/Basketball Motions_Generic/1485_DclutchFBaA.fbx using Guid(a863eb2be74d74a4793623bb220c1a54) Importer(2089858483,b0f066a214c2f5e87bad3c948f4d605d) (ScriptedImporter) -> (artifact id: '21bf64ee5c0e81d2b0858ddabb3192fd') in 0.0262172 seconds
Number of updated asset objects reloaded before import = 0Number of asset objects unloaded after import = 152

========================================================================
Received Import Request.
  Time since last request: 0.000020 seconds.
  path: Assets/Studio33 Interactive_[BasketBall] v1.1/Animations/Basketball Motions Humanoid/1454_DunkCA.fbx
  artifactKey: Guid(140269b72aea7bd4baac0f5dec253c4f) Importer(2089858483,b0f066a214c2f5e87bad3c948f4d605d)
Start importing Assets/Studio33 Interactive_[BasketBall] v1.1/Animations/Basketball Motions Humanoid/1454_DunkCA.fbx using Guid(140269b72aea7bd4baac0f5dec253c4f) Importer(2089858483,b0f066a214c2f5e87bad3c948f4d605d) (ScriptedImporter) -> (artifact id: '395edda90bea37df1256719833e11d72') in 0.0265088 seconds
Number of updated asset objects reloaded before import = 0Number of asset objects unloaded after import = 154

========================================================================
Received Import Request.
  Time since last request: 0.000023 seconds.
  path: Assets/Studio33 Interactive_[BasketBall] v1.1/Animations/Basketball Motions_Generic/89_BlockingdashF.fbx
  artifactKey: Guid(bd7ac5e723c32a040868a0e646da7a77) Importer(2089858483,b0f066a214c2f5e87bad3c948f4d605d)
Start importing Assets/Studio33 Interactive_[BasketBall] v1.1/Animations/Basketball Motions_Generic/89_BlockingdashF.fbx using Guid(bd7ac5e723c32a040868a0e646da7a77) Importer(2089858483,b0f066a214c2f5e87bad3c948f4d605d) (ScriptedImporter) -> (artifact id: 'af717eae0b2a27614ef1109d9820140f') in 0.0252185 seconds
Number of updated asset objects reloaded before import = 0Number of asset objects unloaded after import = 152

========================================================================
Received Import Request.
  Time since last request: 0.000031 seconds.
  path: Assets/Studio33 Interactive_[BasketBall] v1.1/Animations/Basketball Motions Humanoid/2143_JumpshotReadyFake.fbx
  artifactKey: Guid(f6590aeab1027f54f9c4e62ea9a27b77) Importer(2089858483,b0f066a214c2f5e87bad3c948f4d605d)
Start importing Assets/Studio33 Interactive_[BasketBall] v1.1/Animations/Basketball Motions Humanoid/2143_JumpshotReadyFake.fbx using Guid(f6590aeab1027f54f9c4e62ea9a27b77) Importer(2089858483,b0f066a214c2f5e87bad3c948f4d605d) (ScriptedImporter) -> (artifact id: 'e0a207a4a062a7f85337a8715d60ec27') in 0.0295463 seconds
Number of updated asset objects reloaded before import = 0Number of asset objects unloaded after import = 154

========================================================================
Received Import Request.
  Time since last request: 0.000044 seconds.
  path: Assets/Studio33 Interactive_[BasketBall] v1.1/Animations/Basketball Motions_Generic/1909_JumpshotReadyFake.fbx
  artifactKey: Guid(e5c078f4542a9704989fd977bf9bfdd1) Importer(2089858483,b0f066a214c2f5e87bad3c948f4d605d)
Start importing Assets/Studio33 Interactive_[BasketBall] v1.1/Animations/Basketball Motions_Generic/1909_JumpshotReadyFake.fbx using Guid(e5c078f4542a9704989fd977bf9bfdd1) Importer(2089858483,b0f066a214c2f5e87bad3c948f4d605d) (ScriptedImporter) -> (artifact id: '0e992c79e26760f8ba7bac75ef35d7a1') in 0.0247245 seconds
Number of updated asset objects reloaded before import = 0Number of asset objects unloaded after import = 152

========================================================================
Received Import Request.
  Time since last request: 0.000041 seconds.
  path: Assets/Studio33 Interactive_[BasketBall] v1.1/Animations/Basketball Motions_Generic/457_FrontDenyA.fbx
  artifactKey: Guid(df6e0322b1f95d4489c469ede7ff5257) Importer(2089858483,b0f066a214c2f5e87bad3c948f4d605d)
Start importing Assets/Studio33 Interactive_[BasketBall] v1.1/Animations/Basketball Motions_Generic/457_FrontDenyA.fbx using Guid(df6e0322b1f95d4489c469ede7ff5257) Importer(2089858483,b0f066a214c2f5e87bad3c948f4d605d) (ScriptedImporter) -> (artifact id: '321a1200baf4d9ec8b90352b8596734c') in 0.0256291 seconds
Number of updated asset objects reloaded before import = 0Number of asset objects unloaded after import = 152

========================================================================
Received Import Request.
  Time since last request: 0.000022 seconds.
  path: Assets/Studio33 Interactive_[BasketBall] v1.1/Animations/Basketball Motions_Generic/1469_DunkRA.fbx
  artifactKey: Guid(cf6c912394abe914f9f2de7c3692bb8f) Importer(2089858483,b0f066a214c2f5e87bad3c948f4d605d)
Start importing Assets/Studio33 Interactive_[BasketBall] v1.1/Animations/Basketball Motions_Generic/1469_DunkRA.fbx using Guid(cf6c912394abe914f9f2de7c3692bb8f) Importer(2089858483,b0f066a214c2f5e87bad3c948f4d605d) (ScriptedImporter) -> (artifact id: '2c3020b085cd16046963ea34a6bc21a0') in 0.0295122 seconds
Number of updated asset objects reloaded before import = 0Number of asset objects unloaded after import = 152

========================================================================
Received Import Request.
  Time since last request: 0.000035 seconds.
  path: Assets/Studio33 Interactive_[BasketBall] v1.1/Animations/Basketball Motions Humanoid/1993_DunkRA.fbx
  artifactKey: Guid(3e83c075dc215f34cab77d8e4b0f4739) Importer(2089858483,b0f066a214c2f5e87bad3c948f4d605d)
Start importing Assets/Studio33 Interactive_[BasketBall] v1.1/Animations/Basketball Motions Humanoid/1993_DunkRA.fbx using Guid(3e83c075dc215f34cab77d8e4b0f4739) Importer(2089858483,b0f066a214c2f5e87bad3c948f4d605d) (ScriptedImporter) -> (artifact id: '33d8a6eb17299d11510b0fe21499fa89') in 0.0272488 seconds
Number of updated asset objects reloaded before import = 0Number of asset objects unloaded after import = 154

========================================================================
Received Import Request.
  Time since last request: 0.000071 seconds.
  path: Assets/Studio33 Interactive_[BasketBall] v1.1/Animations/Basketball Motions_Generic/1104_Screebaa.fbx
  artifactKey: Guid(1922d362fa0894b44921d82e74b965f6) Importer(2089858483,b0f066a214c2f5e87bad3c948f4d605d)
Start importing Assets/Studio33 Interactive_[BasketBall] v1.1/Animations/Basketball Motions_Generic/1104_Screebaa.fbx using Guid(1922d362fa0894b44921d82e74b965f6) Importer(2089858483,b0f066a214c2f5e87bad3c948f4d605d) (ScriptedImporter) -> (artifact id: 'd63b1f8fb32c749d8b677eb2f0656e60') in 0.0248513 seconds
Number of updated asset objects reloaded before import = 0Number of asset objects unloaded after import = 152

========================================================================
Received Import Request.
  Time since last request: 0.000023 seconds.
  path: Assets/Studio33 Interactive_[BasketBall] v1.1/Animations/Basketball Motions Humanoid/1535_JumpshotCAA.fbx
  artifactKey: Guid(bf1d922a8d049f94492b06a96c05c179) Importer(2089858483,b0f066a214c2f5e87bad3c948f4d605d)
Start importing Assets/Studio33 Interactive_[BasketBall] v1.1/Animations/Basketball Motions Humanoid/1535_JumpshotCAA.fbx using Guid(bf1d922a8d049f94492b06a96c05c179) Importer(2089858483,b0f066a214c2f5e87bad3c948f4d605d) (ScriptedImporter) -> (artifact id: 'c769929f482c0fef8f629e68b6628514') in 0.0281833 seconds
Number of updated asset objects reloaded before import = 0Number of asset objects unloaded after import = 154

========================================================================
Received Import Request.
  Time since last request: 0.000028 seconds.
  path: Assets/Studio33 Interactive_[BasketBall] v1.1/Animations/Basketball Motions_Generic/73_BlockingckncatchLongNearFA.fbx
  artifactKey: Guid(0fd76e62a13d5ef42bc7661a3662fad2) Importer(2089858483,b0f066a214c2f5e87bad3c948f4d605d)
Start importing Assets/Studio33 Interactive_[BasketBall] v1.1/Animations/Basketball Motions_Generic/73_BlockingckncatchLongNearFA.fbx using Guid(0fd76e62a13d5ef42bc7661a3662fad2) Importer(2089858483,b0f066a214c2f5e87bad3c948f4d605d) (ScriptedImporter) -> (artifact id: '5d740ab18b624d30db2cc57bf04b1ee7') in 0.0232557 seconds
Number of updated asset objects reloaded before import = 0Number of asset objects unloaded after import = 152

========================================================================
Received Import Request.
  Time since last request: 0.000025 seconds.
  path: Assets/Studio33 Interactive_[BasketBall] v1.1/Animations/Basketball Motions_Generic/498_DribblestartDashC.fbx
  artifactKey: Guid(b5fb1208a8b47a64581b4bd5728575ad) Importer(2089858483,b0f066a214c2f5e87bad3c948f4d605d)
Start importing Assets/Studio33 Interactive_[BasketBall] v1.1/Animations/Basketball Motions_Generic/498_DribblestartDashC.fbx using Guid(b5fb1208a8b47a64581b4bd5728575ad) Importer(2089858483,b0f066a214c2f5e87bad3c948f4d605d) (ScriptedImporter) -> (artifact id: '4a36950f9dc6eae29dbf5db9b13dc571') in 0.0278901 seconds
Number of updated asset objects reloaded before import = 0Number of asset objects unloaded after import = 152

========================================================================
Received Import Request.
  Time since last request: 0.000036 seconds.
  path: Assets/Studio33 Interactive_[BasketBall] v1.1/Animations/Basketball Motions Humanoid/2019_DunkCA.fbx
  artifactKey: Guid(7ab7ddbd035dcb54e91654538d5811b9) Importer(2089858483,b0f066a214c2f5e87bad3c948f4d605d)
Start importing Assets/Studio33 Interactive_[BasketBall] v1.1/Animations/Basketball Motions Humanoid/2019_DunkCA.fbx using Guid(7ab7ddbd035dcb54e91654538d5811b9) Importer(2089858483,b0f066a214c2f5e87bad3c948f4d605d) (ScriptedImporter) -> (artifact id: 'bb6be3b1945aa6f02bb46ddf0c50d2b8') in 0.0257364 seconds
Number of updated asset objects reloaded before import = 0Number of asset objects unloaded after import = 154

========================================================================
Received Import Request.
  Time since last request: 0.000028 seconds.
  path: Assets/Studio33 Interactive_[BasketBall] v1.1/Animations/Basketball Motions_Generic/1808_DunkRAC.fbx
  artifactKey: Guid(2910e130d4e87a445bca8dcf0e4dc125) Importer(2089858483,b0f066a214c2f5e87bad3c948f4d605d)
Start importing Assets/Studio33 Interactive_[BasketBall] v1.1/Animations/Basketball Motions_Generic/1808_DunkRAC.fbx using Guid(2910e130d4e87a445bca8dcf0e4dc125) Importer(2089858483,b0f066a214c2f5e87bad3c948f4d605d) (ScriptedImporter) -> (artifact id: '4075158e53338f1870eae171173b528a') in 0.028871 seconds
Number of updated asset objects reloaded before import = 0Number of asset objects unloaded after import = 152

========================================================================
Received Import Request.
  Time since last request: 0.000040 seconds.
  path: Assets/Studio33 Interactive_[BasketBall] v1.1/Animations/Basketball Motions Humanoid/387_CrossThRRRA.fbx
  artifactKey: Guid(a0200d2a003aa8d409115599270e3004) Importer(2089858483,b0f066a214c2f5e87bad3c948f4d605d)
Start importing Assets/Studio33 Interactive_[BasketBall] v1.1/Animations/Basketball Motions Humanoid/387_CrossThRRRA.fbx using Guid(a0200d2a003aa8d409115599270e3004) Importer(2089858483,b0f066a214c2f5e87bad3c948f4d605d) (ScriptedImporter) -> (artifact id: '9e923d58c203a728a8a8b7f28524bd2d') in 0.0249931 seconds
Number of updated asset objects reloaded before import = 0Number of asset objects unloaded after import = 154

========================================================================
Received Import Request.
  Time since last request: 0.000030 seconds.
  path: Assets/Studio33 Interactive_[BasketBall] v1.1/Animations/Basketball Motions Humanoid/2165_.fbx
  artifactKey: Guid(35bfc4c413b10ca46bbe6e1b62a75d75) Importer(2089858483,b0f066a214c2f5e87bad3c948f4d605d)
Start importing Assets/Studio33 Interactive_[BasketBall] v1.1/Animations/Basketball Motions Humanoid/2165_.fbx using Guid(35bfc4c413b10ca46bbe6e1b62a75d75) Importer(2089858483,b0f066a214c2f5e87bad3c948f4d605d) (ScriptedImporter) -> (artifact id: '5b95e16c93ea11cb87460d5ff6be7adb') in 0.0261542 seconds
Number of updated asset objects reloaded before import = 0Number of asset objects unloaded after import = 154

========================================================================
Received Import Request.
  Time since last request: 0.000034 seconds.
  path: Assets/Studio33 Interactive_[BasketBall] v1.1/Animations/Basketball Motions_Generic/1230_LayupRevCA.fbx
  artifactKey: Guid(7cda7e336b7b3354f8904fa015a60ec4) Importer(2089858483,b0f066a214c2f5e87bad3c948f4d605d)
Start importing Assets/Studio33 Interactive_[BasketBall] v1.1/Animations/Basketball Motions_Generic/1230_LayupRevCA.fbx using Guid(7cda7e336b7b3354f8904fa015a60ec4) Importer(2089858483,b0f066a214c2f5e87bad3c948f4d605d) (ScriptedImporter) -> (artifact id: '623be5817e228e293d1f2e358cfd6901') in 0.0250656 seconds
Number of updated asset objects reloaded before import = 0Number of asset objects unloaded after import = 152

========================================================================
Received Import Request.
  Time since last request: 0.000021 seconds.
  path: Assets/Studio33 Interactive_[BasketBall] v1.1/Animations/Basketball Motions_Generic/708_FakelayupRA.fbx
  artifactKey: Guid(673d41cf0b1bc714c8bb2d0bd8fb6f31) Importer(2089858483,b0f066a214c2f5e87bad3c948f4d605d)
Start importing Assets/Studio33 Interactive_[BasketBall] v1.1/Animations/Basketball Motions_Generic/708_FakelayupRA.fbx using Guid(673d41cf0b1bc714c8bb2d0bd8fb6f31) Importer(2089858483,b0f066a214c2f5e87bad3c948f4d605d) (ScriptedImporter) -> (artifact id: '93941519e635bc68ceec759f3b26dcda') in 0.0215844 seconds
Number of updated asset objects reloaded before import = 0Number of asset objects unloaded after import = 152

========================================================================
Received Import Request.
  Time since last request: 0.000023 seconds.
  path: Assets/Studio33 Interactive_[BasketBall] v1.1/33_basket ball test animations/player/skin_map_c02.png
  artifactKey: Guid(1d21d9a1455a22349b953db09174a255) Importer(2089858483,b0f066a214c2f5e87bad3c948f4d605d)
Start importing Assets/Studio33 Interactive_[BasketBall] v1.1/33_basket ball test animations/player/skin_map_c02.png using Guid(1d21d9a1455a22349b953db09174a255) Importer(2089858483,b0f066a214c2f5e87bad3c948f4d605d) (ScriptedImporter) -> (artifact id: '43e0983b3bcbd8c1b20f1d46397e8338') in 0.0189435 seconds
Number of updated asset objects reloaded before import = 0Number of asset objects unloaded after import = 1

========================================================================
Received Import Request.
  Time since last request: 0.000022 seconds.
  path: Assets/Studio33 Interactive_[BasketBall] v1.1/Animations/Basketball Motions Humanoid/1824_DunkRA.fbx
  artifactKey: Guid(c87f54bc30a9af747b5496466263fc9b) Importer(2089858483,b0f066a214c2f5e87bad3c948f4d605d)
Start importing Assets/Studio33 Interactive_[BasketBall] v1.1/Animations/Basketball Motions Humanoid/1824_DunkRA.fbx using Guid(c87f54bc30a9af747b5496466263fc9b) Importer(2089858483,b0f066a214c2f5e87bad3c948f4d605d) (ScriptedImporter) -> (artifact id: '95d667b738371cabb9917053bf9229cf') in 0.0262019 seconds
Number of updated asset objects reloaded before import = 0Number of asset objects unloaded after import = 154

========================================================================
Received Import Request.
  Time since last request: 0.000079 seconds.
  path: Assets/Studio33 Interactive_[BasketBall] v1.1/Animations/Basketball Motions Humanoid/1986_GgJumpshotMA.fbx
  artifactKey: Guid(a2e18c0ec7632fe45b634f5039522d0f) Importer(2089858483,b0f066a214c2f5e87bad3c948f4d605d)
Start importing Assets/Studio33 Interactive_[BasketBall] v1.1/Animations/Basketball Motions Humanoid/1986_GgJumpshotMA.fbx using Guid(a2e18c0ec7632fe45b634f5039522d0f) Importer(2089858483,b0f066a214c2f5e87bad3c948f4d605d) (ScriptedImporter) -> (artifact id: '6f7ad3f2f1d7562586732f6e991c6cb5') in 0.0280359 seconds
Number of updated asset objects reloaded before import = 0Number of asset objects unloaded after import = 154

========================================================================
Received Import Request.
  Time since last request: 0.000027 seconds.
  path: Assets/Studio33 Interactive_[BasketBall] v1.1/Animations/Basketball Motions_Generic/299_PumpbreakRRR.fbx
  artifactKey: Guid(e96e9afa6777e4644a9593cd197548d5) Importer(2089858483,b0f066a214c2f5e87bad3c948f4d605d)
Start importing Assets/Studio33 Interactive_[BasketBall] v1.1/Animations/Basketball Motions_Generic/299_PumpbreakRRR.fbx using Guid(e96e9afa6777e4644a9593cd197548d5) Importer(2089858483,b0f066a214c2f5e87bad3c948f4d605d) (ScriptedImporter) -> (artifact id: 'f53732ee0cfff221ce7bc2efcba607ca') in 0.0293618 seconds
Number of updated asset objects reloaded before import = 0Number of asset objects unloaded after import = 152

========================================================================
Received Import Request.
  Time since last request: 0.000027 seconds.
  path: Assets/Studio33 Interactive_[BasketBall] v1.1/Animations/Basketball Motions Humanoid/1683_JumpshotCAFakeA.fbx
  artifactKey: Guid(baee78230bc6cdc49b31a58b2438856b) Importer(2089858483,b0f066a214c2f5e87bad3c948f4d605d)
Start importing Assets/Studio33 Interactive_[BasketBall] v1.1/Animations/Basketball Motions Humanoid/1683_JumpshotCAFakeA.fbx using Guid(baee78230bc6cdc49b31a58b2438856b) Importer(2089858483,b0f066a214c2f5e87bad3c948f4d605d) (ScriptedImporter) -> (artifact id: '0baa1aafd3a2a58a621491b01a4fd70b') in 0.0302602 seconds
Number of updated asset objects reloaded before import = 0Number of asset objects unloaded after import = 154

========================================================================
Received Import Request.
  Time since last request: 0.000056 seconds.
  path: Assets/Studio33 Interactive_[BasketBall] v1.1/Animations/Basketball Motions Humanoid/699_NpassRA.fbx
  artifactKey: Guid(2a31983c78b9aa14a971739f8b93575a) Importer(2089858483,b0f066a214c2f5e87bad3c948f4d605d)
Start importing Assets/Studio33 Interactive_[BasketBall] v1.1/Animations/Basketball Motions Humanoid/699_NpassRA.fbx using Guid(2a31983c78b9aa14a971739f8b93575a) Importer(2089858483,b0f066a214c2f5e87bad3c948f4d605d) (ScriptedImporter) -> (artifact id: '9633ab819a4b1c02f5da257191a43963') in 0.0283087 seconds
Number of updated asset objects reloaded before import = 0Number of asset objects unloaded after import = 154

========================================================================
Received Import Request.
  Time since last request: 0.000039 seconds.
  path: Assets/Studio33 Interactive_[BasketBall] v1.1/Animations/Basketball Motions Humanoid/70_BlockingckncatchLongFarJumpFA.fbx
  artifactKey: Guid(309aebf8001c494489e80d4852f14b19) Importer(2089858483,b0f066a214c2f5e87bad3c948f4d605d)
Start importing Assets/Studio33 Interactive_[BasketBall] v1.1/Animations/Basketball Motions Humanoid/70_BlockingckncatchLongFarJumpFA.fbx using Guid(309aebf8001c494489e80d4852f14b19) Importer(2089858483,b0f066a214c2f5e87bad3c948f4d605d) (ScriptedImporter) -> (artifact id: 'e7dd85ab2c9a65a146f24b57fb2c6f73') in 0.0294735 seconds
Number of updated asset objects reloaded before import = 0Number of asset objects unloaded after import = 154

========================================================================
Received Import Request.
  Time since last request: 0.000034 seconds.
  path: Assets/Studio33 Interactive_[BasketBall] v1.1/Animations/Basketball Motions_Generic/229_HopstepFRA.fbx
  artifactKey: Guid(447ebc5348e7560498e3490a40e5deff) Importer(2089858483,b0f066a214c2f5e87bad3c948f4d605d)
Start importing Assets/Studio33 Interactive_[BasketBall] v1.1/Animations/Basketball Motions_Generic/229_HopstepFRA.fbx using Guid(447ebc5348e7560498e3490a40e5deff) Importer(2089858483,b0f066a214c2f5e87bad3c948f4d605d) (ScriptedImporter) -> (artifact id: '86ebc60849cb4408d5c091ca709f7bed') in 0.0283905 seconds
Number of updated asset objects reloaded before import = 0Number of asset objects unloaded after import = 152

========================================================================
Received Import Request.
  Time since last request: 0.000024 seconds.
  path: Assets/Studio33 Interactive_[BasketBall] v1.1/Animations/Basketball Motions_Generic/563_QuickpointReadyFake.fbx
  artifactKey: Guid(330d4ced424996f4498f6a1bb1de0425) Importer(2089858483,b0f066a214c2f5e87bad3c948f4d605d)
Start importing Assets/Studio33 Interactive_[BasketBall] v1.1/Animations/Basketball Motions_Generic/563_QuickpointReadyFake.fbx using Guid(330d4ced424996f4498f6a1bb1de0425) Importer(2089858483,b0f066a214c2f5e87bad3c948f4d605d) (ScriptedImporter) -> (artifact id: '3f03d9e5de79c2eee60204b0a9a2298d') in 0.0272601 seconds
Number of updated asset objects reloaded before import = 0Number of asset objects unloaded after import = 152

========================================================================
Received Import Request.
  Time since last request: 0.000027 seconds.
  path: Assets/Studio33 Interactive_[BasketBall] v1.1/Animations/Basketball Motions Humanoid/1199_DunkRA.fbx
  artifactKey: Guid(fd6c019284c33e144ab9087d1b994de1) Importer(2089858483,b0f066a214c2f5e87bad3c948f4d605d)
Start importing Assets/Studio33 Interactive_[BasketBall] v1.1/Animations/Basketball Motions Humanoid/1199_DunkRA.fbx using Guid(fd6c019284c33e144ab9087d1b994de1) Importer(2089858483,b0f066a214c2f5e87bad3c948f4d605d) (ScriptedImporter) -> (artifact id: '5c5da38348016db86e4820cbc92c969e') in 0.0302517 seconds
Number of updated asset objects reloaded before import = 0Number of asset objects unloaded after import = 154

========================================================================
Received Import Request.
  Time since last request: 0.000035 seconds.
  path: Assets/Studio33 Interactive_[BasketBall] v1.1/Animations/Basketball Motions Humanoid/2106_DunkCA.fbx
  artifactKey: Guid(5a9e7f44ee6ec2e4999476a48d4e53ad) Importer(2089858483,b0f066a214c2f5e87bad3c948f4d605d)
Start importing Assets/Studio33 Interactive_[BasketBall] v1.1/Animations/Basketball Motions Humanoid/2106_DunkCA.fbx using Guid(5a9e7f44ee6ec2e4999476a48d4e53ad) Importer(2089858483,b0f066a214c2f5e87bad3c948f4d605d) (ScriptedImporter) -> (artifact id: '977dfe473be9d1d571d300c8eb660a66') in 0.0309153 seconds
Number of updated asset objects reloaded before import = 0Number of asset objects unloaded after import = 154

========================================================================
Received Import Request.
  Time since last request: 0.000024 seconds.
  path: Assets/Studio33 Interactive_[BasketBall] v1.1/Animations/Basketball Motions Humanoid/550_TripleclutchCA.fbx
  artifactKey: Guid(fb4e4555909fcf74c8c106e7b3369008) Importer(2089858483,b0f066a214c2f5e87bad3c948f4d605d)
Start importing Assets/Studio33 Interactive_[BasketBall] v1.1/Animations/Basketball Motions Humanoid/550_TripleclutchCA.fbx using Guid(fb4e4555909fcf74c8c106e7b3369008) Importer(2089858483,b0f066a214c2f5e87bad3c948f4d605d) (ScriptedImporter) -> (artifact id: '488f75652746bb5b8c795ab2186b2561') in 0.0265003 seconds
Number of updated asset objects reloaded before import = 0Number of asset objects unloaded after import = 154

========================================================================
Received Import Request.
  Time since last request: 0.000028 seconds.
  path: Assets/Studio33 Interactive_[BasketBall] v1.1/Animations/Basketball Motions Humanoid/1136_AlleyoopDclutchRRightA.fbx
  artifactKey: Guid(cbd4c58d779e3f243ad3cfa4cb9d543d) Importer(2089858483,b0f066a214c2f5e87bad3c948f4d605d)
Start importing Assets/Studio33 Interactive_[BasketBall] v1.1/Animations/Basketball Motions Humanoid/1136_AlleyoopDclutchRRightA.fbx using Guid(cbd4c58d779e3f243ad3cfa4cb9d543d) Importer(2089858483,b0f066a214c2f5e87bad3c948f4d605d) (ScriptedImporter) -> (artifact id: '1e9a0c0bf1728b5d4062c792bffe1acb') in 0.0304317 seconds
Number of updated asset objects reloaded before import = 0Number of asset objects unloaded after import = 154

========================================================================
Received Import Request.
  Time since last request: 0.000027 seconds.
  path: Assets/Studio33 Interactive_[BasketBall] v1.1/Animations/Basketball Motions Humanoid/464_MarkRight.fbx
  artifactKey: Guid(c2051ebf64cb4d9419fbfc03bb109500) Importer(2089858483,b0f066a214c2f5e87bad3c948f4d605d)
Start importing Assets/Studio33 Interactive_[BasketBall] v1.1/Animations/Basketball Motions Humanoid/464_MarkRight.fbx using Guid(c2051ebf64cb4d9419fbfc03bb109500) Importer(2089858483,b0f066a214c2f5e87bad3c948f4d605d) (ScriptedImporter) -> (artifact id: '9fb647e8aae029b6b330d21ae745f5ce') in 0.0281372 seconds
Number of updated asset objects reloaded before import = 0Number of asset objects unloaded after import = 154

========================================================================
Received Import Request.
  Time since last request: 0.000038 seconds.
  path: Assets/Studio33 Interactive_[BasketBall] v1.1/Animations/Basketball Motions Humanoid/1485_DclutchFBaA.fbx
  artifactKey: Guid(3bfefa8e675cc4644bbc6b0a60c3d708) Importer(2089858483,b0f066a214c2f5e87bad3c948f4d605d)
Start importing Assets/Studio33 Interactive_[BasketBall] v1.1/Animations/Basketball Motions Humanoid/1485_DclutchFBaA.fbx using Guid(3bfefa8e675cc4644bbc6b0a60c3d708) Importer(2089858483,b0f066a214c2f5e87bad3c948f4d605d) (ScriptedImporter) -> (artifact id: 'df58f10c661461f0153993d39ba8786a') in 0.0266465 seconds
Number of updated asset objects reloaded before import = 0Number of asset objects unloaded after import = 154

========================================================================
Received Import Request.
  Time since last request: 0.000030 seconds.
  path: Assets/Studio33 Interactive_[BasketBall] v1.1/Animations/Basketball Motions Humanoid/1965_JumpshotPullupLA.fbx
  artifactKey: Guid(a465ffec9263e214083f8218f8f51b25) Importer(2089858483,b0f066a214c2f5e87bad3c948f4d605d)
Start importing Assets/Studio33 Interactive_[BasketBall] v1.1/Animations/Basketball Motions Humanoid/1965_JumpshotPullupLA.fbx using Guid(a465ffec9263e214083f8218f8f51b25) Importer(2089858483,b0f066a214c2f5e87bad3c948f4d605d) (ScriptedImporter) -> (artifact id: '47a0ba7399ec7278d4f5afedf39830a5') in 0.029823 seconds
Number of updated asset objects reloaded before import = 0Number of asset objects unloaded after import = 154

========================================================================
Received Import Request.
  Time since last request: 0.000038 seconds.
  path: Assets/Studio33 Interactive_[BasketBall] v1.1/Animations/Basketball Motions_Generic/847_PassOverLA.fbx
  artifactKey: Guid(e5f8a3f8e547c5441bda25af76fb07ca) Importer(2089858483,b0f066a214c2f5e87bad3c948f4d605d)
Start importing Assets/Studio33 Interactive_[BasketBall] v1.1/Animations/Basketball Motions_Generic/847_PassOverLA.fbx using Guid(e5f8a3f8e547c5441bda25af76fb07ca) Importer(2089858483,b0f066a214c2f5e87bad3c948f4d605d) (ScriptedImporter) -> (artifact id: '86222cbc5e124755483e0c7ab4431e48') in 0.0263946 seconds
Number of updated asset objects reloaded before import = 0Number of asset objects unloaded after import = 152

========================================================================
Received Import Request.
  Time since last request: 0.000065 seconds.
  path: Assets/Studio33 Interactive_[BasketBall] v1.1/Animations/Basketball Motions_Generic/1195_DunkRA.fbx
  artifactKey: Guid(baa1324444f2a03479ffe8198360b3f4) Importer(2089858483,b0f066a214c2f5e87bad3c948f4d605d)
Start importing Assets/Studio33 Interactive_[BasketBall] v1.1/Animations/Basketball Motions_Generic/1195_DunkRA.fbx using Guid(baa1324444f2a03479ffe8198360b3f4) Importer(2089858483,b0f066a214c2f5e87bad3c948f4d605d) (ScriptedImporter) -> (artifact id: '76d8aaf567b11e8af4e9e6839b324c0c') in 0.0287431 seconds
Number of updated asset objects reloaded before import = 0Number of asset objects unloaded after import = 152

========================================================================
Received Import Request.
  Time since last request: 0.000045 seconds.
  path: Assets/Studio33 Interactive_[BasketBall] v1.1/Animations/Basketball Motions_Generic/1443_DunkRA.fbx
  artifactKey: Guid(8e67b923a8aa9c74585f13dc2c1d4b7a) Importer(2089858483,b0f066a214c2f5e87bad3c948f4d605d)
Start importing Assets/Studio33 Interactive_[BasketBall] v1.1/Animations/Basketball Motions_Generic/1443_DunkRA.fbx using Guid(8e67b923a8aa9c74585f13dc2c1d4b7a) Importer(2089858483,b0f066a214c2f5e87bad3c948f4d605d) (ScriptedImporter) -> (artifact id: '7b53a3f4c12ddbc6ea80114bf9b681b6') in 0.025837 seconds
Number of updated asset objects reloaded before import = 0Number of asset objects unloaded after import = 152

========================================================================
Received Import Request.
  Time since last request: 0.000024 seconds.
  path: Assets/Studio33 Interactive_[BasketBall] v1.1/Animations/Basketball Motions_Generic/1373_JumpshotNomarkReadyFake.fbx
  artifactKey: Guid(6b68a167cfdce0c489de7bb7f9592daf) Importer(2089858483,b0f066a214c2f5e87bad3c948f4d605d)
Start importing Assets/Studio33 Interactive_[BasketBall] v1.1/Animations/Basketball Motions_Generic/1373_JumpshotNomarkReadyFake.fbx using Guid(6b68a167cfdce0c489de7bb7f9592daf) Importer(2089858483,b0f066a214c2f5e87bad3c948f4d605d) (ScriptedImporter) -> (artifact id: '1fe06624af1105c1d2097549d07176a0') in 0.0286158 seconds
Number of updated asset objects reloaded before import = 0Number of asset objects unloaded after import = 152

========================================================================
Received Import Request.
  Time since last request: 0.000024 seconds.
  path: Assets/Studio33 Interactive_[BasketBall] v1.1/Animations/Basketball Motions Humanoid/642_LoosebalowA.fbx
  artifactKey: Guid(9306392eb4967f142a634d76e432d748) Importer(2089858483,b0f066a214c2f5e87bad3c948f4d605d)
Start importing Assets/Studio33 Interactive_[BasketBall] v1.1/Animations/Basketball Motions Humanoid/642_LoosebalowA.fbx using Guid(9306392eb4967f142a634d76e432d748) Importer(2089858483,b0f066a214c2f5e87bad3c948f4d605d) (ScriptedImporter) -> (artifact id: 'fdf09a4ef1379891841b396ebbfc9cb2') in 0.0275392 seconds
Number of updated asset objects reloaded before import = 0Number of asset objects unloaded after import = 154

========================================================================
Received Import Request.
  Time since last request: 0.000030 seconds.
  path: Assets/Studio33 Interactive_[BasketBall] v1.1/Animations/Basketball Motions Humanoid/2135_JumpshotReadyFake.fbx
  artifactKey: Guid(2fb9f0009b921b046aea24fdb7937bfb) Importer(2089858483,b0f066a214c2f5e87bad3c948f4d605d)
Start importing Assets/Studio33 Interactive_[BasketBall] v1.1/Animations/Basketball Motions Humanoid/2135_JumpshotReadyFake.fbx using Guid(2fb9f0009b921b046aea24fdb7937bfb) Importer(2089858483,b0f066a214c2f5e87bad3c948f4d605d) (ScriptedImporter) -> (artifact id: '4f20f75b5dee82805c613391a907bfd7') in 0.0269818 seconds
Number of updated asset objects reloaded before import = 0Number of asset objects unloaded after import = 154

========================================================================
Received Import Request.
  Time since last request: 0.000034 seconds.
  path: Assets/Studio33 Interactive_[BasketBall] v1.1/Animations/Basketball Motions_Generic/1405_LayupRA.fbx
  artifactKey: Guid(cd0333eed12af004fada68f863b0ef59) Importer(2089858483,b0f066a214c2f5e87bad3c948f4d605d)
Start importing Assets/Studio33 Interactive_[BasketBall] v1.1/Animations/Basketball Motions_Generic/1405_LayupRA.fbx using Guid(cd0333eed12af004fada68f863b0ef59) Importer(2089858483,b0f066a214c2f5e87bad3c948f4d605d) (ScriptedImporter) -> (artifact id: '82f1253875ba58126f9c8e158782a2de') in 0.0233168 seconds
Number of updated asset objects reloaded before import = 0Number of asset objects unloaded after import = 152

========================================================================
Received Import Request.
  Time since last request: 0.000031 seconds.
  path: Assets/Studio33 Interactive_[BasketBall] v1.1/Animations/Basketball Motions_Generic/363_CrossEurostepLayupR.fbx
  artifactKey: Guid(7471ae1de5da0b94b99762c358bff441) Importer(2089858483,b0f066a214c2f5e87bad3c948f4d605d)
Start importing Assets/Studio33 Interactive_[BasketBall] v1.1/Animations/Basketball Motions_Generic/363_CrossEurostepLayupR.fbx using Guid(7471ae1de5da0b94b99762c358bff441) Importer(2089858483,b0f066a214c2f5e87bad3c948f4d605d) (ScriptedImporter) -> (artifact id: 'df1d63e33ee2bb16ef55fff2b48cf5b2') in 0.0329811 seconds
Number of updated asset objects reloaded before import = 0Number of asset objects unloaded after import = 152

========================================================================
Received Import Request.
  Time since last request: 0.000025 seconds.
  path: Assets/Studio33 Interactive_[BasketBall] v1.1/Animations/Basketball Motions_Generic/795_PassChestFA.fbx
  artifactKey: Guid(42899935c529b22458f223f0be5502e0) Importer(2089858483,b0f066a214c2f5e87bad3c948f4d605d)
Start importing Assets/Studio33 Interactive_[BasketBall] v1.1/Animations/Basketball Motions_Generic/795_PassChestFA.fbx using Guid(42899935c529b22458f223f0be5502e0) Importer(2089858483,b0f066a214c2f5e87bad3c948f4d605d) (ScriptedImporter) -> (artifact id: '5946b6013010bf68a52d705d31c178a0') in 0.0281565 seconds
Number of updated asset objects reloaded before import = 0Number of asset objects unloaded after import = 152

========================================================================
Received Import Request.
  Time since last request: 0.000032 seconds.
  path: Assets/Studio33 Interactive_[BasketBall] v1.1/Animations/Basketball Motions Humanoid/1472_JumpshotReadyFake.fbx
  artifactKey: Guid(c4e1507738ce7d64e84fb6c2990a5e11) Importer(2089858483,b0f066a214c2f5e87bad3c948f4d605d)
Start importing Assets/Studio33 Interactive_[BasketBall] v1.1/Animations/Basketball Motions Humanoid/1472_JumpshotReadyFake.fbx using Guid(c4e1507738ce7d64e84fb6c2990a5e11) Importer(2089858483,b0f066a214c2f5e87bad3c948f4d605d) (ScriptedImporter) -> (artifact id: '759f5cf123985dd129e7a3f388da7e25') in 0.0286417 seconds
Number of updated asset objects reloaded before import = 0Number of asset objects unloaded after import = 154

========================================================================
Received Import Request.
  Time since last request: 0.000049 seconds.
  path: Assets/Studio33 Interactive_[BasketBall] v1.1/Animations/Basketball Motions Humanoid/1723_JumpshotMA.fbx
  artifactKey: Guid(5a7fd036a1632d748830d7f7d8868648) Importer(2089858483,b0f066a214c2f5e87bad3c948f4d605d)
Start importing Assets/Studio33 Interactive_[BasketBall] v1.1/Animations/Basketball Motions Humanoid/1723_JumpshotMA.fbx using Guid(5a7fd036a1632d748830d7f7d8868648) Importer(2089858483,b0f066a214c2f5e87bad3c948f4d605d) (ScriptedImporter) -> (artifact id: 'c6b2c4feb173f87171aab72493c1052a') in 0.028126 seconds
Number of updated asset objects reloaded before import = 0Number of asset objects unloaded after import = 154

========================================================================
Received Import Request.
  Time since last request: 0.000027 seconds.
  path: Assets/Studio33 Interactive_[BasketBall] v1.1/Animations/Basketball Motions_Generic/2207_Uppersteal.fbx
  artifactKey: Guid(18dd2f3fda0ab3344b4614380670de89) Importer(2089858483,b0f066a214c2f5e87bad3c948f4d605d)
Start importing Assets/Studio33 Interactive_[BasketBall] v1.1/Animations/Basketball Motions_Generic/2207_Uppersteal.fbx using Guid(18dd2f3fda0ab3344b4614380670de89) Importer(2089858483,b0f066a214c2f5e87bad3c948f4d605d) (ScriptedImporter) -> (artifact id: 'd13620e1a4a2fc0c36c56fe37b3e9408') in 0.0283428 seconds
Number of updated asset objects reloaded before import = 0Number of asset objects unloaded after import = 152

========================================================================
Received Import Request.
  Time since last request: 0.000021 seconds.
  path: Assets/Studio33 Interactive_[BasketBall] v1.1/Animations/Basketball Motions Humanoid/689_ChipoutPassFA.fbx
  artifactKey: Guid(5713e237c9dc0a849aebc561b0a43531) Importer(2089858483,b0f066a214c2f5e87bad3c948f4d605d)
Start importing Assets/Studio33 Interactive_[BasketBall] v1.1/Animations/Basketball Motions Humanoid/689_ChipoutPassFA.fbx using Guid(5713e237c9dc0a849aebc561b0a43531) Importer(2089858483,b0f066a214c2f5e87bad3c948f4d605d) (ScriptedImporter) -> (artifact id: '40312b71f499c480cd2034721d9e2690') in 0.0272637 seconds
Number of updated asset objects reloaded before import = 0Number of asset objects unloaded after import = 154

========================================================================
Received Import Request.
  Time since last request: 0.000041 seconds.
  path: Assets/Studio33 Interactive_[BasketBall] v1.1/Animations/Basketball Motions_Generic/2063_DunkCA.fbx
  artifactKey: Guid(e96791f7a1d004245b2cb1b2698c595d) Importer(2089858483,b0f066a214c2f5e87bad3c948f4d605d)
Start importing Assets/Studio33 Interactive_[BasketBall] v1.1/Animations/Basketball Motions_Generic/2063_DunkCA.fbx using Guid(e96791f7a1d004245b2cb1b2698c595d) Importer(2089858483,b0f066a214c2f5e87bad3c948f4d605d) (ScriptedImporter) -> (artifact id: 'f9ca5637a267791cdc25621a96cfa70d') in 0.0272957 seconds
Number of updated asset objects reloaded before import = 0Number of asset objects unloaded after import = 152

========================================================================
Received Import Request.
  Time since last request: 0.000045 seconds.
  path: Assets/Studio33 Interactive_[BasketBall] v1.1/Animations/Basketball Motions_Generic/426_MBlidefense.fbx
  artifactKey: Guid(8a31ae94079ffc94a9cd9f564a72955a) Importer(2089858483,b0f066a214c2f5e87bad3c948f4d605d)
Start importing Assets/Studio33 Interactive_[BasketBall] v1.1/Animations/Basketball Motions_Generic/426_MBlidefense.fbx using Guid(8a31ae94079ffc94a9cd9f564a72955a) Importer(2089858483,b0f066a214c2f5e87bad3c948f4d605d) (ScriptedImporter) -> (artifact id: 'bbc9a1ad29d1cd2ef358e8bab7e64780') in 0.0232084 seconds
Number of updated asset objects reloaded before import = 0Number of asset objects unloaded after import = 152

========================================================================
Received Import Request.
  Time since last request: 0.000022 seconds.
  path: Assets/Studio33 Interactive_[BasketBall] v1.1/Animations/Basketball Motions_Generic/196_CollisioshoulderChargeA.fbx
  artifactKey: Guid(7e995b1050266b04e83205a9e317e8a0) Importer(2089858483,b0f066a214c2f5e87bad3c948f4d605d)
Start importing Assets/Studio33 Interactive_[BasketBall] v1.1/Animations/Basketball Motions_Generic/196_CollisioshoulderChargeA.fbx using Guid(7e995b1050266b04e83205a9e317e8a0) Importer(2089858483,b0f066a214c2f5e87bad3c948f4d605d) (ScriptedImporter) -> (artifact id: '67c704c044b97e9df4b56b9038334515') in 0.0267914 seconds
Number of updated asset objects reloaded before import = 0Number of asset objects unloaded after import = 152

========================================================================
Received Import Request.
  Time since last request: 0.000023 seconds.
  path: Assets/Studio33 Interactive_[BasketBall] v1.1/Animations/Basketball Motions_Generic/1680_HookFakeA.fbx
  artifactKey: Guid(cdc7265fd12ec5445868d37b335bc81a) Importer(2089858483,b0f066a214c2f5e87bad3c948f4d605d)
Start importing Assets/Studio33 Interactive_[BasketBall] v1.1/Animations/Basketball Motions_Generic/1680_HookFakeA.fbx using Guid(cdc7265fd12ec5445868d37b335bc81a) Importer(2089858483,b0f066a214c2f5e87bad3c948f4d605d) (ScriptedImporter) -> (artifact id: '08c109007e5208cc131e35d3591744dd') in 0.027158 seconds
Number of updated asset objects reloaded before import = 0Number of asset objects unloaded after import = 152

========================================================================
Received Import Request.
  Time since last request: 0.000035 seconds.
  path: Assets/Studio33 Interactive_[BasketBall] v1.1/Animations/Basketball Motions_Generic/1009_Rebound C.fbx
  artifactKey: Guid(654076e0255a3f54082b4f7e9821d0cf) Importer(2089858483,b0f066a214c2f5e87bad3c948f4d605d)
Start importing Assets/Studio33 Interactive_[BasketBall] v1.1/Animations/Basketball Motions_Generic/1009_Rebound C.fbx using Guid(654076e0255a3f54082b4f7e9821d0cf) Importer(2089858483,b0f066a214c2f5e87bad3c948f4d605d) (ScriptedImporter) -> (artifact id: '28c1046d5c8ec20fb3dba9bbf1d6c08e') in 0.0280146 seconds
Number of updated asset objects reloaded before import = 0Number of asset objects unloaded after import = 152

========================================================================
Received Import Request.
  Time since last request: 0.000044 seconds.
  path: Assets/Studio33 Interactive_[BasketBall] v1.1/Animations/Basketball Motions Humanoid/1890_JumpshotMA.fbx
  artifactKey: Guid(33b5e0b2dcd5d9a499f13b36e837e549) Importer(2089858483,b0f066a214c2f5e87bad3c948f4d605d)
Start importing Assets/Studio33 Interactive_[BasketBall] v1.1/Animations/Basketball Motions Humanoid/1890_JumpshotMA.fbx using Guid(33b5e0b2dcd5d9a499f13b36e837e549) Importer(2089858483,b0f066a214c2f5e87bad3c948f4d605d) (ScriptedImporter) -> (artifact id: 'dc17f2e145dc955b5101c630dfec0dbb') in 0.033679 seconds
Number of updated asset objects reloaded before import = 0Number of asset objects unloaded after import = 154

========================================================================
Received Import Request.
  Time since last request: 0.000023 seconds.
  path: Assets/Studio33 Interactive_[BasketBall] v1.1/Animations/Basketball Motions Humanoid/1067_SceneEntHome.fbx
  artifactKey: Guid(66880eb3869f24c4fba448c6ae41126d) Importer(2089858483,b0f066a214c2f5e87bad3c948f4d605d)
Start importing Assets/Studio33 Interactive_[BasketBall] v1.1/Animations/Basketball Motions Humanoid/1067_SceneEntHome.fbx using Guid(66880eb3869f24c4fba448c6ae41126d) Importer(2089858483,b0f066a214c2f5e87bad3c948f4d605d) (ScriptedImporter) -> (artifact id: 'd4b826aeeb644d6322d47813441c96ff') in 0.0302544 seconds
Number of updated asset objects reloaded before import = 0Number of asset objects unloaded after import = 154

========================================================================
Received Import Request.
  Time since last request: 0.000027 seconds.
  path: Assets/Studio33 Interactive_[BasketBall] v1.1/Animations/Basketball Motions Humanoid/1768_JumpshotReadyFake.fbx
  artifactKey: Guid(3f64b74a9d706af49b02aeabcf007482) Importer(2089858483,b0f066a214c2f5e87bad3c948f4d605d)
Start importing Assets/Studio33 Interactive_[BasketBall] v1.1/Animations/Basketball Motions Humanoid/1768_JumpshotReadyFake.fbx using Guid(3f64b74a9d706af49b02aeabcf007482) Importer(2089858483,b0f066a214c2f5e87bad3c948f4d605d) (ScriptedImporter) -> (artifact id: '719d748c3a7d0b559ac9728b1298ceba') in 0.0278185 seconds
Number of updated asset objects reloaded before import = 0Number of asset objects unloaded after import = 154

========================================================================
Received Import Request.
  Time since last request: 0.000030 seconds.
  path: Assets/Studio33 Interactive_[BasketBall] v1.1/Animations/Basketball Motions_Generic/1085_ScreereadyA.fbx
  artifactKey: Guid(8d5802d369656374ebe27b448084cdb6) Importer(2089858483,b0f066a214c2f5e87bad3c948f4d605d)
Start importing Assets/Studio33 Interactive_[BasketBall] v1.1/Animations/Basketball Motions_Generic/1085_ScreereadyA.fbx using Guid(8d5802d369656374ebe27b448084cdb6) Importer(2089858483,b0f066a214c2f5e87bad3c948f4d605d) (ScriptedImporter) -> (artifact id: '387fdc53abe4a0dceb78b613465100a1') in 0.0282507 seconds
Number of updated asset objects reloaded before import = 0Number of asset objects unloaded after import = 152

========================================================================
Received Import Request.
  Time since last request: 0.000037 seconds.
  path: Assets/Studio33 Interactive_[BasketBall] v1.1/Animations/Basketball Motions_Generic/1957_DunkRRevA.fbx
  artifactKey: Guid(d61fbda4659fcb446900bab320c76446) Importer(2089858483,b0f066a214c2f5e87bad3c948f4d605d)
Start importing Assets/Studio33 Interactive_[BasketBall] v1.1/Animations/Basketball Motions_Generic/1957_DunkRRevA.fbx using Guid(d61fbda4659fcb446900bab320c76446) Importer(2089858483,b0f066a214c2f5e87bad3c948f4d605d) (ScriptedImporter) -> (artifact id: 'cecd6e6abfb78c750b2d5de4e5084fb7') in 0.0253304 seconds
Number of updated asset objects reloaded before import = 0Number of asset objects unloaded after import = 152

========================================================================
Received Import Request.
  Time since last request: 0.000032 seconds.
  path: Assets/Studio33 Interactive_[BasketBall] v1.1/Animations/Basketball Motions Humanoid/1182_DunkRAC.fbx
  artifactKey: Guid(8a3c41f7df3faf644a3ae7b873d11d89) Importer(2089858483,b0f066a214c2f5e87bad3c948f4d605d)
Start importing Assets/Studio33 Interactive_[BasketBall] v1.1/Animations/Basketball Motions Humanoid/1182_DunkRAC.fbx using Guid(8a3c41f7df3faf644a3ae7b873d11d89) Importer(2089858483,b0f066a214c2f5e87bad3c948f4d605d) (ScriptedImporter) -> (artifact id: '1ada14f1ab3eedb51419f8478a117681') in 0.0294144 seconds
Number of updated asset objects reloaded before import = 0Number of asset objects unloaded after import = 154

========================================================================
Received Import Request.
  Time since last request: 0.000039 seconds.
  path: Assets/Studio33 Interactive_[BasketBall] v1.1/33_basket ball test animations/player/e0510=RnM run col stop r 1 a.fbx
  artifactKey: Guid(d6503c23c86cee84680c16a5d0b85289) Importer(2089858483,b0f066a214c2f5e87bad3c948f4d605d)
Start importing Assets/Studio33 Interactive_[BasketBall] v1.1/33_basket ball test animations/player/e0510=RnM run col stop r 1 a.fbx using Guid(d6503c23c86cee84680c16a5d0b85289) Importer(2089858483,b0f066a214c2f5e87bad3c948f4d605d) (ScriptedImporter) -> (artifact id: 'fefdc115cdd87583170a72e4e90544f1') in 0.0250492 seconds
Number of updated asset objects reloaded before import = 0Number of asset objects unloaded after import = 150

========================================================================
Received Import Request.
  Time since last request: 0.000029 seconds.
  path: Assets/Studio33 Interactive_[BasketBall] v1.1/Animations/Basketball Motions Humanoid/1603_DunkClutchRLeftA.fbx
  artifactKey: Guid(ecb40e97677d268479d8e6510bef5d09) Importer(2089858483,b0f066a214c2f5e87bad3c948f4d605d)
Start importing Assets/Studio33 Interactive_[BasketBall] v1.1/Animations/Basketball Motions Humanoid/1603_DunkClutchRLeftA.fbx using Guid(ecb40e97677d268479d8e6510bef5d09) Importer(2089858483,b0f066a214c2f5e87bad3c948f4d605d) (ScriptedImporter) -> (artifact id: 'db31eccc53107590d48b1af430cfca9f') in 0.0355215 seconds
Number of updated asset objects reloaded before import = 0Number of asset objects unloaded after import = 154

========================================================================
Received Import Request.
  Time since last request: 0.000048 seconds.
  path: Assets/Studio33 Interactive_[BasketBall] v1.1/Animations/Basketball Motions_Generic/1590_DunkCA.fbx
  artifactKey: Guid(3644f698f28c3c54f9348ec04d342ec6) Importer(2089858483,b0f066a214c2f5e87bad3c948f4d605d)
Start importing Assets/Studio33 Interactive_[BasketBall] v1.1/Animations/Basketball Motions_Generic/1590_DunkCA.fbx using Guid(3644f698f28c3c54f9348ec04d342ec6) Importer(2089858483,b0f066a214c2f5e87bad3c948f4d605d) (ScriptedImporter) -> (artifact id: 'ec0c77f5069d4cdc1015dcf956e9ec9e') in 0.0305318 seconds
Number of updated asset objects reloaded before import = 0Number of asset objects unloaded after import = 152

========================================================================
Received Import Request.
  Time since last request: 0.000019 seconds.
  path: Assets/Studio33 Interactive_[BasketBall] v1.1/Animations/Basketball Motions Humanoid/835_AlleyoopNpassRA.fbx
  artifactKey: Guid(2bd0e0505979964429a2736ece758a51) Importer(2089858483,b0f066a214c2f5e87bad3c948f4d605d)
Start importing Assets/Studio33 Interactive_[BasketBall] v1.1/Animations/Basketball Motions Humanoid/835_AlleyoopNpassRA.fbx using Guid(2bd0e0505979964429a2736ece758a51) Importer(2089858483,b0f066a214c2f5e87bad3c948f4d605d) (ScriptedImporter) -> (artifact id: '3efff6d0ef5b293aff6e6a67a7b799ba') in 0.0281031 seconds
Number of updated asset objects reloaded before import = 0Number of asset objects unloaded after import = 154

========================================================================
Received Import Request.
  Time since last request: 0.000065 seconds.
  path: Assets/Studio33 Interactive_[BasketBall] v1.1/Animations/Basketball Motions Humanoid/140_PostPushRightA.fbx
  artifactKey: Guid(971a31fdb4492f844b37e5fd4b7ee2e0) Importer(2089858483,b0f066a214c2f5e87bad3c948f4d605d)
Start importing Assets/Studio33 Interactive_[BasketBall] v1.1/Animations/Basketball Motions Humanoid/140_PostPushRightA.fbx using Guid(971a31fdb4492f844b37e5fd4b7ee2e0) Importer(2089858483,b0f066a214c2f5e87bad3c948f4d605d) (ScriptedImporter) -> (artifact id: 'eefca7268247eb7f882faa6665fafbf0') in 0.0298164 seconds
Number of updated asset objects reloaded before import = 0Number of asset objects unloaded after import = 154

========================================================================
Received Import Request.
  Time since last request: 0.000027 seconds.
  path: Assets/Studio33 Interactive_[BasketBall] v1.1/Animations/Basketball Motions_Generic/515_Dribbleright.fbx
  artifactKey: Guid(2eb5f6c04e5997942b8eecd6a270f3bb) Importer(2089858483,b0f066a214c2f5e87bad3c948f4d605d)
Start importing Assets/Studio33 Interactive_[BasketBall] v1.1/Animations/Basketball Motions_Generic/515_Dribbleright.fbx using Guid(2eb5f6c04e5997942b8eecd6a270f3bb) Importer(2089858483,b0f066a214c2f5e87bad3c948f4d605d) (ScriptedImporter) -> (artifact id: '8c908203a7fcf19a833a7012259100a6') in 0.0318714 seconds
Number of updated asset objects reloaded before import = 0Number of asset objects unloaded after import = 152

========================================================================
Received Import Request.
  Time since last request: 0.000031 seconds.
  path: Assets/Studio33 Interactive_[BasketBall] v1.1/Animations/Basketball Motions_Generic/1298_DunkCA.fbx
  artifactKey: Guid(925941826728ba14e947f44a2a4561a4) Importer(2089858483,b0f066a214c2f5e87bad3c948f4d605d)
Start importing Assets/Studio33 Interactive_[BasketBall] v1.1/Animations/Basketball Motions_Generic/1298_DunkCA.fbx using Guid(925941826728ba14e947f44a2a4561a4) Importer(2089858483,b0f066a214c2f5e87bad3c948f4d605d) (ScriptedImporter) -> (artifact id: '1018886850fe72c19c6ed293a3d4266f') in 0.0308429 seconds
Number of updated asset objects reloaded before import = 0Number of asset objects unloaded after import = 152

========================================================================
Received Import Request.
  Time since last request: 0.000022 seconds.
  path: Assets/Studio33 Interactive_[BasketBall] v1.1/Animations/Basketball Motions_Generic/140_PostPushRightA.fbx
  artifactKey: Guid(2fbcb0fb10766fb459712aa3c2f18d7b) Importer(2089858483,b0f066a214c2f5e87bad3c948f4d605d)
Start importing Assets/Studio33 Interactive_[BasketBall] v1.1/Animations/Basketball Motions_Generic/140_PostPushRightA.fbx using Guid(2fbcb0fb10766fb459712aa3c2f18d7b) Importer(2089858483,b0f066a214c2f5e87bad3c948f4d605d) (ScriptedImporter) -> (artifact id: '2e0923899133458e707d872e4ee46985') in 0.0296696 seconds
Number of updated asset objects reloaded before import = 0Number of asset objects unloaded after import = 152

========================================================================
Received Import Request.
  Time since last request: 0.000021 seconds.
  path: Assets/Studio33 Interactive_[BasketBall] v1.1/Animations/Basketball Motions_Generic/552_BehindshootMFakeA.fbx
  artifactKey: Guid(09c1f84ad18fc6b498591c38e76bd1af) Importer(2089858483,b0f066a214c2f5e87bad3c948f4d605d)
Start importing Assets/Studio33 Interactive_[BasketBall] v1.1/Animations/Basketball Motions_Generic/552_BehindshootMFakeA.fbx using Guid(09c1f84ad18fc6b498591c38e76bd1af) Importer(2089858483,b0f066a214c2f5e87bad3c948f4d605d) (ScriptedImporter) -> (artifact id: '4710a2e94f3bfa77801ca1f7371a0750') in 0.0266947 seconds
Number of updated asset objects reloaded before import = 0Number of asset objects unloaded after import = 152

========================================================================
Received Import Request.
  Time since last request: 0.000030 seconds.
  path: Assets/Studio33 Interactive_[BasketBall] v1.1/Animations/Basketball Motions_Generic/36_BlockinglongNearL.fbx
  artifactKey: Guid(2562120a9ccd3194cbf37da735d43ffd) Importer(2089858483,b0f066a214c2f5e87bad3c948f4d605d)
Start importing Assets/Studio33 Interactive_[BasketBall] v1.1/Animations/Basketball Motions_Generic/36_BlockinglongNearL.fbx using Guid(2562120a9ccd3194cbf37da735d43ffd) Importer(2089858483,b0f066a214c2f5e87bad3c948f4d605d) (ScriptedImporter) -> (artifact id: 'cd629891ebf56eff94f8525f2004a976') in 0.0288442 seconds
Number of updated asset objects reloaded before import = 0Number of asset objects unloaded after import = 152

========================================================================
Received Import Request.
  Time since last request: 0.000033 seconds.
  path: Assets/Studio33 Interactive_[BasketBall] v1.1/Animations/Basketball Motions_Generic/688_AlleyoopOverNpassRA.fbx
  artifactKey: Guid(c668153c9d8bba2418b14f629424eba1) Importer(2089858483,b0f066a214c2f5e87bad3c948f4d605d)
Start importing Assets/Studio33 Interactive_[BasketBall] v1.1/Animations/Basketball Motions_Generic/688_AlleyoopOverNpassRA.fbx using Guid(c668153c9d8bba2418b14f629424eba1) Importer(2089858483,b0f066a214c2f5e87bad3c948f4d605d) (ScriptedImporter) -> (artifact id: '1bc233d729b6ba95de1f4ce5179fb7d6') in 0.0289074 seconds
Number of updated asset objects reloaded before import = 0Number of asset objects unloaded after import = 152

========================================================================
Received Import Request.
  Time since last request: 0.000025 seconds.
  path: Assets/Studio33 Interactive_[BasketBall] v1.1/Animations/Basketball Motions Humanoid/855_PostBackingpassKirA.fbx
  artifactKey: Guid(16ca2473f380a454bb3e8f823ed88388) Importer(2089858483,b0f066a214c2f5e87bad3c948f4d605d)
Start importing Assets/Studio33 Interactive_[BasketBall] v1.1/Animations/Basketball Motions Humanoid/855_PostBackingpassKirA.fbx using Guid(16ca2473f380a454bb3e8f823ed88388) Importer(2089858483,b0f066a214c2f5e87bad3c948f4d605d) (ScriptedImporter) -> (artifact id: '73d342f550585c5b3d06c51607f08b5c') in 0.0300286 seconds
Number of updated asset objects reloaded before import = 0Number of asset objects unloaded after import = 154

========================================================================
Received Import Request.
  Time since last request: 0.000020 seconds.
  path: Assets/Studio33 Interactive_[BasketBall] v1.1/Animations/Basketball Motions Humanoid/1575_DunkCA.fbx
  artifactKey: Guid(406a08cb612396f4cb5b50c1a3fb823d) Importer(2089858483,b0f066a214c2f5e87bad3c948f4d605d)
Start importing Assets/Studio33 Interactive_[BasketBall] v1.1/Animations/Basketball Motions Humanoid/1575_DunkCA.fbx using Guid(406a08cb612396f4cb5b50c1a3fb823d) Importer(2089858483,b0f066a214c2f5e87bad3c948f4d605d) (ScriptedImporter) -> (artifact id: '842b50e65c4e71cb440e7e39f599aa72') in 0.0278403 seconds
Number of updated asset objects reloaded before import = 0Number of asset objects unloaded after import = 154

========================================================================
Received Import Request.
  Time since last request: 0.000050 seconds.
  path: Assets/Studio33 Interactive_[BasketBall] v1.1/Animations/Basketball Motions_Generic/2174_TravNorLA.fbx
  artifactKey: Guid(fe0bbb30e8d208b4691a64dfe66bda9f) Importer(2089858483,b0f066a214c2f5e87bad3c948f4d605d)
Start importing Assets/Studio33 Interactive_[BasketBall] v1.1/Animations/Basketball Motions_Generic/2174_TravNorLA.fbx using Guid(fe0bbb30e8d208b4691a64dfe66bda9f) Importer(2089858483,b0f066a214c2f5e87bad3c948f4d605d) (ScriptedImporter) -> (artifact id: '1ec0a6cb1dc4ea44e76df32b60eb012e') in 0.0241488 seconds
Number of updated asset objects reloaded before import = 0Number of asset objects unloaded after import = 152

========================================================================
Received Import Request.
  Time since last request: 0.000034 seconds.
  path: Assets/Studio33 Interactive_[BasketBall] v1.1/Animations/Basketball Motions Humanoid/24_BlockinglongFarJumpF.fbx
  artifactKey: Guid(bb678f2ae3285c1439a19e9c0d786404) Importer(2089858483,b0f066a214c2f5e87bad3c948f4d605d)
Start importing Assets/Studio33 Interactive_[BasketBall] v1.1/Animations/Basketball Motions Humanoid/24_BlockinglongFarJumpF.fbx using Guid(bb678f2ae3285c1439a19e9c0d786404) Importer(2089858483,b0f066a214c2f5e87bad3c948f4d605d) (ScriptedImporter) -> (artifact id: '9e8afffcba52160249c819ecf47bda49') in 0.0275428 seconds
Number of updated asset objects reloaded before import = 0Number of asset objects unloaded after import = 154

========================================================================
Received Import Request.
  Time since last request: 0.000020 seconds.
  path: Assets/Studio33 Interactive_[BasketBall] v1.1/Animations/Basketball Motions_Generic/1647_AlleyoopDclutchRRightA.fbx
  artifactKey: Guid(df01f12701559dd4fbf8d59d9b6d5dfe) Importer(2089858483,b0f066a214c2f5e87bad3c948f4d605d)
Start importing Assets/Studio33 Interactive_[BasketBall] v1.1/Animations/Basketball Motions_Generic/1647_AlleyoopDclutchRRightA.fbx using Guid(df01f12701559dd4fbf8d59d9b6d5dfe) Importer(2089858483,b0f066a214c2f5e87bad3c948f4d605d) (ScriptedImporter) -> (artifact id: '55ec42e2ebdb67f64e00b2350a410de1') in 0.0279567 seconds
Number of updated asset objects reloaded before import = 0Number of asset objects unloaded after import = 152

========================================================================
Received Import Request.
  Time since last request: 0.000027 seconds.
  path: Assets/Studio33 Interactive_[BasketBall] v1.1/Animations/Basketball Motions Humanoid/1609_JumpshotMA.fbx
  artifactKey: Guid(631ce91218240564cbcd832a1a1cf23a) Importer(2089858483,b0f066a214c2f5e87bad3c948f4d605d)
Start importing Assets/Studio33 Interactive_[BasketBall] v1.1/Animations/Basketball Motions Humanoid/1609_JumpshotMA.fbx using Guid(631ce91218240564cbcd832a1a1cf23a) Importer(2089858483,b0f066a214c2f5e87bad3c948f4d605d) (ScriptedImporter) -> (artifact id: '0d0367f5d95a8a29a8e2d5f02e2013ff') in 0.0247187 seconds
Number of updated asset objects reloaded before import = 0Number of asset objects unloaded after import = 154

========================================================================
Received Import Request.
  Time since last request: 0.000029 seconds.
  path: Assets/Studio33 Interactive_[BasketBall] v1.1/Animations/Basketball Motions_Generic/177_AirBigRightA.fbx
  artifactKey: Guid(7275181bedcba4c4dbeff6d23ce9bad7) Importer(2089858483,b0f066a214c2f5e87bad3c948f4d605d)
Start importing Assets/Studio33 Interactive_[BasketBall] v1.1/Animations/Basketball Motions_Generic/177_AirBigRightA.fbx using Guid(7275181bedcba4c4dbeff6d23ce9bad7) Importer(2089858483,b0f066a214c2f5e87bad3c948f4d605d) (ScriptedImporter) -> (artifact id: 'e9f653eabab8defeb252a0fa99e530b9') in 0.0280583 seconds
Number of updated asset objects reloaded before import = 0Number of asset objects unloaded after import = 152

========================================================================
Received Import Request.
  Time since last request: 0.000044 seconds.
  path: Assets/Studio33 Interactive_[BasketBall] v1.1/Animations/Basketball Motions_Generic/436_DefenceLeftA.fbx
  artifactKey: Guid(17ebd7718e4ce8044a6edac2d32bef3c) Importer(2089858483,b0f066a214c2f5e87bad3c948f4d605d)
Start importing Assets/Studio33 Interactive_[BasketBall] v1.1/Animations/Basketball Motions_Generic/436_DefenceLeftA.fbx using Guid(17ebd7718e4ce8044a6edac2d32bef3c) Importer(2089858483,b0f066a214c2f5e87bad3c948f4d605d) (ScriptedImporter) -> (artifact id: '2164c7cbb2a20c04761f98dee048f697') in 0.025886 seconds
Number of updated asset objects reloaded before import = 0Number of asset objects unloaded after import = 152

========================================================================
Received Import Request.
  Time since last request: 0.000017 seconds.
  path: Assets/Studio33 Interactive_[BasketBall] v1.1/Animations/Basketball Motions_Generic/1987_GgJumpshotMFakeA.fbx
  artifactKey: Guid(205e2f760db19c64a948bb2d07eccef9) Importer(2089858483,b0f066a214c2f5e87bad3c948f4d605d)
Start importing Assets/Studio33 Interactive_[BasketBall] v1.1/Animations/Basketball Motions_Generic/1987_GgJumpshotMFakeA.fbx using Guid(205e2f760db19c64a948bb2d07eccef9) Importer(2089858483,b0f066a214c2f5e87bad3c948f4d605d) (ScriptedImporter) -> (artifact id: '55e66e370bed91e4a03181c08ef25a1d') in 0.0247706 seconds
Number of updated asset objects reloaded before import = 0Number of asset objects unloaded after import = 152

========================================================================
Received Import Request.
  Time since last request: 0.000023 seconds.
  path: Assets/Studio33 Interactive_[BasketBall] v1.1/Animations/Basketball Motions Humanoid/1536_JumpshotCAFakeA.fbx
  artifactKey: Guid(582d736cbb82c494899987c560d31ee4) Importer(2089858483,b0f066a214c2f5e87bad3c948f4d605d)
Start importing Assets/Studio33 Interactive_[BasketBall] v1.1/Animations/Basketball Motions Humanoid/1536_JumpshotCAFakeA.fbx using Guid(582d736cbb82c494899987c560d31ee4) Importer(2089858483,b0f066a214c2f5e87bad3c948f4d605d) (ScriptedImporter) -> (artifact id: '1a0447d4d5d989c2cf16ceae9c8f6147') in 0.0293169 seconds
Number of updated asset objects reloaded before import = 0Number of asset objects unloaded after import = 154

========================================================================
Received Import Request.
  Time since last request: 0.000020 seconds.
  path: Assets/Studio33 Interactive_[BasketBall] v1.1/Animations/Basketball Motions Humanoid/1235_LayupfakeFakeCA.fbx
  artifactKey: Guid(39f62580a07ea4d409089768f9eb1893) Importer(2089858483,b0f066a214c2f5e87bad3c948f4d605d)
Start importing Assets/Studio33 Interactive_[BasketBall] v1.1/Animations/Basketball Motions Humanoid/1235_LayupfakeFakeCA.fbx using Guid(39f62580a07ea4d409089768f9eb1893) Importer(2089858483,b0f066a214c2f5e87bad3c948f4d605d) (ScriptedImporter) -> (artifact id: '8f7a2f502e975698e97bad7a54507e6e') in 0.027655 seconds
Number of updated asset objects reloaded before import = 0Number of asset objects unloaded after import = 154

========================================================================
Received Import Request.
  Time since last request: 0.000043 seconds.
  path: Assets/Studio33 Interactive_[BasketBall] v1.1/Animations/Basketball Motions_Generic/967_Rebound rC.fbx
  artifactKey: Guid(72c7c424a4e043c42ae344d390b44013) Importer(2089858483,b0f066a214c2f5e87bad3c948f4d605d)
Start importing Assets/Studio33 Interactive_[BasketBall] v1.1/Animations/Basketball Motions_Generic/967_Rebound rC.fbx using Guid(72c7c424a4e043c42ae344d390b44013) Importer(2089858483,b0f066a214c2f5e87bad3c948f4d605d) (ScriptedImporter) -> (artifact id: 'c5e6f28399a08bb588031038f27d1e37') in 0.0262147 seconds
Number of updated asset objects reloaded before import = 0Number of asset objects unloaded after import = 152

========================================================================
Received Import Request.
  Time since last request: 0.000021 seconds.
  path: Assets/Studio33 Interactive_[BasketBall] v1.1/Animations/Basketball Motions Humanoid/256_CrossFakeStepRRTr.fbx
  artifactKey: Guid(572c03152d5de0c409bf29e58295c57e) Importer(2089858483,b0f066a214c2f5e87bad3c948f4d605d)
Start importing Assets/Studio33 Interactive_[BasketBall] v1.1/Animations/Basketball Motions Humanoid/256_CrossFakeStepRRTr.fbx using Guid(572c03152d5de0c409bf29e58295c57e) Importer(2089858483,b0f066a214c2f5e87bad3c948f4d605d) (ScriptedImporter) -> (artifact id: 'cf8be8e4c1b02ffec618d4adaef5e531') in 0.0277745 seconds
Number of updated asset objects reloaded before import = 0Number of asset objects unloaded after import = 154

========================================================================
Received Import Request.
  Time since last request: 0.000031 seconds.
  path: Assets/Studio33 Interactive_[BasketBall] v1.1/Animations/Basketball Motions_Generic/274_CrossThRRRA.fbx
  artifactKey: Guid(a5827b0ff8185af4aaceb1c46ac6b661) Importer(2089858483,b0f066a214c2f5e87bad3c948f4d605d)
Start importing Assets/Studio33 Interactive_[BasketBall] v1.1/Animations/Basketball Motions_Generic/274_CrossThRRRA.fbx using Guid(a5827b0ff8185af4aaceb1c46ac6b661) Importer(2089858483,b0f066a214c2f5e87bad3c948f4d605d) (ScriptedImporter) -> (artifact id: '8872373514db2978fd8441e9588f2cdb') in 0.0229414 seconds
Number of updated asset objects reloaded before import = 0Number of asset objects unloaded after import = 152

========================================================================
Received Import Request.
  Time since last request: 0.000027 seconds.
  path: Assets/Studio33 Interactive_[BasketBall] v1.1/Animations/Basketball Motions_Generic/583_ShadowstealfailA.fbx
  artifactKey: Guid(c9c75943ff2e5db4f94840b61722cd33) Importer(2089858483,b0f066a214c2f5e87bad3c948f4d605d)
Start importing Assets/Studio33 Interactive_[BasketBall] v1.1/Animations/Basketball Motions_Generic/583_ShadowstealfailA.fbx using Guid(c9c75943ff2e5db4f94840b61722cd33) Importer(2089858483,b0f066a214c2f5e87bad3c948f4d605d) (ScriptedImporter) -> (artifact id: '2250a82e4f2862670292d64f934c330e') in 0.0257198 seconds
Number of updated asset objects reloaded before import = 0Number of asset objects unloaded after import = 152

========================================================================
Received Import Request.
  Time since last request: 0.000043 seconds.
  path: Assets/Studio33 Interactive_[BasketBall] v1.1/Animations/Basketball Motions_Generic/1520_AlleyoopRevSA.fbx
  artifactKey: Guid(2d51b1d226580ed44b2b9f9feb839db7) Importer(2089858483,b0f066a214c2f5e87bad3c948f4d605d)
Start importing Assets/Studio33 Interactive_[BasketBall] v1.1/Animations/Basketball Motions_Generic/1520_AlleyoopRevSA.fbx using Guid(2d51b1d226580ed44b2b9f9feb839db7) Importer(2089858483,b0f066a214c2f5e87bad3c948f4d605d) (ScriptedImporter) -> (artifact id: '52852562032d13e6b729e6f7cd734e83') in 0.0267181 seconds
Number of updated asset objects reloaded before import = 0Number of asset objects unloaded after import = 152

========================================================================
Received Import Request.
  Time since last request: 0.000030 seconds.
  path: Assets/Studio33 Interactive_[BasketBall] v1.1/Animations/Basketball Motions Humanoid/1411_PutbarA.fbx
  artifactKey: Guid(e4acee0aeec4316488951c8a7e964e92) Importer(2089858483,b0f066a214c2f5e87bad3c948f4d605d)
Start importing Assets/Studio33 Interactive_[BasketBall] v1.1/Animations/Basketball Motions Humanoid/1411_PutbarA.fbx using Guid(e4acee0aeec4316488951c8a7e964e92) Importer(2089858483,b0f066a214c2f5e87bad3c948f4d605d) (ScriptedImporter) -> (artifact id: '003328a32666aa74cb0cd6e375fe723c') in 0.0248049 seconds
Number of updated asset objects reloaded before import = 0Number of asset objects unloaded after import = 154

========================================================================
Received Import Request.
  Time since last request: 0.000018 seconds.
  path: Assets/Studio33 Interactive_[BasketBall] v1.1/33_basket ball test animations/player/Back_number/Back_number_B/Back_number_B_c18.png
  artifactKey: Guid(e81ba20bca9bba94e8b7789140172a07) Importer(2089858483,b0f066a214c2f5e87bad3c948f4d605d)
Start importing Assets/Studio33 Interactive_[BasketBall] v1.1/33_basket ball test animations/player/Back_number/Back_number_B/Back_number_B_c18.png using Guid(e81ba20bca9bba94e8b7789140172a07) Importer(2089858483,b0f066a214c2f5e87bad3c948f4d605d) (ScriptedImporter) -> (artifact id: 'bdf51c6e2842b56faebe0031c5a289d8') in 0.0180364 seconds
Number of updated asset objects reloaded before import = 0Number of asset objects unloaded after import = 1

========================================================================
Received Import Request.
  Time since last request: 0.000030 seconds.
  path: Assets/Studio33 Interactive_[BasketBall] v1.1/Animations/Basketball Motions_Generic/1197_DunkRA.fbx
  artifactKey: Guid(6df05745cc66ea8499fc15c738582a3d) Importer(2089858483,b0f066a214c2f5e87bad3c948f4d605d)
Start importing Assets/Studio33 Interactive_[BasketBall] v1.1/Animations/Basketball Motions_Generic/1197_DunkRA.fbx using Guid(6df05745cc66ea8499fc15c738582a3d) Importer(2089858483,b0f066a214c2f5e87bad3c948f4d605d) (ScriptedImporter) -> (artifact id: 'b58da9e87ec0e3f77125c38487d24d33') in 0.0288818 seconds
Number of updated asset objects reloaded before import = 0Number of asset objects unloaded after import = 152

========================================================================
Received Import Request.
  Time since last request: 0.000088 seconds.
  path: Assets/Studio33 Interactive_[BasketBall] v1.1/Animations/Basketball Motions Humanoid/1245_LayupfakeShootA.fbx
  artifactKey: Guid(738e03dc47941cd48990ad5b7b887a27) Importer(2089858483,b0f066a214c2f5e87bad3c948f4d605d)
Start importing Assets/Studio33 Interactive_[BasketBall] v1.1/Animations/Basketball Motions Humanoid/1245_LayupfakeShootA.fbx using Guid(738e03dc47941cd48990ad5b7b887a27) Importer(2089858483,b0f066a214c2f5e87bad3c948f4d605d) (ScriptedImporter) -> (artifact id: '9c72694eb773bfe24a55c4dd6b54e52b') in 0.0299753 seconds
Number of updated asset objects reloaded before import = 0Number of asset objects unloaded after import = 154

========================================================================
Received Import Request.
  Time since last request: 0.000028 seconds.
  path: Assets/Studio33 Interactive_[BasketBall] v1.1/Animations/Basketball Motions_Generic/965_Rebound rB.fbx
  artifactKey: Guid(2b0030da0131ac944ba9d63eb1bc0517) Importer(2089858483,b0f066a214c2f5e87bad3c948f4d605d)
Start importing Assets/Studio33 Interactive_[BasketBall] v1.1/Animations/Basketball Motions_Generic/965_Rebound rB.fbx using Guid(2b0030da0131ac944ba9d63eb1bc0517) Importer(2089858483,b0f066a214c2f5e87bad3c948f4d605d) (ScriptedImporter) -> (artifact id: 'f32f806fb075ad439e45b82d496ee093') in 0.0253002 seconds
Number of updated asset objects reloaded before import = 0Number of asset objects unloaded after import = 152

========================================================================
Received Import Request.
  Time since last request: 0.000031 seconds.
  path: Assets/Studio33 Interactive_[BasketBall] v1.1/Animations/Basketball Motions_Generic/2202_ShadowstealA.fbx
  artifactKey: Guid(14e03d4ee707af442b1e66dbf5e9416b) Importer(2089858483,b0f066a214c2f5e87bad3c948f4d605d)
Start importing Assets/Studio33 Interactive_[BasketBall] v1.1/Animations/Basketball Motions_Generic/2202_ShadowstealA.fbx using Guid(14e03d4ee707af442b1e66dbf5e9416b) Importer(2089858483,b0f066a214c2f5e87bad3c948f4d605d) (ScriptedImporter) -> (artifact id: 'c8e05064323f29254b2dda517cb9676f') in 0.0248491 seconds
Number of updated asset objects reloaded before import = 0Number of asset objects unloaded after import = 152

========================================================================
Received Import Request.
  Time since last request: 0.000047 seconds.
  path: Assets/Studio33 Interactive_[BasketBall] v1.1/Animations/Basketball Motions_Generic/1921_JumpshotMA.fbx
  artifactKey: Guid(a9ac726cc9ea42449a4f351d2da1becb) Importer(2089858483,b0f066a214c2f5e87bad3c948f4d605d)
Start importing Assets/Studio33 Interactive_[BasketBall] v1.1/Animations/Basketball Motions_Generic/1921_JumpshotMA.fbx using Guid(a9ac726cc9ea42449a4f351d2da1becb) Importer(2089858483,b0f066a214c2f5e87bad3c948f4d605d) (ScriptedImporter) -> (artifact id: '98140b1eefab12ff135fbc672b37bb42') in 0.0251312 seconds
Number of updated asset objects reloaded before import = 0Number of asset objects unloaded after import = 152

========================================================================
Received Import Request.
  Time since last request: 0.000021 seconds.
  path: Assets/Studio33 Interactive_[BasketBall] v1.1/Animations/Basketball Motions_Generic/1434_DunkRA.fbx
  artifactKey: Guid(6b2d0be4ce3c94e4a9b1a07ad53736e5) Importer(2089858483,b0f066a214c2f5e87bad3c948f4d605d)
Start importing Assets/Studio33 Interactive_[BasketBall] v1.1/Animations/Basketball Motions_Generic/1434_DunkRA.fbx using Guid(6b2d0be4ce3c94e4a9b1a07ad53736e5) Importer(2089858483,b0f066a214c2f5e87bad3c948f4d605d) (ScriptedImporter) -> (artifact id: 'c0a7fc7b86d6b75db86e69f82aae19b8') in 0.0263596 seconds
Number of updated asset objects reloaded before import = 0Number of asset objects unloaded after import = 152

========================================================================
Received Import Request.
  Time since last request: 0.000032 seconds.
  path: Assets/Studio33 Interactive_[BasketBall] v1.1/Animations/Basketball Motions Humanoid/971_Rebound B.fbx
  artifactKey: Guid(47163ac400a898d40805ea0d745f8203) Importer(2089858483,b0f066a214c2f5e87bad3c948f4d605d)
Start importing Assets/Studio33 Interactive_[BasketBall] v1.1/Animations/Basketball Motions Humanoid/971_Rebound B.fbx using Guid(47163ac400a898d40805ea0d745f8203) Importer(2089858483,b0f066a214c2f5e87bad3c948f4d605d) (ScriptedImporter) -> (artifact id: 'f3fff18adb2c534e9c1e2aecb5655c2f') in 0.0288064 seconds
Number of updated asset objects reloaded before import = 0Number of asset objects unloaded after import = 154

========================================================================
Received Import Request.
  Time since last request: 0.000022 seconds.
  path: Assets/Studio33 Interactive_[BasketBall] v1.1/Animations/Basketball Motions Humanoid/318_CrossBaDribblele.fbx
  artifactKey: Guid(2fba60e52c65b3c48978dfe612219008) Importer(2089858483,b0f066a214c2f5e87bad3c948f4d605d)
Start importing Assets/Studio33 Interactive_[BasketBall] v1.1/Animations/Basketball Motions Humanoid/318_CrossBaDribblele.fbx using Guid(2fba60e52c65b3c48978dfe612219008) Importer(2089858483,b0f066a214c2f5e87bad3c948f4d605d) (ScriptedImporter) -> (artifact id: 'a0bb7d7401db1f580a893302457eaa32') in 0.0283837 seconds
Number of updated asset objects reloaded before import = 0Number of asset objects unloaded after import = 154

========================================================================
Received Import Request.
  Time since last request: 0.000040 seconds.
  path: Assets/Studio33 Interactive_[BasketBall] v1.1/Animations/Basketball Motions_Generic/594_OverintA.fbx
  artifactKey: Guid(313f19a3005c24e4a9e7a254f6c4ee67) Importer(2089858483,b0f066a214c2f5e87bad3c948f4d605d)
Start importing Assets/Studio33 Interactive_[BasketBall] v1.1/Animations/Basketball Motions_Generic/594_OverintA.fbx using Guid(313f19a3005c24e4a9e7a254f6c4ee67) Importer(2089858483,b0f066a214c2f5e87bad3c948f4d605d) (ScriptedImporter) -> (artifact id: '6fadb89583e6e7dc796e48332b084c93') in 0.0295275 seconds
Number of updated asset objects reloaded before import = 0Number of asset objects unloaded after import = 152

========================================================================
Received Import Request.
  Time since last request: 0.000021 seconds.
  path: Assets/Studio33 Interactive_[BasketBall] v1.1/Animations/Basketball Motions_Generic/301_ScreespinStepRR.fbx
  artifactKey: Guid(15e0a407e86975e46b9627b1e0d4c0aa) Importer(2089858483,b0f066a214c2f5e87bad3c948f4d605d)
Start importing Assets/Studio33 Interactive_[BasketBall] v1.1/Animations/Basketball Motions_Generic/301_ScreespinStepRR.fbx using Guid(15e0a407e86975e46b9627b1e0d4c0aa) Importer(2089858483,b0f066a214c2f5e87bad3c948f4d605d) (ScriptedImporter) -> (artifact id: '3da7e1ac68d8d28da6932e328027336e') in 0.0238335 seconds
Number of updated asset objects reloaded before import = 0Number of asset objects unloaded after import = 152

========================================================================
Received Import Request.
  Time since last request: 0.000024 seconds.
  path: Assets/Studio33 Interactive_[BasketBall] v1.1/Animations/Basketball Motions Humanoid/1299_DunkCRevA.fbx
  artifactKey: Guid(57e2964d9c6b63440ba7c4a5db36eca2) Importer(2089858483,b0f066a214c2f5e87bad3c948f4d605d)
Start importing Assets/Studio33 Interactive_[BasketBall] v1.1/Animations/Basketball Motions Humanoid/1299_DunkCRevA.fbx using Guid(57e2964d9c6b63440ba7c4a5db36eca2) Importer(2089858483,b0f066a214c2f5e87bad3c948f4d605d) (ScriptedImporter) -> (artifact id: '52d2108ea2e167fbbc6f4f8e442faae5') in 0.0252353 seconds
Number of updated asset objects reloaded before import = 0Number of asset objects unloaded after import = 154

========================================================================
Received Import Request.
  Time since last request: 0.000029 seconds.
  path: Assets/Studio33 Interactive_[BasketBall] v1.1/Animations/Basketball Motions_Generic/1546_JumpshotUAFakeA.fbx
  artifactKey: Guid(c5cb235dc8205764da7c65834e8e86ca) Importer(2089858483,b0f066a214c2f5e87bad3c948f4d605d)
Start importing Assets/Studio33 Interactive_[BasketBall] v1.1/Animations/Basketball Motions_Generic/1546_JumpshotUAFakeA.fbx using Guid(c5cb235dc8205764da7c65834e8e86ca) Importer(2089858483,b0f066a214c2f5e87bad3c948f4d605d) (ScriptedImporter) -> (artifact id: '1b046dad8a2ea97a3adfbca87e48aac9') in 0.0236982 seconds
Number of updated asset objects reloaded before import = 0Number of asset objects unloaded after import = 152

========================================================================
Received Import Request.
  Time since last request: 0.000043 seconds.
  path: Assets/Studio33 Interactive_[BasketBall] v1.1/Animations/Basketball Motions_Generic/108_BlockingckpassLongFarLayupFFA.fbx
  artifactKey: Guid(79ea605a2eef4fa4f8158a9dd9eca253) Importer(2089858483,b0f066a214c2f5e87bad3c948f4d605d)
Start importing Assets/Studio33 Interactive_[BasketBall] v1.1/Animations/Basketball Motions_Generic/108_BlockingckpassLongFarLayupFFA.fbx using Guid(79ea605a2eef4fa4f8158a9dd9eca253) Importer(2089858483,b0f066a214c2f5e87bad3c948f4d605d) (ScriptedImporter) -> (artifact id: '2a59fd918d36357f88e08024f916bcd5') in 0.0255389 seconds
Number of updated asset objects reloaded before import = 0Number of asset objects unloaded after import = 152

========================================================================
Received Import Request.
  Time since last request: 0.000022 seconds.
  path: Assets/Studio33 Interactive_[BasketBall] v1.1/Animations/Basketball Motions_Generic/747_PassChestA.fbx
  artifactKey: Guid(84b0c5567b9dfdc43985b8a806ad37a6) Importer(2089858483,b0f066a214c2f5e87bad3c948f4d605d)
Start importing Assets/Studio33 Interactive_[BasketBall] v1.1/Animations/Basketball Motions_Generic/747_PassChestA.fbx using Guid(84b0c5567b9dfdc43985b8a806ad37a6) Importer(2089858483,b0f066a214c2f5e87bad3c948f4d605d) (ScriptedImporter) -> (artifact id: '4db09f7639fc2bfa9a6eea96901e80fe') in 0.024152 seconds
Number of updated asset objects reloaded before import = 0Number of asset objects unloaded after import = 152

========================================================================
Received Import Request.
  Time since last request: 0.000026 seconds.
  path: Assets/Studio33 Interactive_[BasketBall] v1.1/Animations/Basketball Motions Humanoid/846_PassOverFA.fbx
  artifactKey: Guid(f30a04d68f87f824abf7e10e57abfaa9) Importer(2089858483,b0f066a214c2f5e87bad3c948f4d605d)
Start importing Assets/Studio33 Interactive_[BasketBall] v1.1/Animations/Basketball Motions Humanoid/846_PassOverFA.fbx using Guid(f30a04d68f87f824abf7e10e57abfaa9) Importer(2089858483,b0f066a214c2f5e87bad3c948f4d605d) (ScriptedImporter) -> (artifact id: '7f34cfd252603cfa13279dc2c8b2435f') in 0.0250186 seconds
Number of updated asset objects reloaded before import = 0Number of asset objects unloaded after import = 154

========================================================================
Received Import Request.
  Time since last request: 0.000030 seconds.
  path: Assets/Studio33 Interactive_[BasketBall] v1.1/Animations/Basketball Motions Humanoid/1172_DunkCA.fbx
  artifactKey: Guid(c682d416e3899054c85f5de1cc584e60) Importer(2089858483,b0f066a214c2f5e87bad3c948f4d605d)
Start importing Assets/Studio33 Interactive_[BasketBall] v1.1/Animations/Basketball Motions Humanoid/1172_DunkCA.fbx using Guid(c682d416e3899054c85f5de1cc584e60) Importer(2089858483,b0f066a214c2f5e87bad3c948f4d605d) (ScriptedImporter) -> (artifact id: '64fed23df3ac6ff6e68061a9757079c4') in 0.0328919 seconds
Number of updated asset objects reloaded before import = 0Number of asset objects unloaded after import = 154

========================================================================
Received Import Request.
  Time since last request: 0.000038 seconds.
  path: Assets/Studio33 Interactive_[BasketBall] v1.1/Animations/Basketball Motions_Generic/385_SpinStepRRA.fbx
  artifactKey: Guid(a7a60b5a95149944ea7e256a294c5bfc) Importer(2089858483,b0f066a214c2f5e87bad3c948f4d605d)
Start importing Assets/Studio33 Interactive_[BasketBall] v1.1/Animations/Basketball Motions_Generic/385_SpinStepRRA.fbx using Guid(a7a60b5a95149944ea7e256a294c5bfc) Importer(2089858483,b0f066a214c2f5e87bad3c948f4d605d) (ScriptedImporter) -> (artifact id: '196870feb991388352b04daa25bc8ce4') in 0.0233421 seconds
Number of updated asset objects reloaded before import = 0Number of asset objects unloaded after import = 152

========================================================================
Received Import Request.
  Time since last request: 0.000034 seconds.
  path: Assets/Studio33 Interactive_[BasketBall] v1.1/Animations/Basketball Motions_Generic/1209_DunkRA.fbx
  artifactKey: Guid(38b92dcfcbc705a448d968d46497db40) Importer(2089858483,b0f066a214c2f5e87bad3c948f4d605d)
Start importing Assets/Studio33 Interactive_[BasketBall] v1.1/Animations/Basketball Motions_Generic/1209_DunkRA.fbx using Guid(38b92dcfcbc705a448d968d46497db40) Importer(2089858483,b0f066a214c2f5e87bad3c948f4d605d) (ScriptedImporter) -> (artifact id: 'c1535512969c47eaa04a23a59fd91810') in 0.0243739 seconds
Number of updated asset objects reloaded before import = 0Number of asset objects unloaded after import = 152

========================================================================
Received Import Request.
  Time since last request: 0.000055 seconds.
  path: Assets/Studio33 Interactive_[BasketBall] v1.1/Animations/Basketball Motions Humanoid/613_DivpassRA.fbx
  artifactKey: Guid(ff028027fd2c3754aad34615df7305d2) Importer(2089858483,b0f066a214c2f5e87bad3c948f4d605d)
Start importing Assets/Studio33 Interactive_[BasketBall] v1.1/Animations/Basketball Motions Humanoid/613_DivpassRA.fbx using Guid(ff028027fd2c3754aad34615df7305d2) Importer(2089858483,b0f066a214c2f5e87bad3c948f4d605d) (ScriptedImporter) -> (artifact id: '2c71cdccf59e8369dfd3bc05ef9c07b2') in 0.0292225 seconds
Number of updated asset objects reloaded before import = 0Number of asset objects unloaded after import = 154

========================================================================
Received Import Request.
  Time since last request: 0.000026 seconds.
  path: Assets/Studio33 Interactive_[BasketBall] v1.1/Animations/Basketball Motions Humanoid/1321_DunkRA.fbx
  artifactKey: Guid(51b284707bb27564692159178a23ccce) Importer(2089858483,b0f066a214c2f5e87bad3c948f4d605d)
Start importing Assets/Studio33 Interactive_[BasketBall] v1.1/Animations/Basketball Motions Humanoid/1321_DunkRA.fbx using Guid(51b284707bb27564692159178a23ccce) Importer(2089858483,b0f066a214c2f5e87bad3c948f4d605d) (ScriptedImporter) -> (artifact id: '1f8abe8116e95eba2f2d3753a180992d') in 0.0317566 seconds
Number of updated asset objects reloaded before import = 0Number of asset objects unloaded after import = 154

========================================================================
Received Import Request.
  Time since last request: 0.000044 seconds.
  path: Assets/Studio33 Interactive_[BasketBall] v1.1/Animations/Basketball Motions Humanoid/1444_DunkCA.fbx
  artifactKey: Guid(9566186a4c7f032478b2514824de189c) Importer(2089858483,b0f066a214c2f5e87bad3c948f4d605d)
Start importing Assets/Studio33 Interactive_[BasketBall] v1.1/Animations/Basketball Motions Humanoid/1444_DunkCA.fbx using Guid(9566186a4c7f032478b2514824de189c) Importer(2089858483,b0f066a214c2f5e87bad3c948f4d605d) (ScriptedImporter) -> (artifact id: 'eb4f57ac1eb7cbb200e40d9714488d3f') in 0.0295062 seconds
Number of updated asset objects reloaded before import = 0Number of asset objects unloaded after import = 154

========================================================================
Received Import Request.
  Time since last request: 0.000021 seconds.
  path: Assets/Studio33 Interactive_[BasketBall] v1.1/Animations/Basketball Motions Humanoid/424_MQuickDefenseR.fbx
  artifactKey: Guid(ad3e93d0d809e7343a489ba4aa5a78fe) Importer(2089858483,b0f066a214c2f5e87bad3c948f4d605d)
Start importing Assets/Studio33 Interactive_[BasketBall] v1.1/Animations/Basketball Motions Humanoid/424_MQuickDefenseR.fbx using Guid(ad3e93d0d809e7343a489ba4aa5a78fe) Importer(2089858483,b0f066a214c2f5e87bad3c948f4d605d) (ScriptedImporter) -> (artifact id: '30f634d3e270defeabceeea71758ada8') in 0.0285019 seconds
Number of updated asset objects reloaded before import = 0Number of asset objects unloaded after import = 154

========================================================================
Received Import Request.
  Time since last request: 0.000039 seconds.
  path: Assets/Studio33 Interactive_[BasketBall] v1.1/Animations/Basketball Motions Humanoid/121_ReboundAndBoxOutRightA.fbx
  artifactKey: Guid(ba1e5633a3ff4f34ab48448f4c09f1e2) Importer(2089858483,b0f066a214c2f5e87bad3c948f4d605d)
Start importing Assets/Studio33 Interactive_[BasketBall] v1.1/Animations/Basketball Motions Humanoid/121_ReboundAndBoxOutRightA.fbx using Guid(ba1e5633a3ff4f34ab48448f4c09f1e2) Importer(2089858483,b0f066a214c2f5e87bad3c948f4d605d) (ScriptedImporter) -> (artifact id: '7cd6efe7dc4aeb85c111a5cef9e1dfd1') in 0.031535 seconds
Number of updated asset objects reloaded before import = 0Number of asset objects unloaded after import = 154

========================================================================
Received Import Request.
  Time since last request: 0.000031 seconds.
  path: Assets/Studio33 Interactive_[BasketBall] v1.1/Animations/Basketball Motions_Generic/138_PostPushBaA.fbx
  artifactKey: Guid(265d9d4f209651946b4aa1dbb8cf9257) Importer(2089858483,b0f066a214c2f5e87bad3c948f4d605d)
Start importing Assets/Studio33 Interactive_[BasketBall] v1.1/Animations/Basketball Motions_Generic/138_PostPushBaA.fbx using Guid(265d9d4f209651946b4aa1dbb8cf9257) Importer(2089858483,b0f066a214c2f5e87bad3c948f4d605d) (ScriptedImporter) -> (artifact id: 'b6d8461f96d4a47ec838b804f53ba018') in 0.0267747 seconds
Number of updated asset objects reloaded before import = 0Number of asset objects unloaded after import = 152

========================================================================
Received Import Request.
  Time since last request: 0.000032 seconds.
  path: Assets/Studio33 Interactive_[BasketBall] v1.1/Animations/Basketball Motions Humanoid/131_ReboundAndBoxOutRightA.fbx
  artifactKey: Guid(5c6590e89b4b6ff45adc366505c176cc) Importer(2089858483,b0f066a214c2f5e87bad3c948f4d605d)
Start importing Assets/Studio33 Interactive_[BasketBall] v1.1/Animations/Basketball Motions Humanoid/131_ReboundAndBoxOutRightA.fbx using Guid(5c6590e89b4b6ff45adc366505c176cc) Importer(2089858483,b0f066a214c2f5e87bad3c948f4d605d) (ScriptedImporter) -> (artifact id: '9f09cd0a2601079648ef1198383c3989') in 0.0263408 seconds
Number of updated asset objects reloaded before import = 0Number of asset objects unloaded after import = 154

========================================================================
Received Import Request.
  Time since last request: 0.000023 seconds.
  path: Assets/Studio33 Interactive_[BasketBall] v1.1/Animations/Basketball Motions Humanoid/178_BlockingckedBaA.fbx
  artifactKey: Guid(640b2d5e9f34d2a4fb6cd79171fc6ef5) Importer(2089858483,b0f066a214c2f5e87bad3c948f4d605d)
Start importing Assets/Studio33 Interactive_[BasketBall] v1.1/Animations/Basketball Motions Humanoid/178_BlockingckedBaA.fbx using Guid(640b2d5e9f34d2a4fb6cd79171fc6ef5) Importer(2089858483,b0f066a214c2f5e87bad3c948f4d605d) (ScriptedImporter) -> (artifact id: '101e9024597a5205a4fbd7309a641a1c') in 0.033908 seconds
Number of updated asset objects reloaded before import = 0Number of asset objects unloaded after import = 154

========================================================================
Received Import Request.
  Time since last request: 0.000020 seconds.
  path: Assets/Studio33 Interactive_[BasketBall] v1.1/Animations/Basketball Motions Humanoid/330_CrossThQuirA.fbx
  artifactKey: Guid(46426fc3f2e350a48a8474bbfa127b46) Importer(2089858483,b0f066a214c2f5e87bad3c948f4d605d)
Start importing Assets/Studio33 Interactive_[BasketBall] v1.1/Animations/Basketball Motions Humanoid/330_CrossThQuirA.fbx using Guid(46426fc3f2e350a48a8474bbfa127b46) Importer(2089858483,b0f066a214c2f5e87bad3c948f4d605d) (ScriptedImporter) -> (artifact id: '3c2d00746e38d86702baec7973986800') in 0.0341677 seconds
Number of updated asset objects reloaded before import = 0Number of asset objects unloaded after import = 154

========================================================================
Received Import Request.
  Time since last request: 0.000022 seconds.
  path: Assets/Studio33 Interactive_[BasketBall] v1.1/Animations/Basketball Motions_Generic/1931_DunkCA.fbx
  artifactKey: Guid(e56b3dbc7fa58be45a70abd776eb133b) Importer(2089858483,b0f066a214c2f5e87bad3c948f4d605d)
Start importing Assets/Studio33 Interactive_[BasketBall] v1.1/Animations/Basketball Motions_Generic/1931_DunkCA.fbx using Guid(e56b3dbc7fa58be45a70abd776eb133b) Importer(2089858483,b0f066a214c2f5e87bad3c948f4d605d) (ScriptedImporter) -> (artifact id: 'df4bbfab5ece0d04dca2b17653ef3e82') in 0.0271713 seconds
Number of updated asset objects reloaded before import = 0Number of asset objects unloaded after import = 152

========================================================================
Received Import Request.
  Time since last request: 0.000035 seconds.
  path: Assets/Studio33 Interactive_[BasketBall] v1.1/Animations/Basketball Motions_Generic/440_FrontDenyA.fbx
  artifactKey: Guid(c8c28c5246058c3488108d9c02f58e64) Importer(2089858483,b0f066a214c2f5e87bad3c948f4d605d)
Start importing Assets/Studio33 Interactive_[BasketBall] v1.1/Animations/Basketball Motions_Generic/440_FrontDenyA.fbx using Guid(c8c28c5246058c3488108d9c02f58e64) Importer(2089858483,b0f066a214c2f5e87bad3c948f4d605d) (ScriptedImporter) -> (artifact id: '663e392c6c506723af2cc24073db1428') in 0.0261457 seconds
Number of updated asset objects reloaded before import = 0Number of asset objects unloaded after import = 152

========================================================================
Received Import Request.
  Time since last request: 0.000033 seconds.
  path: Assets/Studio33 Interactive_[BasketBall] v1.1/Animations/Basketball Motions_Generic/887_PostBafrontLayupCA.fbx
  artifactKey: Guid(cd164d5ef9e8f0f449e6a6edf7657cf0) Importer(2089858483,b0f066a214c2f5e87bad3c948f4d605d)
Start importing Assets/Studio33 Interactive_[BasketBall] v1.1/Animations/Basketball Motions_Generic/887_PostBafrontLayupCA.fbx using Guid(cd164d5ef9e8f0f449e6a6edf7657cf0) Importer(2089858483,b0f066a214c2f5e87bad3c948f4d605d) (ScriptedImporter) -> (artifact id: 'e1995f22bc8b01e47574987d829a8324') in 0.0274001 seconds
Number of updated asset objects reloaded before import = 0Number of asset objects unloaded after import = 152

========================================================================
Received Import Request.
  Time since last request: 0.000026 seconds.
  path: Assets/Studio33 Interactive_[BasketBall] v1.1/Animations/Basketball Motions Humanoid/324_CrossFakeStepRTrB.fbx
  artifactKey: Guid(8552574a6c3f99e4896b878d2cb97bc2) Importer(2089858483,b0f066a214c2f5e87bad3c948f4d605d)
Start importing Assets/Studio33 Interactive_[BasketBall] v1.1/Animations/Basketball Motions Humanoid/324_CrossFakeStepRTrB.fbx using Guid(8552574a6c3f99e4896b878d2cb97bc2) Importer(2089858483,b0f066a214c2f5e87bad3c948f4d605d) (ScriptedImporter) -> (artifact id: 'bc95f4a2be029c64762cefc75dc5d499') in 0.0300971 seconds
Number of updated asset objects reloaded before import = 0Number of asset objects unloaded after import = 154

========================================================================
Received Import Request.
  Time since last request: 0.000025 seconds.
  path: Assets/Studio33 Interactive_[BasketBall] v1.1/Animations/Basketball Motions_Generic/375_CrossoverStepbarRA.fbx
  artifactKey: Guid(6f98e9016e5e907459a952e4f6116458) Importer(2089858483,b0f066a214c2f5e87bad3c948f4d605d)
Start importing Assets/Studio33 Interactive_[BasketBall] v1.1/Animations/Basketball Motions_Generic/375_CrossoverStepbarRA.fbx using Guid(6f98e9016e5e907459a952e4f6116458) Importer(2089858483,b0f066a214c2f5e87bad3c948f4d605d) (ScriptedImporter) -> (artifact id: '90dfccbb4e820d614a729bc938f887c1') in 0.0290961 seconds
Number of updated asset objects reloaded before import = 0Number of asset objects unloaded after import = 152

========================================================================
Received Import Request.
  Time since last request: 0.000035 seconds.
  path: Assets/Studio33 Interactive_[BasketBall] v1.1/Animations/Basketball Motions Humanoid/1950_DunkCA.fbx
  artifactKey: Guid(2fe0915068172c645954fc3c37697df8) Importer(2089858483,b0f066a214c2f5e87bad3c948f4d605d)
Start importing Assets/Studio33 Interactive_[BasketBall] v1.1/Animations/Basketball Motions Humanoid/1950_DunkCA.fbx using Guid(2fe0915068172c645954fc3c37697df8) Importer(2089858483,b0f066a214c2f5e87bad3c948f4d605d) (ScriptedImporter) -> (artifact id: 'ea80604a03ce551d5c66af4e2409ca63') in 0.0247568 seconds
Number of updated asset objects reloaded before import = 0Number of asset objects unloaded after import = 154

========================================================================
Received Import Request.
  Time since last request: 0.000036 seconds.
  path: Assets/Studio33 Interactive_[BasketBall] v1.1/Animations/Basketball Motions_Generic/1091_ScreeescapeFrontA.fbx
  artifactKey: Guid(69e4fa655c53b6e4e84659aaedb8cdb3) Importer(2089858483,b0f066a214c2f5e87bad3c948f4d605d)
Start importing Assets/Studio33 Interactive_[BasketBall] v1.1/Animations/Basketball Motions_Generic/1091_ScreeescapeFrontA.fbx using Guid(69e4fa655c53b6e4e84659aaedb8cdb3) Importer(2089858483,b0f066a214c2f5e87bad3c948f4d605d) (ScriptedImporter) -> (artifact id: 'bf3149d333a380ddc2fa58fe2f1892a6') in 0.0250379 seconds
Number of updated asset objects reloaded before import = 0Number of asset objects unloaded after import = 152

========================================================================
Received Import Request.
  Time since last request: 0.000022 seconds.
  path: Assets/Studio33 Interactive_[BasketBall] v1.1/Animations/Basketball Motions_Generic/2075_JumpshotUA.fbx
  artifactKey: Guid(e23faca91570d67499840980d4dcd084) Importer(2089858483,b0f066a214c2f5e87bad3c948f4d605d)
Start importing Assets/Studio33 Interactive_[BasketBall] v1.1/Animations/Basketball Motions_Generic/2075_JumpshotUA.fbx using Guid(e23faca91570d67499840980d4dcd084) Importer(2089858483,b0f066a214c2f5e87bad3c948f4d605d) (ScriptedImporter) -> (artifact id: '394e24461c2aa0a20271b98faf07c0ff') in 0.0231314 seconds
Number of updated asset objects reloaded before import = 0Number of asset objects unloaded after import = 152

========================================================================
Received Import Request.
  Time since last request: 0.000026 seconds.
  path: Assets/Studio33 Interactive_[BasketBall] v1.1/Animations/Basketball Motions_Generic/1219_JumpshotDriftLA.fbx
  artifactKey: Guid(2a43a51b843374842ba6d18049b8fa33) Importer(2089858483,b0f066a214c2f5e87bad3c948f4d605d)
Start importing Assets/Studio33 Interactive_[BasketBall] v1.1/Animations/Basketball Motions_Generic/1219_JumpshotDriftLA.fbx using Guid(2a43a51b843374842ba6d18049b8fa33) Importer(2089858483,b0f066a214c2f5e87bad3c948f4d605d) (ScriptedImporter) -> (artifact id: 'f0e5fd8d88b36bf2335979b9832a9094') in 0.0250749 seconds
Number of updated asset objects reloaded before import = 0Number of asset objects unloaded after import = 152

========================================================================
Received Import Request.
  Time since last request: 0.000041 seconds.
  path: Assets/Studio33 Interactive_[BasketBall] v1.1/Animations/Basketball Motions_Generic/1800_DunkCA.fbx
  artifactKey: Guid(253d3c8770bb7e34e8a6d2cc4d4e98d4) Importer(2089858483,b0f066a214c2f5e87bad3c948f4d605d)
Start importing Assets/Studio33 Interactive_[BasketBall] v1.1/Animations/Basketball Motions_Generic/1800_DunkCA.fbx using Guid(253d3c8770bb7e34e8a6d2cc4d4e98d4) Importer(2089858483,b0f066a214c2f5e87bad3c948f4d605d) (ScriptedImporter) -> (artifact id: 'b917c3b1f72dd99fed63bed16450fdff') in 0.0282237 seconds
Number of updated asset objects reloaded before import = 0Number of asset objects unloaded after import = 152

========================================================================
Received Import Request.
  Time since last request: 0.000026 seconds.
  path: Assets/Studio33 Interactive_[BasketBall] v1.1/Animations/Basketball Motions Humanoid/1854_DunkCA.fbx
  artifactKey: Guid(397113c9ce2ff3c46a05da95d2788b0f) Importer(2089858483,b0f066a214c2f5e87bad3c948f4d605d)
Start importing Assets/Studio33 Interactive_[BasketBall] v1.1/Animations/Basketball Motions Humanoid/1854_DunkCA.fbx using Guid(397113c9ce2ff3c46a05da95d2788b0f) Importer(2089858483,b0f066a214c2f5e87bad3c948f4d605d) (ScriptedImporter) -> (artifact id: '8eaa82e3572231e1a1fafc663bf946d1') in 0.0309562 seconds
Number of updated asset objects reloaded before import = 0Number of asset objects unloaded after import = 154

========================================================================
Received Import Request.
  Time since last request: 0.000021 seconds.
  path: Assets/Studio33 Interactive_[BasketBall] v1.1/Animations/Basketball Motions_Generic/1024_Rebound rC.fbx
  artifactKey: Guid(fdac78d23d8578040bf9ebc84cb847ef) Importer(2089858483,b0f066a214c2f5e87bad3c948f4d605d)
Start importing Assets/Studio33 Interactive_[BasketBall] v1.1/Animations/Basketball Motions_Generic/1024_Rebound rC.fbx using Guid(fdac78d23d8578040bf9ebc84cb847ef) Importer(2089858483,b0f066a214c2f5e87bad3c948f4d605d) (ScriptedImporter) -> (artifact id: 'd7cab2a905e3482de064283f5ca27b51') in 0.0269269 seconds
Number of updated asset objects reloaded before import = 0Number of asset objects unloaded after import = 152

========================================================================
Received Import Request.
  Time since last request: 0.000025 seconds.
  path: Assets/Studio33 Interactive_[BasketBall] v1.1/Animations/Basketball Motions Humanoid/1265_AlleyoopDclutchRRightA.fbx
  artifactKey: Guid(5a4387af71115774fbe3d7cb919b6bb8) Importer(2089858483,b0f066a214c2f5e87bad3c948f4d605d)
Start importing Assets/Studio33 Interactive_[BasketBall] v1.1/Animations/Basketball Motions Humanoid/1265_AlleyoopDclutchRRightA.fbx using Guid(5a4387af71115774fbe3d7cb919b6bb8) Importer(2089858483,b0f066a214c2f5e87bad3c948f4d605d) (ScriptedImporter) -> (artifact id: '7f2e43b926c412538ae70329edc734b5') in 0.0270801 seconds
Number of updated asset objects reloaded before import = 0Number of asset objects unloaded after import = 154

========================================================================
Received Import Request.
  Time since last request: 0.000037 seconds.
  path: Assets/Studio33 Interactive_[BasketBall] v1.1/Animations/Basketball Motions_Generic/613_DivpassRA.fbx
  artifactKey: Guid(dcdf467252c51584bae139950103027d) Importer(2089858483,b0f066a214c2f5e87bad3c948f4d605d)
Start importing Assets/Studio33 Interactive_[BasketBall] v1.1/Animations/Basketball Motions_Generic/613_DivpassRA.fbx using Guid(dcdf467252c51584bae139950103027d) Importer(2089858483,b0f066a214c2f5e87bad3c948f4d605d) (ScriptedImporter) -> (artifact id: '50694ccc73bfc1639a5c3354557d378e') in 0.0284354 seconds
Number of updated asset objects reloaded before import = 0Number of asset objects unloaded after import = 152

========================================================================
Received Import Request.
  Time since last request: 0.000021 seconds.
  path: Assets/Studio33 Interactive_[BasketBall] v1.1/Animations/Basketball Motions_Generic/2039_JumpshotMFakeA.fbx
  artifactKey: Guid(fbf4f9012dcf6c141bfa13d9e2c2301a) Importer(2089858483,b0f066a214c2f5e87bad3c948f4d605d)
Start importing Assets/Studio33 Interactive_[BasketBall] v1.1/Animations/Basketball Motions_Generic/2039_JumpshotMFakeA.fbx using Guid(fbf4f9012dcf6c141bfa13d9e2c2301a) Importer(2089858483,b0f066a214c2f5e87bad3c948f4d605d) (ScriptedImporter) -> (artifact id: 'd504935d78ffc0c178c6230de2a444ac') in 0.028837 seconds
Number of updated asset objects reloaded before import = 0Number of asset objects unloaded after import = 152

========================================================================
Received Import Request.
  Time since last request: 0.000034 seconds.
  path: Assets/Studio33 Interactive_[BasketBall] v1.1/Animations/Basketball Motions Humanoid/725_ShootpassJumpLongBaA.fbx
  artifactKey: Guid(7c34307f7e5fa504eb276c4b794cf4dc) Importer(2089858483,b0f066a214c2f5e87bad3c948f4d605d)
Start importing Assets/Studio33 Interactive_[BasketBall] v1.1/Animations/Basketball Motions Humanoid/725_ShootpassJumpLongBaA.fbx using Guid(7c34307f7e5fa504eb276c4b794cf4dc) Importer(2089858483,b0f066a214c2f5e87bad3c948f4d605d) (ScriptedImporter) -> (artifact id: 'd818979f3c758cea2d7492f806b75fe8') in 0.0354863 seconds
Number of updated asset objects reloaded before import = 0Number of asset objects unloaded after import = 154

========================================================================
Received Import Request.
  Time since last request: 0.000043 seconds.
  path: Assets/Studio33 Interactive_[BasketBall] v1.1/Animations/Basketball Motions_Generic/1663_LayupRevCA.fbx
  artifactKey: Guid(e131ffb1c7dfdc24d9c78af997e74094) Importer(2089858483,b0f066a214c2f5e87bad3c948f4d605d)
Start importing Assets/Studio33 Interactive_[BasketBall] v1.1/Animations/Basketball Motions_Generic/1663_LayupRevCA.fbx using Guid(e131ffb1c7dfdc24d9c78af997e74094) Importer(2089858483,b0f066a214c2f5e87bad3c948f4d605d) (ScriptedImporter) -> (artifact id: 'bba418db906418eaed6ee13daad5a6c8') in 0.0300418 seconds
Number of updated asset objects reloaded before import = 0Number of asset objects unloaded after import = 152

========================================================================
Received Import Request.
  Time since last request: 0.000064 seconds.
  path: Assets/Studio33 Interactive_[BasketBall] v1.1/Animations/Basketball Motions_Generic/216_CrossEurostepLayupA.fbx
  artifactKey: Guid(539fd454f5fd46246b425b23cc51ca3d) Importer(2089858483,b0f066a214c2f5e87bad3c948f4d605d)
Start importing Assets/Studio33 Interactive_[BasketBall] v1.1/Animations/Basketball Motions_Generic/216_CrossEurostepLayupA.fbx using Guid(539fd454f5fd46246b425b23cc51ca3d) Importer(2089858483,b0f066a214c2f5e87bad3c948f4d605d) (ScriptedImporter) -> (artifact id: '453123a05103d17a587ed7c02ebde6fe') in 0.0288663 seconds
Number of updated asset objects reloaded before import = 0Number of asset objects unloaded after import = 152

========================================================================
Received Import Request.
  Time since last request: 0.000024 seconds.
  path: Assets/Studio33 Interactive_[BasketBall] v1.1/Animations/Basketball Motions Humanoid/54_BlockingckncatchShortLA.fbx
  artifactKey: Guid(5fe6cf4bd2bc32b4a9970e83636b5111) Importer(2089858483,b0f066a214c2f5e87bad3c948f4d605d)
Start importing Assets/Studio33 Interactive_[BasketBall] v1.1/Animations/Basketball Motions Humanoid/54_BlockingckncatchShortLA.fbx using Guid(5fe6cf4bd2bc32b4a9970e83636b5111) Importer(2089858483,b0f066a214c2f5e87bad3c948f4d605d) (ScriptedImporter) -> (artifact id: 'a17d9d1e5974188c8857eb305733f62a') in 0.0272563 seconds
Number of updated asset objects reloaded before import = 0Number of asset objects unloaded after import = 154

========================================================================
Received Import Request.
  Time since last request: 0.000028 seconds.
  path: Assets/Studio33 Interactive_[BasketBall] v1.1/Animations/Basketball Motions_Generic/2116_RstajumpshotMA.fbx
  artifactKey: Guid(86549a68595457a438abd7107a2e8e30) Importer(2089858483,b0f066a214c2f5e87bad3c948f4d605d)
Start importing Assets/Studio33 Interactive_[BasketBall] v1.1/Animations/Basketball Motions_Generic/2116_RstajumpshotMA.fbx using Guid(86549a68595457a438abd7107a2e8e30) Importer(2089858483,b0f066a214c2f5e87bad3c948f4d605d) (ScriptedImporter) -> (artifact id: '7812fe63fab2f0ce2ef162d16b2f2d2a') in 0.0234501 seconds
Number of updated asset objects reloaded before import = 0Number of asset objects unloaded after import = 152

========================================================================
Received Import Request.
  Time since last request: 0.000032 seconds.
  path: Assets/Studio33 Interactive_[BasketBall] v1.1/33_basket ball test animations/player/Back_number/Back_number_R/Rack_number_R_c20.png
  artifactKey: Guid(7f37b9a188b17d243b9bbf7becd84171) Importer(2089858483,b0f066a214c2f5e87bad3c948f4d605d)
Start importing Assets/Studio33 Interactive_[BasketBall] v1.1/33_basket ball test animations/player/Back_number/Back_number_R/Rack_number_R_c20.png using Guid(7f37b9a188b17d243b9bbf7becd84171) Importer(2089858483,b0f066a214c2f5e87bad3c948f4d605d) (ScriptedImporter) -> (artifact id: 'dab1ce2c3d024401811bcb3d8f6f791e') in 0.0180394 seconds
Number of updated asset objects reloaded before import = 0Number of asset objects unloaded after import = 1

========================================================================
Received Import Request.
  Time since last request: 0.000023 seconds.
  path: Assets/Studio33 Interactive_[BasketBall] v1.1/Animations/Basketball Motions Humanoid/829_PassChestA.fbx
  artifactKey: Guid(590ab01df241a524d82abd85794eafc6) Importer(2089858483,b0f066a214c2f5e87bad3c948f4d605d)
Start importing Assets/Studio33 Interactive_[BasketBall] v1.1/Animations/Basketball Motions Humanoid/829_PassChestA.fbx using Guid(590ab01df241a524d82abd85794eafc6) Importer(2089858483,b0f066a214c2f5e87bad3c948f4d605d) (ScriptedImporter) -> (artifact id: '5eba1c23d9c02243a2b19b7bd9a95cc1') in 0.0286797 seconds
Number of updated asset objects reloaded before import = 0Number of asset objects unloaded after import = 154

========================================================================
Received Import Request.
  Time since last request: 0.000024 seconds.
  path: Assets/Studio33 Interactive_[BasketBall] v1.1/Animations/Basketball Motions_Generic/236_BtlCrossoverThRRight.fbx
  artifactKey: Guid(bc01c38dda612614a889ce43073d90e7) Importer(2089858483,b0f066a214c2f5e87bad3c948f4d605d)
Start importing Assets/Studio33 Interactive_[BasketBall] v1.1/Animations/Basketball Motions_Generic/236_BtlCrossoverThRRight.fbx using Guid(bc01c38dda612614a889ce43073d90e7) Importer(2089858483,b0f066a214c2f5e87bad3c948f4d605d) (ScriptedImporter) -> (artifact id: '3df595782dd9993d09dbe2000eed6e85') in 0.0260369 seconds
Number of updated asset objects reloaded before import = 0Number of asset objects unloaded after import = 152

========================================================================
Received Import Request.
  Time since last request: 0.000026 seconds.
  path: Assets/Studio33 Interactive_[BasketBall] v1.1/Animations/Basketball Motions_Generic/448_MarkPressdefenceR.fbx
  artifactKey: Guid(8c989a1ee3aed1a48a046c619ea2f955) Importer(2089858483,b0f066a214c2f5e87bad3c948f4d605d)
Start importing Assets/Studio33 Interactive_[BasketBall] v1.1/Animations/Basketball Motions_Generic/448_MarkPressdefenceR.fbx using Guid(8c989a1ee3aed1a48a046c619ea2f955) Importer(2089858483,b0f066a214c2f5e87bad3c948f4d605d) (ScriptedImporter) -> (artifact id: '3144b3f6285a9bdc6461b4146a7e4bfb') in 0.0526035 seconds
Number of updated asset objects reloaded before import = 0Number of asset objects unloaded after import = 152

========================================================================
Received Import Request.
  Time since last request: 0.000034 seconds.
  path: Assets/Studio33 Interactive_[BasketBall] v1.1/Animations/Basketball Motions_Generic/48_BlockingckncatchLongFarJumpFA.fbx
  artifactKey: Guid(e58f87a8024d96a44acedc2d8473dc36) Importer(2089858483,b0f066a214c2f5e87bad3c948f4d605d)
Start importing Assets/Studio33 Interactive_[BasketBall] v1.1/Animations/Basketball Motions_Generic/48_BlockingckncatchLongFarJumpFA.fbx using Guid(e58f87a8024d96a44acedc2d8473dc36) Importer(2089858483,b0f066a214c2f5e87bad3c948f4d605d) (ScriptedImporter) -> (artifact id: '6650e9e3a6cef6f587b3dd88ca70afe7') in 0.0272496 seconds
Number of updated asset objects reloaded before import = 0Number of asset objects unloaded after import = 152

========================================================================
Received Import Request.
  Time since last request: 0.000020 seconds.
  path: Assets/Studio33 Interactive_[BasketBall] v1.1/Animations/Basketball Motions_Generic/291_JabstepLRA.fbx
  artifactKey: Guid(648ad0c43d33c384598fed23d66a570b) Importer(2089858483,b0f066a214c2f5e87bad3c948f4d605d)
Start importing Assets/Studio33 Interactive_[BasketBall] v1.1/Animations/Basketball Motions_Generic/291_JabstepLRA.fbx using Guid(648ad0c43d33c384598fed23d66a570b) Importer(2089858483,b0f066a214c2f5e87bad3c948f4d605d) (ScriptedImporter) -> (artifact id: 'c056d93e1d2a39db3612c1985bced31a') in 0.0267094 seconds
Number of updated asset objects reloaded before import = 0Number of asset objects unloaded after import = 152

========================================================================
Received Import Request.
  Time since last request: 0.000025 seconds.
  path: Assets/Studio33 Interactive_[BasketBall] v1.1/Animations/Basketball Motions Humanoid/369_CrossFakeBehirL.fbx
  artifactKey: Guid(870a8a47f937e9e4e9591c9c3397c0f1) Importer(2089858483,b0f066a214c2f5e87bad3c948f4d605d)
Start importing Assets/Studio33 Interactive_[BasketBall] v1.1/Animations/Basketball Motions Humanoid/369_CrossFakeBehirL.fbx using Guid(870a8a47f937e9e4e9591c9c3397c0f1) Importer(2089858483,b0f066a214c2f5e87bad3c948f4d605d) (ScriptedImporter) -> (artifact id: '497b5c8af865636b054f2ec27867cd5c') in 0.0282322 seconds
Number of updated asset objects reloaded before import = 0Number of asset objects unloaded after import = 154

========================================================================
Received Import Request.
  Time since last request: 0.000027 seconds.
  path: Assets/Studio33 Interactive_[BasketBall] v1.1/Animations/Basketball Motions Humanoid/2181_Dribbleright.fbx
  artifactKey: Guid(40815b35236d28b4cb03433a3ce00936) Importer(2089858483,b0f066a214c2f5e87bad3c948f4d605d)
Start importing Assets/Studio33 Interactive_[BasketBall] v1.1/Animations/Basketball Motions Humanoid/2181_Dribbleright.fbx using Guid(40815b35236d28b4cb03433a3ce00936) Importer(2089858483,b0f066a214c2f5e87bad3c948f4d605d) (ScriptedImporter) -> (artifact id: '7b90518b0d8200e9d81df26143582921') in 0.0293269 seconds
Number of updated asset objects reloaded before import = 0Number of asset objects unloaded after import = 154

========================================================================
Received Import Request.
  Time since last request: 0.000031 seconds.
  path: Assets/Studio33 Interactive_[BasketBall] v1.1/Animations/Basketball Motions_Generic/1603_DunkClutchRLeftA.fbx
  artifactKey: Guid(6fdcd57412293074b8d2128e491e0c54) Importer(2089858483,b0f066a214c2f5e87bad3c948f4d605d)
Start importing Assets/Studio33 Interactive_[BasketBall] v1.1/Animations/Basketball Motions_Generic/1603_DunkClutchRLeftA.fbx using Guid(6fdcd57412293074b8d2128e491e0c54) Importer(2089858483,b0f066a214c2f5e87bad3c948f4d605d) (ScriptedImporter) -> (artifact id: '631d2d9829b32b2aa49d72f8cb5e438d') in 0.0254839 seconds
Number of updated asset objects reloaded before import = 0Number of asset objects unloaded after import = 152

========================================================================
Received Import Request.
  Time since last request: 0.000017 seconds.
  path: Assets/Studio33 Interactive_[BasketBall] v1.1/Animations/Basketball Motions_Generic/1924_DunkCA.fbx
  artifactKey: Guid(065cfe4a96883934489e993ec912fc6e) Importer(2089858483,b0f066a214c2f5e87bad3c948f4d605d)
Start importing Assets/Studio33 Interactive_[BasketBall] v1.1/Animations/Basketball Motions_Generic/1924_DunkCA.fbx using Guid(065cfe4a96883934489e993ec912fc6e) Importer(2089858483,b0f066a214c2f5e87bad3c948f4d605d) (ScriptedImporter) -> (artifact id: '5d087910b812b06700b8b1de4d2fe03a') in 0.0275249 seconds
Number of updated asset objects reloaded before import = 0Number of asset objects unloaded after import = 152

========================================================================
Received Import Request.
  Time since last request: 0.000024 seconds.
  path: Assets/Studio33 Interactive_[BasketBall] v1.1/Animations/Basketball Motions Humanoid/1631_JumpshotMFakeA.fbx
  artifactKey: Guid(df01fa0a2a8b4054c88a31d9fe937cdb) Importer(2089858483,b0f066a214c2f5e87bad3c948f4d605d)
Start importing Assets/Studio33 Interactive_[BasketBall] v1.1/Animations/Basketball Motions Humanoid/1631_JumpshotMFakeA.fbx using Guid(df01fa0a2a8b4054c88a31d9fe937cdb) Importer(2089858483,b0f066a214c2f5e87bad3c948f4d605d) (ScriptedImporter) -> (artifact id: '0c47d129bd183b4cf798f6d6ee823c2a') in 0.0248396 seconds
Number of updated asset objects reloaded before import = 0Number of asset objects unloaded after import = 154

========================================================================
Received Import Request.
  Time since last request: 0.000024 seconds.
  path: Assets/Studio33 Interactive_[BasketBall] v1.1/Animations/Basketball Motions Humanoid/939_ChipoutAA.fbx
  artifactKey: Guid(3d851ed3a5428884d811b5ce249456dd) Importer(2089858483,b0f066a214c2f5e87bad3c948f4d605d)
Start importing Assets/Studio33 Interactive_[BasketBall] v1.1/Animations/Basketball Motions Humanoid/939_ChipoutAA.fbx using Guid(3d851ed3a5428884d811b5ce249456dd) Importer(2089858483,b0f066a214c2f5e87bad3c948f4d605d) (ScriptedImporter) -> (artifact id: 'd7f4c2c4ad972b472cc7c6cc3b2edc60') in 0.0316107 seconds
Number of updated asset objects reloaded before import = 0Number of asset objects unloaded after import = 154

========================================================================
Received Import Request.
  Time since last request: 0.000045 seconds.
  path: Assets/Studio33 Interactive_[BasketBall] v1.1/Animations/Basketball Motions Humanoid/1377_JumpshotReadyFake.fbx
  artifactKey: Guid(4b13cbccba034da45a06ff7fe1d2f01b) Importer(2089858483,b0f066a214c2f5e87bad3c948f4d605d)
Start importing Assets/Studio33 Interactive_[BasketBall] v1.1/Animations/Basketball Motions Humanoid/1377_JumpshotReadyFake.fbx using Guid(4b13cbccba034da45a06ff7fe1d2f01b) Importer(2089858483,b0f066a214c2f5e87bad3c948f4d605d) (ScriptedImporter) -> (artifact id: '9eae1a2a80fbb4494acf09fbb0b916f8') in 0.0237608 seconds
Number of updated asset objects reloaded before import = 0Number of asset objects unloaded after import = 154

========================================================================
Received Import Request.
  Time since last request: 0.000031 seconds.
  path: Assets/Studio33 Interactive_[BasketBall] v1.1/Animations/Basketball Motions_Generic/1079_ScreereadyA.fbx
  artifactKey: Guid(5b7b1fbaeb029754c87415bb18fe1d49) Importer(2089858483,b0f066a214c2f5e87bad3c948f4d605d)
Start importing Assets/Studio33 Interactive_[BasketBall] v1.1/Animations/Basketball Motions_Generic/1079_ScreereadyA.fbx using Guid(5b7b1fbaeb029754c87415bb18fe1d49) Importer(2089858483,b0f066a214c2f5e87bad3c948f4d605d) (ScriptedImporter) -> (artifact id: '64f0092b92ca6b9eb88e24cc6c14f01c') in 0.0246919 seconds
Number of updated asset objects reloaded before import = 0Number of asset objects unloaded after import = 152

========================================================================
Received Import Request.
  Time since last request: 0.000031 seconds.
  path: Assets/Studio33 Interactive_[BasketBall] v1.1/Animations/Basketball Motions_Generic/1488_DclutchRBaA.fbx
  artifactKey: Guid(590f04eff8fe2cd40a5e6863ad406d07) Importer(2089858483,b0f066a214c2f5e87bad3c948f4d605d)
Start importing Assets/Studio33 Interactive_[BasketBall] v1.1/Animations/Basketball Motions_Generic/1488_DclutchRBaA.fbx using Guid(590f04eff8fe2cd40a5e6863ad406d07) Importer(2089858483,b0f066a214c2f5e87bad3c948f4d605d) (ScriptedImporter) -> (artifact id: '52a169d19a72ade61571ff2dbfa110d3') in 0.0237335 seconds
Number of updated asset objects reloaded before import = 0Number of asset objects unloaded after import = 152

========================================================================
Received Import Request.
  Time since last request: 0.000028 seconds.
  path: Assets/Studio33 Interactive_[BasketBall] v1.1/Animations/Basketball Motions Humanoid/1339_JumpshotMAC.fbx
  artifactKey: Guid(eacd9384c6106ac4baedd3afc5921101) Importer(2089858483,b0f066a214c2f5e87bad3c948f4d605d)
Start importing Assets/Studio33 Interactive_[BasketBall] v1.1/Animations/Basketball Motions Humanoid/1339_JumpshotMAC.fbx using Guid(eacd9384c6106ac4baedd3afc5921101) Importer(2089858483,b0f066a214c2f5e87bad3c948f4d605d) (ScriptedImporter) -> (artifact id: '6313d6ad7eafb49ebd6d5337158442a3') in 0.0316169 seconds
Number of updated asset objects reloaded before import = 0Number of asset objects unloaded after import = 154

========================================================================
Received Import Request.
  Time since last request: 0.000040 seconds.
  path: Assets/Studio33 Interactive_[BasketBall] v1.1/Animations/Basketball Motions Humanoid/2003_JumpshotMA.fbx
  artifactKey: Guid(7cf39fdd3427f57429c5d2e4927cdd4b) Importer(2089858483,b0f066a214c2f5e87bad3c948f4d605d)
Start importing Assets/Studio33 Interactive_[BasketBall] v1.1/Animations/Basketball Motions Humanoid/2003_JumpshotMA.fbx using Guid(7cf39fdd3427f57429c5d2e4927cdd4b) Importer(2089858483,b0f066a214c2f5e87bad3c948f4d605d) (ScriptedImporter) -> (artifact id: 'fda62cedc3e1006ac6011c4b0c69677f') in 0.028802 seconds
Number of updated asset objects reloaded before import = 0Number of asset objects unloaded after import = 154

========================================================================
Received Import Request.
  Time since last request: 0.000024 seconds.
  path: Assets/Studio33 Interactive_[BasketBall] v1.1/Animations/Basketball Motions Humanoid/617_LoosebatopA.fbx
  artifactKey: Guid(f6218cae8f86a304c8d20379dc1cb587) Importer(2089858483,b0f066a214c2f5e87bad3c948f4d605d)
Start importing Assets/Studio33 Interactive_[BasketBall] v1.1/Animations/Basketball Motions Humanoid/617_LoosebatopA.fbx using Guid(f6218cae8f86a304c8d20379dc1cb587) Importer(2089858483,b0f066a214c2f5e87bad3c948f4d605d) (ScriptedImporter) -> (artifact id: 'da92702cfa3279107359deb978841191') in 0.0284909 seconds
Number of updated asset objects reloaded before import = 0Number of asset objects unloaded after import = 154

========================================================================
Received Import Request.
  Time since last request: 0.000034 seconds.
  path: Assets/Studio33 Interactive_[BasketBall] v1.1/Animations/Basketball Motions Humanoid/848_Passifront.fbx
  artifactKey: Guid(e68ca9a6f99c8534bbaa47076bac841e) Importer(2089858483,b0f066a214c2f5e87bad3c948f4d605d)
Start importing Assets/Studio33 Interactive_[BasketBall] v1.1/Animations/Basketball Motions Humanoid/848_Passifront.fbx using Guid(e68ca9a6f99c8534bbaa47076bac841e) Importer(2089858483,b0f066a214c2f5e87bad3c948f4d605d) (ScriptedImporter) -> (artifact id: 'e189b1554f8b92a8d08df1bddd46b8a5') in 0.0310725 seconds
Number of updated asset objects reloaded before import = 0Number of asset objects unloaded after import = 154

========================================================================
Received Import Request.
  Time since last request: 0.000034 seconds.
  path: Assets/Studio33 Interactive_[BasketBall] v1.1/Animations/Basketball Motions_Generic/1628_DunkCA.fbx
  artifactKey: Guid(da433e9eb1169e646b13f60746d37344) Importer(2089858483,b0f066a214c2f5e87bad3c948f4d605d)
Start importing Assets/Studio33 Interactive_[BasketBall] v1.1/Animations/Basketball Motions_Generic/1628_DunkCA.fbx using Guid(da433e9eb1169e646b13f60746d37344) Importer(2089858483,b0f066a214c2f5e87bad3c948f4d605d) (ScriptedImporter) -> (artifact id: '347f7586243848bfec374abf8f18940a') in 0.0281271 seconds
Number of updated asset objects reloaded before import = 0Number of asset objects unloaded after import = 152

========================================================================
Received Import Request.
  Time since last request: 0.000041 seconds.
  path: Assets/Studio33 Interactive_[BasketBall] v1.1/Animations/Basketball Motions_Generic/988_Rebound rC.fbx
  artifactKey: Guid(82533900506d03c47ba687ad110bea52) Importer(2089858483,b0f066a214c2f5e87bad3c948f4d605d)
Start importing Assets/Studio33 Interactive_[BasketBall] v1.1/Animations/Basketball Motions_Generic/988_Rebound rC.fbx using Guid(82533900506d03c47ba687ad110bea52) Importer(2089858483,b0f066a214c2f5e87bad3c948f4d605d) (ScriptedImporter) -> (artifact id: '9615c6a2f96835ad67c60bb5020ebb4c') in 0.0310509 seconds
Number of updated asset objects reloaded before import = 0Number of asset objects unloaded after import = 152

========================================================================
Received Import Request.
  Time since last request: 0.000031 seconds.
  path: Assets/Studio33 Interactive_[BasketBall] v1.1/Animations/Basketball Motions Humanoid/1588_MassiveRA.fbx
  artifactKey: Guid(de3556949ca64b5498c38e348ab4d7f2) Importer(2089858483,b0f066a214c2f5e87bad3c948f4d605d)
Start importing Assets/Studio33 Interactive_[BasketBall] v1.1/Animations/Basketball Motions Humanoid/1588_MassiveRA.fbx using Guid(de3556949ca64b5498c38e348ab4d7f2) Importer(2089858483,b0f066a214c2f5e87bad3c948f4d605d) (ScriptedImporter) -> (artifact id: '481d8c4edf248c04bec6fd179641b3c3') in 0.0343467 seconds
Number of updated asset objects reloaded before import = 0Number of asset objects unloaded after import = 154

========================================================================
Received Import Request.
  Time since last request: 0.000026 seconds.
  path: Assets/Studio33 Interactive_[BasketBall] v1.1/Animations/Basketball Motions Humanoid/923_PostBafrontDunkfakeA.fbx
  artifactKey: Guid(c93074ca1c159a44cb0944c327488306) Importer(2089858483,b0f066a214c2f5e87bad3c948f4d605d)
Start importing Assets/Studio33 Interactive_[BasketBall] v1.1/Animations/Basketball Motions Humanoid/923_PostBafrontDunkfakeA.fbx using Guid(c93074ca1c159a44cb0944c327488306) Importer(2089858483,b0f066a214c2f5e87bad3c948f4d605d) (ScriptedImporter) -> (artifact id: 'c9b7316fb77fe07e0cf2b18ecc939f46') in 0.0274368 seconds
Number of updated asset objects reloaded before import = 0Number of asset objects unloaded after import = 154

========================================================================
Received Import Request.
  Time since last request: 0.000035 seconds.
  path: Assets/Studio33 Interactive_[BasketBall] v1.1/Animations/Basketball Motions_Generic/843_PassKifA.fbx
  artifactKey: Guid(b0763066875ad074caba8e2612ad4095) Importer(2089858483,b0f066a214c2f5e87bad3c948f4d605d)
Start importing Assets/Studio33 Interactive_[BasketBall] v1.1/Animations/Basketball Motions_Generic/843_PassKifA.fbx using Guid(b0763066875ad074caba8e2612ad4095) Importer(2089858483,b0f066a214c2f5e87bad3c948f4d605d) (ScriptedImporter) -> (artifact id: 'eb927b5789a1593f4696921eca6240f2') in 0.0250162 seconds
Number of updated asset objects reloaded before import = 0Number of asset objects unloaded after import = 152

========================================================================
Received Import Request.
  Time since last request: 0.000022 seconds.
  path: Assets/Studio33 Interactive_[BasketBall] v1.1/Animations/Basketball Motions_Generic/681_Rru.fbx
  artifactKey: Guid(dc861293076902e418c26b811111db94) Importer(2089858483,b0f066a214c2f5e87bad3c948f4d605d)
Start importing Assets/Studio33 Interactive_[BasketBall] v1.1/Animations/Basketball Motions_Generic/681_Rru.fbx using Guid(dc861293076902e418c26b811111db94) Importer(2089858483,b0f066a214c2f5e87bad3c948f4d605d) (ScriptedImporter) -> (artifact id: 'd9600c5a58b18265c18777f98793a846') in 0.0284703 seconds
Number of updated asset objects reloaded before import = 0Number of asset objects unloaded after import = 152

========================================================================
Received Import Request.
  Time since last request: 0.000021 seconds.
  path: Assets/Studio33 Interactive_[BasketBall] v1.1/Animations/Basketball Motions Humanoid/82_BlockingckpassLongNearFFA.fbx
  artifactKey: Guid(f05b7a22f4f5520439415a9ca1af731c) Importer(2089858483,b0f066a214c2f5e87bad3c948f4d605d)
Start importing Assets/Studio33 Interactive_[BasketBall] v1.1/Animations/Basketball Motions Humanoid/82_BlockingckpassLongNearFFA.fbx using Guid(f05b7a22f4f5520439415a9ca1af731c) Importer(2089858483,b0f066a214c2f5e87bad3c948f4d605d) (ScriptedImporter) -> (artifact id: 'c8f394c6a40d8c2859cc02cf7b7cb4c7') in 0.0306972 seconds
Number of updated asset objects reloaded before import = 0Number of asset objects unloaded after import = 154

========================================================================
Received Import Request.
  Time since last request: 0.000022 seconds.
  path: Assets/Studio33 Interactive_[BasketBall] v1.1/Animations/Basketball Motions_Generic/1668_AlleyoopCSA.fbx
  artifactKey: Guid(087d0ae0a1c631c44b3ae7604fd9154c) Importer(2089858483,b0f066a214c2f5e87bad3c948f4d605d)
Start importing Assets/Studio33 Interactive_[BasketBall] v1.1/Animations/Basketball Motions_Generic/1668_AlleyoopCSA.fbx using Guid(087d0ae0a1c631c44b3ae7604fd9154c) Importer(2089858483,b0f066a214c2f5e87bad3c948f4d605d) (ScriptedImporter) -> (artifact id: '1c6491f60821672dfd02fe9dddb50d30') in 0.0296027 seconds
Number of updated asset objects reloaded before import = 0Number of asset objects unloaded after import = 152

========================================================================
Received Import Request.
  Time since last request: 0.000043 seconds.
  path: Assets/Studio33 Interactive_[BasketBall] v1.1/Animations/Basketball Motions_Generic/527_BackpassfakeCA.fbx
  artifactKey: Guid(d40cc5a521a50b249bf307a2575fe0e0) Importer(2089858483,b0f066a214c2f5e87bad3c948f4d605d)
Start importing Assets/Studio33 Interactive_[BasketBall] v1.1/Animations/Basketball Motions_Generic/527_BackpassfakeCA.fbx using Guid(d40cc5a521a50b249bf307a2575fe0e0) Importer(2089858483,b0f066a214c2f5e87bad3c948f4d605d) (ScriptedImporter) -> (artifact id: '08581752d612ca7e5e5113b447a58c41') in 0.0311435 seconds
Number of updated asset objects reloaded before import = 0Number of asset objects unloaded after import = 152

========================================================================
Received Import Request.
  Time since last request: 0.000028 seconds.
  path: Assets/Studio33 Interactive_[BasketBall] v1.1/Animations/Basketball Motions Humanoid/1541_JumpshotPullupFA.fbx
  artifactKey: Guid(69abf53def95f424e97e5f95f4ba1639) Importer(2089858483,b0f066a214c2f5e87bad3c948f4d605d)
Start importing Assets/Studio33 Interactive_[BasketBall] v1.1/Animations/Basketball Motions Humanoid/1541_JumpshotPullupFA.fbx using Guid(69abf53def95f424e97e5f95f4ba1639) Importer(2089858483,b0f066a214c2f5e87bad3c948f4d605d) (ScriptedImporter) -> (artifact id: 'c9bb1d50a3a81a302c45fc0a1c6eb5aa') in 0.0270306 seconds
Number of updated asset objects reloaded before import = 0Number of asset objects unloaded after import = 154

========================================================================
Received Import Request.
  Time since last request: 0.000026 seconds.
  path: Assets/Studio33 Interactive_[BasketBall] v1.1/Animations/Basketball Motions_Generic/1070_SceneEntAway.fbx
  artifactKey: Guid(a6b1bbec2da714341b8db92d85b98d64) Importer(2089858483,b0f066a214c2f5e87bad3c948f4d605d)
Start importing Assets/Studio33 Interactive_[BasketBall] v1.1/Animations/Basketball Motions_Generic/1070_SceneEntAway.fbx using Guid(a6b1bbec2da714341b8db92d85b98d64) Importer(2089858483,b0f066a214c2f5e87bad3c948f4d605d) (ScriptedImporter) -> (artifact id: '476bbdc70e4098941de70588a2a7e9d6') in 0.0282431 seconds
Number of updated asset objects reloaded before import = 0Number of asset objects unloaded after import = 152

========================================================================
Received Import Request.
  Time since last request: 0.000033 seconds.
  path: Assets/Studio33 Interactive_[BasketBall] v1.1/Animations/Basketball Motions_Generic/300_ScreespinStepRL.fbx
  artifactKey: Guid(e07739c2bcd5479438d5bad68a6e1da3) Importer(2089858483,b0f066a214c2f5e87bad3c948f4d605d)
Start importing Assets/Studio33 Interactive_[BasketBall] v1.1/Animations/Basketball Motions_Generic/300_ScreespinStepRL.fbx using Guid(e07739c2bcd5479438d5bad68a6e1da3) Importer(2089858483,b0f066a214c2f5e87bad3c948f4d605d) (ScriptedImporter) -> (artifact id: 'e8de65bca11db1468c03ec03792fc5c6') in 0.0254344 seconds
Number of updated asset objects reloaded before import = 0Number of asset objects unloaded after import = 152

========================================================================
Received Import Request.
  Time since last request: 0.000050 seconds.
  path: Assets/Studio33 Interactive_[BasketBall] v1.1/Animations/Basketball Motions Humanoid/2112_JumpshotMFakeA.fbx
  artifactKey: Guid(2f547db123f5f0f4aad2e03353db7d09) Importer(2089858483,b0f066a214c2f5e87bad3c948f4d605d)
Start importing Assets/Studio33 Interactive_[BasketBall] v1.1/Animations/Basketball Motions Humanoid/2112_JumpshotMFakeA.fbx using Guid(2f547db123f5f0f4aad2e03353db7d09) Importer(2089858483,b0f066a214c2f5e87bad3c948f4d605d) (ScriptedImporter) -> (artifact id: '91c285f047816bcc9fe7a9f4201fc488') in 0.0299074 seconds
Number of updated asset objects reloaded before import = 0Number of asset objects unloaded after import = 154

========================================================================
Received Import Request.
  Time since last request: 0.000025 seconds.
  path: Assets/Studio33 Interactive_[BasketBall] v1.1/Animations/Basketball Motions_Generic/1591_DunkCB.fbx
  artifactKey: Guid(7953bcb8813a0ee4e9e12c3ac886c431) Importer(2089858483,b0f066a214c2f5e87bad3c948f4d605d)
Start importing Assets/Studio33 Interactive_[BasketBall] v1.1/Animations/Basketball Motions_Generic/1591_DunkCB.fbx using Guid(7953bcb8813a0ee4e9e12c3ac886c431) Importer(2089858483,b0f066a214c2f5e87bad3c948f4d605d) (ScriptedImporter) -> (artifact id: '4d920644002a890cae7c63b5beafac5a') in 0.0291778 seconds
Number of updated asset objects reloaded before import = 0Number of asset objects unloaded after import = 152

========================================================================
Received Import Request.
  Time since last request: 0.000026 seconds.
  path: Assets/Studio33 Interactive_[BasketBall] v1.1/Animations/Basketball Motions Humanoid/1116_ScreetwostepFront.fbx
  artifactKey: Guid(208936ca69aebad4f9b518a802beedbb) Importer(2089858483,b0f066a214c2f5e87bad3c948f4d605d)
Start importing Assets/Studio33 Interactive_[BasketBall] v1.1/Animations/Basketball Motions Humanoid/1116_ScreetwostepFront.fbx using Guid(208936ca69aebad4f9b518a802beedbb) Importer(2089858483,b0f066a214c2f5e87bad3c948f4d605d) (ScriptedImporter) -> (artifact id: '2717dacfb7d24df3d5ec6dec0f2c9ac7') in 0.026276 seconds
Number of updated asset objects reloaded before import = 0Number of asset objects unloaded after import = 154

========================================================================
Received Import Request.
  Time since last request: 0.000033 seconds.
  path: Assets/Studio33 Interactive_[BasketBall] v1.1/Animations/Basketball Motions Humanoid/1802_DunkCRevA.fbx
  artifactKey: Guid(e915efedfc88b614687fda987f9be60a) Importer(2089858483,b0f066a214c2f5e87bad3c948f4d605d)
Start importing Assets/Studio33 Interactive_[BasketBall] v1.1/Animations/Basketball Motions Humanoid/1802_DunkCRevA.fbx using Guid(e915efedfc88b614687fda987f9be60a) Importer(2089858483,b0f066a214c2f5e87bad3c948f4d605d) (ScriptedImporter) -> (artifact id: 'd37922084d3959b5e4bae6409aee354e') in 0.0288267 seconds
Number of updated asset objects reloaded before import = 0Number of asset objects unloaded after import = 154

========================================================================
Received Import Request.
  Time since last request: 0.000055 seconds.
  path: Assets/Studio33 Interactive_[BasketBall] v1.1/Animations/Basketball Motions_Generic/1877_DunkRA.fbx
  artifactKey: Guid(47ff20519a861cd46a0e3e2467ab50b6) Importer(2089858483,b0f066a214c2f5e87bad3c948f4d605d)
Start importing Assets/Studio33 Interactive_[BasketBall] v1.1/Animations/Basketball Motions_Generic/1877_DunkRA.fbx using Guid(47ff20519a861cd46a0e3e2467ab50b6) Importer(2089858483,b0f066a214c2f5e87bad3c948f4d605d) (ScriptedImporter) -> (artifact id: '80380c342ba8e8f554676facdd99b473') in 0.0281993 seconds
Number of updated asset objects reloaded before import = 0Number of asset objects unloaded after import = 152

========================================================================
Received Import Request.
  Time since last request: 0.000025 seconds.
  path: Assets/Studio33 Interactive_[BasketBall] v1.1/Animations/Basketball Motions Humanoid/1121_DunkCA.fbx
  artifactKey: Guid(eb4c35a86d936ee4794836e213f0d214) Importer(2089858483,b0f066a214c2f5e87bad3c948f4d605d)
Start importing Assets/Studio33 Interactive_[BasketBall] v1.1/Animations/Basketball Motions Humanoid/1121_DunkCA.fbx using Guid(eb4c35a86d936ee4794836e213f0d214) Importer(2089858483,b0f066a214c2f5e87bad3c948f4d605d) (ScriptedImporter) -> (artifact id: 'd4ee19c7b17c0bad91a1580a256290df') in 0.0289938 seconds
Number of updated asset objects reloaded before import = 0Number of asset objects unloaded after import = 154

========================================================================
Received Import Request.
  Time since last request: 0.000029 seconds.
  path: Assets/Studio33 Interactive_[BasketBall] v1.1/Animations/Basketball Motions Humanoid/2174_TravNorLA.fbx
  artifactKey: Guid(d6d6e407d729ee94aba753396e806424) Importer(2089858483,b0f066a214c2f5e87bad3c948f4d605d)
Start importing Assets/Studio33 Interactive_[BasketBall] v1.1/Animations/Basketball Motions Humanoid/2174_TravNorLA.fbx using Guid(d6d6e407d729ee94aba753396e806424) Importer(2089858483,b0f066a214c2f5e87bad3c948f4d605d) (ScriptedImporter) -> (artifact id: 'fc8d5c76b7d0a6b45b72b73c0b86fb44') in 0.0249246 seconds
Number of updated asset objects reloaded before import = 0Number of asset objects unloaded after import = 154

========================================================================
Received Import Request.
  Time since last request: 0.000037 seconds.
  path: Assets/Studio33 Interactive_[BasketBall] v1.1/Animations/Basketball Motions_Generic/1989_JumpshotMA.fbx
  artifactKey: Guid(75d90946c3a42874ea0ffeb6629df088) Importer(2089858483,b0f066a214c2f5e87bad3c948f4d605d)
Start importing Assets/Studio33 Interactive_[BasketBall] v1.1/Animations/Basketball Motions_Generic/1989_JumpshotMA.fbx using Guid(75d90946c3a42874ea0ffeb6629df088) Importer(2089858483,b0f066a214c2f5e87bad3c948f4d605d) (ScriptedImporter) -> (artifact id: '092799ee80b65ad36284286a00ed9bde') in 0.0227862 seconds
Number of updated asset objects reloaded before import = 0Number of asset objects unloaded after import = 152

========================================================================
Received Import Request.
  Time since last request: 0.000135 seconds.
  path: Assets/Studio33 Interactive_[BasketBall] v1.1/Animations/Basketball Motions Humanoid/1450_JumpshotMFakeA.fbx
  artifactKey: Guid(36e66fc4cf91afe49b61b180db4c464e) Importer(2089858483,b0f066a214c2f5e87bad3c948f4d605d)
Start importing Assets/Studio33 Interactive_[BasketBall] v1.1/Animations/Basketball Motions Humanoid/1450_JumpshotMFakeA.fbx using Guid(36e66fc4cf91afe49b61b180db4c464e) Importer(2089858483,b0f066a214c2f5e87bad3c948f4d605d) (ScriptedImporter) -> (artifact id: '725b3751cf1fb562f288dc8a4b196ca5') in 0.0271705 seconds
Number of updated asset objects reloaded before import = 0Number of asset objects unloaded after import = 154

========================================================================
Received Import Request.
  Time since last request: 0.000022 seconds.
  path: Assets/Studio33 Interactive_[BasketBall] v1.1/Animations/Basketball Motions_Generic/860_PassKifA.fbx
  artifactKey: Guid(92ce188b5b90ea24ba080d44d05ae529) Importer(2089858483,b0f066a214c2f5e87bad3c948f4d605d)
Start importing Assets/Studio33 Interactive_[BasketBall] v1.1/Animations/Basketball Motions_Generic/860_PassKifA.fbx using Guid(92ce188b5b90ea24ba080d44d05ae529) Importer(2089858483,b0f066a214c2f5e87bad3c948f4d605d) (ScriptedImporter) -> (artifact id: '05294e71cb12553db8f226c175c155c4') in 0.023159 seconds
Number of updated asset objects reloaded before import = 0Number of asset objects unloaded after import = 152

========================================================================
Received Import Request.
  Time since last request: 0.000030 seconds.
  path: Assets/Studio33 Interactive_[BasketBall] v1.1/33_basket ball test animations/player/Back_number/Back_number_Y/Back_number_B_c08.png
  artifactKey: Guid(4df730a970a8fbb49823350e145dc4d4) Importer(2089858483,b0f066a214c2f5e87bad3c948f4d605d)
Start importing Assets/Studio33 Interactive_[BasketBall] v1.1/33_basket ball test animations/player/Back_number/Back_number_Y/Back_number_B_c08.png using Guid(4df730a970a8fbb49823350e145dc4d4) Importer(2089858483,b0f066a214c2f5e87bad3c948f4d605d) (ScriptedImporter) -> (artifact id: '32faff766a97cfcbb4d5c80765c537c0') in 0.0183486 seconds
Number of updated asset objects reloaded before import = 0Number of asset objects unloaded after import = 1

========================================================================
Received Import Request.
  Time since last request: 0.000027 seconds.
  path: Assets/Studio33 Interactive_[BasketBall] v1.1/Animations/Basketball Motions_Generic/1569_LayupCA.fbx
  artifactKey: Guid(b1da56692cfc3f04da17545ee0732ead) Importer(2089858483,b0f066a214c2f5e87bad3c948f4d605d)
Start importing Assets/Studio33 Interactive_[BasketBall] v1.1/Animations/Basketball Motions_Generic/1569_LayupCA.fbx using Guid(b1da56692cfc3f04da17545ee0732ead) Importer(2089858483,b0f066a214c2f5e87bad3c948f4d605d) (ScriptedImporter) -> (artifact id: '67e724cb2db51139f89b4ffd667d47ea') in 0.0271 seconds
Number of updated asset objects reloaded before import = 0Number of asset objects unloaded after import = 152

========================================================================
Received Import Request.
  Time since last request: 0.000033 seconds.
  path: Assets/Studio33 Interactive_[BasketBall] v1.1/Animations/Basketball Motions_Generic/339_JabstepFakeRA.fbx
  artifactKey: Guid(8db7a9a1c5443c647af8525fd3ac5092) Importer(2089858483,b0f066a214c2f5e87bad3c948f4d605d)
Start importing Assets/Studio33 Interactive_[BasketBall] v1.1/Animations/Basketball Motions_Generic/339_JabstepFakeRA.fbx using Guid(8db7a9a1c5443c647af8525fd3ac5092) Importer(2089858483,b0f066a214c2f5e87bad3c948f4d605d) (ScriptedImporter) -> (artifact id: 'bf080b047e5a5cd81be8da6280e30c31') in 0.0225717 seconds
Number of updated asset objects reloaded before import = 0Number of asset objects unloaded after import = 152

========================================================================
Received Import Request.
  Time since last request: 0.000019 seconds.
  path: Assets/Studio33 Interactive_[BasketBall] v1.1/Animations/Basketball Motions_Generic/91_BlockinglongFarJumpF.fbx
  artifactKey: Guid(1b8c67e61daaec54cbce189ec7967020) Importer(2089858483,b0f066a214c2f5e87bad3c948f4d605d)
Start importing Assets/Studio33 Interactive_[BasketBall] v1.1/Animations/Basketball Motions_Generic/91_BlockinglongFarJumpF.fbx using Guid(1b8c67e61daaec54cbce189ec7967020) Importer(2089858483,b0f066a214c2f5e87bad3c948f4d605d) (ScriptedImporter) -> (artifact id: 'c31fb4bc5d98221b59112c9052248a5c') in 0.0286653 seconds
Number of updated asset objects reloaded before import = 0Number of asset objects unloaded after import = 152

========================================================================
Received Import Request.
  Time since last request: 0.000018 seconds.
  path: Assets/Studio33 Interactive_[BasketBall] v1.1/Animations/Basketball Motions Humanoid/1298_DunkCA.fbx
  artifactKey: Guid(8a60cade0b2b0b641855f03c9feea5a9) Importer(2089858483,b0f066a214c2f5e87bad3c948f4d605d)
Start importing Assets/Studio33 Interactive_[BasketBall] v1.1/Animations/Basketball Motions Humanoid/1298_DunkCA.fbx using Guid(8a60cade0b2b0b641855f03c9feea5a9) Importer(2089858483,b0f066a214c2f5e87bad3c948f4d605d) (ScriptedImporter) -> (artifact id: '4cf12bd4f121ee0189d0928e3d13cbf2') in 0.0301326 seconds
Number of updated asset objects reloaded before import = 0Number of asset objects unloaded after import = 154

========================================================================
Received Import Request.
  Time since last request: 0.000023 seconds.
  path: Assets/Studio33 Interactive_[BasketBall] v1.1/Animations/Basketball Motions Humanoid/743_Barelease.fbx
  artifactKey: Guid(2f1f91d54d53d30478e4c4c423874544) Importer(2089858483,b0f066a214c2f5e87bad3c948f4d605d)
Start importing Assets/Studio33 Interactive_[BasketBall] v1.1/Animations/Basketball Motions Humanoid/743_Barelease.fbx using Guid(2f1f91d54d53d30478e4c4c423874544) Importer(2089858483,b0f066a214c2f5e87bad3c948f4d605d) (ScriptedImporter) -> (artifact id: 'dfcbe7b743559c369b1ffe0f4ffede87') in 0.0307394 seconds
Number of updated asset objects reloaded before import = 0Number of asset objects unloaded after import = 154

========================================================================
Received Import Request.
  Time since last request: 0.000034 seconds.
  path: Assets/Studio33 Interactive_[BasketBall] v1.1/Animations/Basketball Motions Humanoid/495_DchangeRightRA.fbx
  artifactKey: Guid(b2d53b9034ec7154ea79b927447f0c5c) Importer(2089858483,b0f066a214c2f5e87bad3c948f4d605d)
Start importing Assets/Studio33 Interactive_[BasketBall] v1.1/Animations/Basketball Motions Humanoid/495_DchangeRightRA.fbx using Guid(b2d53b9034ec7154ea79b927447f0c5c) Importer(2089858483,b0f066a214c2f5e87bad3c948f4d605d) (ScriptedImporter) -> (artifact id: '36f4b05541b4102f7cfa73d45237782e') in 0.0297616 seconds
Number of updated asset objects reloaded before import = 0Number of asset objects unloaded after import = 154

========================================================================
Received Import Request.
  Time since last request: 0.000027 seconds.
  path: Assets/Studio33 Interactive_[BasketBall] v1.1/Animations/Basketball Motions_Generic/1874_DunkRA.fbx
  artifactKey: Guid(2c18c263aae56d5479382503a9affb31) Importer(2089858483,b0f066a214c2f5e87bad3c948f4d605d)
Start importing Assets/Studio33 Interactive_[BasketBall] v1.1/Animations/Basketball Motions_Generic/1874_DunkRA.fbx using Guid(2c18c263aae56d5479382503a9affb31) Importer(2089858483,b0f066a214c2f5e87bad3c948f4d605d) (ScriptedImporter) -> (artifact id: 'ca72c8508e7078fe66fc3709206ac6a9') in 0.0287443 seconds
Number of updated asset objects reloaded before import = 0Number of asset objects unloaded after import = 152

========================================================================
Received Import Request.
  Time since last request: 0.000025 seconds.
  path: Assets/Studio33 Interactive_[BasketBall] v1.1/Animations/Basketball Motions_Generic/77_BlockingckncatchShortLayupFA.fbx
  artifactKey: Guid(5ac4df9aa1d491641941db4055a879fd) Importer(2089858483,b0f066a214c2f5e87bad3c948f4d605d)
Start importing Assets/Studio33 Interactive_[BasketBall] v1.1/Animations/Basketball Motions_Generic/77_BlockingckncatchShortLayupFA.fbx using Guid(5ac4df9aa1d491641941db4055a879fd) Importer(2089858483,b0f066a214c2f5e87bad3c948f4d605d) (ScriptedImporter) -> (artifact id: '4f227eaec81d116a18c39d955746df0b') in 0.0269735 seconds
Number of updated asset objects reloaded before import = 0Number of asset objects unloaded after import = 152

========================================================================
Received Import Request.
  Time since last request: 0.000023 seconds.
  path: Assets/Studio33 Interactive_[BasketBall] v1.1/Animations/Basketball Motions_Generic/1451_JumpshotReadyFake.fbx
  artifactKey: Guid(d3b0194eb9cd598449c0f6d62dfa1b3e) Importer(2089858483,b0f066a214c2f5e87bad3c948f4d605d)
Start importing Assets/Studio33 Interactive_[BasketBall] v1.1/Animations/Basketball Motions_Generic/1451_JumpshotReadyFake.fbx using Guid(d3b0194eb9cd598449c0f6d62dfa1b3e) Importer(2089858483,b0f066a214c2f5e87bad3c948f4d605d) (ScriptedImporter) -> (artifact id: '97744017a46d2ecab91b1aba1b7f8b4f') in 0.0263829 seconds
Number of updated asset objects reloaded before import = 0Number of asset objects unloaded after import = 152

========================================================================
Received Import Request.
  Time since last request: 0.000035 seconds.
  path: Assets/Studio33 Interactive_[BasketBall] v1.1/Animations/Basketball Motions_Generic/927_PostPivotLeftRA.fbx
  artifactKey: Guid(b86a151c05e560d4ebf4351f691adb56) Importer(2089858483,b0f066a214c2f5e87bad3c948f4d605d)
Start importing Assets/Studio33 Interactive_[BasketBall] v1.1/Animations/Basketball Motions_Generic/927_PostPivotLeftRA.fbx using Guid(b86a151c05e560d4ebf4351f691adb56) Importer(2089858483,b0f066a214c2f5e87bad3c948f4d605d) (ScriptedImporter) -> (artifact id: 'bebe07196217fa6b71ec42f5aa7d378a') in 0.0323854 seconds
Number of updated asset objects reloaded before import = 0Number of asset objects unloaded after import = 152

========================================================================
Received Import Request.
  Time since last request: 0.000030 seconds.
  path: Assets/Studio33 Interactive_[BasketBall] v1.1/Animations/Basketball Motions Humanoid/1363_JumpshotMFakeA.fbx
  artifactKey: Guid(9c0e663672c07e44fa62451f1a5f1fbc) Importer(2089858483,b0f066a214c2f5e87bad3c948f4d605d)
Start importing Assets/Studio33 Interactive_[BasketBall] v1.1/Animations/Basketball Motions Humanoid/1363_JumpshotMFakeA.fbx using Guid(9c0e663672c07e44fa62451f1a5f1fbc) Importer(2089858483,b0f066a214c2f5e87bad3c948f4d605d) (ScriptedImporter) -> (artifact id: '63e807753822cfe9aacfe641b72c034c') in 0.0336367 seconds
Number of updated asset objects reloaded before import = 0Number of asset objects unloaded after import = 154

========================================================================
Received Import Request.
  Time since last request: 0.000039 seconds.
  path: Assets/Studio33 Interactive_[BasketBall] v1.1/Animations/Basketball Motions Humanoid/1928_JumpshotReadyFake.fbx
  artifactKey: Guid(6916082a052188643904ded2cc8b7fd1) Importer(2089858483,b0f066a214c2f5e87bad3c948f4d605d)
Start importing Assets/Studio33 Interactive_[BasketBall] v1.1/Animations/Basketball Motions Humanoid/1928_JumpshotReadyFake.fbx using Guid(6916082a052188643904ded2cc8b7fd1) Importer(2089858483,b0f066a214c2f5e87bad3c948f4d605d) (ScriptedImporter) -> (artifact id: 'dd5751a620cfead692b2e215cf72cf95') in 0.0252975 seconds
Number of updated asset objects reloaded before import = 0Number of asset objects unloaded after import = 154

========================================================================
Received Import Request.
  Time since last request: 0.000029 seconds.
  path: Assets/Studio33 Interactive_[BasketBall] v1.1/Animations/Basketball Motions Humanoid/308_SpinStepRevlayupA.fbx
  artifactKey: Guid(d172853046da918449e6dc903e8d9d45) Importer(2089858483,b0f066a214c2f5e87bad3c948f4d605d)
Start importing Assets/Studio33 Interactive_[BasketBall] v1.1/Animations/Basketball Motions Humanoid/308_SpinStepRevlayupA.fbx using Guid(d172853046da918449e6dc903e8d9d45) Importer(2089858483,b0f066a214c2f5e87bad3c948f4d605d) (ScriptedImporter) -> (artifact id: '406ec2e94bad4a29f93c9fcb2aaa48d6') in 0.0269835 seconds
Number of updated asset objects reloaded before import = 0Number of asset objects unloaded after import = 154

========================================================================
Received Import Request.
  Time since last request: 0.000032 seconds.
  path: Assets/Studio33 Interactive_[BasketBall] v1.1/33_basket ball test animations/player/Back_number/Back_number_R/Rack_number_R_c08.png
  artifactKey: Guid(df6908b83fdd29948999e633528e6696) Importer(2089858483,b0f066a214c2f5e87bad3c948f4d605d)
Start importing Assets/Studio33 Interactive_[BasketBall] v1.1/33_basket ball test animations/player/Back_number/Back_number_R/Rack_number_R_c08.png using Guid(df6908b83fdd29948999e633528e6696) Importer(2089858483,b0f066a214c2f5e87bad3c948f4d605d) (ScriptedImporter) -> (artifact id: '2f50d0cf32b170137c6a2e3321ea2edd') in 0.0207675 seconds
Number of updated asset objects reloaded before import = 0Number of asset objects unloaded after import = 1

========================================================================
Received Import Request.
  Time since last request: 0.000026 seconds.
  path: Assets/Studio33 Interactive_[BasketBall] v1.1/Animations/Basketball Motions_Generic/1702_PutbacA.fbx
  artifactKey: Guid(a55c865bf3274cf4ab32ba9f225120e3) Importer(2089858483,b0f066a214c2f5e87bad3c948f4d605d)
Start importing Assets/Studio33 Interactive_[BasketBall] v1.1/Animations/Basketball Motions_Generic/1702_PutbacA.fbx using Guid(a55c865bf3274cf4ab32ba9f225120e3) Importer(2089858483,b0f066a214c2f5e87bad3c948f4d605d) (ScriptedImporter) -> (artifact id: 'f071303ca9db30870a41cd38560204d1') in 0.0284976 seconds
Number of updated asset objects reloaded before import = 0Number of asset objects unloaded after import = 152

========================================================================
Received Import Request.
  Time since last request: 0.000022 seconds.
  path: Assets/Studio33 Interactive_[BasketBall] v1.1/Animations/Basketball Motions_Generic/2048_DunkCA.fbx
  artifactKey: Guid(c3b168de1b4a90641b0bd0df4fa325a2) Importer(2089858483,b0f066a214c2f5e87bad3c948f4d605d)
Start importing Assets/Studio33 Interactive_[BasketBall] v1.1/Animations/Basketball Motions_Generic/2048_DunkCA.fbx using Guid(c3b168de1b4a90641b0bd0df4fa325a2) Importer(2089858483,b0f066a214c2f5e87bad3c948f4d605d) (ScriptedImporter) -> (artifact id: 'ea38e9fcb24aeb8d37123f7ab6e3ebf8') in 0.0277027 seconds
Number of updated asset objects reloaded before import = 0Number of asset objects unloaded after import = 152

========================================================================
Received Import Request.
  Time since last request: 0.000027 seconds.
  path: Assets/Studio33 Interactive_[BasketBall] v1.1/Animations/Basketball Motions Humanoid/1709_TurbashootA.fbx
  artifactKey: Guid(b5a7952cf036ce74081255c3c2711baf) Importer(2089858483,b0f066a214c2f5e87bad3c948f4d605d)
Start importing Assets/Studio33 Interactive_[BasketBall] v1.1/Animations/Basketball Motions Humanoid/1709_TurbashootA.fbx using Guid(b5a7952cf036ce74081255c3c2711baf) Importer(2089858483,b0f066a214c2f5e87bad3c948f4d605d) (ScriptedImporter) -> (artifact id: '40de3dc64975bb4cf6512f9e6fcb8eaf') in 0.0288811 seconds
Number of updated asset objects reloaded before import = 0Number of asset objects unloaded after import = 154

========================================================================
Received Import Request.
  Time since last request: 0.000032 seconds.
  path: Assets/Studio33 Interactive_[BasketBall] v1.1/33_basket ball test animations/player/Back_number/Back_number_W/Back_number_W_c01.png
  artifactKey: Guid(c5fe0436d3979dd4b94b7f668ada62e0) Importer(2089858483,b0f066a214c2f5e87bad3c948f4d605d)
Start importing Assets/Studio33 Interactive_[BasketBall] v1.1/33_basket ball test animations/player/Back_number/Back_number_W/Back_number_W_c01.png using Guid(c5fe0436d3979dd4b94b7f668ada62e0) Importer(2089858483,b0f066a214c2f5e87bad3c948f4d605d) (ScriptedImporter) -> (artifact id: 'b92045be59f2bcd73b51a379d4d3fe54') in 0.0227394 seconds
Number of updated asset objects reloaded before import = 0Number of asset objects unloaded after import = 1

========================================================================
Received Import Request.
  Time since last request: 0.000026 seconds.
  path: Assets/Studio33 Interactive_[BasketBall] v1.1/Animations/Basketball Motions Humanoid/1984_JumpshotMFakeA.fbx
  artifactKey: Guid(d297dbff6241ae549a3c6347c93043d9) Importer(2089858483,b0f066a214c2f5e87bad3c948f4d605d)
Start importing Assets/Studio33 Interactive_[BasketBall] v1.1/Animations/Basketball Motions Humanoid/1984_JumpshotMFakeA.fbx using Guid(d297dbff6241ae549a3c6347c93043d9) Importer(2089858483,b0f066a214c2f5e87bad3c948f4d605d) (ScriptedImporter) -> (artifact id: 'c1d3a37161b383045c0aed305ddca316') in 0.0280575 seconds
Number of updated asset objects reloaded before import = 0Number of asset objects unloaded after import = 154

========================================================================
Received Import Request.
  Time since last request: 0.000025 seconds.
  path: Assets/Studio33 Interactive_[BasketBall] v1.1/Animations/Basketball Motions_Generic/146_TravRA.fbx
  artifactKey: Guid(dee869e1569632c478cd2e0846595982) Importer(2089858483,b0f066a214c2f5e87bad3c948f4d605d)
Start importing Assets/Studio33 Interactive_[BasketBall] v1.1/Animations/Basketball Motions_Generic/146_TravRA.fbx using Guid(dee869e1569632c478cd2e0846595982) Importer(2089858483,b0f066a214c2f5e87bad3c948f4d605d) (ScriptedImporter) -> (artifact id: '0055690bc4d7e7040fe69c7d8b21d879') in 0.0275659 seconds
Number of updated asset objects reloaded before import = 0Number of asset objects unloaded after import = 152

========================================================================
Received Import Request.
  Time since last request: 0.000029 seconds.
  path: Assets/Studio33 Interactive_[BasketBall] v1.1/Animations/Basketball Motions Humanoid/266_CrossThLRLA.fbx
  artifactKey: Guid(d0af8b5102b8a494689150c6bbb04a2c) Importer(2089858483,b0f066a214c2f5e87bad3c948f4d605d)
Start importing Assets/Studio33 Interactive_[BasketBall] v1.1/Animations/Basketball Motions Humanoid/266_CrossThLRLA.fbx using Guid(d0af8b5102b8a494689150c6bbb04a2c) Importer(2089858483,b0f066a214c2f5e87bad3c948f4d605d) (ScriptedImporter) -> (artifact id: '25e25e53eed029cc04003f7b7a2d1f0c') in 0.0274904 seconds
Number of updated asset objects reloaded before import = 0Number of asset objects unloaded after import = 154

========================================================================
Received Import Request.
  Time since last request: 0.000041 seconds.
  path: Assets/Studio33 Interactive_[BasketBall] v1.1/Animations/Basketball Motions Humanoid/1266_AlleyoopDclutchRRightA.fbx
  artifactKey: Guid(53b163908a15a0049b5d22212ed84505) Importer(2089858483,b0f066a214c2f5e87bad3c948f4d605d)
Start importing Assets/Studio33 Interactive_[BasketBall] v1.1/Animations/Basketball Motions Humanoid/1266_AlleyoopDclutchRRightA.fbx using Guid(53b163908a15a0049b5d22212ed84505) Importer(2089858483,b0f066a214c2f5e87bad3c948f4d605d) (ScriptedImporter) -> (artifact id: '3e00d2c8d9f7ac72562840f5dd03609e') in 0.0300499 seconds
Number of updated asset objects reloaded before import = 0Number of asset objects unloaded after import = 154

========================================================================
Received Import Request.
  Time since last request: 0.000033 seconds.
  path: Assets/Studio33 Interactive_[BasketBall] v1.1/33_basket ball test animations/player/Back_number/Back_number_Y/Back_number_B_c20.png
  artifactKey: Guid(aab408a90d2526541976e0cb91edfd54) Importer(2089858483,b0f066a214c2f5e87bad3c948f4d605d)
Start importing Assets/Studio33 Interactive_[BasketBall] v1.1/33_basket ball test animations/player/Back_number/Back_number_Y/Back_number_B_c20.png using Guid(aab408a90d2526541976e0cb91edfd54) Importer(2089858483,b0f066a214c2f5e87bad3c948f4d605d) (ScriptedImporter) -> (artifact id: '9dda88725bba951e2e81df5c48097924') in 0.0199371 seconds
Number of updated asset objects reloaded before import = 0Number of asset objects unloaded after import = 1

========================================================================
Received Import Request.
  Time since last request: 0.000030 seconds.
  path: Assets/Studio33 Interactive_[BasketBall] v1.1/Animations/Basketball Motions_Generic/852_PostBackingpassKiA.fbx
  artifactKey: Guid(4c6a607d260867742bf587617461ba66) Importer(2089858483,b0f066a214c2f5e87bad3c948f4d605d)
Start importing Assets/Studio33 Interactive_[BasketBall] v1.1/Animations/Basketball Motions_Generic/852_PostBackingpassKiA.fbx using Guid(4c6a607d260867742bf587617461ba66) Importer(2089858483,b0f066a214c2f5e87bad3c948f4d605d) (ScriptedImporter) -> (artifact id: 'a640ff5f7bbebd5b22bb857587afb3db') in 0.0240252 seconds
Number of updated asset objects reloaded before import = 0Number of asset objects unloaded after import = 152

========================================================================
Received Import Request.
  Time since last request: 0.000025 seconds.
  path: Assets/Studio33 Interactive_[BasketBall] v1.1/33_basket ball test animations/player/Back_number/Back_number_Y/Back_number_B_c17.png
  artifactKey: Guid(9905d49db86af1e4485406914a74392b) Importer(2089858483,b0f066a214c2f5e87bad3c948f4d605d)
Start importing Assets/Studio33 Interactive_[BasketBall] v1.1/33_basket ball test animations/player/Back_number/Back_number_Y/Back_number_B_c17.png using Guid(9905d49db86af1e4485406914a74392b) Importer(2089858483,b0f066a214c2f5e87bad3c948f4d605d) (ScriptedImporter) -> (artifact id: '96ff7b46eac8022a1dd73a4b918056c2') in 0.0199385 seconds
Number of updated asset objects reloaded before import = 0Number of asset objects unloaded after import = 1

========================================================================
Received Import Request.
  Time since last request: 0.000031 seconds.
  path: Assets/Studio33 Interactive_[BasketBall] v1.1/Animations/Basketball Motions Humanoid/2211_Die.fbx
  artifactKey: Guid(10f7685460f6ab742a07b25c6fd98ee0) Importer(2089858483,b0f066a214c2f5e87bad3c948f4d605d)
Start importing Assets/Studio33 Interactive_[BasketBall] v1.1/Animations/Basketball Motions Humanoid/2211_Die.fbx using Guid(10f7685460f6ab742a07b25c6fd98ee0) Importer(2089858483,b0f066a214c2f5e87bad3c948f4d605d) (ScriptedImporter) -> (artifact id: '71c7f3d48b1904f33c3991ff8e50f220') in 0.0292701 seconds
Number of updated asset objects reloaded before import = 0Number of asset objects unloaded after import = 154

========================================================================
Received Import Request.
  Time since last request: 0.000029 seconds.
  path: Assets/Studio33 Interactive_[BasketBall] v1.1/Animations/Basketball Motions Humanoid/2160_PivotLA.fbx
  artifactKey: Guid(a012f23bceb0f074fa015ed29f6e20cc) Importer(2089858483,b0f066a214c2f5e87bad3c948f4d605d)
Start importing Assets/Studio33 Interactive_[BasketBall] v1.1/Animations/Basketball Motions Humanoid/2160_PivotLA.fbx using Guid(a012f23bceb0f074fa015ed29f6e20cc) Importer(2089858483,b0f066a214c2f5e87bad3c948f4d605d) (ScriptedImporter) -> (artifact id: '1820a0d299d605b348f93357481e8b19') in 0.0244005 seconds
Number of updated asset objects reloaded before import = 0Number of asset objects unloaded after import = 154

========================================================================
Received Import Request.
  Time since last request: 0.000025 seconds.
  path: Assets/Studio33 Interactive_[BasketBall] v1.1/Animations/Basketball Motions Humanoid/490_Dribbleright.fbx
  artifactKey: Guid(771d03d61a2ae9442a40b04691266f22) Importer(2089858483,b0f066a214c2f5e87bad3c948f4d605d)
Start importing Assets/Studio33 Interactive_[BasketBall] v1.1/Animations/Basketball Motions Humanoid/490_Dribbleright.fbx using Guid(771d03d61a2ae9442a40b04691266f22) Importer(2089858483,b0f066a214c2f5e87bad3c948f4d605d) (ScriptedImporter) -> (artifact id: 'e9f207ed18d6a79075d8c219962bae2c') in 0.0257755 seconds
Number of updated asset objects reloaded before import = 0Number of asset objects unloaded after import = 154

========================================================================
Received Import Request.
  Time since last request: 0.000108 seconds.
  path: Assets/Studio33 Interactive_[BasketBall] v1.1/Animations/Basketball Motions_Generic/222_CrossEurostepLayupR.fbx
  artifactKey: Guid(b93a042446583ed4ebacecd3865af88f) Importer(2089858483,b0f066a214c2f5e87bad3c948f4d605d)
Start importing Assets/Studio33 Interactive_[BasketBall] v1.1/Animations/Basketball Motions_Generic/222_CrossEurostepLayupR.fbx using Guid(b93a042446583ed4ebacecd3865af88f) Importer(2089858483,b0f066a214c2f5e87bad3c948f4d605d) (ScriptedImporter) -> (artifact id: '9edbd148d6438d608114e20f85acb2ef') in 0.0291594 seconds
Number of updated asset objects reloaded before import = 0Number of asset objects unloaded after import = 152

========================================================================
Received Import Request.
  Time since last request: 0.000036 seconds.
  path: Assets/Studio33 Interactive_[BasketBall] v1.1/Animations/Basketball Motions Humanoid/2091_JumpshotMA.fbx
  artifactKey: Guid(3d316e8a3175ea940b0187dce29c12e4) Importer(2089858483,b0f066a214c2f5e87bad3c948f4d605d)
Start importing Assets/Studio33 Interactive_[BasketBall] v1.1/Animations/Basketball Motions Humanoid/2091_JumpshotMA.fbx using Guid(3d316e8a3175ea940b0187dce29c12e4) Importer(2089858483,b0f066a214c2f5e87bad3c948f4d605d) (ScriptedImporter) -> (artifact id: '3c0bbb2de9f7cce57832f8cc95f6b265') in 0.0252526 seconds
Number of updated asset objects reloaded before import = 0Number of asset objects unloaded after import = 154

========================================================================
Received Import Request.
  Time since last request: 0.000032 seconds.
  path: Assets/Studio33 Interactive_[BasketBall] v1.1/Animations/Basketball Motions Humanoid/229_HopstepFRA.fbx
  artifactKey: Guid(80b404d3a8306504685b35be2702ef96) Importer(2089858483,b0f066a214c2f5e87bad3c948f4d605d)
Start importing Assets/Studio33 Interactive_[BasketBall] v1.1/Animations/Basketball Motions Humanoid/229_HopstepFRA.fbx using Guid(80b404d3a8306504685b35be2702ef96) Importer(2089858483,b0f066a214c2f5e87bad3c948f4d605d) (ScriptedImporter) -> (artifact id: '4ba39826cbb5d66a891cf06fd36ee896') in 0.0270126 seconds
Number of updated asset objects reloaded before import = 0Number of asset objects unloaded after import = 154

========================================================================
Received Import Request.
  Time since last request: 0.000027 seconds.
  path: Assets/Studio33 Interactive_[BasketBall] v1.1/Animations/Basketball Motions Humanoid/1909_JumpshotReadyFake.fbx
  artifactKey: Guid(1c9eb9278a87a9249b13d87117fdcee0) Importer(2089858483,b0f066a214c2f5e87bad3c948f4d605d)
Start importing Assets/Studio33 Interactive_[BasketBall] v1.1/Animations/Basketball Motions Humanoid/1909_JumpshotReadyFake.fbx using Guid(1c9eb9278a87a9249b13d87117fdcee0) Importer(2089858483,b0f066a214c2f5e87bad3c948f4d605d) (ScriptedImporter) -> (artifact id: '6e2d502c35e02c705bd2328c3b664ca9') in 0.0273489 seconds
Number of updated asset objects reloaded before import = 0Number of asset objects unloaded after import = 154

========================================================================
Received Import Request.
  Time since last request: 0.000033 seconds.
  path: Assets/Studio33 Interactive_[BasketBall] v1.1/Animations/Basketball Motions_Generic/1148_DunkCAG.fbx
  artifactKey: Guid(82a9e8015c6a08646a9705b01340528c) Importer(2089858483,b0f066a214c2f5e87bad3c948f4d605d)
Start importing Assets/Studio33 Interactive_[BasketBall] v1.1/Animations/Basketball Motions_Generic/1148_DunkCAG.fbx using Guid(82a9e8015c6a08646a9705b01340528c) Importer(2089858483,b0f066a214c2f5e87bad3c948f4d605d) (ScriptedImporter) -> (artifact id: '9b7d30402d4ee1bbaea848f32dac635e') in 0.0245213 seconds
Number of updated asset objects reloaded before import = 0Number of asset objects unloaded after import = 152

========================================================================
Received Import Request.
  Time since last request: 0.000033 seconds.
  path: Assets/Studio33 Interactive_[BasketBall] v1.1/Animations/Basketball Motions_Generic/1106_Screeillegal.fbx
  artifactKey: Guid(8a46fed41161dcd42b161bd33437763c) Importer(2089858483,b0f066a214c2f5e87bad3c948f4d605d)
Start importing Assets/Studio33 Interactive_[BasketBall] v1.1/Animations/Basketball Motions_Generic/1106_Screeillegal.fbx using Guid(8a46fed41161dcd42b161bd33437763c) Importer(2089858483,b0f066a214c2f5e87bad3c948f4d605d) (ScriptedImporter) -> (artifact id: 'bab90286d1cbdfdf5d1f34e3b26193a5') in 0.0249523 seconds
Number of updated asset objects reloaded before import = 0Number of asset objects unloaded after import = 152

========================================================================
Received Import Request.
  Time since last request: 0.000024 seconds.
  path: Assets/Studio33 Interactive_[BasketBall] v1.1/Animations/Basketball Motions Humanoid/553_BehindshootReadyFake.fbx
  artifactKey: Guid(868d604611a100944b6cb2c743c34d49) Importer(2089858483,b0f066a214c2f5e87bad3c948f4d605d)
Start importing Assets/Studio33 Interactive_[BasketBall] v1.1/Animations/Basketball Motions Humanoid/553_BehindshootReadyFake.fbx using Guid(868d604611a100944b6cb2c743c34d49) Importer(2089858483,b0f066a214c2f5e87bad3c948f4d605d) (ScriptedImporter) -> (artifact id: 'd9b49bf976f04225d8103a1690192d6e') in 0.0241734 seconds
Number of updated asset objects reloaded before import = 0Number of asset objects unloaded after import = 154

========================================================================
Received Import Request.
  Time since last request: 0.000033 seconds.
  path: Assets/Studio33 Interactive_[BasketBall] v1.1/Animations/Basketball Motions Humanoid/517_LayupCA.fbx
  artifactKey: Guid(752795f67ae512e4793d681a3e118db0) Importer(2089858483,b0f066a214c2f5e87bad3c948f4d605d)
Start importing Assets/Studio33 Interactive_[BasketBall] v1.1/Animations/Basketball Motions Humanoid/517_LayupCA.fbx using Guid(752795f67ae512e4793d681a3e118db0) Importer(2089858483,b0f066a214c2f5e87bad3c948f4d605d) (ScriptedImporter) -> (artifact id: 'bee8d318fbf73b9b7c1985f8e6aabccf') in 0.0275069 seconds
Number of updated asset objects reloaded before import = 0Number of asset objects unloaded after import = 154

========================================================================
Received Import Request.
  Time since last request: 0.000030 seconds.
  path: Assets/Studio33 Interactive_[BasketBall] v1.1/Animations/Basketball Motions_Generic/1026_Rebound rB.fbx
  artifactKey: Guid(73864da4f4258a64988b40048d547a85) Importer(2089858483,b0f066a214c2f5e87bad3c948f4d605d)
Start importing Assets/Studio33 Interactive_[BasketBall] v1.1/Animations/Basketball Motions_Generic/1026_Rebound rB.fbx using Guid(73864da4f4258a64988b40048d547a85) Importer(2089858483,b0f066a214c2f5e87bad3c948f4d605d) (ScriptedImporter) -> (artifact id: '835df7621568973c0162a20705aa35f0') in 0.0233315 seconds
Number of updated asset objects reloaded before import = 0Number of asset objects unloaded after import = 152

========================================================================
Received Import Request.
  Time since last request: 0.000041 seconds.
  path: Assets/Studio33 Interactive_[BasketBall] v1.1/Animations/Basketball Motions_Generic/1111_ScreeleftMoveA.fbx
  artifactKey: Guid(36233cf8f76300b46b61fe002be24926) Importer(2089858483,b0f066a214c2f5e87bad3c948f4d605d)
Start importing Assets/Studio33 Interactive_[BasketBall] v1.1/Animations/Basketball Motions_Generic/1111_ScreeleftMoveA.fbx using Guid(36233cf8f76300b46b61fe002be24926) Importer(2089858483,b0f066a214c2f5e87bad3c948f4d605d) (ScriptedImporter) -> (artifact id: '496d2b252cd6ffc9134398e99944648f') in 0.0252514 seconds
Number of updated asset objects reloaded before import = 0Number of asset objects unloaded after import = 152

========================================================================
Received Import Request.
  Time since last request: 0.000024 seconds.
  path: Assets/Studio33 Interactive_[BasketBall] v1.1/Animations/Basketball Motions Humanoid/526_LayupCA.fbx
  artifactKey: Guid(a0750b4648315df4ca862b52c57df269) Importer(2089858483,b0f066a214c2f5e87bad3c948f4d605d)
Start importing Assets/Studio33 Interactive_[BasketBall] v1.1/Animations/Basketball Motions Humanoid/526_LayupCA.fbx using Guid(a0750b4648315df4ca862b52c57df269) Importer(2089858483,b0f066a214c2f5e87bad3c948f4d605d) (ScriptedImporter) -> (artifact id: 'c7c356287c4c3b8ddca608e2b06688d6') in 0.0306156 seconds
Number of updated asset objects reloaded before import = 0Number of asset objects unloaded after import = 154

========================================================================
Received Import Request.
  Time since last request: 0.000028 seconds.
  path: Assets/Studio33 Interactive_[BasketBall] v1.1/Animations/Basketball Motions Humanoid/738_AlleyooppassRevA.fbx
  artifactKey: Guid(356fe7f8cafb3a9438d76bc26415f263) Importer(2089858483,b0f066a214c2f5e87bad3c948f4d605d)
Start importing Assets/Studio33 Interactive_[BasketBall] v1.1/Animations/Basketball Motions Humanoid/738_AlleyooppassRevA.fbx using Guid(356fe7f8cafb3a9438d76bc26415f263) Importer(2089858483,b0f066a214c2f5e87bad3c948f4d605d) (ScriptedImporter) -> (artifact id: '18af44892ab6403dea13fd5dc39c28bd') in 0.030868 seconds
Number of updated asset objects reloaded before import = 0Number of asset objects unloaded after import = 154

========================================================================
Received Import Request.
  Time since last request: 0.000034 seconds.
  path: Assets/Studio33 Interactive_[BasketBall] v1.1/Animations/Basketball Motions_Generic/431_MarkQuistepR.fbx
  artifactKey: Guid(d0964e53e2d15104e99af4e77aeab699) Importer(2089858483,b0f066a214c2f5e87bad3c948f4d605d)
Start importing Assets/Studio33 Interactive_[BasketBall] v1.1/Animations/Basketball Motions_Generic/431_MarkQuistepR.fbx using Guid(d0964e53e2d15104e99af4e77aeab699) Importer(2089858483,b0f066a214c2f5e87bad3c948f4d605d) (ScriptedImporter) -> (artifact id: 'd23ef358ec1275267ed182671f954e64') in 0.0285162 seconds
Number of updated asset objects reloaded before import = 0Number of asset objects unloaded after import = 152

========================================================================
Received Import Request.
  Time since last request: 0.000041 seconds.
  path: Assets/Studio33 Interactive_[BasketBall] v1.1/Animations/Basketball Motions Humanoid/397_CutirRA.fbx
  artifactKey: Guid(21cf4e6cf336f774ca688d3e0735f952) Importer(2089858483,b0f066a214c2f5e87bad3c948f4d605d)
Start importing Assets/Studio33 Interactive_[BasketBall] v1.1/Animations/Basketball Motions Humanoid/397_CutirRA.fbx using Guid(21cf4e6cf336f774ca688d3e0735f952) Importer(2089858483,b0f066a214c2f5e87bad3c948f4d605d) (ScriptedImporter) -> (artifact id: 'dae20bfd7beb76a6b2571e8aa004eb09') in 0.0347749 seconds
Number of updated asset objects reloaded before import = 0Number of asset objects unloaded after import = 154

========================================================================
Received Import Request.
  Time since last request: 0.000040 seconds.
  path: Assets/Studio33 Interactive_[BasketBall] v1.1/Animations/Basketball Motions_Generic/1687_JumpshotCCFakeA.fbx
  artifactKey: Guid(13dfff2feeffb4b42bd3406153fc29f0) Importer(2089858483,b0f066a214c2f5e87bad3c948f4d605d)
Start importing Assets/Studio33 Interactive_[BasketBall] v1.1/Animations/Basketball Motions_Generic/1687_JumpshotCCFakeA.fbx using Guid(13dfff2feeffb4b42bd3406153fc29f0) Importer(2089858483,b0f066a214c2f5e87bad3c948f4d605d) (ScriptedImporter) -> (artifact id: 'f49d533b6bffaa4f2caba996a5730373') in 0.0311861 seconds
Number of updated asset objects reloaded before import = 0Number of asset objects unloaded after import = 152

========================================================================
Received Import Request.
  Time since last request: 0.000046 seconds.
  path: Assets/Studio33 Interactive_[BasketBall] v1.1/Animations/Basketball Motions Humanoid/767_AlleyoopNpassFA.fbx
  artifactKey: Guid(37730d9c7823d4f41b6c2f901c224032) Importer(2089858483,b0f066a214c2f5e87bad3c948f4d605d)
Start importing Assets/Studio33 Interactive_[BasketBall] v1.1/Animations/Basketball Motions Humanoid/767_AlleyoopNpassFA.fbx using Guid(37730d9c7823d4f41b6c2f901c224032) Importer(2089858483,b0f066a214c2f5e87bad3c948f4d605d) (ScriptedImporter) -> (artifact id: '153cd5a60ce627a6809dd2b21a5a7d92') in 0.0381943 seconds
Number of updated asset objects reloaded before import = 0Number of asset objects unloaded after import = 154

========================================================================
Received Import Request.
  Time since last request: 0.000049 seconds.
  path: Assets/Studio33 Interactive_[BasketBall] v1.1/Animations/Basketball Motions Humanoid/91_BlockinglongFarJumpF.fbx
  artifactKey: Guid(e50c74e29fb54414398116284a11716f) Importer(2089858483,b0f066a214c2f5e87bad3c948f4d605d)
Start importing Assets/Studio33 Interactive_[BasketBall] v1.1/Animations/Basketball Motions Humanoid/91_BlockinglongFarJumpF.fbx using Guid(e50c74e29fb54414398116284a11716f) Importer(2089858483,b0f066a214c2f5e87bad3c948f4d605d) (ScriptedImporter) -> (artifact id: '6f138f643cbed45b41bbabd6e0d3e47b') in 0.0286923 seconds
Number of updated asset objects reloaded before import = 0Number of asset objects unloaded after import = 154

========================================================================
Received Import Request.
  Time since last request: 0.000030 seconds.
  path: Assets/Studio33 Interactive_[BasketBall] v1.1/Animations/Basketball Motions Humanoid/2107_DunkRA.fbx
  artifactKey: Guid(acea8abbc6a5905409437bd34ab57367) Importer(2089858483,b0f066a214c2f5e87bad3c948f4d605d)
Start importing Assets/Studio33 Interactive_[BasketBall] v1.1/Animations/Basketball Motions Humanoid/2107_DunkRA.fbx using Guid(acea8abbc6a5905409437bd34ab57367) Importer(2089858483,b0f066a214c2f5e87bad3c948f4d605d) (ScriptedImporter) -> (artifact id: '702161b9f9e63c18284119a87b854781') in 0.0304251 seconds
Number of updated asset objects reloaded before import = 0Number of asset objects unloaded after import = 154

========================================================================
Received Import Request.
  Time since last request: 0.000021 seconds.
  path: Assets/Studio33 Interactive_[BasketBall] v1.1/Animations/Basketball Motions_Generic/1249_ScoopshotF.fbx
  artifactKey: Guid(9800382f7c65bab40a62072787c11d01) Importer(2089858483,b0f066a214c2f5e87bad3c948f4d605d)
Start importing Assets/Studio33 Interactive_[BasketBall] v1.1/Animations/Basketball Motions_Generic/1249_ScoopshotF.fbx using Guid(9800382f7c65bab40a62072787c11d01) Importer(2089858483,b0f066a214c2f5e87bad3c948f4d605d) (ScriptedImporter) -> (artifact id: '11724bf428bd2cd22aae32bbaead1aab') in 0.0250292 seconds
Number of updated asset objects reloaded before import = 0Number of asset objects unloaded after import = 152

========================================================================
Received Import Request.
  Time since last request: 0.000023 seconds.
  path: Assets/Studio33 Interactive_[BasketBall] v1.1/Animations/Basketball Motions Humanoid/289_JabstepFakeRA.fbx
  artifactKey: Guid(5babe4e4858eccd45b06563bf096b94e) Importer(2089858483,b0f066a214c2f5e87bad3c948f4d605d)
Start importing Assets/Studio33 Interactive_[BasketBall] v1.1/Animations/Basketball Motions Humanoid/289_JabstepFakeRA.fbx using Guid(5babe4e4858eccd45b06563bf096b94e) Importer(2089858483,b0f066a214c2f5e87bad3c948f4d605d) (ScriptedImporter) -> (artifact id: '2b3614e04e3af9002b892e1a0839ede5') in 0.0277529 seconds
Number of updated asset objects reloaded before import = 0Number of asset objects unloaded after import = 154

========================================================================
Received Import Request.
  Time since last request: 0.000037 seconds.
  path: Assets/Studio33 Interactive_[BasketBall] v1.1/Animations/Basketball Motions Humanoid/1875_DunkRA.fbx
  artifactKey: Guid(8b5741e0f5de5ad499ea61678acba2ef) Importer(2089858483,b0f066a214c2f5e87bad3c948f4d605d)
Start importing Assets/Studio33 Interactive_[BasketBall] v1.1/Animations/Basketball Motions Humanoid/1875_DunkRA.fbx using Guid(8b5741e0f5de5ad499ea61678acba2ef) Importer(2089858483,b0f066a214c2f5e87bad3c948f4d605d) (ScriptedImporter) -> (artifact id: 'bd2a9864eb60fef44cfd0d56a16ef1f4') in 0.0361573 seconds
Number of updated asset objects reloaded before import = 0Number of asset objects unloaded after import = 154

========================================================================
Received Import Request.
  Time since last request: 0.000021 seconds.
  path: Assets/Studio33 Interactive_[BasketBall] v1.1/Animations/Basketball Motions Humanoid/874_PassreqFrontA.fbx
  artifactKey: Guid(0f58cfef22d2c514782f16ad4dd8a0a8) Importer(2089858483,b0f066a214c2f5e87bad3c948f4d605d)
Start importing Assets/Studio33 Interactive_[BasketBall] v1.1/Animations/Basketball Motions Humanoid/874_PassreqFrontA.fbx using Guid(0f58cfef22d2c514782f16ad4dd8a0a8) Importer(2089858483,b0f066a214c2f5e87bad3c948f4d605d) (ScriptedImporter) -> (artifact id: 'c433287b868e9ebfaeee91bec03cfbab') in 0.0279906 seconds
Number of updated asset objects reloaded before import = 0Number of asset objects unloaded after import = 154

========================================================================
Received Import Request.
  Time since last request: 0.000032 seconds.
  path: Assets/Studio33 Interactive_[BasketBall] v1.1/Animations/Basketball Motions Humanoid/823_PassifA.fbx
  artifactKey: Guid(0ee4f1524fed85948bcaa622eb40208f) Importer(2089858483,b0f066a214c2f5e87bad3c948f4d605d)
Start importing Assets/Studio33 Interactive_[BasketBall] v1.1/Animations/Basketball Motions Humanoid/823_PassifA.fbx using Guid(0ee4f1524fed85948bcaa622eb40208f) Importer(2089858483,b0f066a214c2f5e87bad3c948f4d605d) (ScriptedImporter) -> (artifact id: '5dcfeb2fcbb3816f28ae5c9c0274af38') in 0.0270245 seconds
Number of updated asset objects reloaded before import = 0Number of asset objects unloaded after import = 154

========================================================================
Received Import Request.
  Time since last request: 0.000023 seconds.
  path: Assets/Studio33 Interactive_[BasketBall] v1.1/Animations/Basketball Motions_Generic/1717_JumpshotMFakeA.fbx
  artifactKey: Guid(d6ff3fd80a202ac4cb2d1853a66fdbb9) Importer(2089858483,b0f066a214c2f5e87bad3c948f4d605d)
Start importing Assets/Studio33 Interactive_[BasketBall] v1.1/Animations/Basketball Motions_Generic/1717_JumpshotMFakeA.fbx using Guid(d6ff3fd80a202ac4cb2d1853a66fdbb9) Importer(2089858483,b0f066a214c2f5e87bad3c948f4d605d) (ScriptedImporter) -> (artifact id: '9fdb01055654845ca1f57e58e69893e6') in 0.0279796 seconds
Number of updated asset objects reloaded before import = 0Number of asset objects unloaded after import = 152

========================================================================
Received Import Request.
  Time since last request: 0.000035 seconds.
  path: Assets/Studio33 Interactive_[BasketBall] v1.1/Animations/Basketball Motions Humanoid/564_SpikeshootMA.fbx
  artifactKey: Guid(10e8291951f72784292415e4d880a0e0) Importer(2089858483,b0f066a214c2f5e87bad3c948f4d605d)
Start importing Assets/Studio33 Interactive_[BasketBall] v1.1/Animations/Basketball Motions Humanoid/564_SpikeshootMA.fbx using Guid(10e8291951f72784292415e4d880a0e0) Importer(2089858483,b0f066a214c2f5e87bad3c948f4d605d) (ScriptedImporter) -> (artifact id: 'fbd226d49e4b17293d78c3488d8d6ca5') in 0.0284344 seconds
Number of updated asset objects reloaded before import = 0Number of asset objects unloaded after import = 154

========================================================================
Received Import Request.
  Time since last request: 0.000022 seconds.
  path: Assets/Studio33 Interactive_[BasketBall] v1.1/Animations/Basketball Motions_Generic/1022_Rebound rB.fbx
  artifactKey: Guid(4b69d97102a1b444da69ce7028892384) Importer(2089858483,b0f066a214c2f5e87bad3c948f4d605d)
Start importing Assets/Studio33 Interactive_[BasketBall] v1.1/Animations/Basketball Motions_Generic/1022_Rebound rB.fbx using Guid(4b69d97102a1b444da69ce7028892384) Importer(2089858483,b0f066a214c2f5e87bad3c948f4d605d) (ScriptedImporter) -> (artifact id: 'ed9901c3e0465f3cce62225d846ba1ee') in 0.0298493 seconds
Number of updated asset objects reloaded before import = 0Number of asset objects unloaded after import = 152

========================================================================
Received Import Request.
  Time since last request: 0.000018 seconds.
  path: Assets/Studio33 Interactive_[BasketBall] v1.1/Animations/Basketball Motions_Generic/911_PostThRightRA.fbx
  artifactKey: Guid(ffae9477e69564e47a659c2d04cce161) Importer(2089858483,b0f066a214c2f5e87bad3c948f4d605d)
Start importing Assets/Studio33 Interactive_[BasketBall] v1.1/Animations/Basketball Motions_Generic/911_PostThRightRA.fbx using Guid(ffae9477e69564e47a659c2d04cce161) Importer(2089858483,b0f066a214c2f5e87bad3c948f4d605d) (ScriptedImporter) -> (artifact id: '8582f8ceba7a5daf7178ac2a2497e89a') in 0.0263758 seconds
Number of updated asset objects reloaded before import = 0Number of asset objects unloaded after import = 152

========================================================================
Received Import Request.
  Time since last request: 0.000024 seconds.
  path: Assets/Studio33 Interactive_[BasketBall] v1.1/Animations/Basketball Motions_Generic/2180_Dribbleright.fbx
  artifactKey: Guid(74c92295eb97d8d499137ed200ede795) Importer(2089858483,b0f066a214c2f5e87bad3c948f4d605d)
Start importing Assets/Studio33 Interactive_[BasketBall] v1.1/Animations/Basketball Motions_Generic/2180_Dribbleright.fbx using Guid(74c92295eb97d8d499137ed200ede795) Importer(2089858483,b0f066a214c2f5e87bad3c948f4d605d) (ScriptedImporter) -> (artifact id: '9c3775ba2a3101b52dadb3e817233889') in 0.0264663 seconds
Number of updated asset objects reloaded before import = 0Number of asset objects unloaded after import = 152

========================================================================
Received Import Request.
  Time since last request: 0.000032 seconds.
  path: Assets/Studio33 Interactive_[BasketBall] v1.1/Animations/Basketball Motions_Generic/347_PumpbreakRRR.fbx
  artifactKey: Guid(ba98d194ce6443d469750950f66b4711) Importer(2089858483,b0f066a214c2f5e87bad3c948f4d605d)
Start importing Assets/Studio33 Interactive_[BasketBall] v1.1/Animations/Basketball Motions_Generic/347_PumpbreakRRR.fbx using Guid(ba98d194ce6443d469750950f66b4711) Importer(2089858483,b0f066a214c2f5e87bad3c948f4d605d) (ScriptedImporter) -> (artifact id: '8b774274d826e6a378397382790febac') in 0.0236438 seconds
Number of updated asset objects reloaded before import = 0Number of asset objects unloaded after import = 152

========================================================================
Received Import Request.
  Time since last request: 0.000023 seconds.
  path: Assets/Studio33 Interactive_[BasketBall] v1.1/Animations/Basketball Motions_Generic/1963_JumpshotCCFakeA.fbx
  artifactKey: Guid(a165b80c658acdc4baf90dd1ec519746) Importer(2089858483,b0f066a214c2f5e87bad3c948f4d605d)
Start importing Assets/Studio33 Interactive_[BasketBall] v1.1/Animations/Basketball Motions_Generic/1963_JumpshotCCFakeA.fbx using Guid(a165b80c658acdc4baf90dd1ec519746) Importer(2089858483,b0f066a214c2f5e87bad3c948f4d605d) (ScriptedImporter) -> (artifact id: '3d4388e1f9a44af1ec90bd387510bee0') in 0.0219452 seconds
Number of updated asset objects reloaded before import = 0Number of asset objects unloaded after import = 152

========================================================================
Received Import Request.
  Time since last request: 0.000024 seconds.
  path: Assets/Studio33 Interactive_[BasketBall] v1.1/Animations/Basketball Motions Humanoid/2184_PivotLA.fbx
  artifactKey: Guid(3b37bbab0cde7c542b5e56a166700ff7) Importer(2089858483,b0f066a214c2f5e87bad3c948f4d605d)
Start importing Assets/Studio33 Interactive_[BasketBall] v1.1/Animations/Basketball Motions Humanoid/2184_PivotLA.fbx using Guid(3b37bbab0cde7c542b5e56a166700ff7) Importer(2089858483,b0f066a214c2f5e87bad3c948f4d605d) (ScriptedImporter) -> (artifact id: '6ce14a3e33154b15bc3c7b05a75677c0') in 0.0271526 seconds
Number of updated asset objects reloaded before import = 0Number of asset objects unloaded after import = 154

========================================================================
Received Import Request.
  Time since last request: 0.000038 seconds.
  path: Assets/Studio33 Interactive_[BasketBall] v1.1/Animations/Basketball Motions_Generic/883_PostBafrontA.fbx
  artifactKey: Guid(9b59cbc6a9813e64ba24eaa285ddf4de) Importer(2089858483,b0f066a214c2f5e87bad3c948f4d605d)
Start importing Assets/Studio33 Interactive_[BasketBall] v1.1/Animations/Basketball Motions_Generic/883_PostBafrontA.fbx using Guid(9b59cbc6a9813e64ba24eaa285ddf4de) Importer(2089858483,b0f066a214c2f5e87bad3c948f4d605d) (ScriptedImporter) -> (artifact id: 'f309762738ab07574b999ef3e0e2d96a') in 0.0283971 seconds
Number of updated asset objects reloaded before import = 0Number of asset objects unloaded after import = 152

========================================================================
Received Import Request.
  Time since last request: 0.000039 seconds.
  path: Assets/Studio33 Interactive_[BasketBall] v1.1/Animations/Basketball Motions Humanoid/11_PostBackingpushA.fbx
  artifactKey: Guid(832b8da388bd6b848b46f6fa6da901d6) Importer(2089858483,b0f066a214c2f5e87bad3c948f4d605d)
Start importing Assets/Studio33 Interactive_[BasketBall] v1.1/Animations/Basketball Motions Humanoid/11_PostBackingpushA.fbx using Guid(832b8da388bd6b848b46f6fa6da901d6) Importer(2089858483,b0f066a214c2f5e87bad3c948f4d605d) (ScriptedImporter) -> (artifact id: 'dbf0573607c3978b126e1dc8620dcf4a') in 0.0316668 seconds
Number of updated asset objects reloaded before import = 0Number of asset objects unloaded after import = 154

========================================================================
Received Import Request.
  Time since last request: 0.000034 seconds.
  path: Assets/Studio33 Interactive_[BasketBall] v1.1/Animations/Basketball Motions_Generic/1780_DunkCA.fbx
  artifactKey: Guid(630a8a9be82f76e4b8721a97ab0b8c10) Importer(2089858483,b0f066a214c2f5e87bad3c948f4d605d)
Start importing Assets/Studio33 Interactive_[BasketBall] v1.1/Animations/Basketball Motions_Generic/1780_DunkCA.fbx using Guid(630a8a9be82f76e4b8721a97ab0b8c10) Importer(2089858483,b0f066a214c2f5e87bad3c948f4d605d) (ScriptedImporter) -> (artifact id: 'b8a12a8a4af099097ee19b53f5d3cc2b') in 0.025703 seconds
Number of updated asset objects reloaded before import = 0Number of asset objects unloaded after import = 152

========================================================================
Received Import Request.
  Time since last request: 0.000025 seconds.
  path: Assets/Studio33 Interactive_[BasketBall] v1.1/Animations/Basketball Motions_Generic/117_PostPushA.fbx
  artifactKey: Guid(be542294882d30c4bbfb6ca8507f13ac) Importer(2089858483,b0f066a214c2f5e87bad3c948f4d605d)
Start importing Assets/Studio33 Interactive_[BasketBall] v1.1/Animations/Basketball Motions_Generic/117_PostPushA.fbx using Guid(be542294882d30c4bbfb6ca8507f13ac) Importer(2089858483,b0f066a214c2f5e87bad3c948f4d605d) (ScriptedImporter) -> (artifact id: 'a6814e7dbdbf1d0c47cb22cba0d94068') in 0.024925 seconds
Number of updated asset objects reloaded before import = 0Number of asset objects unloaded after import = 152

========================================================================
Received Import Request.
  Time since last request: 0.000034 seconds.
  path: Assets/Studio33 Interactive_[BasketBall] v1.1/Animations/Basketball Motions Humanoid/1308_DunkRAC.fbx
  artifactKey: Guid(f355d2311417a2e49af1c3d722dd16e4) Importer(2089858483,b0f066a214c2f5e87bad3c948f4d605d)
Start importing Assets/Studio33 Interactive_[BasketBall] v1.1/Animations/Basketball Motions Humanoid/1308_DunkRAC.fbx using Guid(f355d2311417a2e49af1c3d722dd16e4) Importer(2089858483,b0f066a214c2f5e87bad3c948f4d605d) (ScriptedImporter) -> (artifact id: '7e6371c45d3907e133cc298edadf0189') in 0.029046 seconds
Number of updated asset objects reloaded before import = 0Number of asset objects unloaded after import = 154

========================================================================
Received Import Request.
  Time since last request: 0.000032 seconds.
  path: Assets/Studio33 Interactive_[BasketBall] v1.1/Animations/Basketball Motions_Generic/591_DenyA.fbx
  artifactKey: Guid(5bf0e5b9da027614ab11cc495e472ec2) Importer(2089858483,b0f066a214c2f5e87bad3c948f4d605d)
Start importing Assets/Studio33 Interactive_[BasketBall] v1.1/Animations/Basketball Motions_Generic/591_DenyA.fbx using Guid(5bf0e5b9da027614ab11cc495e472ec2) Importer(2089858483,b0f066a214c2f5e87bad3c948f4d605d) (ScriptedImporter) -> (artifact id: 'eadb4276d9bb73fbcb63846bbcf03011') in 0.0320647 seconds
Number of updated asset objects reloaded before import = 0Number of asset objects unloaded after import = 152

========================================================================
Received Import Request.
  Time since last request: 0.000022 seconds.
  path: Assets/Studio33 Interactive_[BasketBall] v1.1/Animations/Basketball Motions_Generic/833_AlleyoopNpassA.fbx
  artifactKey: Guid(8464e96d26922c64785e8b77a9d133e5) Importer(2089858483,b0f066a214c2f5e87bad3c948f4d605d)
Start importing Assets/Studio33 Interactive_[BasketBall] v1.1/Animations/Basketball Motions_Generic/833_AlleyoopNpassA.fbx using Guid(8464e96d26922c64785e8b77a9d133e5) Importer(2089858483,b0f066a214c2f5e87bad3c948f4d605d) (ScriptedImporter) -> (artifact id: '8f023383af4704934f91639f1d9b2414') in 0.0237792 seconds
Number of updated asset objects reloaded before import = 0Number of asset objects unloaded after import = 152

========================================================================
Received Import Request.
  Time since last request: 0.000034 seconds.
  path: Assets/Studio33 Interactive_[BasketBall] v1.1/Animations/Basketball Motions_Generic/1257_AlleyoopSA.fbx
  artifactKey: Guid(4dec7619c74cb0b4d9bba98f622160a2) Importer(2089858483,b0f066a214c2f5e87bad3c948f4d605d)
Start importing Assets/Studio33 Interactive_[BasketBall] v1.1/Animations/Basketball Motions_Generic/1257_AlleyoopSA.fbx using Guid(4dec7619c74cb0b4d9bba98f622160a2) Importer(2089858483,b0f066a214c2f5e87bad3c948f4d605d) (ScriptedImporter) -> (artifact id: 'a489a0e0a2983ff14e9824a5f9839285') in 0.0262059 seconds
Number of updated asset objects reloaded before import = 0Number of asset objects unloaded after import = 152

========================================================================
Received Import Request.
  Time since last request: 0.000033 seconds.
  path: Assets/Studio33 Interactive_[BasketBall] v1.1/Animations/Basketball Motions_Generic/2068_JumpshotCAFakeA.fbx
  artifactKey: Guid(08c41291625956c4ca82930a3a20f5eb) Importer(2089858483,b0f066a214c2f5e87bad3c948f4d605d)
Start importing Assets/Studio33 Interactive_[BasketBall] v1.1/Animations/Basketball Motions_Generic/2068_JumpshotCAFakeA.fbx using Guid(08c41291625956c4ca82930a3a20f5eb) Importer(2089858483,b0f066a214c2f5e87bad3c948f4d605d) (ScriptedImporter) -> (artifact id: 'e5287ec512b02d60ec59d19e14e9a417') in 0.0235899 seconds
Number of updated asset objects reloaded before import = 0Number of asset objects unloaded after import = 152

========================================================================
Received Import Request.
  Time since last request: 0.000034 seconds.
  path: Assets/Studio33 Interactive_[BasketBall] v1.1/Animations/Basketball Motions_Generic/1873_DunkRA.fbx
  artifactKey: Guid(047460000784da54b8899a9926eb688f) Importer(2089858483,b0f066a214c2f5e87bad3c948f4d605d)
Start importing Assets/Studio33 Interactive_[BasketBall] v1.1/Animations/Basketball Motions_Generic/1873_DunkRA.fbx using Guid(047460000784da54b8899a9926eb688f) Importer(2089858483,b0f066a214c2f5e87bad3c948f4d605d) (ScriptedImporter) -> (artifact id: '79eb007c1541857aab097f20dacab74b') in 0.0218003 seconds
Number of updated asset objects reloaded before import = 0Number of asset objects unloaded after import = 152

========================================================================
Received Import Request.
  Time since last request: 0.000024 seconds.
  path: Assets/Studio33 Interactive_[BasketBall] v1.1/Animations/Basketball Motions Humanoid/1999_DunkCB.fbx
  artifactKey: Guid(c217f7bb164d4e54998780320aee3022) Importer(2089858483,b0f066a214c2f5e87bad3c948f4d605d)
Start importing Assets/Studio33 Interactive_[BasketBall] v1.1/Animations/Basketball Motions Humanoid/1999_DunkCB.fbx using Guid(c217f7bb164d4e54998780320aee3022) Importer(2089858483,b0f066a214c2f5e87bad3c948f4d605d) (ScriptedImporter) -> (artifact id: '32aadfb74652b7184d2782a672369ab5') in 0.0228136 seconds
Number of updated asset objects reloaded before import = 0Number of asset objects unloaded after import = 154

========================================================================
Received Import Request.
  Time since last request: 0.000022 seconds.
  path: Assets/Studio33 Interactive_[BasketBall] v1.1/Animations/Basketball Motions_Generic/1540_JumpshotCCFakeA.fbx
  artifactKey: Guid(232608b9d8dcd294a8fe7881bda65a94) Importer(2089858483,b0f066a214c2f5e87bad3c948f4d605d)
Start importing Assets/Studio33 Interactive_[BasketBall] v1.1/Animations/Basketball Motions_Generic/1540_JumpshotCCFakeA.fbx using Guid(232608b9d8dcd294a8fe7881bda65a94) Importer(2089858483,b0f066a214c2f5e87bad3c948f4d605d) (ScriptedImporter) -> (artifact id: '00dc1280e08f39414a76aedf18eb081b') in 0.0239346 seconds
Number of updated asset objects reloaded before import = 0Number of asset objects unloaded after import = 152

========================================================================
Received Import Request.
  Time since last request: 0.000025 seconds.
  path: Assets/Studio33 Interactive_[BasketBall] v1.1/Animations/Basketball Motions_Generic/265_CrossShammgod.fbx
  artifactKey: Guid(bfda1a665e99b334ca044d252419d77e) Importer(2089858483,b0f066a214c2f5e87bad3c948f4d605d)
Start importing Assets/Studio33 Interactive_[BasketBall] v1.1/Animations/Basketball Motions_Generic/265_CrossShammgod.fbx using Guid(bfda1a665e99b334ca044d252419d77e) Importer(2089858483,b0f066a214c2f5e87bad3c948f4d605d) (ScriptedImporter) -> (artifact id: '0e90e1e1ae1b794250f8c97852957479') in 0.0213644 seconds
Number of updated asset objects reloaded before import = 0Number of asset objects unloaded after import = 152

========================================================================
Received Import Request.
  Time since last request: 0.000036 seconds.
  path: Assets/Studio33 Interactive_[BasketBall] v1.1/Animations/Basketball Motions_Generic/2193_OffenceTiredA.fbx
  artifactKey: Guid(216407193772e82479ae522015f1194f) Importer(2089858483,b0f066a214c2f5e87bad3c948f4d605d)
Start importing Assets/Studio33 Interactive_[BasketBall] v1.1/Animations/Basketball Motions_Generic/2193_OffenceTiredA.fbx using Guid(216407193772e82479ae522015f1194f) Importer(2089858483,b0f066a214c2f5e87bad3c948f4d605d) (ScriptedImporter) -> (artifact id: 'b0bfa3e61fe09d8b180d1b8a2d98dab2') in 0.0218982 seconds
Number of updated asset objects reloaded before import = 0Number of asset objects unloaded after import = 152

========================================================================
Received Import Request.
  Time since last request: 0.000029 seconds.
  path: Assets/Studio33 Interactive_[BasketBall] v1.1/Animations/Basketball Motions_Generic/691_CrossPassChestFA.fbx
  artifactKey: Guid(72d9939246ff2fd4b9063fcd2eff5809) Importer(2089858483,b0f066a214c2f5e87bad3c948f4d605d)
Start importing Assets/Studio33 Interactive_[BasketBall] v1.1/Animations/Basketball Motions_Generic/691_CrossPassChestFA.fbx using Guid(72d9939246ff2fd4b9063fcd2eff5809) Importer(2089858483,b0f066a214c2f5e87bad3c948f4d605d) (ScriptedImporter) -> (artifact id: '8a9dd555a1f420dfb1e04b8b68f77ccd') in 0.0214738 seconds
Number of updated asset objects reloaded before import = 0Number of asset objects unloaded after import = 152

========================================================================
Received Import Request.
  Time since last request: 0.000021 seconds.
  path: Assets/Studio33 Interactive_[BasketBall] v1.1/Animations/Basketball Motions_Generic/2059_DunkCRevA.fbx
  artifactKey: Guid(2c78ad5ee5737324d87b07e45efaecf4) Importer(2089858483,b0f066a214c2f5e87bad3c948f4d605d)
Start importing Assets/Studio33 Interactive_[BasketBall] v1.1/Animations/Basketball Motions_Generic/2059_DunkCRevA.fbx using Guid(2c78ad5ee5737324d87b07e45efaecf4) Importer(2089858483,b0f066a214c2f5e87bad3c948f4d605d) (ScriptedImporter) -> (artifact id: 'f5a0594377351d6f6cefc09baae112db') in 0.0254718 seconds
Number of updated asset objects reloaded before import = 0Number of asset objects unloaded after import = 152

========================================================================
Received Import Request.
  Time since last request: 0.000023 seconds.
  path: Assets/Studio33 Interactive_[BasketBall] v1.1/Animations/Basketball Motions_Generic/1787_DunkCA.fbx
  artifactKey: Guid(e86c67ac9f6cdb845bac55cb04fdd219) Importer(2089858483,b0f066a214c2f5e87bad3c948f4d605d)
Start importing Assets/Studio33 Interactive_[BasketBall] v1.1/Animations/Basketball Motions_Generic/1787_DunkCA.fbx using Guid(e86c67ac9f6cdb845bac55cb04fdd219) Importer(2089858483,b0f066a214c2f5e87bad3c948f4d605d) (ScriptedImporter) -> (artifact id: '3fb72c632d4d05f8efec3b094dfe910a') in 0.0221104 seconds
Number of updated asset objects reloaded before import = 0Number of asset objects unloaded after import = 152

========================================================================
Received Import Request.
  Time since last request: 0.000051 seconds.
  path: Assets/Studio33 Interactive_[BasketBall] v1.1/Animations/Basketball Motions_Generic/1386_JumpshotReadyFake.fbx
  artifactKey: Guid(bdf8bde83623e8b4a89b4b2be8342ac4) Importer(2089858483,b0f066a214c2f5e87bad3c948f4d605d)
Start importing Assets/Studio33 Interactive_[BasketBall] v1.1/Animations/Basketball Motions_Generic/1386_JumpshotReadyFake.fbx using Guid(bdf8bde83623e8b4a89b4b2be8342ac4) Importer(2089858483,b0f066a214c2f5e87bad3c948f4d605d) (ScriptedImporter) -> (artifact id: '96af95a81471abc89b1ae1ff572c64f2') in 0.0228943 seconds
Number of updated asset objects reloaded before import = 0Number of asset objects unloaded after import = 152

========================================================================
Received Import Request.
  Time since last request: 0.000029 seconds.
  path: Assets/Studio33 Interactive_[BasketBall] v1.1/Animations/Basketball Motions Humanoid/1058_SceneEntAway.fbx
  artifactKey: Guid(7fc3225c7b124db449d93ea0d3fa1c4c) Importer(2089858483,b0f066a214c2f5e87bad3c948f4d605d)
Start importing Assets/Studio33 Interactive_[BasketBall] v1.1/Animations/Basketball Motions Humanoid/1058_SceneEntAway.fbx using Guid(7fc3225c7b124db449d93ea0d3fa1c4c) Importer(2089858483,b0f066a214c2f5e87bad3c948f4d605d) (ScriptedImporter) -> (artifact id: 'c12f48e2e10fdb2eda31c02f4fa1f0af') in 0.0247229 seconds
Number of updated asset objects reloaded before import = 0Number of asset objects unloaded after import = 154

========================================================================
Received Import Request.
  Time since last request: 0.000027 seconds.
  path: Assets/Studio33 Interactive_[BasketBall] v1.1/Animations/Basketball Motions_Generic/26_BlockinglongFarLayupF.fbx
  artifactKey: Guid(b21e6c594a0efa545a75d6f095fd65a7) Importer(2089858483,b0f066a214c2f5e87bad3c948f4d605d)
Start importing Assets/Studio33 Interactive_[BasketBall] v1.1/Animations/Basketball Motions_Generic/26_BlockinglongFarLayupF.fbx using Guid(b21e6c594a0efa545a75d6f095fd65a7) Importer(2089858483,b0f066a214c2f5e87bad3c948f4d605d) (ScriptedImporter) -> (artifact id: '5c0a1e340410c9f5313e4999da738942') in 0.0216462 seconds
Number of updated asset objects reloaded before import = 0Number of asset objects unloaded after import = 152

========================================================================
Received Import Request.
  Time since last request: 0.165416 seconds.
  path: Assets/Studio33 Interactive_[BasketBall] v1.1/Animations/Basketball Motions Humanoid/1881_DunkRRevA.fbx
  artifactKey: Guid(90cd1057737fd8d4d8230b3b44198192) Importer(2089858483,b0f066a214c2f5e87bad3c948f4d605d)
Start importing Assets/Studio33 Interactive_[BasketBall] v1.1/Animations/Basketball Motions Humanoid/1881_DunkRRevA.fbx using Guid(90cd1057737fd8d4d8230b3b44198192) Importer(2089858483,b0f066a214c2f5e87bad3c948f4d605d) (ScriptedImporter) -> (artifact id: '9b69b85f922202c5b30ec7d9fb667e9c') in 0.0264037 seconds
Number of updated asset objects reloaded before import = 0Number of asset objects unloaded after import = 154

========================================================================
Received Import Request.
  Time since last request: 0.000020 seconds.
  path: Assets/Studio33 Interactive_[BasketBall] v1.1/Animations/Basketball Motions Humanoid/1325_FadeawayLA.fbx
  artifactKey: Guid(49110094e9adbee4ea44894ac69f3f86) Importer(2089858483,b0f066a214c2f5e87bad3c948f4d605d)
Start importing Assets/Studio33 Interactive_[BasketBall] v1.1/Animations/Basketball Motions Humanoid/1325_FadeawayLA.fbx using Guid(49110094e9adbee4ea44894ac69f3f86) Importer(2089858483,b0f066a214c2f5e87bad3c948f4d605d) (ScriptedImporter) -> (artifact id: 'f5a5e28b831023289981699fdc615e28') in 0.0219773 seconds
Number of updated asset objects reloaded before import = 0Number of asset objects unloaded after import = 154

========================================================================
Received Import Request.
  Time since last request: 0.000032 seconds.
  path: Assets/Studio33 Interactive_[BasketBall] v1.1/Animations/Basketball Motions Humanoid/8_PostBackingA.fbx
  artifactKey: Guid(933bf5ff9b8c8f743af83c49f44c35fd) Importer(2089858483,b0f066a214c2f5e87bad3c948f4d605d)
Start importing Assets/Studio33 Interactive_[BasketBall] v1.1/Animations/Basketball Motions Humanoid/8_PostBackingA.fbx using Guid(933bf5ff9b8c8f743af83c49f44c35fd) Importer(2089858483,b0f066a214c2f5e87bad3c948f4d605d) (ScriptedImporter) -> (artifact id: '85f7c504faa8383f5a48c3638f057d7d') in 0.0224363 seconds
Number of updated asset objects reloaded before import = 0Number of asset objects unloaded after import = 154

========================================================================
Received Import Request.
  Time since last request: 0.000024 seconds.
  path: Assets/Studio33 Interactive_[BasketBall] v1.1/Animations/Basketball Motions_Generic/161_MovePushedBa.fbx
  artifactKey: Guid(e0c167d35c0760a49a4b91f6a20e5e27) Importer(815301076,1909f56bfc062723c751e8b465ee728b)
Start importing Assets/Studio33 Interactive_[BasketBall] v1.1/Animations/Basketball Motions_Generic/161_MovePushedBa.fbx using Guid(e0c167d35c0760a49a4b91f6a20e5e27) Importer(815301076,1909f56bfc062723c751e8b465ee728b) (PreviewImporter) -> (artifact id: 'b1ed8df2692436e6a636917462c53876') in 5.9337934 seconds
Number of updated asset objects reloaded before import = 0Number of asset objects unloaded after import = 152

========================================================================
Received Import Request.
  Time since last request: 0.000043 seconds.
  path: Assets/Studio33 Interactive_[BasketBall] v1.1/Animations/Basketball Motions_Generic/58_BlockinglongFarL.fbx
  artifactKey: Guid(b99b6f28874113945b9520a85d3698c1) Importer(815301076,1909f56bfc062723c751e8b465ee728b)
Start importing Assets/Studio33 Interactive_[BasketBall] v1.1/Animations/Basketball Motions_Generic/58_BlockinglongFarL.fbx using Guid(b99b6f28874113945b9520a85d3698c1) Importer(815301076,1909f56bfc062723c751e8b465ee728b) (PreviewImporter) -> (artifact id: '728d5fc14522b603b478d200e581b545') in 0.0461309 seconds
Number of updated asset objects reloaded before import = 0Number of asset objects unloaded after import = 152

========================================================================
Received Import Request.
  Time since last request: 0.000043 seconds.
  path: Assets/Studio33 Interactive_[BasketBall] v1.1/Animations/Basketball Motions Humanoid/2182_KeepingA.fbx
  artifactKey: Guid(275c7af16bfb44549bb895e8e0b90ad0) Importer(2089858483,b0f066a214c2f5e87bad3c948f4d605d)
Start importing Assets/Studio33 Interactive_[BasketBall] v1.1/Animations/Basketball Motions Humanoid/2182_KeepingA.fbx using Guid(275c7af16bfb44549bb895e8e0b90ad0) Importer(2089858483,b0f066a214c2f5e87bad3c948f4d605d) (ScriptedImporter) -> (artifact id: '70983ac67870a1c2c9a0f7d258b1d03d') in 0.0296905 seconds
Number of updated asset objects reloaded before import = 0Number of asset objects unloaded after import = 154

========================================================================
Received Import Request.
  Time since last request: 0.000051 seconds.
  path: Assets/Studio33 Interactive_[BasketBall] v1.1/Animations/Basketball Motions_Generic/169_StopRA.fbx
  artifactKey: Guid(54296b816435c22488960852cbdda4e6) Importer(815301076,1909f56bfc062723c751e8b465ee728b)
Start importing Assets/Studio33 Interactive_[BasketBall] v1.1/Animations/Basketball Motions_Generic/169_StopRA.fbx using Guid(54296b816435c22488960852cbdda4e6) Importer(815301076,1909f56bfc062723c751e8b465ee728b) (PreviewImporter) -> (artifact id: '4671dff059a400c82c017807abef12ef') in 0.0417501 seconds
Number of updated asset objects reloaded before import = 0Number of asset objects unloaded after import = 152

========================================================================
Received Import Request.
  Time since last request: 0.000036 seconds.
  path: Assets/Studio33 Interactive_[BasketBall] v1.1/Animations/Basketball Motions Humanoid/614_LoosebahighA.fbx
  artifactKey: Guid(e58708e213c56f74c93d91e5a15df26e) Importer(2089858483,b0f066a214c2f5e87bad3c948f4d605d)
Start importing Assets/Studio33 Interactive_[BasketBall] v1.1/Animations/Basketball Motions Humanoid/614_LoosebahighA.fbx using Guid(e58708e213c56f74c93d91e5a15df26e) Importer(2089858483,b0f066a214c2f5e87bad3c948f4d605d) (ScriptedImporter) -> (artifact id: 'a469ea09f92cdf690eb13e214a86a340') in 0.025844 seconds
Number of updated asset objects reloaded before import = 0Number of asset objects unloaded after import = 154

========================================================================
Received Import Request.
  Time since last request: 0.000041 seconds.
  path: Assets/Studio33 Interactive_[BasketBall] v1.1/Animations/Basketball Motions_Generic/1825_DunkRA.fbx
  artifactKey: Guid(21d43404910da6041aae675f35912e77) Importer(2089858483,b0f066a214c2f5e87bad3c948f4d605d)
Start importing Assets/Studio33 Interactive_[BasketBall] v1.1/Animations/Basketball Motions_Generic/1825_DunkRA.fbx using Guid(21d43404910da6041aae675f35912e77) Importer(2089858483,b0f066a214c2f5e87bad3c948f4d605d) (ScriptedImporter) -> (artifact id: 'ecc30a61e5eacce5a4ec43107eab10dd') in 0.0291747 seconds
Number of updated asset objects reloaded before import = 0Number of asset objects unloaded after import = 152

========================================================================
Received Import Request.
  Time since last request: 0.000064 seconds.
  path: Assets/Studio33 Interactive_[BasketBall] v1.1/Animations/Basketball Motions Humanoid/386_WindupRRRMMA.fbx
  artifactKey: Guid(afef8d60169cd0e4a9b6d33bcda51c5d) Importer(2089858483,b0f066a214c2f5e87bad3c948f4d605d)
Start importing Assets/Studio33 Interactive_[BasketBall] v1.1/Animations/Basketball Motions Humanoid/386_WindupRRRMMA.fbx using Guid(afef8d60169cd0e4a9b6d33bcda51c5d) Importer(2089858483,b0f066a214c2f5e87bad3c948f4d605d) (ScriptedImporter) -> (artifact id: '1c69a9eb42d13b497662d09add8eb65f') in 0.0352416 seconds
Number of updated asset objects reloaded before import = 0Number of asset objects unloaded after import = 154

========================================================================
Received Import Request.
  Time since last request: 0.000031 seconds.
  path: Assets/Studio33 Interactive_[BasketBall] v1.1/Animations/Basketball Motions_Generic/109_BlockingckpassLongFarLayupFFA.fbx
  artifactKey: Guid(a77215bf8e0569846ab13958f04e7d9a) Importer(815301076,1909f56bfc062723c751e8b465ee728b)
Start importing Assets/Studio33 Interactive_[BasketBall] v1.1/Animations/Basketball Motions_Generic/109_BlockingckpassLongFarLayupFFA.fbx using Guid(a77215bf8e0569846ab13958f04e7d9a) Importer(815301076,1909f56bfc062723c751e8b465ee728b) (PreviewImporter) -> (artifact id: 'c84d00b49f21f581eee60f5e23aaae3d') in 0.0448534 seconds
Number of updated asset objects reloaded before import = 0Number of asset objects unloaded after import = 152

========================================================================
Received Import Request.
  Time since last request: 0.000036 seconds.
  path: Assets/Studio33 Interactive_[BasketBall] v1.1/Animations/Basketball Motions_Generic/80_BlockingckpassLongFarLayupFLA.fbx
  artifactKey: Guid(70e5dea84777923488388f4c6585d9b2) Importer(815301076,1909f56bfc062723c751e8b465ee728b)
Start importing Assets/Studio33 Interactive_[BasketBall] v1.1/Animations/Basketball Motions_Generic/80_BlockingckpassLongFarLayupFLA.fbx using Guid(70e5dea84777923488388f4c6585d9b2) Importer(815301076,1909f56bfc062723c751e8b465ee728b) (PreviewImporter) -> (artifact id: 'a4a5bd16c7a0a99d7e39b4776daa36b7') in 0.0410641 seconds
Number of updated asset objects reloaded before import = 0Number of asset objects unloaded after import = 152

========================================================================
Received Import Request.
  Time since last request: 0.000041 seconds.
  path: Assets/Studio33 Interactive_[BasketBall] v1.1/Animations/Basketball Motions_Generic/1654_DunkRRevA.fbx
  artifactKey: Guid(abdb691f26350c44ca36505db449ef41) Importer(2089858483,b0f066a214c2f5e87bad3c948f4d605d)
Start importing Assets/Studio33 Interactive_[BasketBall] v1.1/Animations/Basketball Motions_Generic/1654_DunkRRevA.fbx using Guid(abdb691f26350c44ca36505db449ef41) Importer(2089858483,b0f066a214c2f5e87bad3c948f4d605d) (ScriptedImporter) -> (artifact id: 'b1ca2b60a40a5313beccc89447e2d08b') in 0.0251436 seconds
Number of updated asset objects reloaded before import = 0Number of asset objects unloaded after import = 152

========================================================================
Received Import Request.
  Time since last request: 0.000035 seconds.
  path: Assets/Studio33 Interactive_[BasketBall] v1.1/Animations/Basketball Motions_Generic/134_ReboundAndBoxOutSpinStepBaa.fbx
  artifactKey: Guid(490b83eac9546314a89e25eaf053c493) Importer(815301076,1909f56bfc062723c751e8b465ee728b)
Start importing Assets/Studio33 Interactive_[BasketBall] v1.1/Animations/Basketball Motions_Generic/134_ReboundAndBoxOutSpinStepBaa.fbx using Guid(490b83eac9546314a89e25eaf053c493) Importer(815301076,1909f56bfc062723c751e8b465ee728b) (PreviewImporter) -> (artifact id: 'f253065bbbf6504c81640dd0a863a2aa') in 0.0410603 seconds
Number of updated asset objects reloaded before import = 0Number of asset objects unloaded after import = 152

========================================================================
Received Import Request.
  Time since last request: 0.000038 seconds.
  path: Assets/Studio33 Interactive_[BasketBall] v1.1/Animations/Basketball Motions Humanoid/2021_DunkClutchFRightA.fbx
  artifactKey: Guid(314c1fff6b73d2a4fb0cef4965acdeb2) Importer(2089858483,b0f066a214c2f5e87bad3c948f4d605d)
Start importing Assets/Studio33 Interactive_[BasketBall] v1.1/Animations/Basketball Motions Humanoid/2021_DunkClutchFRightA.fbx using Guid(314c1fff6b73d2a4fb0cef4965acdeb2) Importer(2089858483,b0f066a214c2f5e87bad3c948f4d605d) (ScriptedImporter) -> (artifact id: '020768f2e0c4595de0911baf02a925e2') in 0.0288079 seconds
Number of updated asset objects reloaded before import = 0Number of asset objects unloaded after import = 154

========================================================================
Received Import Request.
  Time since last request: 0.000031 seconds.
  path: Assets/Studio33 Interactive_[BasketBall] v1.1/Animations/Basketball Motions_Generic/111_BlockingckpassShortJumpFFA.fbx
  artifactKey: Guid(a3716779254e3f84989f149d0c244ace) Importer(815301076,1909f56bfc062723c751e8b465ee728b)
Start importing Assets/Studio33 Interactive_[BasketBall] v1.1/Animations/Basketball Motions_Generic/111_BlockingckpassShortJumpFFA.fbx using Guid(a3716779254e3f84989f149d0c244ace) Importer(815301076,1909f56bfc062723c751e8b465ee728b) (PreviewImporter) -> (artifact id: 'a38495ec319e90eb6a56223e6705b813') in 0.0432405 seconds
Number of updated asset objects reloaded before import = 0Number of asset objects unloaded after import = 152

========================================================================
Received Import Request.
  Time since last request: 0.000074 seconds.
  path: Assets/Studio33 Interactive_[BasketBall] v1.1/Animations/Basketball Motions_Generic/178_BlockingckedBaA.fbx
  artifactKey: Guid(a1864f35a8ea54c45acc3d16867d63a3) Importer(815301076,1909f56bfc062723c751e8b465ee728b)
Start importing Assets/Studio33 Interactive_[BasketBall] v1.1/Animations/Basketball Motions_Generic/178_BlockingckedBaA.fbx using Guid(a1864f35a8ea54c45acc3d16867d63a3) Importer(815301076,1909f56bfc062723c751e8b465ee728b) (PreviewImporter) -> (artifact id: '40e7fd43b0bf6dd40fc1a7d7eb7f9c61') in 0.0414318 seconds
Number of updated asset objects reloaded before import = 0Number of asset objects unloaded after import = 152

========================================================================
Received Import Request.
  Time since last request: 0.000043 seconds.
  path: Assets/Studio33 Interactive_[BasketBall] v1.1/Animations/Basketball Motions_Generic/47_BlockingckncatchShortLayupFA.fbx
  artifactKey: Guid(a3adb65e68ffdbf42b28322b3952d7c6) Importer(815301076,1909f56bfc062723c751e8b465ee728b)
Start importing Assets/Studio33 Interactive_[BasketBall] v1.1/Animations/Basketball Motions_Generic/47_BlockingckncatchShortLayupFA.fbx using Guid(a3adb65e68ffdbf42b28322b3952d7c6) Importer(815301076,1909f56bfc062723c751e8b465ee728b) (PreviewImporter) -> (artifact id: 'ed86c4d197781e050c926bc1f5a67b26') in 0.044901 seconds
Number of updated asset objects reloaded before import = 0Number of asset objects unloaded after import = 152

========================================================================
Received Import Request.
  Time since last request: 0.000034 seconds.
  path: Assets/Studio33 Interactive_[BasketBall] v1.1/Animations/Basketball Motions_Generic/11_PostBackingpushA.fbx
  artifactKey: Guid(fda3288f49e582e42b76f478c7cedecd) Importer(815301076,1909f56bfc062723c751e8b465ee728b)
Start importing Assets/Studio33 Interactive_[BasketBall] v1.1/Animations/Basketball Motions_Generic/11_PostBackingpushA.fbx using Guid(fda3288f49e582e42b76f478c7cedecd) Importer(815301076,1909f56bfc062723c751e8b465ee728b) (PreviewImporter) -> (artifact id: 'a94e9aafde2ea77c70e4861c374ccf05') in 0.0426612 seconds
Number of updated asset objects reloaded before import = 0Number of asset objects unloaded after import = 152

========================================================================
Received Import Request.
  Time since last request: 0.000048 seconds.
  path: Assets/Studio33 Interactive_[BasketBall] v1.1/Animations/Basketball Motions_Generic/632_DivpassFA.fbx
  artifactKey: Guid(970286622af3d3d4e8bd5bf1ff4c904b) Importer(2089858483,b0f066a214c2f5e87bad3c948f4d605d)
Start importing Assets/Studio33 Interactive_[BasketBall] v1.1/Animations/Basketball Motions_Generic/632_DivpassFA.fbx using Guid(970286622af3d3d4e8bd5bf1ff4c904b) Importer(2089858483,b0f066a214c2f5e87bad3c948f4d605d) (ScriptedImporter) -> (artifact id: '98b4352c7ef8f347afd61efc0cd1f162') in 0.0289863 seconds
Number of updated asset objects reloaded before import = 0Number of asset objects unloaded after import = 152

========================================================================
Received Import Request.
  Time since last request: 0.000033 seconds.
  path: Assets/Studio33 Interactive_[BasketBall] v1.1/Animations/Basketball Motions_Generic/16_BlockingckncatchLongFarJumpFA.fbx
  artifactKey: Guid(b12ece48db3031f47a69793524ab71f2) Importer(815301076,1909f56bfc062723c751e8b465ee728b)
Start importing Assets/Studio33 Interactive_[BasketBall] v1.1/Animations/Basketball Motions_Generic/16_BlockingckncatchLongFarJumpFA.fbx using Guid(b12ece48db3031f47a69793524ab71f2) Importer(815301076,1909f56bfc062723c751e8b465ee728b) (PreviewImporter) -> (artifact id: 'd879d56aa1db38b7111ac65633ce6c4f') in 0.0402183 seconds
Number of updated asset objects reloaded before import = 0Number of asset objects unloaded after import = 152

========================================================================
Received Import Request.
  Time since last request: 0.000042 seconds.
  path: Assets/Studio33 Interactive_[BasketBall] v1.1/Animations/Basketball Motions_Generic/8_PostBackingA.fbx
  artifactKey: Guid(e70c233e0a9e8b04995346e60407b179) Importer(815301076,1909f56bfc062723c751e8b465ee728b)
Start importing Assets/Studio33 Interactive_[BasketBall] v1.1/Animations/Basketball Motions_Generic/8_PostBackingA.fbx using Guid(e70c233e0a9e8b04995346e60407b179) Importer(815301076,1909f56bfc062723c751e8b465ee728b) (PreviewImporter) -> (artifact id: 'a095a56f650e0405743df26b9a18922b') in 0.0414688 seconds
Number of updated asset objects reloaded before import = 0Number of asset objects unloaded after import = 152

========================================================================
Received Import Request.
  Time since last request: 0.000035 seconds.
  path: Assets/Studio33 Interactive_[BasketBall] v1.1/Animations/Basketball Motions_Generic/640_MSlidingCSucA.fbx
  artifactKey: Guid(77cb9977771510c45bc2a260f3850723) Importer(2089858483,b0f066a214c2f5e87bad3c948f4d605d)
Start importing Assets/Studio33 Interactive_[BasketBall] v1.1/Animations/Basketball Motions_Generic/640_MSlidingCSucA.fbx using Guid(77cb9977771510c45bc2a260f3850723) Importer(2089858483,b0f066a214c2f5e87bad3c948f4d605d) (ScriptedImporter) -> (artifact id: 'bc7cdbf506a16df5b052ed09432852f1') in 0.0250429 seconds
Number of updated asset objects reloaded before import = 0Number of asset objects unloaded after import = 152

========================================================================
Received Import Request.
  Time since last request: 0.000042 seconds.
  path: Assets/Studio33 Interactive_[BasketBall] v1.1/Animations/Basketball Motions Humanoid/68_Shadowblolong.fbx
  artifactKey: Guid(c96848b74a9fd2e468a7d7e2e72f4017) Importer(2089858483,b0f066a214c2f5e87bad3c948f4d605d)
Start importing Assets/Studio33 Interactive_[BasketBall] v1.1/Animations/Basketball Motions Humanoid/68_Shadowblolong.fbx using Guid(c96848b74a9fd2e468a7d7e2e72f4017) Importer(2089858483,b0f066a214c2f5e87bad3c948f4d605d) (ScriptedImporter) -> (artifact id: '32e99814d84ba0127b5cb0078c9bc5ef') in 0.0284288 seconds
Number of updated asset objects reloaded before import = 0Number of asset objects unloaded after import = 154

========================================================================
Received Import Request.
  Time since last request: 0.000029 seconds.
  path: Assets/Studio33 Interactive_[BasketBall] v1.1/Animations/Basketball Motions Humanoid/680_Rru.fbx
  artifactKey: Guid(975ab110afbe33f4f912c87b979d08a9) Importer(2089858483,b0f066a214c2f5e87bad3c948f4d605d)
Start importing Assets/Studio33 Interactive_[BasketBall] v1.1/Animations/Basketball Motions Humanoid/680_Rru.fbx using Guid(975ab110afbe33f4f912c87b979d08a9) Importer(2089858483,b0f066a214c2f5e87bad3c948f4d605d) (ScriptedImporter) -> (artifact id: '7b0a0d2119dc1936c983437ef03a0a37') in 0.02755 seconds
Number of updated asset objects reloaded before import = 0Number of asset objects unloaded after import = 154

========================================================================
Received Import Request.
  Time since last request: 0.000049 seconds.
  path: Assets/Studio33 Interactive_[BasketBall] v1.1/Animations/Basketball Motions_Generic/38_BlockingshortL.fbx
  artifactKey: Guid(52cb60da8c1b48445b2ffbef5c3b19d8) Importer(815301076,1909f56bfc062723c751e8b465ee728b)
Start importing Assets/Studio33 Interactive_[BasketBall] v1.1/Animations/Basketball Motions_Generic/38_BlockingshortL.fbx using Guid(52cb60da8c1b48445b2ffbef5c3b19d8) Importer(815301076,1909f56bfc062723c751e8b465ee728b) (PreviewImporter) -> (artifact id: 'e51ccd35239d628a3867a049e38c79c8') in 0.0491861 seconds
Number of updated asset objects reloaded before import = 0Number of asset objects unloaded after import = 152

========================================================================
Received Import Request.
  Time since last request: 0.000040 seconds.
  path: Assets/Studio33 Interactive_[BasketBall] v1.1/Animations/Basketball Motions_Generic/90_BlockingfingertipF.fbx
  artifactKey: Guid(caa24ed7be2f8144ba222a03fe82ff4f) Importer(815301076,1909f56bfc062723c751e8b465ee728b)
Start importing Assets/Studio33 Interactive_[BasketBall] v1.1/Animations/Basketball Motions_Generic/90_BlockingfingertipF.fbx using Guid(caa24ed7be2f8144ba222a03fe82ff4f) Importer(815301076,1909f56bfc062723c751e8b465ee728b) (PreviewImporter) -> (artifact id: '0f32d6d25e4e011f25404042e18effa5') in 0.0468216 seconds
Number of updated asset objects reloaded before import = 0Number of asset objects unloaded after import = 152

========================================================================
Received Import Request.
  Time since last request: 0.000050 seconds.
  path: Assets/Studio33 Interactive_[BasketBall] v1.1/Animations/Basketball Motions_Generic/45_BlockingckncatchShortJumpFA.fbx
  artifactKey: Guid(ce753fb2d15e6bf4ea88a70bbeb17744) Importer(815301076,1909f56bfc062723c751e8b465ee728b)
Start importing Assets/Studio33 Interactive_[BasketBall] v1.1/Animations/Basketball Motions_Generic/45_BlockingckncatchShortJumpFA.fbx using Guid(ce753fb2d15e6bf4ea88a70bbeb17744) Importer(815301076,1909f56bfc062723c751e8b465ee728b) (PreviewImporter) -> (artifact id: 'a1b70350724f9046a157e57f1aa14b68') in 0.042649 seconds
Number of updated asset objects reloaded before import = 0Number of asset objects unloaded after import = 152

========================================================================
Received Import Request.
  Time since last request: 0.000036 seconds.
  path: Assets/Studio33 Interactive_[BasketBall] v1.1/Animations/Basketball Motions Humanoid/1157_DunkCA.fbx
  artifactKey: Guid(a03e75f605720fd428acbd24c4b34fb5) Importer(2089858483,b0f066a214c2f5e87bad3c948f4d605d)
Start importing Assets/Studio33 Interactive_[BasketBall] v1.1/Animations/Basketball Motions Humanoid/1157_DunkCA.fbx using Guid(a03e75f605720fd428acbd24c4b34fb5) Importer(2089858483,b0f066a214c2f5e87bad3c948f4d605d) (ScriptedImporter) -> (artifact id: '1083110ce9052ccb48e37e2862323ed4') in 0.0283949 seconds
Number of updated asset objects reloaded before import = 0Number of asset objects unloaded after import = 154

========================================================================
Received Import Request.
  Time since last request: 0.000050 seconds.
  path: Assets/Studio33 Interactive_[BasketBall] v1.1/Animations/Basketball Motions Humanoid/1756_DunkRA.fbx
  artifactKey: Guid(fd90a30f466f65c46a41ec03140485ef) Importer(2089858483,b0f066a214c2f5e87bad3c948f4d605d)
Start importing Assets/Studio33 Interactive_[BasketBall] v1.1/Animations/Basketball Motions Humanoid/1756_DunkRA.fbx using Guid(fd90a30f466f65c46a41ec03140485ef) Importer(2089858483,b0f066a214c2f5e87bad3c948f4d605d) (ScriptedImporter) -> (artifact id: '71b9d25105ba4aed7b466a6800d04570') in 0.0321978 seconds
Number of updated asset objects reloaded before import = 0Number of asset objects unloaded after import = 154

========================================================================
Received Import Request.
  Time since last request: 0.000049 seconds.
  path: Assets/Studio33 Interactive_[BasketBall] v1.1/Animations/Basketball Motions_Generic/168_CollisiotwostepFFaA.fbx
  artifactKey: Guid(da301688f95a95a4ebdd709dac1fa992) Importer(815301076,1909f56bfc062723c751e8b465ee728b)
Start importing Assets/Studio33 Interactive_[BasketBall] v1.1/Animations/Basketball Motions_Generic/168_CollisiotwostepFFaA.fbx using Guid(da301688f95a95a4ebdd709dac1fa992) Importer(815301076,1909f56bfc062723c751e8b465ee728b) (PreviewImporter) -> (artifact id: 'fff681d3c276e2412eaa06c330170e5e') in 0.0435955 seconds
Number of updated asset objects reloaded before import = 0Number of asset objects unloaded after import = 152

========================================================================
Received Import Request.
  Time since last request: 0.000031 seconds.
  path: Assets/Studio33 Interactive_[BasketBall] v1.1/Animations/Basketball Motions_Generic/142_CollisiohopstepRFaA.fbx
  artifactKey: Guid(a7f2fbcaf77eaaf498c60f105ade01b8) Importer(815301076,1909f56bfc062723c751e8b465ee728b)
Start importing Assets/Studio33 Interactive_[BasketBall] v1.1/Animations/Basketball Motions_Generic/142_CollisiohopstepRFaA.fbx using Guid(a7f2fbcaf77eaaf498c60f105ade01b8) Importer(815301076,1909f56bfc062723c751e8b465ee728b) (PreviewImporter) -> (artifact id: '37bc179c088c270c3f16c17f2cbc0b34') in 0.0458527 seconds
Number of updated asset objects reloaded before import = 0Number of asset objects unloaded after import = 152

========================================================================
Received Import Request.
  Time since last request: 0.000034 seconds.
  path: Assets/Studio33 Interactive_[BasketBall] v1.1/Animations/Basketball Motions_Generic/145_StopRA.fbx
  artifactKey: Guid(5cd7506fbe894104cb81a351b94d90e5) Importer(815301076,1909f56bfc062723c751e8b465ee728b)
Start importing Assets/Studio33 Interactive_[BasketBall] v1.1/Animations/Basketball Motions_Generic/145_StopRA.fbx using Guid(5cd7506fbe894104cb81a351b94d90e5) Importer(815301076,1909f56bfc062723c751e8b465ee728b) (PreviewImporter) -> (artifact id: '9d53dcb168a8bb58a7d7c5592ad9b068') in 0.0446705 seconds
Number of updated asset objects reloaded before import = 0Number of asset objects unloaded after import = 152

========================================================================
Received Import Request.
  Time since last request: 0.000059 seconds.
  path: Assets/Studio33 Interactive_[BasketBall] v1.1/Animations/Basketball Motions_Generic/49_BlockingckncatchLongFarLA.fbx
  artifactKey: Guid(9f599ee9ffce7e547853a283666a4dba) Importer(815301076,1909f56bfc062723c751e8b465ee728b)
Start importing Assets/Studio33 Interactive_[BasketBall] v1.1/Animations/Basketball Motions_Generic/49_BlockingckncatchLongFarLA.fbx using Guid(9f599ee9ffce7e547853a283666a4dba) Importer(815301076,1909f56bfc062723c751e8b465ee728b) (PreviewImporter) -> (artifact id: '9c1962e0debcad548612a87d11041c3f') in 0.0476385 seconds
Number of updated asset objects reloaded before import = 0Number of asset objects unloaded after import = 152

========================================================================
Received Import Request.
  Time since last request: 0.000032 seconds.
  path: Assets/Studio33 Interactive_[BasketBall] v1.1/Animations/Basketball Motions_Generic/14_PostBackingpushA.fbx
  artifactKey: Guid(975f577dad9698546ad1272e85187aa3) Importer(815301076,1909f56bfc062723c751e8b465ee728b)
Start importing Assets/Studio33 Interactive_[BasketBall] v1.1/Animations/Basketball Motions_Generic/14_PostBackingpushA.fbx using Guid(975f577dad9698546ad1272e85187aa3) Importer(815301076,1909f56bfc062723c751e8b465ee728b) (PreviewImporter) -> (artifact id: '84a980103287b35cc63f3196f6cf2e3e') in 0.0442871 seconds
Number of updated asset objects reloaded before import = 0Number of asset objects unloaded after import = 152

========================================================================
Received Import Request.
  Time since last request: 0.000048 seconds.
  path: Assets/Studio33 Interactive_[BasketBall] v1.1/Animations/Basketball Motions_Generic/103_BlockingshortL.fbx
  artifactKey: Guid(ee40a26e78013b647b582951aefa32f2) Importer(815301076,1909f56bfc062723c751e8b465ee728b)
Start importing Assets/Studio33 Interactive_[BasketBall] v1.1/Animations/Basketball Motions_Generic/103_BlockingshortL.fbx using Guid(ee40a26e78013b647b582951aefa32f2) Importer(815301076,1909f56bfc062723c751e8b465ee728b) (PreviewImporter) -> (artifact id: '02e9a329869ba6159f4e580d633f937a') in 0.047043 seconds
Number of updated asset objects reloaded before import = 0Number of asset objects unloaded after import = 152

========================================================================
Received Import Request.
  Time since last request: 0.000053 seconds.
  path: Assets/Studio33 Interactive_[BasketBall] v1.1/Animations/Basketball Motions_Generic/36_BlockinglongNearL.fbx
  artifactKey: Guid(2562120a9ccd3194cbf37da735d43ffd) Importer(815301076,1909f56bfc062723c751e8b465ee728b)
Start importing Assets/Studio33 Interactive_[BasketBall] v1.1/Animations/Basketball Motions_Generic/36_BlockinglongNearL.fbx using Guid(2562120a9ccd3194cbf37da735d43ffd) Importer(815301076,1909f56bfc062723c751e8b465ee728b) (PreviewImporter) -> (artifact id: '39d86cf0692e64644ec34635254d69f7') in 0.0426095 seconds
Number of updated asset objects reloaded before import = 0Number of asset objects unloaded after import = 152

========================================================================
Received Import Request.
  Time since last request: 0.000048 seconds.
  path: Assets/Studio33 Interactive_[BasketBall] v1.1/Animations/Basketball Motions_Generic/717_PassOverLA.fbx
  artifactKey: Guid(5df115a24e1450e48951ecd303def9e8) Importer(2089858483,b0f066a214c2f5e87bad3c948f4d605d)
Start importing Assets/Studio33 Interactive_[BasketBall] v1.1/Animations/Basketball Motions_Generic/717_PassOverLA.fbx using Guid(5df115a24e1450e48951ecd303def9e8) Importer(2089858483,b0f066a214c2f5e87bad3c948f4d605d) (ScriptedImporter) -> (artifact id: '7c8a942a7de9c897dc81eca46d39727e') in 0.0342245 seconds
Number of updated asset objects reloaded before import = 0Number of asset objects unloaded after import = 152

========================================================================
Received Import Request.
  Time since last request: 0.000055 seconds.
  path: Assets/Studio33 Interactive_[BasketBall] v1.1/Animations/Basketball Motions_Generic/63_BlockingshortJumpF.fbx
  artifactKey: Guid(b1641e4bf5ace3e4898d54bd7b3d3497) Importer(815301076,1909f56bfc062723c751e8b465ee728b)
Start importing Assets/Studio33 Interactive_[BasketBall] v1.1/Animations/Basketball Motions_Generic/63_BlockingshortJumpF.fbx using Guid(b1641e4bf5ace3e4898d54bd7b3d3497) Importer(815301076,1909f56bfc062723c751e8b465ee728b) (PreviewImporter) -> (artifact id: '6d910a00986164b4260757f8a729f10b') in 0.0419967 seconds
Number of updated asset objects reloaded before import = 0Number of asset objects unloaded after import = 152

========================================================================
Received Import Request.
  Time since last request: 0.000055 seconds.
  path: Assets/Studio33 Interactive_[BasketBall] v1.1/Animations/Basketball Motions_Generic/946_Rebound C.fbx
  artifactKey: Guid(6e44a8b2eaadf1348a434fa7e8c43dc8) Importer(2089858483,b0f066a214c2f5e87bad3c948f4d605d)
Start importing Assets/Studio33 Interactive_[BasketBall] v1.1/Animations/Basketball Motions_Generic/946_Rebound C.fbx using Guid(6e44a8b2eaadf1348a434fa7e8c43dc8) Importer(2089858483,b0f066a214c2f5e87bad3c948f4d605d) (ScriptedImporter) -> (artifact id: 'efb7b79c6d0972dba9659b3b9468b0d4') in 0.0303339 seconds
Number of updated asset objects reloaded before import = 0Number of asset objects unloaded after import = 152

========================================================================
Received Import Request.
  Time since last request: 0.000049 seconds.
  path: Assets/Studio33 Interactive_[BasketBall] v1.1/Animations/Basketball Motions_Generic/1161_DunkCA.fbx
  artifactKey: Guid(144cfd204cd96574ab88d6c318bf6d8b) Importer(2089858483,b0f066a214c2f5e87bad3c948f4d605d)
Start importing Assets/Studio33 Interactive_[BasketBall] v1.1/Animations/Basketball Motions_Generic/1161_DunkCA.fbx using Guid(144cfd204cd96574ab88d6c318bf6d8b) Importer(2089858483,b0f066a214c2f5e87bad3c948f4d605d) (ScriptedImporter) -> (artifact id: '8da4cadbd2093e0f8b6a12ea337e54ac') in 0.0270159 seconds
Number of updated asset objects reloaded before import = 0Number of asset objects unloaded after import = 152

========================================================================
Received Import Request.
  Time since last request: 0.000040 seconds.
  path: Assets/Studio33 Interactive_[BasketBall] v1.1/Animations/Basketball Motions Humanoid/1527_DunkCA.fbx
  artifactKey: Guid(38df2af0c95ba4e4c86e8eaece029974) Importer(2089858483,b0f066a214c2f5e87bad3c948f4d605d)
Start importing Assets/Studio33 Interactive_[BasketBall] v1.1/Animations/Basketball Motions Humanoid/1527_DunkCA.fbx using Guid(38df2af0c95ba4e4c86e8eaece029974) Importer(2089858483,b0f066a214c2f5e87bad3c948f4d605d) (ScriptedImporter) -> (artifact id: '424de2bb92fa007814691dfa38d4a919') in 0.0288458 seconds
Number of updated asset objects reloaded before import = 0Number of asset objects unloaded after import = 154

========================================================================
Received Import Request.
  Time since last request: 0.000038 seconds.
  path: Assets/Studio33 Interactive_[BasketBall] v1.1/Animations/Basketball Motions_Generic/13_PostBackingA.fbx
  artifactKey: Guid(312a10261417cfb409ea41e12e81fb99) Importer(815301076,1909f56bfc062723c751e8b465ee728b)
Start importing Assets/Studio33 Interactive_[BasketBall] v1.1/Animations/Basketball Motions_Generic/13_PostBackingA.fbx using Guid(312a10261417cfb409ea41e12e81fb99) Importer(815301076,1909f56bfc062723c751e8b465ee728b) (PreviewImporter) -> (artifact id: 'b4e29f5f8046d1483fedeff54a8cfe21') in 0.0436695 seconds
Number of updated asset objects reloaded before import = 0Number of asset objects unloaded after import = 152

========================================================================
Received Import Request.
  Time since last request: 0.000050 seconds.
  path: Assets/Studio33 Interactive_[BasketBall] v1.1/Animations/Basketball Motions Humanoid/1674_AlleyoopRevSA.fbx
  artifactKey: Guid(63b04cfdeffac7e40aa392c82bf2ca55) Importer(2089858483,b0f066a214c2f5e87bad3c948f4d605d)
Start importing Assets/Studio33 Interactive_[BasketBall] v1.1/Animations/Basketball Motions Humanoid/1674_AlleyoopRevSA.fbx using Guid(63b04cfdeffac7e40aa392c82bf2ca55) Importer(2089858483,b0f066a214c2f5e87bad3c948f4d605d) (ScriptedImporter) -> (artifact id: '083dfc328bbc32f6681e5f71695883b8') in 0.0310979 seconds
Number of updated asset objects reloaded before import = 0Number of asset objects unloaded after import = 154

========================================================================
Received Import Request.
  Time since last request: 0.000038 seconds.
  path: Assets/Studio33 Interactive_[BasketBall] v1.1/Animations/Basketball Motions Humanoid/687_AlleyoopOverNpassFA.fbx
  artifactKey: Guid(e3559ba0c6f33454d871dc91fdcb2016) Importer(2089858483,b0f066a214c2f5e87bad3c948f4d605d)
Start importing Assets/Studio33 Interactive_[BasketBall] v1.1/Animations/Basketball Motions Humanoid/687_AlleyoopOverNpassFA.fbx using Guid(e3559ba0c6f33454d871dc91fdcb2016) Importer(2089858483,b0f066a214c2f5e87bad3c948f4d605d) (ScriptedImporter) -> (artifact id: 'f8a98677b88a861cf3f21064a0bc3593') in 0.0300929 seconds
Number of updated asset objects reloaded before import = 0Number of asset objects unloaded after import = 154

========================================================================
Received Import Request.
  Time since last request: 0.000025 seconds.
  path: Assets/Studio33 Interactive_[BasketBall] v1.1/Animations/Basketball Motions Humanoid/804_Passileft.fbx
  artifactKey: Guid(67dc93de42df576449f56342d1f5f661) Importer(2089858483,b0f066a214c2f5e87bad3c948f4d605d)
Start importing Assets/Studio33 Interactive_[BasketBall] v1.1/Animations/Basketball Motions Humanoid/804_Passileft.fbx using Guid(67dc93de42df576449f56342d1f5f661) Importer(2089858483,b0f066a214c2f5e87bad3c948f4d605d) (ScriptedImporter) -> (artifact id: '31dabe47ba7e919829deab0f6cd8115a') in 0.0291874 seconds
Number of updated asset objects reloaded before import = 0Number of asset objects unloaded after import = 154

========================================================================
Received Import Request.
  Time since last request: 0.000038 seconds.
  path: Assets/Studio33 Interactive_[BasketBall] v1.1/Animations/Basketball Motions_Generic/145_StopRA.fbx
  artifactKey: Guid(5cd7506fbe894104cb81a351b94d90e5) Importer(2089858483,b0f066a214c2f5e87bad3c948f4d605d)
Start importing Assets/Studio33 Interactive_[BasketBall] v1.1/Animations/Basketball Motions_Generic/145_StopRA.fbx using Guid(5cd7506fbe894104cb81a351b94d90e5) Importer(2089858483,b0f066a214c2f5e87bad3c948f4d605d) (ScriptedImporter) -> (artifact id: 'fb91affee97c154afd58237219cdfc29') in 0.0276155 seconds
Number of updated asset objects reloaded before import = 0Number of asset objects unloaded after import = 152

========================================================================
Received Import Request.
  Time since last request: 0.000064 seconds.
  path: Assets/Studio33 Interactive_[BasketBall] v1.1/Animations/Basketball Motions Humanoid/1095_ScreefrontA.fbx
  artifactKey: Guid(1c60a89589644374788512ccc4a7df6a) Importer(2089858483,b0f066a214c2f5e87bad3c948f4d605d)
Start importing Assets/Studio33 Interactive_[BasketBall] v1.1/Animations/Basketball Motions Humanoid/1095_ScreefrontA.fbx using Guid(1c60a89589644374788512ccc4a7df6a) Importer(2089858483,b0f066a214c2f5e87bad3c948f4d605d) (ScriptedImporter) -> (artifact id: 'f073da8304e5bf5d5d6b7d0b335d0563') in 0.0328513 seconds
Number of updated asset objects reloaded before import = 0Number of asset objects unloaded after import = 154

========================================================================
Received Import Request.
  Time since last request: 0.000031 seconds.
  path: Assets/Studio33 Interactive_[BasketBall] v1.1/Animations/Basketball Motions_Generic/152_TravRA.fbx
  artifactKey: Guid(3b9dc4834216e844bbfa3515e767eb56) Importer(2089858483,b0f066a214c2f5e87bad3c948f4d605d)
Start importing Assets/Studio33 Interactive_[BasketBall] v1.1/Animations/Basketball Motions_Generic/152_TravRA.fbx using Guid(3b9dc4834216e844bbfa3515e767eb56) Importer(2089858483,b0f066a214c2f5e87bad3c948f4d605d) (ScriptedImporter) -> (artifact id: '0b6ded26086501ed67eab74c1eead45e') in 0.0256564 seconds
Number of updated asset objects reloaded before import = 0Number of asset objects unloaded after import = 152

========================================================================
Received Import Request.
  Time since last request: 0.000037 seconds.
  path: Assets/Studio33 Interactive_[BasketBall] v1.1/Animations/Basketball Motions_Generic/1127_BlockingckedDunkFrontA.fbx
  artifactKey: Guid(c9b272b865c572542ae145710ee82bf2) Importer(2089858483,b0f066a214c2f5e87bad3c948f4d605d)
Start importing Assets/Studio33 Interactive_[BasketBall] v1.1/Animations/Basketball Motions_Generic/1127_BlockingckedDunkFrontA.fbx using Guid(c9b272b865c572542ae145710ee82bf2) Importer(2089858483,b0f066a214c2f5e87bad3c948f4d605d) (ScriptedImporter) -> (artifact id: '16d88d31a420c406d56638b83bab3bb4') in 0.0283608 seconds
Number of updated asset objects reloaded before import = 0Number of asset objects unloaded after import = 152

========================================================================
Received Import Request.
  Time since last request: 0.000042 seconds.
  path: Assets/Studio33 Interactive_[BasketBall] v1.1/Animations/Basketball Motions Humanoid/2152_PivotLFA.fbx
  artifactKey: Guid(7db2e38fecbc5e442be9d8cffa22a0e7) Importer(2089858483,b0f066a214c2f5e87bad3c948f4d605d)
Start importing Assets/Studio33 Interactive_[BasketBall] v1.1/Animations/Basketball Motions Humanoid/2152_PivotLFA.fbx using Guid(7db2e38fecbc5e442be9d8cffa22a0e7) Importer(2089858483,b0f066a214c2f5e87bad3c948f4d605d) (ScriptedImporter) -> (artifact id: '15feb3e290a5ff9efbd1967ed00ef6c5') in 0.0292006 seconds
Number of updated asset objects reloaded before import = 0Number of asset objects unloaded after import = 154

========================================================================
Received Import Request.
  Time since last request: 0.000049 seconds.
  path: Assets/Studio33 Interactive_[BasketBall] v1.1/Animations/Basketball Motions Humanoid/310_TurnstepFLA.fbx
  artifactKey: Guid(7fbfc3c9048da6443bf8da0397dba8bd) Importer(2089858483,b0f066a214c2f5e87bad3c948f4d605d)
Start importing Assets/Studio33 Interactive_[BasketBall] v1.1/Animations/Basketball Motions Humanoid/310_TurnstepFLA.fbx using Guid(7fbfc3c9048da6443bf8da0397dba8bd) Importer(2089858483,b0f066a214c2f5e87bad3c948f4d605d) (ScriptedImporter) -> (artifact id: 'c333db55b49dad74b6f23bd52260e44b') in 0.0323816 seconds
Number of updated asset objects reloaded before import = 0Number of asset objects unloaded after import = 154

========================================================================
Received Import Request.
  Time since last request: 0.000041 seconds.
  path: Assets/Studio33 Interactive_[BasketBall] v1.1/Animations/Basketball Motions_Generic/508_Dribbleright.fbx
  artifactKey: Guid(951649d4d6216f94da8870e6980e7bc2) Importer(2089858483,b0f066a214c2f5e87bad3c948f4d605d)
Start importing Assets/Studio33 Interactive_[BasketBall] v1.1/Animations/Basketball Motions_Generic/508_Dribbleright.fbx using Guid(951649d4d6216f94da8870e6980e7bc2) Importer(2089858483,b0f066a214c2f5e87bad3c948f4d605d) (ScriptedImporter) -> (artifact id: 'b9d3fb2a884fc65de4e64a77f7f36a8d') in 0.027443 seconds
Number of updated asset objects reloaded before import = 0Number of asset objects unloaded after import = 152

========================================================================
Received Import Request.
  Time since last request: 0.000038 seconds.
  path: Assets/Studio33 Interactive_[BasketBall] v1.1/Animations/Basketball Motions_Generic/165_PushPushedBaA.fbx
  artifactKey: Guid(665d24dfa32d8a34089dd2a32e2ed8d7) Importer(815301076,1909f56bfc062723c751e8b465ee728b)
Start importing Assets/Studio33 Interactive_[BasketBall] v1.1/Animations/Basketball Motions_Generic/165_PushPushedBaA.fbx using Guid(665d24dfa32d8a34089dd2a32e2ed8d7) Importer(815301076,1909f56bfc062723c751e8b465ee728b) (PreviewImporter) -> (artifact id: '3d09e550c7ecceaa652794370ae9d0db') in 0.0449465 seconds
Number of updated asset objects reloaded before import = 0Number of asset objects unloaded after import = 152

========================================================================
Received Import Request.
  Time since last request: 0.000054 seconds.
  path: Assets/Studio33 Interactive_[BasketBall] v1.1/Animations/Basketball Motions_Generic/121_ReboundAndBoxOutRightA.fbx
  artifactKey: Guid(9f570fc73d39f40439e1bdd1d6b2f368) Importer(2089858483,b0f066a214c2f5e87bad3c948f4d605d)
Start importing Assets/Studio33 Interactive_[BasketBall] v1.1/Animations/Basketball Motions_Generic/121_ReboundAndBoxOutRightA.fbx using Guid(9f570fc73d39f40439e1bdd1d6b2f368) Importer(2089858483,b0f066a214c2f5e87bad3c948f4d605d) (ScriptedImporter) -> (artifact id: 'a1f5de4098cc0989b9fb382a928adb12') in 0.0291568 seconds
Number of updated asset objects reloaded before import = 0Number of asset objects unloaded after import = 152

========================================================================
Received Import Request.
  Time since last request: 0.000060 seconds.
  path: Assets/Studio33 Interactive_[BasketBall] v1.1/Animations/Basketball Motions_Generic/73_BlockingckncatchLongNearFA.fbx
  artifactKey: Guid(0fd76e62a13d5ef42bc7661a3662fad2) Importer(815301076,1909f56bfc062723c751e8b465ee728b)
Start importing Assets/Studio33 Interactive_[BasketBall] v1.1/Animations/Basketball Motions_Generic/73_BlockingckncatchLongNearFA.fbx using Guid(0fd76e62a13d5ef42bc7661a3662fad2) Importer(815301076,1909f56bfc062723c751e8b465ee728b) (PreviewImporter) -> (artifact id: '9a854e5c4c2ba88f478045a1239b59c0') in 0.0439061 seconds
Number of updated asset objects reloaded before import = 0Number of asset objects unloaded after import = 152

========================================================================
Received Import Request.
  Time since last request: 0.000033 seconds.
  path: Assets/Studio33 Interactive_[BasketBall] v1.1/Animations/Basketball Motions_Generic/561_QuickpointMA.fbx
  artifactKey: Guid(3f59145125d711045ac0de28c13473a7) Importer(2089858483,b0f066a214c2f5e87bad3c948f4d605d)
Start importing Assets/Studio33 Interactive_[BasketBall] v1.1/Animations/Basketball Motions_Generic/561_QuickpointMA.fbx using Guid(3f59145125d711045ac0de28c13473a7) Importer(2089858483,b0f066a214c2f5e87bad3c948f4d605d) (ScriptedImporter) -> (artifact id: 'e1c30a875a93c73bd4eecf1fe84ec7f7') in 0.0254429 seconds
Number of updated asset objects reloaded before import = 0Number of asset objects unloaded after import = 152

========================================================================
Received Import Request.
  Time since last request: 0.000038 seconds.
  path: Assets/Studio33 Interactive_[BasketBall] v1.1/Animations/Basketball Motions_Generic/99_BlockinglongNearL.fbx
  artifactKey: Guid(2b68a9895b9947c4091387b0f2249d01) Importer(815301076,1909f56bfc062723c751e8b465ee728b)
Start importing Assets/Studio33 Interactive_[BasketBall] v1.1/Animations/Basketball Motions_Generic/99_BlockinglongNearL.fbx using Guid(2b68a9895b9947c4091387b0f2249d01) Importer(815301076,1909f56bfc062723c751e8b465ee728b) (PreviewImporter) -> (artifact id: 'd8d1e45daf708eb34a9e6f0c76b0747f') in 0.0418284 seconds
Number of updated asset objects reloaded before import = 0Number of asset objects unloaded after import = 152

========================================================================
Received Import Request.
  Time since last request: 0.000059 seconds.
  path: Assets/Studio33 Interactive_[BasketBall] v1.1/Animations/Basketball Motions_Generic/861_PassKirA.fbx
  artifactKey: Guid(402ae80bdcfbf7c46ac6f3f8494ba141) Importer(2089858483,b0f066a214c2f5e87bad3c948f4d605d)
Start importing Assets/Studio33 Interactive_[BasketBall] v1.1/Animations/Basketball Motions_Generic/861_PassKirA.fbx using Guid(402ae80bdcfbf7c46ac6f3f8494ba141) Importer(2089858483,b0f066a214c2f5e87bad3c948f4d605d) (ScriptedImporter) -> (artifact id: '78954748f8160e4be1c6bf2435204c36') in 0.0289232 seconds
Number of updated asset objects reloaded before import = 0Number of asset objects unloaded after import = 152

========================================================================
Received Import Request.
  Time since last request: 0.000037 seconds.
  path: Assets/Studio33 Interactive_[BasketBall] v1.1/Animations/Basketball Motions_Generic/1103_Screetwostep.fbx
  artifactKey: Guid(3101f784cab46ff469e3643b3abee71c) Importer(2089858483,b0f066a214c2f5e87bad3c948f4d605d)
Start importing Assets/Studio33 Interactive_[BasketBall] v1.1/Animations/Basketball Motions_Generic/1103_Screetwostep.fbx using Guid(3101f784cab46ff469e3643b3abee71c) Importer(2089858483,b0f066a214c2f5e87bad3c948f4d605d) (ScriptedImporter) -> (artifact id: 'f80227b4942b3825f511ec69b682d078') in 0.0199577 seconds
Number of updated asset objects reloaded before import = 0Number of asset objects unloaded after import = 152

========================================================================
Received Import Request.
  Time since last request: 0.000030 seconds.
  path: Assets/Studio33 Interactive_[BasketBall] v1.1/Animations/Basketball Motions Humanoid/1024_Rebound rC.fbx
  artifactKey: Guid(da4d9439a49bb21499bf8b241ca9716c) Importer(2089858483,b0f066a214c2f5e87bad3c948f4d605d)
Start importing Assets/Studio33 Interactive_[BasketBall] v1.1/Animations/Basketball Motions Humanoid/1024_Rebound rC.fbx using Guid(da4d9439a49bb21499bf8b241ca9716c) Importer(2089858483,b0f066a214c2f5e87bad3c948f4d605d) (ScriptedImporter) -> (artifact id: '18677f19ce9ca60e2d740b693758edc9') in 0.0226228 seconds
Number of updated asset objects reloaded before import = 0Number of asset objects unloaded after import = 154

========================================================================
Received Import Request.
  Time since last request: 0.000033 seconds.
  path: Assets/Studio33 Interactive_[BasketBall] v1.1/Animations/Basketball Motions_Generic/1267_AlleyoopDclutchRevRightA.fbx
  artifactKey: Guid(da70747967d901243a5c0c6dd2a1b6a2) Importer(2089858483,b0f066a214c2f5e87bad3c948f4d605d)
Start importing Assets/Studio33 Interactive_[BasketBall] v1.1/Animations/Basketball Motions_Generic/1267_AlleyoopDclutchRevRightA.fbx using Guid(da70747967d901243a5c0c6dd2a1b6a2) Importer(2089858483,b0f066a214c2f5e87bad3c948f4d605d) (ScriptedImporter) -> (artifact id: 'fe609b67327d7dcaa3b350f6034d60ac') in 0.0221271 seconds
Number of updated asset objects reloaded before import = 0Number of asset objects unloaded after import = 152

========================================================================
Received Import Request.
  Time since last request: 0.000044 seconds.
  path: Assets/Studio33 Interactive_[BasketBall] v1.1/Animations/Basketball Motions_Generic/218_CrossEurostepLayupC.fbx
  artifactKey: Guid(243afd9bbb8139a4baf063b4b5f57bb1) Importer(2089858483,b0f066a214c2f5e87bad3c948f4d605d)
Start importing Assets/Studio33 Interactive_[BasketBall] v1.1/Animations/Basketball Motions_Generic/218_CrossEurostepLayupC.fbx using Guid(243afd9bbb8139a4baf063b4b5f57bb1) Importer(2089858483,b0f066a214c2f5e87bad3c948f4d605d) (ScriptedImporter) -> (artifact id: '53747c0deeafce0574124547c15cc9c5') in 0.0272423 seconds
Number of updated asset objects reloaded before import = 0Number of asset objects unloaded after import = 152

========================================================================
Received Import Request.
  Time since last request: 0.000037 seconds.
  path: Assets/Studio33 Interactive_[BasketBall] v1.1/Animations/Basketball Motions_Generic/1039_TappassTapRB.fbx
  artifactKey: Guid(57693f8726a3b48479e39ff5f155c2f2) Importer(2089858483,b0f066a214c2f5e87bad3c948f4d605d)
Start importing Assets/Studio33 Interactive_[BasketBall] v1.1/Animations/Basketball Motions_Generic/1039_TappassTapRB.fbx using Guid(57693f8726a3b48479e39ff5f155c2f2) Importer(2089858483,b0f066a214c2f5e87bad3c948f4d605d) (ScriptedImporter) -> (artifact id: 'a62e612656a767c29716240ec62bcba4') in 0.0224056 seconds
Number of updated asset objects reloaded before import = 0Number of asset objects unloaded after import = 152

========================================================================
Received Import Request.
  Time since last request: 0.000040 seconds.
  path: Assets/Studio33 Interactive_[BasketBall] v1.1/Animations/Basketball Motions Humanoid/1283_DunkCAG.fbx
  artifactKey: Guid(ad9d96aeb8b9ff24f85450708a4a82db) Importer(2089858483,b0f066a214c2f5e87bad3c948f4d605d)
Start importing Assets/Studio33 Interactive_[BasketBall] v1.1/Animations/Basketball Motions Humanoid/1283_DunkCAG.fbx using Guid(ad9d96aeb8b9ff24f85450708a4a82db) Importer(2089858483,b0f066a214c2f5e87bad3c948f4d605d) (ScriptedImporter) -> (artifact id: 'b8a09668491593b4b15602e5d10ce423') in 0.0250014 seconds
Number of updated asset objects reloaded before import = 0Number of asset objects unloaded after import = 154

========================================================================
Received Import Request.
  Time since last request: 0.000035 seconds.
  path: Assets/Studio33 Interactive_[BasketBall] v1.1/Animations/Basketball Motions_Generic/137_ReboundAndBoxOutSwimStepRightA.fbx
  artifactKey: Guid(9b873892487d5eb469582d3e7f0d953f) Importer(815301076,1909f56bfc062723c751e8b465ee728b)
Start importing Assets/Studio33 Interactive_[BasketBall] v1.1/Animations/Basketball Motions_Generic/137_ReboundAndBoxOutSwimStepRightA.fbx using Guid(9b873892487d5eb469582d3e7f0d953f) Importer(815301076,1909f56bfc062723c751e8b465ee728b) (PreviewImporter) -> (artifact id: '07b970204ebf342255df934bfdae1585') in 0.0359808 seconds
Number of updated asset objects reloaded before import = 0Number of asset objects unloaded after import = 152

========================================================================
Received Import Request.
  Time since last request: 0.000051 seconds.
  path: Assets/Studio33 Interactive_[BasketBall] v1.1/Animations/Basketball Motions_Generic/716_PassOverFA.fbx
  artifactKey: Guid(d54de64e42a251f419a0d5cc4a9fb4ae) Importer(2089858483,b0f066a214c2f5e87bad3c948f4d605d)
Start importing Assets/Studio33 Interactive_[BasketBall] v1.1/Animations/Basketball Motions_Generic/716_PassOverFA.fbx using Guid(d54de64e42a251f419a0d5cc4a9fb4ae) Importer(2089858483,b0f066a214c2f5e87bad3c948f4d605d) (ScriptedImporter) -> (artifact id: '2adc57590bb84aa246643aefb1f33663') in 0.021352 seconds
Number of updated asset objects reloaded before import = 0Number of asset objects unloaded after import = 152

========================================================================
Received Import Request.
  Time since last request: 0.000030 seconds.
  path: Assets/Studio33 Interactive_[BasketBall] v1.1/Animations/Basketball Motions Humanoid/745_PassBadOverA.fbx
  artifactKey: Guid(f4af7b8781eaaef4badf851bed067845) Importer(2089858483,b0f066a214c2f5e87bad3c948f4d605d)
Start importing Assets/Studio33 Interactive_[BasketBall] v1.1/Animations/Basketball Motions Humanoid/745_PassBadOverA.fbx using Guid(f4af7b8781eaaef4badf851bed067845) Importer(2089858483,b0f066a214c2f5e87bad3c948f4d605d) (ScriptedImporter) -> (artifact id: '2a5301f91e7804c0b562ff7255ebc9b9') in 0.0281776 seconds
Number of updated asset objects reloaded before import = 0Number of asset objects unloaded after import = 154

========================================================================
Received Import Request.
  Time since last request: 0.000042 seconds.
  path: Assets/Studio33 Interactive_[BasketBall] v1.1/Animations/Basketball Motions Humanoid/313_TurnstepOverRA.fbx
  artifactKey: Guid(9a87fbd0b31c99c428e9d5a9a2a6046d) Importer(2089858483,b0f066a214c2f5e87bad3c948f4d605d)
Start importing Assets/Studio33 Interactive_[BasketBall] v1.1/Animations/Basketball Motions Humanoid/313_TurnstepOverRA.fbx using Guid(9a87fbd0b31c99c428e9d5a9a2a6046d) Importer(2089858483,b0f066a214c2f5e87bad3c948f4d605d) (ScriptedImporter) -> (artifact id: 'c5f2048568d670091f09b03f5e67dec0') in 0.0241293 seconds
Number of updated asset objects reloaded before import = 0Number of asset objects unloaded after import = 154

========================================================================
Received Import Request.
  Time since last request: 0.000038 seconds.
  path: Assets/Studio33 Interactive_[BasketBall] v1.1/Animations/Basketball Motions_Generic/54_BlockingckncatchShortLA.fbx
  artifactKey: Guid(b8478ef67881f464385b2c5945dff89c) Importer(815301076,1909f56bfc062723c751e8b465ee728b)
Start importing Assets/Studio33 Interactive_[BasketBall] v1.1/Animations/Basketball Motions_Generic/54_BlockingckncatchShortLA.fbx using Guid(b8478ef67881f464385b2c5945dff89c) Importer(815301076,1909f56bfc062723c751e8b465ee728b) (PreviewImporter) -> (artifact id: '2c017e3105473a742647d780d52a5986') in 0.0328545 seconds
Number of updated asset objects reloaded before import = 0Number of asset objects unloaded after import = 152

========================================================================
Received Import Request.
  Time since last request: 0.000047 seconds.
  path: Assets/Studio33 Interactive_[BasketBall] v1.1/Animations/Basketball Motions_Generic/2160_PivotLA.fbx
  artifactKey: Guid(d810e3945cfe8d745aa8a8ca87777532) Importer(2089858483,b0f066a214c2f5e87bad3c948f4d605d)
Start importing Assets/Studio33 Interactive_[BasketBall] v1.1/Animations/Basketball Motions_Generic/2160_PivotLA.fbx using Guid(d810e3945cfe8d745aa8a8ca87777532) Importer(2089858483,b0f066a214c2f5e87bad3c948f4d605d) (ScriptedImporter) -> (artifact id: '6377b3316ec857380b54a438425c205c') in 0.0225095 seconds
Number of updated asset objects reloaded before import = 0Number of asset objects unloaded after import = 152

========================================================================
Received Import Request.
  Time since last request: 0.000030 seconds.
  path: Assets/Studio33 Interactive_[BasketBall] v1.1/Animations/Basketball Motions_Generic/1431_LayupRA.fbx
  artifactKey: Guid(123c0eb3c1c54b44093e1386435af8c2) Importer(2089858483,b0f066a214c2f5e87bad3c948f4d605d)
Start importing Assets/Studio33 Interactive_[BasketBall] v1.1/Animations/Basketball Motions_Generic/1431_LayupRA.fbx using Guid(123c0eb3c1c54b44093e1386435af8c2) Importer(2089858483,b0f066a214c2f5e87bad3c948f4d605d) (ScriptedImporter) -> (artifact id: 'ad51865e890c52aa7e85ded1b5ab88d2') in 0.0211716 seconds
Number of updated asset objects reloaded before import = 0Number of asset objects unloaded after import = 152

========================================================================
Received Import Request.
  Time since last request: 0.000033 seconds.
  path: Assets/Studio33 Interactive_[BasketBall] v1.1/Animations/Basketball Motions Humanoid/2068_JumpshotCAFakeA.fbx
  artifactKey: Guid(c182552875693c248b776797dd18ec2c) Importer(2089858483,b0f066a214c2f5e87bad3c948f4d605d)
Start importing Assets/Studio33 Interactive_[BasketBall] v1.1/Animations/Basketball Motions Humanoid/2068_JumpshotCAFakeA.fbx using Guid(c182552875693c248b776797dd18ec2c) Importer(2089858483,b0f066a214c2f5e87bad3c948f4d605d) (ScriptedImporter) -> (artifact id: '5ec8ade5353704bb2eadec8e010bf040') in 0.0260002 seconds
Number of updated asset objects reloaded before import = 0Number of asset objects unloaded after import = 154

========================================================================
Received Import Request.
  Time since last request: 0.000032 seconds.
  path: Assets/Studio33 Interactive_[BasketBall] v1.1/Animations/Basketball Motions_Generic/130_ReboundAndBoxOutHoldRightA.fbx
  artifactKey: Guid(2b5e7f78e6c61b14bae48e093a1fd869) Importer(815301076,1909f56bfc062723c751e8b465ee728b)
Start importing Assets/Studio33 Interactive_[BasketBall] v1.1/Animations/Basketball Motions_Generic/130_ReboundAndBoxOutHoldRightA.fbx using Guid(2b5e7f78e6c61b14bae48e093a1fd869) Importer(815301076,1909f56bfc062723c751e8b465ee728b) (PreviewImporter) -> (artifact id: 'f4bab5e166ba47becd20e3e3fed0223f') in 0.0348668 seconds
Number of updated asset objects reloaded before import = 0Number of asset objects unloaded after import = 152

========================================================================
Received Import Request.
  Time since last request: 0.000042 seconds.
  path: Assets/Studio33 Interactive_[BasketBall] v1.1/Animations/Basketball Motions_Generic/9_BlockinglongFarLayupF.fbx
  artifactKey: Guid(07b87c48ff869cb4d92e6dd2706c6b1a) Importer(815301076,1909f56bfc062723c751e8b465ee728b)
Start importing Assets/Studio33 Interactive_[BasketBall] v1.1/Animations/Basketball Motions_Generic/9_BlockinglongFarLayupF.fbx using Guid(07b87c48ff869cb4d92e6dd2706c6b1a) Importer(815301076,1909f56bfc062723c751e8b465ee728b) (PreviewImporter) -> (artifact id: '80d1c333a202bf35bf4c0c935c7b36db') in 0.0390881 seconds
Number of updated asset objects reloaded before import = 0Number of asset objects unloaded after import = 152

========================================================================
Received Import Request.
  Time since last request: 0.000041 seconds.
  path: Assets/Studio33 Interactive_[BasketBall] v1.1/33_basket ball test animations/player/Back_number/Back_number_Y/Back_number_B_c12.png
  artifactKey: Guid(a0614b53f2b450b45a92f2c9da9947ec) Importer(2089858483,b0f066a214c2f5e87bad3c948f4d605d)
Start importing Assets/Studio33 Interactive_[BasketBall] v1.1/33_basket ball test animations/player/Back_number/Back_number_Y/Back_number_B_c12.png using Guid(a0614b53f2b450b45a92f2c9da9947ec) Importer(2089858483,b0f066a214c2f5e87bad3c948f4d605d) (ScriptedImporter) -> (artifact id: '0c39fc9ba97f1200b8dffeff7427868c') in 0.0239419 seconds
Number of updated asset objects reloaded before import = 0Number of asset objects unloaded after import = 1

========================================================================
Received Import Request.
  Time since last request: 0.000038 seconds.
  path: Assets/Studio33 Interactive_[BasketBall] v1.1/Animations/Basketball Motions_Generic/109_BlockingckpassLongFarLayupFFA.fbx
  artifactKey: Guid(a77215bf8e0569846ab13958f04e7d9a) Importer(2089858483,b0f066a214c2f5e87bad3c948f4d605d)
Start importing Assets/Studio33 Interactive_[BasketBall] v1.1/Animations/Basketball Motions_Generic/109_BlockingckpassLongFarLayupFFA.fbx using Guid(a77215bf8e0569846ab13958f04e7d9a) Importer(2089858483,b0f066a214c2f5e87bad3c948f4d605d) (ScriptedImporter) -> (artifact id: '1100b3fdbd1b14fe139e3efa5ba61407') in 0.0260459 seconds
Number of updated asset objects reloaded before import = 0Number of asset objects unloaded after import = 152

========================================================================
Received Import Request.
  Time since last request: 0.000040 seconds.
  path: Assets/Studio33 Interactive_[BasketBall] v1.1/Animations/Basketball Motions_Generic/65_BlockingshortL.fbx
  artifactKey: Guid(bb479bbebfe459743a5d78f996b92509) Importer(815301076,1909f56bfc062723c751e8b465ee728b)
Start importing Assets/Studio33 Interactive_[BasketBall] v1.1/Animations/Basketball Motions_Generic/65_BlockingshortL.fbx using Guid(bb479bbebfe459743a5d78f996b92509) Importer(815301076,1909f56bfc062723c751e8b465ee728b) (PreviewImporter) -> (artifact id: '010c41e309854aa59ee08b5ab483bab9') in 0.0562426 seconds
Number of updated asset objects reloaded before import = 0Number of asset objects unloaded after import = 152

========================================================================
Received Import Request.
  Time since last request: 0.000062 seconds.
  path: Assets/Studio33 Interactive_[BasketBall] v1.1/Animations/Basketball Motions_Generic/1785_DunkCA.fbx
  artifactKey: Guid(b8ea42b8ea149084e8c86da7105cbec5) Importer(2089858483,b0f066a214c2f5e87bad3c948f4d605d)
Start importing Assets/Studio33 Interactive_[BasketBall] v1.1/Animations/Basketball Motions_Generic/1785_DunkCA.fbx using Guid(b8ea42b8ea149084e8c86da7105cbec5) Importer(2089858483,b0f066a214c2f5e87bad3c948f4d605d) (ScriptedImporter) -> (artifact id: '55f2ab3e30b4b6f05fb6e73bf2129209') in 0.0296567 seconds
Number of updated asset objects reloaded before import = 0Number of asset objects unloaded after import = 152

========================================================================
Received Import Request.
  Time since last request: 0.000046 seconds.
  path: Assets/Studio33 Interactive_[BasketBall] v1.1/Animations/Basketball Motions_Generic/94_BlockinglongFarL.fbx
  artifactKey: Guid(5a6d9d48131e36a42958d36799893bcb) Importer(815301076,1909f56bfc062723c751e8b465ee728b)
Start importing Assets/Studio33 Interactive_[BasketBall] v1.1/Animations/Basketball Motions_Generic/94_BlockinglongFarL.fbx using Guid(5a6d9d48131e36a42958d36799893bcb) Importer(815301076,1909f56bfc062723c751e8b465ee728b) (PreviewImporter) -> (artifact id: 'ea5fa80c9828ea7966fb84bbd38fb69b') in 0.0452463 seconds
Number of updated asset objects reloaded before import = 0Number of asset objects unloaded after import = 152

========================================================================
Received Import Request.
  Time since last request: 0.000057 seconds.
  path: Assets/Studio33 Interactive_[BasketBall] v1.1/Animations/Basketball Motions_Generic/666_SonicShRtF.fbx
  artifactKey: Guid(302d7faa0492667479a084632addc060) Importer(2089858483,b0f066a214c2f5e87bad3c948f4d605d)
Start importing Assets/Studio33 Interactive_[BasketBall] v1.1/Animations/Basketball Motions_Generic/666_SonicShRtF.fbx using Guid(302d7faa0492667479a084632addc060) Importer(2089858483,b0f066a214c2f5e87bad3c948f4d605d) (ScriptedImporter) -> (artifact id: 'd723490c76e30fc6c622119cab9205d9') in 0.0275869 seconds
Number of updated asset objects reloaded before import = 0Number of asset objects unloaded after import = 152

========================================================================
Received Import Request.
  Time since last request: 0.000050 seconds.
  path: Assets/Studio33 Interactive_[BasketBall] v1.1/Animations/Basketball Motions Humanoid/1291_DunkCA.fbx
  artifactKey: Guid(8cb3aea26c4af664490fb7c00f66e64a) Importer(2089858483,b0f066a214c2f5e87bad3c948f4d605d)
Start importing Assets/Studio33 Interactive_[BasketBall] v1.1/Animations/Basketball Motions Humanoid/1291_DunkCA.fbx using Guid(8cb3aea26c4af664490fb7c00f66e64a) Importer(2089858483,b0f066a214c2f5e87bad3c948f4d605d) (ScriptedImporter) -> (artifact id: '5e12417b713d90ed8f83528be647a40d') in 0.0339998 seconds
Number of updated asset objects reloaded before import = 0Number of asset objects unloaded after import = 154

========================================================================
Received Import Request.
  Time since last request: 0.000045 seconds.
  path: Assets/Studio33 Interactive_[BasketBall] v1.1/Animations/Basketball Motions Humanoid/1579_JumpshotReadyFake.fbx
  artifactKey: Guid(1be51530512067246accb1be186146eb) Importer(2089858483,b0f066a214c2f5e87bad3c948f4d605d)
Start importing Assets/Studio33 Interactive_[BasketBall] v1.1/Animations/Basketball Motions Humanoid/1579_JumpshotReadyFake.fbx using Guid(1be51530512067246accb1be186146eb) Importer(2089858483,b0f066a214c2f5e87bad3c948f4d605d) (ScriptedImporter) -> (artifact id: '815d646691e5a48980482e06ec17d00f') in 0.0286816 seconds
Number of updated asset objects reloaded before import = 0Number of asset objects unloaded after import = 154

========================================================================
Received Import Request.
  Time since last request: 0.000044 seconds.
  path: Assets/Studio33 Interactive_[BasketBall] v1.1/Animations/Basketball Motions_Generic/2196_RstaDribbleleright.fbx
  artifactKey: Guid(a0b7d855a2241074792cca30d1bc92d7) Importer(2089858483,b0f066a214c2f5e87bad3c948f4d605d)
Start importing Assets/Studio33 Interactive_[BasketBall] v1.1/Animations/Basketball Motions_Generic/2196_RstaDribbleleright.fbx using Guid(a0b7d855a2241074792cca30d1bc92d7) Importer(2089858483,b0f066a214c2f5e87bad3c948f4d605d) (ScriptedImporter) -> (artifact id: '67af4889f439bafbbfcfc0fbb7c4fd44') in 0.0299902 seconds
Number of updated asset objects reloaded before import = 0Number of asset objects unloaded after import = 152

========================================================================
Received Import Request.
  Time since last request: 0.000057 seconds.
  path: Assets/Studio33 Interactive_[BasketBall] v1.1/Animations/Basketball Motions_Generic/902_PostWindupRightA.fbx
  artifactKey: Guid(62bb934a7f304d447b779229f06b2a5f) Importer(2089858483,b0f066a214c2f5e87bad3c948f4d605d)
Start importing Assets/Studio33 Interactive_[BasketBall] v1.1/Animations/Basketball Motions_Generic/902_PostWindupRightA.fbx using Guid(62bb934a7f304d447b779229f06b2a5f) Importer(2089858483,b0f066a214c2f5e87bad3c948f4d605d) (ScriptedImporter) -> (artifact id: 'be82d9a7edd606edb9cb4b9a32a233bf') in 0.0315419 seconds
Number of updated asset objects reloaded before import = 0Number of asset objects unloaded after import = 152

========================================================================
Received Import Request.
  Time since last request: 0.000036 seconds.
  path: Assets/Studio33 Interactive_[BasketBall] v1.1/Animations/Basketball Motions_Generic/10_PostBackingStepA.fbx
  artifactKey: Guid(64a40c97f21ffa043a8525c24cabcfde) Importer(2089858483,b0f066a214c2f5e87bad3c948f4d605d)
Start importing Assets/Studio33 Interactive_[BasketBall] v1.1/Animations/Basketball Motions_Generic/10_PostBackingStepA.fbx using Guid(64a40c97f21ffa043a8525c24cabcfde) Importer(2089858483,b0f066a214c2f5e87bad3c948f4d605d) (ScriptedImporter) -> (artifact id: '7b2328ac0c1df7db5cb2d8ee2f90b986') in 0.0329854 seconds
Number of updated asset objects reloaded before import = 0Number of asset objects unloaded after import = 152

========================================================================
Received Import Request.
  Time since last request: 0.000047 seconds.
  path: Assets/Studio33 Interactive_[BasketBall] v1.1/Animations/Basketball Motions_Generic/630_DivCSucA.fbx
  artifactKey: Guid(ae59ca2efb9eba741ae8b0b94316ac19) Importer(2089858483,b0f066a214c2f5e87bad3c948f4d605d)
Start importing Assets/Studio33 Interactive_[BasketBall] v1.1/Animations/Basketball Motions_Generic/630_DivCSucA.fbx using Guid(ae59ca2efb9eba741ae8b0b94316ac19) Importer(2089858483,b0f066a214c2f5e87bad3c948f4d605d) (ScriptedImporter) -> (artifact id: '1c533784a68c99c19d4f1d072585ba78') in 0.0274617 seconds
Number of updated asset objects reloaded before import = 0Number of asset objects unloaded after import = 152

========================================================================
Received Import Request.
  Time since last request: 0.000053 seconds.
  path: Assets/Studio33 Interactive_[BasketBall] v1.1/Animations/Basketball Motions Humanoid/1315_DunkRA.fbx
  artifactKey: Guid(5b44f8668de9da3488676805a30c617d) Importer(2089858483,b0f066a214c2f5e87bad3c948f4d605d)
Start importing Assets/Studio33 Interactive_[BasketBall] v1.1/Animations/Basketball Motions Humanoid/1315_DunkRA.fbx using Guid(5b44f8668de9da3488676805a30c617d) Importer(2089858483,b0f066a214c2f5e87bad3c948f4d605d) (ScriptedImporter) -> (artifact id: '2a6aa1121325ad8803846c0cb5049424') in 0.0388322 seconds
Number of updated asset objects reloaded before import = 0Number of asset objects unloaded after import = 154

========================================================================
Received Import Request.
  Time since last request: 0.000039 seconds.
  path: Assets/Studio33 Interactive_[BasketBall] v1.1/Animations/Basketball Motions_Generic/2023_DunkClutchRRightA.fbx
  artifactKey: Guid(a6762174ebda1044eb28e220cf4ca490) Importer(2089858483,b0f066a214c2f5e87bad3c948f4d605d)
Start importing Assets/Studio33 Interactive_[BasketBall] v1.1/Animations/Basketball Motions_Generic/2023_DunkClutchRRightA.fbx using Guid(a6762174ebda1044eb28e220cf4ca490) Importer(2089858483,b0f066a214c2f5e87bad3c948f4d605d) (ScriptedImporter) -> (artifact id: '6184b21921c862a611fbf31cf14ff5e5') in 0.0379423 seconds
Number of updated asset objects reloaded before import = 0Number of asset objects unloaded after import = 152

========================================================================
Received Import Request.
  Time since last request: 0.000048 seconds.
  path: Assets/Studio33 Interactive_[BasketBall] v1.1/Animations/Basketball Motions_Generic/1979_DunkCA.fbx
  artifactKey: Guid(c6c80a71ab9e34641bb8861a377df3a2) Importer(2089858483,b0f066a214c2f5e87bad3c948f4d605d)
Start importing Assets/Studio33 Interactive_[BasketBall] v1.1/Animations/Basketball Motions_Generic/1979_DunkCA.fbx using Guid(c6c80a71ab9e34641bb8861a377df3a2) Importer(2089858483,b0f066a214c2f5e87bad3c948f4d605d) (ScriptedImporter) -> (artifact id: 'dc6d3ac7ad0144ecb9620a0cddd82c2c') in 0.0305584 seconds
Number of updated asset objects reloaded before import = 0Number of asset objects unloaded after import = 152

========================================================================
Received Import Request.
  Time since last request: 0.000061 seconds.
  path: Assets/Studio33 Interactive_[BasketBall] v1.1/Animations/Basketball Motions_Generic/479_ChangeRightRA.fbx
  artifactKey: Guid(bb757ba5859e7cc458db88cc3d53891e) Importer(2089858483,b0f066a214c2f5e87bad3c948f4d605d)
Start importing Assets/Studio33 Interactive_[BasketBall] v1.1/Animations/Basketball Motions_Generic/479_ChangeRightRA.fbx using Guid(bb757ba5859e7cc458db88cc3d53891e) Importer(2089858483,b0f066a214c2f5e87bad3c948f4d605d) (ScriptedImporter) -> (artifact id: '409d0641b49ceb6bdd276055cb3a01ac') in 0.0262445 seconds
Number of updated asset objects reloaded before import = 0Number of asset objects unloaded after import = 152

========================================================================
Received Import Request.
  Time since last request: 0.000037 seconds.
  path: Assets/Studio33 Interactive_[BasketBall] v1.1/Animations/Basketball Motions_Generic/4_PostBackingA.fbx
  artifactKey: Guid(35c69e81bda52b141961efe4ddf76bfa) Importer(2089858483,b0f066a214c2f5e87bad3c948f4d605d)
Start importing Assets/Studio33 Interactive_[BasketBall] v1.1/Animations/Basketball Motions_Generic/4_PostBackingA.fbx using Guid(35c69e81bda52b141961efe4ddf76bfa) Importer(2089858483,b0f066a214c2f5e87bad3c948f4d605d) (ScriptedImporter) -> (artifact id: 'd8cddec4079c56d0c02b678915cb9114') in 0.0358888 seconds
Number of updated asset objects reloaded before import = 0Number of asset objects unloaded after import = 152

========================================================================
Received Import Request.
  Time since last request: 0.000056 seconds.
  path: Assets/Studio33 Interactive_[BasketBall] v1.1/Animations/Basketball Motions Humanoid/1440_LayupRA.fbx
  artifactKey: Guid(10e09684ae683f443a6bd386bfa15fe1) Importer(2089858483,b0f066a214c2f5e87bad3c948f4d605d)
Start importing Assets/Studio33 Interactive_[BasketBall] v1.1/Animations/Basketball Motions Humanoid/1440_LayupRA.fbx using Guid(10e09684ae683f443a6bd386bfa15fe1) Importer(2089858483,b0f066a214c2f5e87bad3c948f4d605d) (ScriptedImporter) -> (artifact id: 'fec24428942634ad517b6fb0ed3ba87b') in 0.0399626 seconds
Number of updated asset objects reloaded before import = 0Number of asset objects unloaded after import = 154

========================================================================
Received Import Request.
  Time since last request: 0.000056 seconds.
  path: Assets/Studio33 Interactive_[BasketBall] v1.1/Animations/Basketball Motions_Generic/1126_BlockingckedDunkBaA.fbx
  artifactKey: Guid(ae3176aa1b3196d44b34c984dbca38b3) Importer(2089858483,b0f066a214c2f5e87bad3c948f4d605d)
Start importing Assets/Studio33 Interactive_[BasketBall] v1.1/Animations/Basketball Motions_Generic/1126_BlockingckedDunkBaA.fbx using Guid(ae3176aa1b3196d44b34c984dbca38b3) Importer(2089858483,b0f066a214c2f5e87bad3c948f4d605d) (ScriptedImporter) -> (artifact id: '22d97d2ee65e4f95fc929fcf38b75425') in 0.0309737 seconds
Number of updated asset objects reloaded before import = 0Number of asset objects unloaded after import = 152

========================================================================
Received Import Request.
  Time since last request: 0.000052 seconds.
  path: Assets/Studio33 Interactive_[BasketBall] v1.1/Animations/Basketball Motions_Generic/439_DefenceRightAC.fbx
  artifactKey: Guid(d15cf32fc42dda74f84f904d5071377e) Importer(2089858483,b0f066a214c2f5e87bad3c948f4d605d)
Start importing Assets/Studio33 Interactive_[BasketBall] v1.1/Animations/Basketball Motions_Generic/439_DefenceRightAC.fbx using Guid(d15cf32fc42dda74f84f904d5071377e) Importer(2089858483,b0f066a214c2f5e87bad3c948f4d605d) (ScriptedImporter) -> (artifact id: '0b30a6e230edbe75c138d03232657dea') in 0.0290865 seconds
Number of updated asset objects reloaded before import = 0Number of asset objects unloaded after import = 152

========================================================================
Received Import Request.
  Time since last request: 0.000052 seconds.
  path: Assets/Studio33 Interactive_[BasketBall] v1.1/Animations/Basketball Motions Humanoid/656_Run.fbx
  artifactKey: Guid(f9f9aa5410efb354f8d86a3063ff6910) Importer(2089858483,b0f066a214c2f5e87bad3c948f4d605d)
Start importing Assets/Studio33 Interactive_[BasketBall] v1.1/Animations/Basketball Motions Humanoid/656_Run.fbx using Guid(f9f9aa5410efb354f8d86a3063ff6910) Importer(2089858483,b0f066a214c2f5e87bad3c948f4d605d) (ScriptedImporter) -> (artifact id: '7a8ff38c106eb7fd244e731e155e44d7') in 0.0311848 seconds
Number of updated asset objects reloaded before import = 0Number of asset objects unloaded after import = 154

========================================================================
Received Import Request.
  Time since last request: 0.000055 seconds.
  path: Assets/Studio33 Interactive_[BasketBall] v1.1/Animations/Basketball Motions_Generic/1686_JumpshotCCA.fbx
  artifactKey: Guid(b1d4de210e830b745a5c2d853552d763) Importer(2089858483,b0f066a214c2f5e87bad3c948f4d605d)
Start importing Assets/Studio33 Interactive_[BasketBall] v1.1/Animations/Basketball Motions_Generic/1686_JumpshotCCA.fbx using Guid(b1d4de210e830b745a5c2d853552d763) Importer(2089858483,b0f066a214c2f5e87bad3c948f4d605d) (ScriptedImporter) -> (artifact id: 'be161fe39d30b5f2965a9fc797e335b1') in 0.0297113 seconds
Number of updated asset objects reloaded before import = 0Number of asset objects unloaded after import = 152

========================================================================
Received Import Request.
  Time since last request: 0.000050 seconds.
  path: Assets/Studio33 Interactive_[BasketBall] v1.1/Animations/Basketball Motions_Generic/424_MQuickDefenseR.fbx
  artifactKey: Guid(b0700d6b6fbab4b4c9be61a764da2f43) Importer(2089858483,b0f066a214c2f5e87bad3c948f4d605d)
Start importing Assets/Studio33 Interactive_[BasketBall] v1.1/Animations/Basketball Motions_Generic/424_MQuickDefenseR.fbx using Guid(b0700d6b6fbab4b4c9be61a764da2f43) Importer(2089858483,b0f066a214c2f5e87bad3c948f4d605d) (ScriptedImporter) -> (artifact id: '2a6fc523c505ce55a7c0d669de778206') in 0.0274184 seconds
Number of updated asset objects reloaded before import = 0Number of asset objects unloaded after import = 152

========================================================================
Received Import Request.
  Time since last request: 0.000046 seconds.
  path: Assets/Studio33 Interactive_[BasketBall] v1.1/Animations/Basketball Motions_Generic/1826_DunkRA.fbx
  artifactKey: Guid(253481203fbdde44f8f41c51a6242dd2) Importer(2089858483,b0f066a214c2f5e87bad3c948f4d605d)
Start importing Assets/Studio33 Interactive_[BasketBall] v1.1/Animations/Basketball Motions_Generic/1826_DunkRA.fbx using Guid(253481203fbdde44f8f41c51a6242dd2) Importer(2089858483,b0f066a214c2f5e87bad3c948f4d605d) (ScriptedImporter) -> (artifact id: 'e10e64ac9aca59dc16925e1267389801') in 0.0356962 seconds
Number of updated asset objects reloaded before import = 0Number of asset objects unloaded after import = 152

========================================================================
Received Import Request.
  Time since last request: 0.000062 seconds.
  path: Assets/Studio33 Interactive_[BasketBall] v1.1/33_basket ball test animations/player/Back_number/Back_number_B/Back_number_B_c02.png
  artifactKey: Guid(940142d23187b5d4a8d54be639aedb2b) Importer(2089858483,b0f066a214c2f5e87bad3c948f4d605d)
Start importing Assets/Studio33 Interactive_[BasketBall] v1.1/33_basket ball test animations/player/Back_number/Back_number_B/Back_number_B_c02.png using Guid(940142d23187b5d4a8d54be639aedb2b) Importer(2089858483,b0f066a214c2f5e87bad3c948f4d605d) (ScriptedImporter) -> (artifact id: 'ee4097e9fe48e78b36747331d7621aba') in 0.0237689 seconds
Number of updated asset objects reloaded before import = 0Number of asset objects unloaded after import = 1

========================================================================
Received Import Request.
  Time since last request: 0.000034 seconds.
  path: Assets/Studio33 Interactive_[BasketBall] v1.1/Animations/Basketball Motions_Generic/2017_DunkRA.fbx
  artifactKey: Guid(389375c30737cf949b6fa153abf65994) Importer(2089858483,b0f066a214c2f5e87bad3c948f4d605d)
Start importing Assets/Studio33 Interactive_[BasketBall] v1.1/Animations/Basketball Motions_Generic/2017_DunkRA.fbx using Guid(389375c30737cf949b6fa153abf65994) Importer(2089858483,b0f066a214c2f5e87bad3c948f4d605d) (ScriptedImporter) -> (artifact id: '3d093cf1c89908f590df1a739a020e2e') in 0.0320774 seconds
Number of updated asset objects reloaded before import = 0Number of asset objects unloaded after import = 152

========================================================================
Received Import Request.
  Time since last request: 0.000052 seconds.
  path: Assets/Studio33 Interactive_[BasketBall] v1.1/Animations/Basketball Motions_Generic/156_BlockingckedFrontA.fbx
  artifactKey: Guid(592cbc88c65bf0e4d80351b22b9b3496) Importer(815301076,1909f56bfc062723c751e8b465ee728b)
Start importing Assets/Studio33 Interactive_[BasketBall] v1.1/Animations/Basketball Motions_Generic/156_BlockingckedFrontA.fbx using Guid(592cbc88c65bf0e4d80351b22b9b3496) Importer(815301076,1909f56bfc062723c751e8b465ee728b) (PreviewImporter) -> (artifact id: 'b637250f39fe0097cd7ab4f397286fa9') in 0.0455216 seconds
Number of updated asset objects reloaded before import = 0Number of asset objects unloaded after import = 152

========================================================================
Received Import Request.
  Time since last request: 0.000052 seconds.
  path: Assets/Studio33 Interactive_[BasketBall] v1.1/Animations/Basketball Motions_Generic/1474_FakelayupCA.fbx
  artifactKey: Guid(0b8c78a3c3baeb347bcb53936b457179) Importer(2089858483,b0f066a214c2f5e87bad3c948f4d605d)
Start importing Assets/Studio33 Interactive_[BasketBall] v1.1/Animations/Basketball Motions_Generic/1474_FakelayupCA.fbx using Guid(0b8c78a3c3baeb347bcb53936b457179) Importer(2089858483,b0f066a214c2f5e87bad3c948f4d605d) (ScriptedImporter) -> (artifact id: '4a513b22f22370e63b0a0b8ba21a3b5f') in 0.0282216 seconds
Number of updated asset objects reloaded before import = 0Number of asset objects unloaded after import = 152

========================================================================
Received Import Request.
  Time since last request: 0.000044 seconds.
  path: Assets/Studio33 Interactive_[BasketBall] v1.1/Animations/Basketball Motions_Generic/259_CrossFakeStepRRTrC.fbx
  artifactKey: Guid(05ec099eb479ccc4299a8fb3be202eee) Importer(2089858483,b0f066a214c2f5e87bad3c948f4d605d)
Start importing Assets/Studio33 Interactive_[BasketBall] v1.1/Animations/Basketball Motions_Generic/259_CrossFakeStepRRTrC.fbx using Guid(05ec099eb479ccc4299a8fb3be202eee) Importer(2089858483,b0f066a214c2f5e87bad3c948f4d605d) (ScriptedImporter) -> (artifact id: '09c7768417318218122ffbdc6c101279') in 0.0301153 seconds
Number of updated asset objects reloaded before import = 0Number of asset objects unloaded after import = 152

========================================================================
Received Import Request.
  Time since last request: 0.000045 seconds.
  path: Assets/Studio33 Interactive_[BasketBall] v1.1/Animations/Basketball Motions Humanoid/1190_DunkRA.fbx
  artifactKey: Guid(13bb426b4412f6e4fbea93201df0a06f) Importer(2089858483,b0f066a214c2f5e87bad3c948f4d605d)
Start importing Assets/Studio33 Interactive_[BasketBall] v1.1/Animations/Basketball Motions Humanoid/1190_DunkRA.fbx using Guid(13bb426b4412f6e4fbea93201df0a06f) Importer(2089858483,b0f066a214c2f5e87bad3c948f4d605d) (ScriptedImporter) -> (artifact id: '0d332dcdd3b686cfea95dc59d061cda9') in 0.0290607 seconds
Number of updated asset objects reloaded before import = 0Number of asset objects unloaded after import = 154

========================================================================
Received Import Request.
  Time since last request: 0.000055 seconds.
  path: Assets/Studio33 Interactive_[BasketBall] v1.1/Animations/Basketball Motions Humanoid/556_KneehereadyFake.fbx
  artifactKey: Guid(7fd5c15d09638a04081a904d2f844efa) Importer(2089858483,b0f066a214c2f5e87bad3c948f4d605d)
Start importing Assets/Studio33 Interactive_[BasketBall] v1.1/Animations/Basketball Motions Humanoid/556_KneehereadyFake.fbx using Guid(7fd5c15d09638a04081a904d2f844efa) Importer(2089858483,b0f066a214c2f5e87bad3c948f4d605d) (ScriptedImporter) -> (artifact id: '571531671f93c2c8718eaff29d902772') in 0.0338317 seconds
Number of updated asset objects reloaded before import = 0Number of asset objects unloaded after import = 154

========================================================================
Received Import Request.
  Time since last request: 0.000040 seconds.
  path: Assets/Studio33 Interactive_[BasketBall] v1.1/Animations/Basketball Motions Humanoid/269_CrossThLRLA.fbx
  artifactKey: Guid(db2148203724c304eb6ce184687fff31) Importer(2089858483,b0f066a214c2f5e87bad3c948f4d605d)
Start importing Assets/Studio33 Interactive_[BasketBall] v1.1/Animations/Basketball Motions Humanoid/269_CrossThLRLA.fbx using Guid(db2148203724c304eb6ce184687fff31) Importer(2089858483,b0f066a214c2f5e87bad3c948f4d605d) (ScriptedImporter) -> (artifact id: 'fd6a365d3ce986895ffbd7e7c4f15e27') in 0.037688 seconds
Number of updated asset objects reloaded before import = 0Number of asset objects unloaded after import = 154

========================================================================
Received Import Request.
  Time since last request: 0.000051 seconds.
  path: Assets/Studio33 Interactive_[BasketBall] v1.1/Animations/Basketball Motions Humanoid/1942_DunkCA.fbx
  artifactKey: Guid(3f97b3f95af53744b8edf8d4f0209c82) Importer(2089858483,b0f066a214c2f5e87bad3c948f4d605d)
Start importing Assets/Studio33 Interactive_[BasketBall] v1.1/Animations/Basketball Motions Humanoid/1942_DunkCA.fbx using Guid(3f97b3f95af53744b8edf8d4f0209c82) Importer(2089858483,b0f066a214c2f5e87bad3c948f4d605d) (ScriptedImporter) -> (artifact id: '3a90c402c3a8bc8c2222decf1cfb735b') in 0.0306851 seconds
Number of updated asset objects reloaded before import = 0Number of asset objects unloaded after import = 154

========================================================================
Received Import Request.
  Time since last request: 0.000048 seconds.
  path: Assets/Studio33 Interactive_[BasketBall] v1.1/Animations/Basketball Motions Humanoid/1836_DunkRA.fbx
  artifactKey: Guid(65a27dabb9c6f7a49b754e17b555e9c8) Importer(2089858483,b0f066a214c2f5e87bad3c948f4d605d)
Start importing Assets/Studio33 Interactive_[BasketBall] v1.1/Animations/Basketball Motions Humanoid/1836_DunkRA.fbx using Guid(65a27dabb9c6f7a49b754e17b555e9c8) Importer(2089858483,b0f066a214c2f5e87bad3c948f4d605d) (ScriptedImporter) -> (artifact id: '792501979a72ae327dbf5c140c186301') in 0.0301486 seconds
Number of updated asset objects reloaded before import = 0Number of asset objects unloaded after import = 154

========================================================================
Received Import Request.
  Time since last request: 0.000040 seconds.
  path: Assets/Studio33 Interactive_[BasketBall] v1.1/Animations/Basketball Motions Humanoid/911_PostThRightRA.fbx
  artifactKey: Guid(4aa15db7d3fec57419ccd7e3e654e8e6) Importer(2089858483,b0f066a214c2f5e87bad3c948f4d605d)
Start importing Assets/Studio33 Interactive_[BasketBall] v1.1/Animations/Basketball Motions Humanoid/911_PostThRightRA.fbx using Guid(4aa15db7d3fec57419ccd7e3e654e8e6) Importer(2089858483,b0f066a214c2f5e87bad3c948f4d605d) (ScriptedImporter) -> (artifact id: '69e740dcfbf5fbc8ed6ef243d04c1f60') in 0.0287564 seconds
Number of updated asset objects reloaded before import = 0Number of asset objects unloaded after import = 154

========================================================================
Received Import Request.
  Time since last request: 0.000037 seconds.
  path: Assets/Studio33 Interactive_[BasketBall] v1.1/Animations/Basketball Motions_Generic/1374_JumpshotPullupFA.fbx
  artifactKey: Guid(eca16cb492f723148b866aaaa93de21a) Importer(2089858483,b0f066a214c2f5e87bad3c948f4d605d)
Start importing Assets/Studio33 Interactive_[BasketBall] v1.1/Animations/Basketball Motions_Generic/1374_JumpshotPullupFA.fbx using Guid(eca16cb492f723148b866aaaa93de21a) Importer(2089858483,b0f066a214c2f5e87bad3c948f4d605d) (ScriptedImporter) -> (artifact id: 'adee7292c97ecff323beea201ca62406') in 0.0309309 seconds
Number of updated asset objects reloaded before import = 0Number of asset objects unloaded after import = 152

========================================================================
Received Import Request.
  Time since last request: 0.000045 seconds.
  path: Assets/Studio33 Interactive_[BasketBall] v1.1/Animations/Basketball Motions_Generic/1612_DunkCA.fbx
  artifactKey: Guid(de43d81a6ee86cb42b924e4643ba890d) Importer(2089858483,b0f066a214c2f5e87bad3c948f4d605d)
Start importing Assets/Studio33 Interactive_[BasketBall] v1.1/Animations/Basketball Motions_Generic/1612_DunkCA.fbx using Guid(de43d81a6ee86cb42b924e4643ba890d) Importer(2089858483,b0f066a214c2f5e87bad3c948f4d605d) (ScriptedImporter) -> (artifact id: 'dda30530b52129b83c481731d33683a7') in 0.0316572 seconds
Number of updated asset objects reloaded before import = 0Number of asset objects unloaded after import = 152

========================================================================
Received Import Request.
  Time since last request: 0.000057 seconds.
  path: Assets/Studio33 Interactive_[BasketBall] v1.1/Animations/Basketball Motions Humanoid/2056_DunkRRevA.fbx
  artifactKey: Guid(9b1b371ec5ff5934d830514b32b48a9c) Importer(2089858483,b0f066a214c2f5e87bad3c948f4d605d)
Start importing Assets/Studio33 Interactive_[BasketBall] v1.1/Animations/Basketball Motions Humanoid/2056_DunkRRevA.fbx using Guid(9b1b371ec5ff5934d830514b32b48a9c) Importer(2089858483,b0f066a214c2f5e87bad3c948f4d605d) (ScriptedImporter) -> (artifact id: '01b26e7a4352b47b19ee69876aded11c') in 0.0332278 seconds
Number of updated asset objects reloaded before import = 0Number of asset objects unloaded after import = 154

========================================================================
Received Import Request.
  Time since last request: 0.000038 seconds.
  path: Assets/Studio33 Interactive_[BasketBall] v1.1/Animations/Basketball Motions Humanoid/1158_DunkCA.fbx
  artifactKey: Guid(92251f5e19789734ebdbc99b321dd1ba) Importer(2089858483,b0f066a214c2f5e87bad3c948f4d605d)
Start importing Assets/Studio33 Interactive_[BasketBall] v1.1/Animations/Basketball Motions Humanoid/1158_DunkCA.fbx using Guid(92251f5e19789734ebdbc99b321dd1ba) Importer(2089858483,b0f066a214c2f5e87bad3c948f4d605d) (ScriptedImporter) -> (artifact id: 'f5038dd75042b3bd0bb1a35fbb2ed8a0') in 0.0303598 seconds
Number of updated asset objects reloaded before import = 0Number of asset objects unloaded after import = 154

========================================================================
Received Import Request.
  Time since last request: 0.000050 seconds.
  path: Assets/Studio33 Interactive_[BasketBall] v1.1/Animations/Basketball Motions Humanoid/1996_JumpshotMA.fbx
  artifactKey: Guid(a6f3e76ec9677fb4dbbdcd9e092100a1) Importer(2089858483,b0f066a214c2f5e87bad3c948f4d605d)
Start importing Assets/Studio33 Interactive_[BasketBall] v1.1/Animations/Basketball Motions Humanoid/1996_JumpshotMA.fbx using Guid(a6f3e76ec9677fb4dbbdcd9e092100a1) Importer(2089858483,b0f066a214c2f5e87bad3c948f4d605d) (ScriptedImporter) -> (artifact id: 'aec370d72b0215ec84581ee199ed0eb8') in 0.0321011 seconds
Number of updated asset objects reloaded before import = 0Number of asset objects unloaded after import = 154

========================================================================
Received Import Request.
  Time since last request: 0.000064 seconds.
  path: Assets/Studio33 Interactive_[BasketBall] v1.1/Animations/Basketball Motions Humanoid/796_PassChestLA.fbx
  artifactKey: Guid(7c8aa94ace1a67d4aa80729631c5caa2) Importer(2089858483,b0f066a214c2f5e87bad3c948f4d605d)
Start importing Assets/Studio33 Interactive_[BasketBall] v1.1/Animations/Basketball Motions Humanoid/796_PassChestLA.fbx using Guid(7c8aa94ace1a67d4aa80729631c5caa2) Importer(2089858483,b0f066a214c2f5e87bad3c948f4d605d) (ScriptedImporter) -> (artifact id: 'f3543d27a906ed3b71966dfbced20bd6') in 0.0356829 seconds
Number of updated asset objects reloaded before import = 0Number of asset objects unloaded after import = 154

========================================================================
Received Import Request.
  Time since last request: 0.000060 seconds.
  path: Assets/Studio33 Interactive_[BasketBall] v1.1/Animations/Basketball Motions_Generic/7_PostBackingpushedA.fbx
  artifactKey: Guid(72ea059392bc2ae4ba029c3123a65d5b) Importer(815301076,1909f56bfc062723c751e8b465ee728b)
Start importing Assets/Studio33 Interactive_[BasketBall] v1.1/Animations/Basketball Motions_Generic/7_PostBackingpushedA.fbx using Guid(72ea059392bc2ae4ba029c3123a65d5b) Importer(815301076,1909f56bfc062723c751e8b465ee728b) (PreviewImporter) -> (artifact id: 'ae0d51451f688b9b08499bbaa685e829') in 0.0509004 seconds
Number of updated asset objects reloaded before import = 0Number of asset objects unloaded after import = 152

========================================================================
Received Import Request.
  Time since last request: 0.000045 seconds.
  path: Assets/Studio33 Interactive_[BasketBall] v1.1/Animations/Basketball Motions Humanoid/418_MarkDefenceFF.fbx
  artifactKey: Guid(1eefd69e97c6ba44985d444b257fe516) Importer(2089858483,b0f066a214c2f5e87bad3c948f4d605d)
Start importing Assets/Studio33 Interactive_[BasketBall] v1.1/Animations/Basketball Motions Humanoid/418_MarkDefenceFF.fbx using Guid(1eefd69e97c6ba44985d444b257fe516) Importer(2089858483,b0f066a214c2f5e87bad3c948f4d605d) (ScriptedImporter) -> (artifact id: '00ed5ff0febed01c0ca64557b0ca47ad') in 0.0279874 seconds
Number of updated asset objects reloaded before import = 0Number of asset objects unloaded after import = 154

========================================================================
Received Import Request.
  Time since last request: 0.000055 seconds.
  path: Assets/Studio33 Interactive_[BasketBall] v1.1/Animations/Basketball Motions Humanoid/1399_LayupCA.fbx
  artifactKey: Guid(3d41aa5958492254ebdb27e1768b7a92) Importer(2089858483,b0f066a214c2f5e87bad3c948f4d605d)
Start importing Assets/Studio33 Interactive_[BasketBall] v1.1/Animations/Basketball Motions Humanoid/1399_LayupCA.fbx using Guid(3d41aa5958492254ebdb27e1768b7a92) Importer(2089858483,b0f066a214c2f5e87bad3c948f4d605d) (ScriptedImporter) -> (artifact id: '4e2bf2f4c7a0f0cf76c24d7ad089230c') in 0.0316896 seconds
Number of updated asset objects reloaded before import = 0Number of asset objects unloaded after import = 154

========================================================================
Received Import Request.
  Time since last request: 0.000039 seconds.
  path: Assets/Studio33 Interactive_[BasketBall] v1.1/Animations/Basketball Motions Humanoid/541_QuickpointMA.fbx
  artifactKey: Guid(d1f83897fd237084ab347095578d8195) Importer(2089858483,b0f066a214c2f5e87bad3c948f4d605d)
Start importing Assets/Studio33 Interactive_[BasketBall] v1.1/Animations/Basketball Motions Humanoid/541_QuickpointMA.fbx using Guid(d1f83897fd237084ab347095578d8195) Importer(2089858483,b0f066a214c2f5e87bad3c948f4d605d) (ScriptedImporter) -> (artifact id: '46b87c1b9dae9420f6caf9db6fbec46f') in 0.0306554 seconds
Number of updated asset objects reloaded before import = 0Number of asset objects unloaded after import = 154

========================================================================
Received Import Request.
  Time since last request: 0.000033 seconds.
  path: Assets/Studio33 Interactive_[BasketBall] v1.1/Animations/Basketball Motions Humanoid/1066_SceneEntAway.fbx
  artifactKey: Guid(2c66aec2fc0d935429d3e7fb80e0d386) Importer(2089858483,b0f066a214c2f5e87bad3c948f4d605d)
Start importing Assets/Studio33 Interactive_[BasketBall] v1.1/Animations/Basketball Motions Humanoid/1066_SceneEntAway.fbx using Guid(2c66aec2fc0d935429d3e7fb80e0d386) Importer(2089858483,b0f066a214c2f5e87bad3c948f4d605d) (ScriptedImporter) -> (artifact id: '67b5ba240445679aac86d3573187b2f9') in 0.0322553 seconds
Number of updated asset objects reloaded before import = 0Number of asset objects unloaded after import = 154

========================================================================
Received Import Request.
  Time since last request: 0.000075 seconds.
  path: Assets/Studio33 Interactive_[BasketBall] v1.1/Animations/Basketball Motions Humanoid/36_BlockinglongNearL.fbx
  artifactKey: Guid(52624b340ec12954da1e720999720f67) Importer(2089858483,b0f066a214c2f5e87bad3c948f4d605d)
Start importing Assets/Studio33 Interactive_[BasketBall] v1.1/Animations/Basketball Motions Humanoid/36_BlockinglongNearL.fbx using Guid(52624b340ec12954da1e720999720f67) Importer(2089858483,b0f066a214c2f5e87bad3c948f4d605d) (ScriptedImporter) -> (artifact id: '0e4a1e1096a0ce8f676b50eb27f5ba4c') in 0.0336538 seconds
Number of updated asset objects reloaded before import = 0Number of asset objects unloaded after import = 154

========================================================================
Received Import Request.
  Time since last request: 0.000042 seconds.
  path: Assets/Studio33 Interactive_[BasketBall] v1.1/Animations/Basketball Motions Humanoid/633_DivpassRA.fbx
  artifactKey: Guid(d474225cd75812442b6756110c914428) Importer(2089858483,b0f066a214c2f5e87bad3c948f4d605d)
Start importing Assets/Studio33 Interactive_[BasketBall] v1.1/Animations/Basketball Motions Humanoid/633_DivpassRA.fbx using Guid(d474225cd75812442b6756110c914428) Importer(2089858483,b0f066a214c2f5e87bad3c948f4d605d) (ScriptedImporter) -> (artifact id: '53e8f1da0d585242c07c746d54bcec02') in 0.0273216 seconds
Number of updated asset objects reloaded before import = 0Number of asset objects unloaded after import = 154

========================================================================
Received Import Request.
  Time since last request: 0.000041 seconds.
  path: Assets/Studio33 Interactive_[BasketBall] v1.1/Animations/Basketball Motions_Generic/1503_LayupRevCA.fbx
  artifactKey: Guid(1eb15ce74a11af04c94a4fc71c27c337) Importer(2089858483,b0f066a214c2f5e87bad3c948f4d605d)
Start importing Assets/Studio33 Interactive_[BasketBall] v1.1/Animations/Basketball Motions_Generic/1503_LayupRevCA.fbx using Guid(1eb15ce74a11af04c94a4fc71c27c337) Importer(2089858483,b0f066a214c2f5e87bad3c948f4d605d) (ScriptedImporter) -> (artifact id: '7bedbbe3da4931f5ac2c9c0a7a6e11d1') in 0.0273939 seconds
Number of updated asset objects reloaded before import = 0Number of asset objects unloaded after import = 152

========================================================================
Received Import Request.
  Time since last request: 0.000059 seconds.
  path: Assets/Studio33 Interactive_[BasketBall] v1.1/Animations/Basketball Motions_Generic/1225_LayupRA.fbx
  artifactKey: Guid(c26bd0e92069e014dbc10478e3464505) Importer(2089858483,b0f066a214c2f5e87bad3c948f4d605d)
Start importing Assets/Studio33 Interactive_[BasketBall] v1.1/Animations/Basketball Motions_Generic/1225_LayupRA.fbx using Guid(c26bd0e92069e014dbc10478e3464505) Importer(2089858483,b0f066a214c2f5e87bad3c948f4d605d) (ScriptedImporter) -> (artifact id: '3e2040fbfaf1c7c94726975ae0c82d91') in 0.029125 seconds
Number of updated asset objects reloaded before import = 0Number of asset objects unloaded after import = 152

========================================================================
Received Import Request.
  Time since last request: 0.000046 seconds.
  path: Assets/Studio33 Interactive_[BasketBall] v1.1/Animations/Basketball Motions Humanoid/1268_AlleyoopDclutchRevRightA.fbx
  artifactKey: Guid(3f8de0a174953564db11e923afcac840) Importer(2089858483,b0f066a214c2f5e87bad3c948f4d605d)
Start importing Assets/Studio33 Interactive_[BasketBall] v1.1/Animations/Basketball Motions Humanoid/1268_AlleyoopDclutchRevRightA.fbx using Guid(3f8de0a174953564db11e923afcac840) Importer(2089858483,b0f066a214c2f5e87bad3c948f4d605d) (ScriptedImporter) -> (artifact id: '802c50f4ae4e5c4ea587f513fa06fa05') in 0.0338599 seconds
Number of updated asset objects reloaded before import = 0Number of asset objects unloaded after import = 154

========================================================================
Received Import Request.
  Time since last request: 0.000042 seconds.
  path: Assets/Studio33 Interactive_[BasketBall] v1.1/Animations/Basketball Motions Humanoid/690_CrossPassChestA.fbx
  artifactKey: Guid(79dc83e860ac11440afb5445d2b6affb) Importer(2089858483,b0f066a214c2f5e87bad3c948f4d605d)
Start importing Assets/Studio33 Interactive_[BasketBall] v1.1/Animations/Basketball Motions Humanoid/690_CrossPassChestA.fbx using Guid(79dc83e860ac11440afb5445d2b6affb) Importer(2089858483,b0f066a214c2f5e87bad3c948f4d605d) (ScriptedImporter) -> (artifact id: '04fe29c03741c6e6ae5095ddb3240452') in 0.042121 seconds
Number of updated asset objects reloaded before import = 0Number of asset objects unloaded after import = 154

========================================================================
Received Import Request.
  Time since last request: 0.000056 seconds.
  path: Assets/Studio33 Interactive_[BasketBall] v1.1/Animations/Basketball Motions Humanoid/273_CrossThRRRA.fbx
  artifactKey: Guid(da2df747bace71040aca03b337737f8c) Importer(2089858483,b0f066a214c2f5e87bad3c948f4d605d)
Start importing Assets/Studio33 Interactive_[BasketBall] v1.1/Animations/Basketball Motions Humanoid/273_CrossThRRRA.fbx using Guid(da2df747bace71040aca03b337737f8c) Importer(2089858483,b0f066a214c2f5e87bad3c948f4d605d) (ScriptedImporter) -> (artifact id: '62b902de13e96d63220d018c04565f8b') in 0.0305946 seconds
Number of updated asset objects reloaded before import = 0Number of asset objects unloaded after import = 154

========================================================================
Received Import Request.
  Time since last request: 0.000041 seconds.
  path: Assets/Studio33 Interactive_[BasketBall] v1.1/Animations/Basketball Motions Humanoid/234_BtlCrossoverBtl.fbx
  artifactKey: Guid(b1c55a9f310202c41845391c4818e716) Importer(2089858483,b0f066a214c2f5e87bad3c948f4d605d)
Start importing Assets/Studio33 Interactive_[BasketBall] v1.1/Animations/Basketball Motions Humanoid/234_BtlCrossoverBtl.fbx using Guid(b1c55a9f310202c41845391c4818e716) Importer(2089858483,b0f066a214c2f5e87bad3c948f4d605d) (ScriptedImporter) -> (artifact id: '151db99f3a3ba3940b91e96ee16e4da9') in 0.0311343 seconds
Number of updated asset objects reloaded before import = 0Number of asset objects unloaded after import = 154

========================================================================
Received Import Request.
  Time since last request: 0.000075 seconds.
  path: Assets/Studio33 Interactive_[BasketBall] v1.1/Animations/Basketball Motions Humanoid/1903_DunkRA.fbx
  artifactKey: Guid(84cbc838f7d1c4c43836c876b9e4a752) Importer(2089858483,b0f066a214c2f5e87bad3c948f4d605d)
Start importing Assets/Studio33 Interactive_[BasketBall] v1.1/Animations/Basketball Motions Humanoid/1903_DunkRA.fbx using Guid(84cbc838f7d1c4c43836c876b9e4a752) Importer(2089858483,b0f066a214c2f5e87bad3c948f4d605d) (ScriptedImporter) -> (artifact id: '5862ac77736ed0efb8b7571064cd92e1') in 0.0338894 seconds
Number of updated asset objects reloaded before import = 0Number of asset objects unloaded after import = 154

========================================================================
Received Import Request.
  Time since last request: 0.000066 seconds.
  path: Assets/Studio33 Interactive_[BasketBall] v1.1/Animations/Basketball Motions Humanoid/668_Run.fbx
  artifactKey: Guid(eb6cd9364b6e5444da351a0ced06d257) Importer(2089858483,b0f066a214c2f5e87bad3c948f4d605d)
Start importing Assets/Studio33 Interactive_[BasketBall] v1.1/Animations/Basketball Motions Humanoid/668_Run.fbx using Guid(eb6cd9364b6e5444da351a0ced06d257) Importer(2089858483,b0f066a214c2f5e87bad3c948f4d605d) (ScriptedImporter) -> (artifact id: '758e2377b3a5b5450f5c86bcd947c906') in 0.0309881 seconds
Number of updated asset objects reloaded before import = 0Number of asset objects unloaded after import = 154

========================================================================
Received Import Request.
  Time since last request: 0.000040 seconds.
  path: Assets/Studio33 Interactive_[BasketBall] v1.1/Animations/Basketball Motions_Generic/1903_DunkRA.fbx
  artifactKey: Guid(86be8c81aa525b6409ad53b17bacc9b2) Importer(2089858483,b0f066a214c2f5e87bad3c948f4d605d)
Start importing Assets/Studio33 Interactive_[BasketBall] v1.1/Animations/Basketball Motions_Generic/1903_DunkRA.fbx using Guid(86be8c81aa525b6409ad53b17bacc9b2) Importer(2089858483,b0f066a214c2f5e87bad3c948f4d605d) (ScriptedImporter) -> (artifact id: '6c72dc8d7f5ba338f0371e566f2cc214') in 0.0327397 seconds
Number of updated asset objects reloaded before import = 0Number of asset objects unloaded after import = 152

========================================================================
Received Import Request.
  Time since last request: 0.000048 seconds.
  path: Assets/Studio33 Interactive_[BasketBall] v1.1/Animations/Basketball Motions_Generic/550_TripleclutchCA.fbx
  artifactKey: Guid(74332690e764c3a47be6e93daf54015a) Importer(2089858483,b0f066a214c2f5e87bad3c948f4d605d)
Start importing Assets/Studio33 Interactive_[BasketBall] v1.1/Animations/Basketball Motions_Generic/550_TripleclutchCA.fbx using Guid(74332690e764c3a47be6e93daf54015a) Importer(2089858483,b0f066a214c2f5e87bad3c948f4d605d) (ScriptedImporter) -> (artifact id: '2b5b08e31f7aab45f3238fb63a5d95f2') in 0.031451 seconds
Number of updated asset objects reloaded before import = 0Number of asset objects unloaded after import = 152

========================================================================
Received Import Request.
  Time since last request: 0.000046 seconds.
  path: Assets/Studio33 Interactive_[BasketBall] v1.1/33_basket ball test animations/player/Back_number/Back_number_B/Back_number_B_c09.png
  artifactKey: Guid(f6177b3ab90eb834d86b12cbce89c261) Importer(2089858483,b0f066a214c2f5e87bad3c948f4d605d)
Start importing Assets/Studio33 Interactive_[BasketBall] v1.1/33_basket ball test animations/player/Back_number/Back_number_B/Back_number_B_c09.png using Guid(f6177b3ab90eb834d86b12cbce89c261) Importer(2089858483,b0f066a214c2f5e87bad3c948f4d605d) (ScriptedImporter) -> (artifact id: '7250bf3ec7600c368902684a27b3ed05') in 0.0160969 seconds
Number of updated asset objects reloaded before import = 0Number of asset objects unloaded after import = 1

========================================================================
Received Import Request.
  Time since last request: 0.000037 seconds.
  path: Assets/Studio33 Interactive_[BasketBall] v1.1/Animations/Basketball Motions Humanoid/1726_PutbacA.fbx
  artifactKey: Guid(7d46e7c2b6d990249a54abfe216e2e13) Importer(2089858483,b0f066a214c2f5e87bad3c948f4d605d)
Start importing Assets/Studio33 Interactive_[BasketBall] v1.1/Animations/Basketball Motions Humanoid/1726_PutbacA.fbx using Guid(7d46e7c2b6d990249a54abfe216e2e13) Importer(2089858483,b0f066a214c2f5e87bad3c948f4d605d) (ScriptedImporter) -> (artifact id: 'b196d9d7990d73ca9e83f2158d7b0fc2') in 0.0296127 seconds
Number of updated asset objects reloaded before import = 0Number of asset objects unloaded after import = 154

========================================================================
Received Import Request.
  Time since last request: 0.000036 seconds.
  path: Assets/Studio33 Interactive_[BasketBall] v1.1/Animations/Basketball Motions_Generic/1130_AlleyoopCLA.fbx
  artifactKey: Guid(b0e4168a73114c64694c48c962a3d4f0) Importer(2089858483,b0f066a214c2f5e87bad3c948f4d605d)
Start importing Assets/Studio33 Interactive_[BasketBall] v1.1/Animations/Basketball Motions_Generic/1130_AlleyoopCLA.fbx using Guid(b0e4168a73114c64694c48c962a3d4f0) Importer(2089858483,b0f066a214c2f5e87bad3c948f4d605d) (ScriptedImporter) -> (artifact id: '3d67444550d40a4e381f80cd1956cd75') in 0.0312239 seconds
Number of updated asset objects reloaded before import = 0Number of asset objects unloaded after import = 152

========================================================================
Received Import Request.
  Time since last request: 0.000048 seconds.
  path: Assets/Studio33 Interactive_[BasketBall] v1.1/Animations/Basketball Motions_Generic/1602_DunkClutchFRightA.fbx
  artifactKey: Guid(2dffacd3cc40f2548bb058391db4f35c) Importer(2089858483,b0f066a214c2f5e87bad3c948f4d605d)
Start importing Assets/Studio33 Interactive_[BasketBall] v1.1/Animations/Basketball Motions_Generic/1602_DunkClutchFRightA.fbx using Guid(2dffacd3cc40f2548bb058391db4f35c) Importer(2089858483,b0f066a214c2f5e87bad3c948f4d605d) (ScriptedImporter) -> (artifact id: '9a92d82b858cc00998ac7d1125082555') in 0.0271879 seconds
Number of updated asset objects reloaded before import = 0Number of asset objects unloaded after import = 152

========================================================================
Received Import Request.
  Time since last request: 0.000070 seconds.
  path: Assets/Studio33 Interactive_[BasketBall] v1.1/Animations/Basketball Motions Humanoid/1892_JumpshotReadyFake.fbx
  artifactKey: Guid(b9d6f53a6c4044f48b9c71041fef7779) Importer(2089858483,b0f066a214c2f5e87bad3c948f4d605d)
Start importing Assets/Studio33 Interactive_[BasketBall] v1.1/Animations/Basketball Motions Humanoid/1892_JumpshotReadyFake.fbx using Guid(b9d6f53a6c4044f48b9c71041fef7779) Importer(2089858483,b0f066a214c2f5e87bad3c948f4d605d) (ScriptedImporter) -> (artifact id: '122b68694cf589314562f975e86ac849') in 0.0315806 seconds
Number of updated asset objects reloaded before import = 0Number of asset objects unloaded after import = 154

========================================================================
Received Import Request.
  Time since last request: 0.000034 seconds.
  path: Assets/Studio33 Interactive_[BasketBall] v1.1/Animations/Basketball Motions Humanoid/1596_DunkClutchRLeftA.fbx
  artifactKey: Guid(2a21d6b62a322e14dbdbbde09a709079) Importer(2089858483,b0f066a214c2f5e87bad3c948f4d605d)
Start importing Assets/Studio33 Interactive_[BasketBall] v1.1/Animations/Basketball Motions Humanoid/1596_DunkClutchRLeftA.fbx using Guid(2a21d6b62a322e14dbdbbde09a709079) Importer(2089858483,b0f066a214c2f5e87bad3c948f4d605d) (ScriptedImporter) -> (artifact id: '2379d51bdf770f2e6b891807aac139e5') in 0.0335362 seconds
Number of updated asset objects reloaded before import = 0Number of asset objects unloaded after import = 154

========================================================================
Received Import Request.
  Time since last request: 0.000041 seconds.
  path: Assets/Studio33 Interactive_[BasketBall] v1.1/Animations/Basketball Motions_Generic/25_BlockinglongFarL.fbx
  artifactKey: Guid(3ad6815e5113aa841aabb6d38747f694) Importer(815301076,1909f56bfc062723c751e8b465ee728b)
Start importing Assets/Studio33 Interactive_[BasketBall] v1.1/Animations/Basketball Motions_Generic/25_BlockinglongFarL.fbx using Guid(3ad6815e5113aa841aabb6d38747f694) Importer(815301076,1909f56bfc062723c751e8b465ee728b) (PreviewImporter) -> (artifact id: '516bd55e8b17acbf0aac50c94d9d5fd0') in 0.0417926 seconds
Number of updated asset objects reloaded before import = 0Number of asset objects unloaded after import = 152

========================================================================
Received Import Request.
  Time since last request: 0.000059 seconds.
  path: Assets/Studio33 Interactive_[BasketBall] v1.1/Animations/Basketball Motions_Generic/181_BlockingckedFrontA.fbx
  artifactKey: Guid(8c410a6b8e75cb9469d09397856b4e84) Importer(815301076,1909f56bfc062723c751e8b465ee728b)
Start importing Assets/Studio33 Interactive_[BasketBall] v1.1/Animations/Basketball Motions_Generic/181_BlockingckedFrontA.fbx using Guid(8c410a6b8e75cb9469d09397856b4e84) Importer(815301076,1909f56bfc062723c751e8b465ee728b) (PreviewImporter) -> (artifact id: '5d524b460ac5b9887a8f5b37e86ccdc2') in 0.0441958 seconds
Number of updated asset objects reloaded before import = 0Number of asset objects unloaded after import = 152

========================================================================
Received Import Request.
  Time since last request: 0.000039 seconds.
  path: Assets/Studio33 Interactive_[BasketBall] v1.1/Animations/Basketball Motions Humanoid/1467_DunkRA.fbx
  artifactKey: Guid(37dec2969d901af4caf53995e569dba9) Importer(2089858483,b0f066a214c2f5e87bad3c948f4d605d)
Start importing Assets/Studio33 Interactive_[BasketBall] v1.1/Animations/Basketball Motions Humanoid/1467_DunkRA.fbx using Guid(37dec2969d901af4caf53995e569dba9) Importer(2089858483,b0f066a214c2f5e87bad3c948f4d605d) (ScriptedImporter) -> (artifact id: '0989e0b6ec02ffaf2a4c3e2cada0dcb3') in 0.0289968 seconds
Number of updated asset objects reloaded before import = 0Number of asset objects unloaded after import = 154

========================================================================
Received Import Request.
  Time since last request: 0.000038 seconds.
  path: Assets/Studio33 Interactive_[BasketBall] v1.1/Animations/Basketball Motions_Generic/1449_JumpshotMA.fbx
  artifactKey: Guid(7c2e633102273da44bcc4cb8ec0f5548) Importer(2089858483,b0f066a214c2f5e87bad3c948f4d605d)
Start importing Assets/Studio33 Interactive_[BasketBall] v1.1/Animations/Basketball Motions_Generic/1449_JumpshotMA.fbx using Guid(7c2e633102273da44bcc4cb8ec0f5548) Importer(2089858483,b0f066a214c2f5e87bad3c948f4d605d) (ScriptedImporter) -> (artifact id: '055b6521ccae66e0da2f3f5336d3e0eb') in 0.0262393 seconds
Number of updated asset objects reloaded before import = 0Number of asset objects unloaded after import = 152

========================================================================
Received Import Request.
  Time since last request: 0.000061 seconds.
  path: Assets/Studio33 Interactive_[BasketBall] v1.1/Animations/Basketball Motions Humanoid/1189_DunkRA.fbx
  artifactKey: Guid(5e6bbd20394686c42a8aeb52111f66e9) Importer(2089858483,b0f066a214c2f5e87bad3c948f4d605d)
Start importing Assets/Studio33 Interactive_[BasketBall] v1.1/Animations/Basketball Motions Humanoid/1189_DunkRA.fbx using Guid(5e6bbd20394686c42a8aeb52111f66e9) Importer(2089858483,b0f066a214c2f5e87bad3c948f4d605d) (ScriptedImporter) -> (artifact id: '30d062c6b542eabfe64ad5daf239990a') in 0.0300333 seconds
Number of updated asset objects reloaded before import = 0Number of asset objects unloaded after import = 154

========================================================================
Received Import Request.
  Time since last request: 0.000042 seconds.
  path: Assets/Studio33 Interactive_[BasketBall] v1.1/Animations/Basketball Motions Humanoid/797_PassKiA.fbx
  artifactKey: Guid(1fe79e65a4bfe1049b995c32a46d599e) Importer(2089858483,b0f066a214c2f5e87bad3c948f4d605d)
Start importing Assets/Studio33 Interactive_[BasketBall] v1.1/Animations/Basketball Motions Humanoid/797_PassKiA.fbx using Guid(1fe79e65a4bfe1049b995c32a46d599e) Importer(2089858483,b0f066a214c2f5e87bad3c948f4d605d) (ScriptedImporter) -> (artifact id: '918704863f10506d6e6866400983d6d6') in 0.0339823 seconds
Number of updated asset objects reloaded before import = 0Number of asset objects unloaded after import = 154

========================================================================
Received Import Request.
  Time since last request: 0.000047 seconds.
  path: Assets/Studio33 Interactive_[BasketBall] v1.1/Animations/Basketball Motions Humanoid/629_DivCFailA.fbx
  artifactKey: Guid(a6ddf1cf801fe3244acb0346e8c2ddd5) Importer(2089858483,b0f066a214c2f5e87bad3c948f4d605d)
Start importing Assets/Studio33 Interactive_[BasketBall] v1.1/Animations/Basketball Motions Humanoid/629_DivCFailA.fbx using Guid(a6ddf1cf801fe3244acb0346e8c2ddd5) Importer(2089858483,b0f066a214c2f5e87bad3c948f4d605d) (ScriptedImporter) -> (artifact id: 'd0506f8cbe1922f39802fddb292bf3fa') in 0.0362131 seconds
Number of updated asset objects reloaded before import = 0Number of asset objects unloaded after import = 154

========================================================================
Received Import Request.
  Time since last request: 0.000056 seconds.
  path: Assets/Studio33 Interactive_[BasketBall] v1.1/Animations/Basketball Motions Humanoid/1682_JumpshotCAA.fbx
  artifactKey: Guid(7b5931d2b6c508c41b7ce151de8022c8) Importer(2089858483,b0f066a214c2f5e87bad3c948f4d605d)
Start importing Assets/Studio33 Interactive_[BasketBall] v1.1/Animations/Basketball Motions Humanoid/1682_JumpshotCAA.fbx using Guid(7b5931d2b6c508c41b7ce151de8022c8) Importer(2089858483,b0f066a214c2f5e87bad3c948f4d605d) (ScriptedImporter) -> (artifact id: 'c694867d3eca2610f611097c0d6e5f27') in 0.0310191 seconds
Number of updated asset objects reloaded before import = 0Number of asset objects unloaded after import = 154

========================================================================
Received Import Request.
  Time since last request: 0.000050 seconds.
  path: Assets/Studio33 Interactive_[BasketBall] v1.1/Animations/Basketball Motions Humanoid/1760_JumpshotMFakeA.fbx
  artifactKey: Guid(e6aa8d46d72871d4e96b860c72a280a3) Importer(2089858483,b0f066a214c2f5e87bad3c948f4d605d)
Start importing Assets/Studio33 Interactive_[BasketBall] v1.1/Animations/Basketball Motions Humanoid/1760_JumpshotMFakeA.fbx using Guid(e6aa8d46d72871d4e96b860c72a280a3) Importer(2089858483,b0f066a214c2f5e87bad3c948f4d605d) (ScriptedImporter) -> (artifact id: '8d30d071e70fca960be7ec2c27f8f7cd') in 0.0306239 seconds
Number of updated asset objects reloaded before import = 0Number of asset objects unloaded after import = 154

========================================================================
Received Import Request.
  Time since last request: 0.000053 seconds.
  path: Assets/Studio33 Interactive_[BasketBall] v1.1/Animations/Basketball Motions Humanoid/425_MQuickDefenseR.fbx
  artifactKey: Guid(6b6f685f3ad595745ba7ac1797396a4b) Importer(2089858483,b0f066a214c2f5e87bad3c948f4d605d)
Start importing Assets/Studio33 Interactive_[BasketBall] v1.1/Animations/Basketball Motions Humanoid/425_MQuickDefenseR.fbx using Guid(6b6f685f3ad595745ba7ac1797396a4b) Importer(2089858483,b0f066a214c2f5e87bad3c948f4d605d) (ScriptedImporter) -> (artifact id: '1e4cfec66327bc170557f73e42b5a7c2') in 0.0300234 seconds
Number of updated asset objects reloaded before import = 0Number of asset objects unloaded after import = 154

========================================================================
Received Import Request.
  Time since last request: 0.000051 seconds.
  path: Assets/Studio33 Interactive_[BasketBall] v1.1/Animations/Basketball Motions Humanoid/628_DivCA.fbx
  artifactKey: Guid(2b7723c657fde3949ac8a409bdb729c4) Importer(2089858483,b0f066a214c2f5e87bad3c948f4d605d)
Start importing Assets/Studio33 Interactive_[BasketBall] v1.1/Animations/Basketball Motions Humanoid/628_DivCA.fbx using Guid(2b7723c657fde3949ac8a409bdb729c4) Importer(2089858483,b0f066a214c2f5e87bad3c948f4d605d) (ScriptedImporter) -> (artifact id: 'fed2fb32bd191e7e6749d3ab32072011') in 0.0345283 seconds
Number of updated asset objects reloaded before import = 0Number of asset objects unloaded after import = 154

========================================================================
Received Import Request.
  Time since last request: 0.000039 seconds.
  path: Assets/Studio33 Interactive_[BasketBall] v1.1/Animations/Basketball Motions Humanoid/1647_AlleyoopDclutchRRightA.fbx
  artifactKey: Guid(eff2093e7b25bb944a03cefe333cb411) Importer(2089858483,b0f066a214c2f5e87bad3c948f4d605d)
Start importing Assets/Studio33 Interactive_[BasketBall] v1.1/Animations/Basketball Motions Humanoid/1647_AlleyoopDclutchRRightA.fbx using Guid(eff2093e7b25bb944a03cefe333cb411) Importer(2089858483,b0f066a214c2f5e87bad3c948f4d605d) (ScriptedImporter) -> (artifact id: '64efec4a9039e39957f8f051fc1b440f') in 0.035622 seconds
Number of updated asset objects reloaded before import = 0Number of asset objects unloaded after import = 154

========================================================================
Received Import Request.
  Time since last request: 0.000059 seconds.
  path: Assets/Studio33 Interactive_[BasketBall] v1.1/Animations/Basketball Motions Humanoid/2131_JumpshotMA.fbx
  artifactKey: Guid(5f08ce2086ef7f34dbc5836f208a20a4) Importer(2089858483,b0f066a214c2f5e87bad3c948f4d605d)
Start importing Assets/Studio33 Interactive_[BasketBall] v1.1/Animations/Basketball Motions Humanoid/2131_JumpshotMA.fbx using Guid(5f08ce2086ef7f34dbc5836f208a20a4) Importer(2089858483,b0f066a214c2f5e87bad3c948f4d605d) (ScriptedImporter) -> (artifact id: '6afb6ce55a087757ad0cd7c6dd16c31f') in 0.0401911 seconds
Number of updated asset objects reloaded before import = 0Number of asset objects unloaded after import = 154

========================================================================
Received Import Request.
  Time since last request: 0.000051 seconds.
  path: Assets/Studio33 Interactive_[BasketBall] v1.1/Animations/Basketball Motions Humanoid/1998_DunkCA.fbx
  artifactKey: Guid(d8ec4d33af491c34f98c7931f4c77414) Importer(2089858483,b0f066a214c2f5e87bad3c948f4d605d)
Start importing Assets/Studio33 Interactive_[BasketBall] v1.1/Animations/Basketball Motions Humanoid/1998_DunkCA.fbx using Guid(d8ec4d33af491c34f98c7931f4c77414) Importer(2089858483,b0f066a214c2f5e87bad3c948f4d605d) (ScriptedImporter) -> (artifact id: '85ce05045b4db5c79d6f243bbeb6b32c') in 0.0295559 seconds
Number of updated asset objects reloaded before import = 0Number of asset objects unloaded after import = 154

========================================================================
Received Import Request.
  Time since last request: 0.000050 seconds.
  path: Assets/Studio33 Interactive_[BasketBall] v1.1/Animations/Basketball Motions Humanoid/1562_LayupRA.fbx
  artifactKey: Guid(b5d01be1f06a10d4fa11b536055dee1f) Importer(2089858483,b0f066a214c2f5e87bad3c948f4d605d)
Start importing Assets/Studio33 Interactive_[BasketBall] v1.1/Animations/Basketball Motions Humanoid/1562_LayupRA.fbx using Guid(b5d01be1f06a10d4fa11b536055dee1f) Importer(2089858483,b0f066a214c2f5e87bad3c948f4d605d) (ScriptedImporter) -> (artifact id: 'd9aed45a89f30aa3d7fb533cd03ba24a') in 0.0296183 seconds
Number of updated asset objects reloaded before import = 0Number of asset objects unloaded after import = 154

========================================================================
Received Import Request.
  Time since last request: 0.000053 seconds.
  path: Assets/Studio33 Interactive_[BasketBall] v1.1/Animations/Basketball Motions_Generic/768_AlleyoopNpassRA.fbx
  artifactKey: Guid(babfba28d949fe147bfe60897abdd012) Importer(2089858483,b0f066a214c2f5e87bad3c948f4d605d)
Start importing Assets/Studio33 Interactive_[BasketBall] v1.1/Animations/Basketball Motions_Generic/768_AlleyoopNpassRA.fbx using Guid(babfba28d949fe147bfe60897abdd012) Importer(2089858483,b0f066a214c2f5e87bad3c948f4d605d) (ScriptedImporter) -> (artifact id: 'ee7b63fcc3035cc3a231a4e6bd84a11e') in 0.0339308 seconds
Number of updated asset objects reloaded before import = 0Number of asset objects unloaded after import = 152

========================================================================
Received Import Request.
  Time since last request: 0.000062 seconds.
  path: Assets/Studio33 Interactive_[BasketBall] v1.1/Animations/Basketball Motions Humanoid/850_PassioverFA.fbx
  artifactKey: Guid(dddcc7fa37dae8c4294d76f0fb72e417) Importer(2089858483,b0f066a214c2f5e87bad3c948f4d605d)
Start importing Assets/Studio33 Interactive_[BasketBall] v1.1/Animations/Basketball Motions Humanoid/850_PassioverFA.fbx using Guid(dddcc7fa37dae8c4294d76f0fb72e417) Importer(2089858483,b0f066a214c2f5e87bad3c948f4d605d) (ScriptedImporter) -> (artifact id: 'f1668ab8706f63ff6590ec99649fcef4') in 0.0349276 seconds
Number of updated asset objects reloaded before import = 0Number of asset objects unloaded after import = 154

========================================================================
Received Import Request.
  Time since last request: 0.000053 seconds.
  path: Assets/Studio33 Interactive_[BasketBall] v1.1/Animations/Basketball Motions_Generic/64_BlockingshortL.fbx
  artifactKey: Guid(d80c6150b60525448a9d084cf72c2d1d) Importer(2089858483,b0f066a214c2f5e87bad3c948f4d605d)
Start importing Assets/Studio33 Interactive_[BasketBall] v1.1/Animations/Basketball Motions_Generic/64_BlockingshortL.fbx using Guid(d80c6150b60525448a9d084cf72c2d1d) Importer(2089858483,b0f066a214c2f5e87bad3c948f4d605d) (ScriptedImporter) -> (artifact id: 'bee425462f69449eaa36d3c5c5d4e9f2') in 0.0259854 seconds
Number of updated asset objects reloaded before import = 0Number of asset objects unloaded after import = 152

========================================================================
Received Import Request.
  Time since last request: 0.000040 seconds.
  path: Assets/Studio33 Interactive_[BasketBall] v1.1/Animations/Basketball Motions_Generic/856_PassBadA.fbx
  artifactKey: Guid(7ebe958b25ddc094f9ac86fe1af07e2c) Importer(2089858483,b0f066a214c2f5e87bad3c948f4d605d)
Start importing Assets/Studio33 Interactive_[BasketBall] v1.1/Animations/Basketball Motions_Generic/856_PassBadA.fbx using Guid(7ebe958b25ddc094f9ac86fe1af07e2c) Importer(2089858483,b0f066a214c2f5e87bad3c948f4d605d) (ScriptedImporter) -> (artifact id: '00a2019499dd878e9cd4fe0465619b16') in 0.0281417 seconds
Number of updated asset objects reloaded before import = 0Number of asset objects unloaded after import = 152

========================================================================
Received Import Request.
  Time since last request: 0.000044 seconds.
  path: Assets/Studio33 Interactive_[BasketBall] v1.1/Animations/Basketball Motions_Generic/374_CrossFakeTurrTrC.fbx
  artifactKey: Guid(d9386d94c3e642d4d93214b5d8e55c11) Importer(2089858483,b0f066a214c2f5e87bad3c948f4d605d)
Start importing Assets/Studio33 Interactive_[BasketBall] v1.1/Animations/Basketball Motions_Generic/374_CrossFakeTurrTrC.fbx using Guid(d9386d94c3e642d4d93214b5d8e55c11) Importer(2089858483,b0f066a214c2f5e87bad3c948f4d605d) (ScriptedImporter) -> (artifact id: '4847fce71982b5a54eca33f1ca5953c5') in 0.0265328 seconds
Number of updated asset objects reloaded before import = 0Number of asset objects unloaded after import = 152

========================================================================
Received Import Request.
  Time since last request: 0.000036 seconds.
  path: Assets/Studio33 Interactive_[BasketBall] v1.1/Animations/Basketball Motions_Generic/1327_HookFakeA.fbx
  artifactKey: Guid(9a9e1dd50a7d41a46831e3c3497e4c59) Importer(2089858483,b0f066a214c2f5e87bad3c948f4d605d)
Start importing Assets/Studio33 Interactive_[BasketBall] v1.1/Animations/Basketball Motions_Generic/1327_HookFakeA.fbx using Guid(9a9e1dd50a7d41a46831e3c3497e4c59) Importer(2089858483,b0f066a214c2f5e87bad3c948f4d605d) (ScriptedImporter) -> (artifact id: 'f3d79b3b5014357da0a7ae2bf4660b78') in 0.0298863 seconds
Number of updated asset objects reloaded before import = 0Number of asset objects unloaded after import = 152

========================================================================
Received Import Request.
  Time since last request: 0.000045 seconds.
  path: Assets/Studio33 Interactive_[BasketBall] v1.1/Animations/Basketball Motions_Generic/1581_JumpshotMFakeA.fbx
  artifactKey: Guid(bf72c125412463e4ebd5e191abb2d68f) Importer(2089858483,b0f066a214c2f5e87bad3c948f4d605d)
Start importing Assets/Studio33 Interactive_[BasketBall] v1.1/Animations/Basketball Motions_Generic/1581_JumpshotMFakeA.fbx using Guid(bf72c125412463e4ebd5e191abb2d68f) Importer(2089858483,b0f066a214c2f5e87bad3c948f4d605d) (ScriptedImporter) -> (artifact id: '53a0b2c681275495b932ccbec66bec25') in 0.0271804 seconds
Number of updated asset objects reloaded before import = 0Number of asset objects unloaded after import = 152

========================================================================
Received Import Request.
  Time since last request: 0.000066 seconds.
  path: Assets/Studio33 Interactive_[BasketBall] v1.1/Animations/Basketball Motions_Generic/1866_DunkRA.fbx
  artifactKey: Guid(2f50674e0bfc8bb4ba33324d30d0d5af) Importer(2089858483,b0f066a214c2f5e87bad3c948f4d605d)
Start importing Assets/Studio33 Interactive_[BasketBall] v1.1/Animations/Basketball Motions_Generic/1866_DunkRA.fbx using Guid(2f50674e0bfc8bb4ba33324d30d0d5af) Importer(2089858483,b0f066a214c2f5e87bad3c948f4d605d) (ScriptedImporter) -> (artifact id: '8fb8fde43df9f1d21785103df4d3eca8') in 0.0347586 seconds
Number of updated asset objects reloaded before import = 0Number of asset objects unloaded after import = 152

========================================================================
Received Import Request.
  Time since last request: 0.000059 seconds.
  path: Assets/Studio33 Interactive_[BasketBall] v1.1/Animations/Basketball Motions_Generic/1179_DunkClutchRLeftA.fbx
  artifactKey: Guid(8fb98ab20faf9b84b9642d3b6932d4d5) Importer(2089858483,b0f066a214c2f5e87bad3c948f4d605d)
Start importing Assets/Studio33 Interactive_[BasketBall] v1.1/Animations/Basketball Motions_Generic/1179_DunkClutchRLeftA.fbx using Guid(8fb98ab20faf9b84b9642d3b6932d4d5) Importer(2089858483,b0f066a214c2f5e87bad3c948f4d605d) (ScriptedImporter) -> (artifact id: '6c93b37eb6d764fb0ed0c0c7108039e3') in 0.0268167 seconds
Number of updated asset objects reloaded before import = 0Number of asset objects unloaded after import = 152

========================================================================
Received Import Request.
  Time since last request: 0.000048 seconds.
  path: Assets/Studio33 Interactive_[BasketBall] v1.1/Animations/Basketball Motions_Generic/2198_StealA.fbx
  artifactKey: Guid(57c1fe54143eec84481ef4dff97d7f72) Importer(2089858483,b0f066a214c2f5e87bad3c948f4d605d)
Start importing Assets/Studio33 Interactive_[BasketBall] v1.1/Animations/Basketball Motions_Generic/2198_StealA.fbx using Guid(57c1fe54143eec84481ef4dff97d7f72) Importer(2089858483,b0f066a214c2f5e87bad3c948f4d605d) (ScriptedImporter) -> (artifact id: '9a95d84ad79721489c6090b853c6ed05') in 0.0284142 seconds
Number of updated asset objects reloaded before import = 0Number of asset objects unloaded after import = 152

========================================================================
Received Import Request.
  Time since last request: 0.000055 seconds.
  path: Assets/Studio33 Interactive_[BasketBall] v1.1/Animations/Basketball Motions Humanoid/719_PassfakeFrontA.fbx
  artifactKey: Guid(6350b576ed5b5114c84101465c4fc907) Importer(2089858483,b0f066a214c2f5e87bad3c948f4d605d)
Start importing Assets/Studio33 Interactive_[BasketBall] v1.1/Animations/Basketball Motions Humanoid/719_PassfakeFrontA.fbx using Guid(6350b576ed5b5114c84101465c4fc907) Importer(2089858483,b0f066a214c2f5e87bad3c948f4d605d) (ScriptedImporter) -> (artifact id: '7edb75e08fd71a4be115df8752583342') in 0.0287417 seconds
Number of updated asset objects reloaded before import = 0Number of asset objects unloaded after import = 154

========================================================================
Received Import Request.
  Time since last request: 0.000036 seconds.
  path: Assets/Studio33 Interactive_[BasketBall] v1.1/Animations/Basketball Motions Humanoid/35_BlockinglongNearF.fbx
  artifactKey: Guid(93f51853d6924844bb53fb238bc6b37d) Importer(2089858483,b0f066a214c2f5e87bad3c948f4d605d)
Start importing Assets/Studio33 Interactive_[BasketBall] v1.1/Animations/Basketball Motions Humanoid/35_BlockinglongNearF.fbx using Guid(93f51853d6924844bb53fb238bc6b37d) Importer(2089858483,b0f066a214c2f5e87bad3c948f4d605d) (ScriptedImporter) -> (artifact id: 'bff7f77631f6bdc5951155d37661a20b') in 0.0301485 seconds
Number of updated asset objects reloaded before import = 0Number of asset objects unloaded after import = 154

========================================================================
Received Import Request.
  Time since last request: 0.000054 seconds.
  path: Assets/Studio33 Interactive_[BasketBall] v1.1/Animations/Basketball Motions_Generic/22_BlockingckncatchShortLA.fbx
  artifactKey: Guid(9f29ef1f9d3d30249baca56603eb6061) Importer(2089858483,b0f066a214c2f5e87bad3c948f4d605d)
Start importing Assets/Studio33 Interactive_[BasketBall] v1.1/Animations/Basketball Motions_Generic/22_BlockingckncatchShortLA.fbx using Guid(9f29ef1f9d3d30249baca56603eb6061) Importer(2089858483,b0f066a214c2f5e87bad3c948f4d605d) (ScriptedImporter) -> (artifact id: '95f03101ac25de1626117856005acb47') in 0.0283699 seconds
Number of updated asset objects reloaded before import = 0Number of asset objects unloaded after import = 152

========================================================================
Received Import Request.
  Time since last request: 0.000036 seconds.
  path: Assets/Studio33 Interactive_[BasketBall] v1.1/Animations/Basketball Motions Humanoid/1966_JumpshotPullupRA.fbx
  artifactKey: Guid(2dcd490fe8fcdf94b90068a20215f069) Importer(2089858483,b0f066a214c2f5e87bad3c948f4d605d)
Start importing Assets/Studio33 Interactive_[BasketBall] v1.1/Animations/Basketball Motions Humanoid/1966_JumpshotPullupRA.fbx using Guid(2dcd490fe8fcdf94b90068a20215f069) Importer(2089858483,b0f066a214c2f5e87bad3c948f4d605d) (ScriptedImporter) -> (artifact id: '64c397817fc090134e88231b8d345081') in 0.0393547 seconds
Number of updated asset objects reloaded before import = 0Number of asset objects unloaded after import = 154

========================================================================
Received Import Request.
  Time since last request: 0.000052 seconds.
  path: Assets/Studio33 Interactive_[BasketBall] v1.1/Animations/Basketball Motions_Generic/31_BlockingshortLayupF.fbx
  artifactKey: Guid(b14918d430c4d0446bc8b14a5e76bbe4) Importer(2089858483,b0f066a214c2f5e87bad3c948f4d605d)
Start importing Assets/Studio33 Interactive_[BasketBall] v1.1/Animations/Basketball Motions_Generic/31_BlockingshortLayupF.fbx using Guid(b14918d430c4d0446bc8b14a5e76bbe4) Importer(2089858483,b0f066a214c2f5e87bad3c948f4d605d) (ScriptedImporter) -> (artifact id: '797b3af46421df67a0b26702c4a26cd9') in 0.0266002 seconds
Number of updated asset objects reloaded before import = 0Number of asset objects unloaded after import = 152

========================================================================
Received Import Request.
  Time since last request: 0.000045 seconds.
  path: Assets/Studio33 Interactive_[BasketBall] v1.1/33_basket ball test animations/player/e0012=RnM run backdown pushed 1 a.fbx
  artifactKey: Guid(388907a1472248348ad4ed28ee2c1779) Importer(2089858483,b0f066a214c2f5e87bad3c948f4d605d)
Start importing Assets/Studio33 Interactive_[BasketBall] v1.1/33_basket ball test animations/player/e0012=RnM run backdown pushed 1 a.fbx using Guid(388907a1472248348ad4ed28ee2c1779) Importer(2089858483,b0f066a214c2f5e87bad3c948f4d605d) (ScriptedImporter) -> (artifact id: 'f80388a2aa510f8f6f9e18dc400147f6') in 0.0267947 seconds
Number of updated asset objects reloaded before import = 0Number of asset objects unloaded after import = 150

========================================================================
Received Import Request.
  Time since last request: 0.000043 seconds.
  path: Assets/Studio33 Interactive_[BasketBall] v1.1/Animations/Basketball Motions Humanoid/1016_Rebound fC.fbx
  artifactKey: Guid(e099c55c58debb24cb5700537d413ce4) Importer(2089858483,b0f066a214c2f5e87bad3c948f4d605d)
Start importing Assets/Studio33 Interactive_[BasketBall] v1.1/Animations/Basketball Motions Humanoid/1016_Rebound fC.fbx using Guid(e099c55c58debb24cb5700537d413ce4) Importer(2089858483,b0f066a214c2f5e87bad3c948f4d605d) (ScriptedImporter) -> (artifact id: '4d0c3f0a30187e445a1a44408073deeb') in 0.0282054 seconds
Number of updated asset objects reloaded before import = 0Number of asset objects unloaded after import = 154

========================================================================
Received Import Request.
  Time since last request: 0.000052 seconds.
  path: Assets/Studio33 Interactive_[BasketBall] v1.1/Animations/Basketball Motions Humanoid/1694_LayupCA.fbx
  artifactKey: Guid(f32b7fdcd340f82489f4ee0069d62fdf) Importer(2089858483,b0f066a214c2f5e87bad3c948f4d605d)
Start importing Assets/Studio33 Interactive_[BasketBall] v1.1/Animations/Basketball Motions Humanoid/1694_LayupCA.fbx using Guid(f32b7fdcd340f82489f4ee0069d62fdf) Importer(2089858483,b0f066a214c2f5e87bad3c948f4d605d) (ScriptedImporter) -> (artifact id: 'd5e0eb23809d22163a57e88f49c103e1') in 0.025402 seconds
Number of updated asset objects reloaded before import = 0Number of asset objects unloaded after import = 154

========================================================================
Received Import Request.
  Time since last request: 0.000060 seconds.
  path: Assets/Studio33 Interactive_[BasketBall] v1.1/Animations/Basketball Motions Humanoid/1343_JumpshotMA.fbx
  artifactKey: Guid(7e899537330dd304490072f2f7dc8fad) Importer(2089858483,b0f066a214c2f5e87bad3c948f4d605d)
Start importing Assets/Studio33 Interactive_[BasketBall] v1.1/Animations/Basketball Motions Humanoid/1343_JumpshotMA.fbx using Guid(7e899537330dd304490072f2f7dc8fad) Importer(2089858483,b0f066a214c2f5e87bad3c948f4d605d) (ScriptedImporter) -> (artifact id: '10630688b66f3ca432a628a4c84f0890') in 0.033553 seconds
Number of updated asset objects reloaded before import = 0Number of asset objects unloaded after import = 154

========================================================================
Received Import Request.
  Time since last request: 0.000029 seconds.
  path: Assets/Studio33 Interactive_[BasketBall] v1.1/Animations/Basketball Motions_Generic/1994_DunkCA.fbx
  artifactKey: Guid(ffb9f24d304c791498d71f7153574bc8) Importer(2089858483,b0f066a214c2f5e87bad3c948f4d605d)
Start importing Assets/Studio33 Interactive_[BasketBall] v1.1/Animations/Basketball Motions_Generic/1994_DunkCA.fbx using Guid(ffb9f24d304c791498d71f7153574bc8) Importer(2089858483,b0f066a214c2f5e87bad3c948f4d605d) (ScriptedImporter) -> (artifact id: 'd0dfbc37b0b6c38fed12bd4444a2f75d') in 0.0295378 seconds
Number of updated asset objects reloaded before import = 0Number of asset objects unloaded after import = 152

========================================================================
Received Import Request.
  Time since last request: 0.000032 seconds.
  path: Assets/Studio33 Interactive_[BasketBall] v1.1/Animations/Basketball Motions_Generic/1934_JumpshotMFakeA.fbx
  artifactKey: Guid(d4db23ddc2db29b4cafc265c2a133f00) Importer(2089858483,b0f066a214c2f5e87bad3c948f4d605d)
Start importing Assets/Studio33 Interactive_[BasketBall] v1.1/Animations/Basketball Motions_Generic/1934_JumpshotMFakeA.fbx using Guid(d4db23ddc2db29b4cafc265c2a133f00) Importer(2089858483,b0f066a214c2f5e87bad3c948f4d605d) (ScriptedImporter) -> (artifact id: '692433b23f1ea8c7c273d9fcc87e88df') in 0.0247451 seconds
Number of updated asset objects reloaded before import = 0Number of asset objects unloaded after import = 152

========================================================================
Received Import Request.
  Time since last request: 0.000046 seconds.
  path: Assets/Studio33 Interactive_[BasketBall] v1.1/Animations/Basketball Motions Humanoid/773_NpassA.fbx
  artifactKey: Guid(5723ade12169f004ca21b6e72d358e95) Importer(2089858483,b0f066a214c2f5e87bad3c948f4d605d)
Start importing Assets/Studio33 Interactive_[BasketBall] v1.1/Animations/Basketball Motions Humanoid/773_NpassA.fbx using Guid(5723ade12169f004ca21b6e72d358e95) Importer(2089858483,b0f066a214c2f5e87bad3c948f4d605d) (ScriptedImporter) -> (artifact id: '947de5c77da83e1fec22b52f85c1919c') in 0.0247533 seconds
Number of updated asset objects reloaded before import = 0Number of asset objects unloaded after import = 154

========================================================================
Received Import Request.
  Time since last request: 0.000042 seconds.
  path: Assets/Studio33 Interactive_[BasketBall] v1.1/Animations/Basketball Motions_Generic/53_BlockingckncatchShortJumpFA.fbx
  artifactKey: Guid(e01d60e9b183e6d44b206a02b17f4744) Importer(815301076,1909f56bfc062723c751e8b465ee728b)
Start importing Assets/Studio33 Interactive_[BasketBall] v1.1/Animations/Basketball Motions_Generic/53_BlockingckncatchShortJumpFA.fbx using Guid(e01d60e9b183e6d44b206a02b17f4744) Importer(815301076,1909f56bfc062723c751e8b465ee728b) (PreviewImporter) -> (artifact id: '8ce4e096a12dd16b53aecfec1b743c81') in 0.0481309 seconds
Number of updated asset objects reloaded before import = 0Number of asset objects unloaded after import = 152

========================================================================
Received Import Request.
  Time since last request: 0.000041 seconds.
  path: Assets/Studio33 Interactive_[BasketBall] v1.1/Animations/Basketball Motions_Generic/48_BlockingckncatchLongFarJumpFA.fbx
  artifactKey: Guid(e58f87a8024d96a44acedc2d8473dc36) Importer(815301076,1909f56bfc062723c751e8b465ee728b)
Start importing Assets/Studio33 Interactive_[BasketBall] v1.1/Animations/Basketball Motions_Generic/48_BlockingckncatchLongFarJumpFA.fbx using Guid(e58f87a8024d96a44acedc2d8473dc36) Importer(815301076,1909f56bfc062723c751e8b465ee728b) (PreviewImporter) -> (artifact id: '176a78a548c7f5febb87627d37b1b9c1') in 0.0597279 seconds
Number of updated asset objects reloaded before import = 0Number of asset objects unloaded after import = 152

========================================================================
Received Import Request.
  Time since last request: 0.000048 seconds.
  path: Assets/Studio33 Interactive_[BasketBall] v1.1/Animations/Basketball Motions_Generic/5_PostBackingStepA.fbx
  artifactKey: Guid(0d3299edabe74b24e87efb1ad2344b4b) Importer(815301076,1909f56bfc062723c751e8b465ee728b)
Start importing Assets/Studio33 Interactive_[BasketBall] v1.1/Animations/Basketball Motions_Generic/5_PostBackingStepA.fbx using Guid(0d3299edabe74b24e87efb1ad2344b4b) Importer(815301076,1909f56bfc062723c751e8b465ee728b) (PreviewImporter) -> (artifact id: 'a7b7492c8288d8edc60e79db0eb772af') in 0.045413 seconds
Number of updated asset objects reloaded before import = 0Number of asset objects unloaded after import = 152

========================================================================
Received Import Request.
  Time since last request: 0.000056 seconds.
  path: Assets/Studio33 Interactive_[BasketBall] v1.1/Animations/Basketball Motions_Generic/381_SpinStepLayupLongA.fbx
  artifactKey: Guid(c07b4e66f1357c94fb4685c34e9c81b1) Importer(2089858483,b0f066a214c2f5e87bad3c948f4d605d)
Start importing Assets/Studio33 Interactive_[BasketBall] v1.1/Animations/Basketball Motions_Generic/381_SpinStepLayupLongA.fbx using Guid(c07b4e66f1357c94fb4685c34e9c81b1) Importer(2089858483,b0f066a214c2f5e87bad3c948f4d605d) (ScriptedImporter) -> (artifact id: 'fe9fa782fa3c42f57115b0c17b8189ab') in 0.0275459 seconds
Number of updated asset objects reloaded before import = 0Number of asset objects unloaded after import = 152

========================================================================
Received Import Request.
  Time since last request: 0.000047 seconds.
  path: Assets/Studio33 Interactive_[BasketBall] v1.1/Animations/Basketball Motions_Generic/1807_DunkRA.fbx
  artifactKey: Guid(ee3aa3862d2eee144a6ac600bdd10db0) Importer(2089858483,b0f066a214c2f5e87bad3c948f4d605d)
Start importing Assets/Studio33 Interactive_[BasketBall] v1.1/Animations/Basketball Motions_Generic/1807_DunkRA.fbx using Guid(ee3aa3862d2eee144a6ac600bdd10db0) Importer(2089858483,b0f066a214c2f5e87bad3c948f4d605d) (ScriptedImporter) -> (artifact id: 'c8e85e27654aaf4a8842064421a98897') in 0.0309821 seconds
Number of updated asset objects reloaded before import = 0Number of asset objects unloaded after import = 152

========================================================================
Received Import Request.
  Time since last request: 0.000041 seconds.
  path: Assets/Studio33 Interactive_[BasketBall] v1.1/Animations/Basketball Motions Humanoid/2204_StealA.fbx
  artifactKey: Guid(f4caaede9256b3b45a4a04d6bc1edafe) Importer(2089858483,b0f066a214c2f5e87bad3c948f4d605d)
Start importing Assets/Studio33 Interactive_[BasketBall] v1.1/Animations/Basketball Motions Humanoid/2204_StealA.fbx using Guid(f4caaede9256b3b45a4a04d6bc1edafe) Importer(2089858483,b0f066a214c2f5e87bad3c948f4d605d) (ScriptedImporter) -> (artifact id: '5b07ce274c1912b1db36ac0e70e3471d') in 0.0383792 seconds
Number of updated asset objects reloaded before import = 0Number of asset objects unloaded after import = 154

========================================================================
Received Import Request.
  Time since last request: 0.000063 seconds.
  path: Assets/Studio33 Interactive_[BasketBall] v1.1/Animations/Basketball Motions Humanoid/2191_DefenceA.fbx
  artifactKey: Guid(9ffc8484f6d695948bd25d84af0d84dc) Importer(2089858483,b0f066a214c2f5e87bad3c948f4d605d)
Start importing Assets/Studio33 Interactive_[BasketBall] v1.1/Animations/Basketball Motions Humanoid/2191_DefenceA.fbx using Guid(9ffc8484f6d695948bd25d84af0d84dc) Importer(2089858483,b0f066a214c2f5e87bad3c948f4d605d) (ScriptedImporter) -> (artifact id: '78415ec7830693da859e2b2979dc5143') in 0.0285043 seconds
Number of updated asset objects reloaded before import = 0Number of asset objects unloaded after import = 154

========================================================================
Received Import Request.
  Time since last request: 0.000044 seconds.
  path: Assets/Studio33 Interactive_[BasketBall] v1.1/Animations/Basketball Motions_Generic/93_BlockinglongFarL.fbx
  artifactKey: Guid(8a632e4f4846a6b41a7c24693a5206f6) Importer(2089858483,b0f066a214c2f5e87bad3c948f4d605d)
Start importing Assets/Studio33 Interactive_[BasketBall] v1.1/Animations/Basketball Motions_Generic/93_BlockinglongFarL.fbx using Guid(8a632e4f4846a6b41a7c24693a5206f6) Importer(2089858483,b0f066a214c2f5e87bad3c948f4d605d) (ScriptedImporter) -> (artifact id: '9def70609dd6e88e7a01fd3935bf4b89') in 0.0277388 seconds
Number of updated asset objects reloaded before import = 0Number of asset objects unloaded after import = 152

========================================================================
Received Import Request.
  Time since last request: 0.000046 seconds.
  path: Assets/Studio33 Interactive_[BasketBall] v1.1/Animations/Basketball Motions_Generic/2195_Dribbleright.fbx
  artifactKey: Guid(bb70e4252714ec241b6e30a4bda97ff1) Importer(2089858483,b0f066a214c2f5e87bad3c948f4d605d)
Start importing Assets/Studio33 Interactive_[BasketBall] v1.1/Animations/Basketball Motions_Generic/2195_Dribbleright.fbx using Guid(bb70e4252714ec241b6e30a4bda97ff1) Importer(2089858483,b0f066a214c2f5e87bad3c948f4d605d) (ScriptedImporter) -> (artifact id: '97549e43d03f5639d7c2a19b229b28c2') in 0.0258484 seconds
Number of updated asset objects reloaded before import = 0Number of asset objects unloaded after import = 152

========================================================================
Received Import Request.
  Time since last request: 0.000058 seconds.
  path: Assets/Studio33 Interactive_[BasketBall] v1.1/Animations/Basketball Motions Humanoid/258_CrossFakeStepRRTrB.fbx
  artifactKey: Guid(bc9765982674fea4ea23aaa031011554) Importer(2089858483,b0f066a214c2f5e87bad3c948f4d605d)
Start importing Assets/Studio33 Interactive_[BasketBall] v1.1/Animations/Basketball Motions Humanoid/258_CrossFakeStepRRTrB.fbx using Guid(bc9765982674fea4ea23aaa031011554) Importer(2089858483,b0f066a214c2f5e87bad3c948f4d605d) (ScriptedImporter) -> (artifact id: 'bde4f909f881193855cab504b8ee1465') in 0.0277419 seconds
Number of updated asset objects reloaded before import = 0Number of asset objects unloaded after import = 154

========================================================================
Received Import Request.
  Time since last request: 0.000042 seconds.
  path: Assets/Studio33 Interactive_[BasketBall] v1.1/Animations/Basketball Motions Humanoid/776_OverNpassA.fbx
  artifactKey: Guid(24dde8ec99d6af14485a69bf08fc6063) Importer(2089858483,b0f066a214c2f5e87bad3c948f4d605d)
Start importing Assets/Studio33 Interactive_[BasketBall] v1.1/Animations/Basketball Motions Humanoid/776_OverNpassA.fbx using Guid(24dde8ec99d6af14485a69bf08fc6063) Importer(2089858483,b0f066a214c2f5e87bad3c948f4d605d) (ScriptedImporter) -> (artifact id: '22451183e0d863e96d0a6755bf5de5ae') in 0.0298557 seconds
Number of updated asset objects reloaded before import = 0Number of asset objects unloaded after import = 154

========================================================================
Received Import Request.
  Time since last request: 0.000050 seconds.
  path: Assets/Studio33 Interactive_[BasketBall] v1.1/Animations/Basketball Motions_Generic/481_DchangeRightRA.fbx
  artifactKey: Guid(9a4a38d6e2bc5624b88f006ff1514bb2) Importer(2089858483,b0f066a214c2f5e87bad3c948f4d605d)
Start importing Assets/Studio33 Interactive_[BasketBall] v1.1/Animations/Basketball Motions_Generic/481_DchangeRightRA.fbx using Guid(9a4a38d6e2bc5624b88f006ff1514bb2) Importer(2089858483,b0f066a214c2f5e87bad3c948f4d605d) (ScriptedImporter) -> (artifact id: '8897ae4a8f03948e5f8ba5d567cda90e') in 0.0346807 seconds
Number of updated asset objects reloaded before import = 0Number of asset objects unloaded after import = 152

========================================================================
Received Import Request.
  Time since last request: 0.000046 seconds.
  path: Assets/Studio33 Interactive_[BasketBall] v1.1/Animations/Basketball Motions Humanoid/1117_ScreetwostepReady.fbx
  artifactKey: Guid(a724c4b7fd00a7b4cbaf695abc527b3b) Importer(2089858483,b0f066a214c2f5e87bad3c948f4d605d)
Start importing Assets/Studio33 Interactive_[BasketBall] v1.1/Animations/Basketball Motions Humanoid/1117_ScreetwostepReady.fbx using Guid(a724c4b7fd00a7b4cbaf695abc527b3b) Importer(2089858483,b0f066a214c2f5e87bad3c948f4d605d) (ScriptedImporter) -> (artifact id: 'cbedd745f4364661335477ce2714eda4') in 0.0280621 seconds
Number of updated asset objects reloaded before import = 0Number of asset objects unloaded after import = 154

========================================================================
Received Import Request.
  Time since last request: 0.000063 seconds.
  path: Assets/Studio33 Interactive_[BasketBall] v1.1/Animations/Basketball Motions Humanoid/185_AirBigFrontA.fbx
  artifactKey: Guid(8a2710a1f34ff6f46902474b890b2fe8) Importer(2089858483,b0f066a214c2f5e87bad3c948f4d605d)
Start importing Assets/Studio33 Interactive_[BasketBall] v1.1/Animations/Basketball Motions Humanoid/185_AirBigFrontA.fbx using Guid(8a2710a1f34ff6f46902474b890b2fe8) Importer(2089858483,b0f066a214c2f5e87bad3c948f4d605d) (ScriptedImporter) -> (artifact id: '2ca38ed62b5054a1f66934337195ce5d') in 0.0289748 seconds
Number of updated asset objects reloaded before import = 0Number of asset objects unloaded after import = 154

========================================================================
Received Import Request.
  Time since last request: 0.000044 seconds.
  path: Assets/Studio33 Interactive_[BasketBall] v1.1/Animations/Basketball Motions Humanoid/2101_JumpshotMA.fbx
  artifactKey: Guid(3a183a928a28243439cb3809cf7814df) Importer(2089858483,b0f066a214c2f5e87bad3c948f4d605d)
Start importing Assets/Studio33 Interactive_[BasketBall] v1.1/Animations/Basketball Motions Humanoid/2101_JumpshotMA.fbx using Guid(3a183a928a28243439cb3809cf7814df) Importer(2089858483,b0f066a214c2f5e87bad3c948f4d605d) (ScriptedImporter) -> (artifact id: '2c6bd6928816a843a8ce21e92041b483') in 0.0306084 seconds
Number of updated asset objects reloaded before import = 0Number of asset objects unloaded after import = 154

========================================================================
Received Import Request.
  Time since last request: 0.000038 seconds.
  path: Assets/Studio33 Interactive_[BasketBall] v1.1/Animations/Basketball Motions Humanoid/529_BehindshootMFakeA.fbx
  artifactKey: Guid(93d6b78ca0666fe4b863e8e1399266bf) Importer(2089858483,b0f066a214c2f5e87bad3c948f4d605d)
Start importing Assets/Studio33 Interactive_[BasketBall] v1.1/Animations/Basketball Motions Humanoid/529_BehindshootMFakeA.fbx using Guid(93d6b78ca0666fe4b863e8e1399266bf) Importer(2089858483,b0f066a214c2f5e87bad3c948f4d605d) (ScriptedImporter) -> (artifact id: '0042650dd4a5b0567948409e80a4ed04') in 0.0296383 seconds
Number of updated asset objects reloaded before import = 0Number of asset objects unloaded after import = 154

========================================================================
Received Import Request.
  Time since last request: 0.000061 seconds.
  path: Assets/Studio33 Interactive_[BasketBall] v1.1/Animations/Basketball Motions Humanoid/1143_DclutchRBaA.fbx
  artifactKey: Guid(a5d672168d8b22944ae6a523eb0caef7) Importer(2089858483,b0f066a214c2f5e87bad3c948f4d605d)
Start importing Assets/Studio33 Interactive_[BasketBall] v1.1/Animations/Basketball Motions Humanoid/1143_DclutchRBaA.fbx using Guid(a5d672168d8b22944ae6a523eb0caef7) Importer(2089858483,b0f066a214c2f5e87bad3c948f4d605d) (ScriptedImporter) -> (artifact id: '7045319d37374d9d379c530a31e34e51') in 0.0366868 seconds
Number of updated asset objects reloaded before import = 0Number of asset objects unloaded after import = 154

========================================================================
Received Import Request.
  Time since last request: 0.000038 seconds.
  path: Assets/Studio33 Interactive_[BasketBall] v1.1/Animations/Basketball Motions_Generic/1953_DunkCRevA.fbx
  artifactKey: Guid(2ea1054bf38b32d49b9384012ba2497d) Importer(2089858483,b0f066a214c2f5e87bad3c948f4d605d)
Start importing Assets/Studio33 Interactive_[BasketBall] v1.1/Animations/Basketball Motions_Generic/1953_DunkCRevA.fbx using Guid(2ea1054bf38b32d49b9384012ba2497d) Importer(2089858483,b0f066a214c2f5e87bad3c948f4d605d) (ScriptedImporter) -> (artifact id: '98ed39904f2c51d0f8b6ebbfc63fa379') in 0.0283794 seconds
Number of updated asset objects reloaded before import = 0Number of asset objects unloaded after import = 152

========================================================================
Received Import Request.
  Time since last request: 0.000055 seconds.
  path: Assets/Studio33 Interactive_[BasketBall] v1.1/Animations/Basketball Motions_Generic/197_Driveislip.fbx
  artifactKey: Guid(078bba6b5318d0e479c7036fe2042b19) Importer(2089858483,b0f066a214c2f5e87bad3c948f4d605d)
Start importing Assets/Studio33 Interactive_[BasketBall] v1.1/Animations/Basketball Motions_Generic/197_Driveislip.fbx using Guid(078bba6b5318d0e479c7036fe2042b19) Importer(2089858483,b0f066a214c2f5e87bad3c948f4d605d) (ScriptedImporter) -> (artifact id: '719868501d1f1b5f0e704bb842f4c437') in 0.0284105 seconds
Number of updated asset objects reloaded before import = 0Number of asset objects unloaded after import = 152

========================================================================
Received Import Request.
  Time since last request: 0.000051 seconds.
  path: Assets/Studio33 Interactive_[BasketBall] v1.1/Animations/Basketball Motions_Generic/316_TwostepRRLA.fbx
  artifactKey: Guid(cec8a3996239d8842a793a4660ecc61d) Importer(2089858483,b0f066a214c2f5e87bad3c948f4d605d)
Start importing Assets/Studio33 Interactive_[BasketBall] v1.1/Animations/Basketball Motions_Generic/316_TwostepRRLA.fbx using Guid(cec8a3996239d8842a793a4660ecc61d) Importer(2089858483,b0f066a214c2f5e87bad3c948f4d605d) (ScriptedImporter) -> (artifact id: '35ea02576cccf52ec8e07ccfd109a6b3') in 0.0290954 seconds
Number of updated asset objects reloaded before import = 0Number of asset objects unloaded after import = 152

========================================================================
Received Import Request.
  Time since last request: 0.000039 seconds.
  path: Assets/Studio33 Interactive_[BasketBall] v1.1/Animations/Basketball Motions_Generic/1838_JumpshotDriftLA.fbx
  artifactKey: Guid(023dc76489b71e144b081c7eedec06a2) Importer(2089858483,b0f066a214c2f5e87bad3c948f4d605d)
Start importing Assets/Studio33 Interactive_[BasketBall] v1.1/Animations/Basketball Motions_Generic/1838_JumpshotDriftLA.fbx using Guid(023dc76489b71e144b081c7eedec06a2) Importer(2089858483,b0f066a214c2f5e87bad3c948f4d605d) (ScriptedImporter) -> (artifact id: '54ffc9bd750de21fe8334c7e242d2631') in 0.0287539 seconds
Number of updated asset objects reloaded before import = 0Number of asset objects unloaded after import = 152

========================================================================
Received Import Request.
  Time since last request: 0.000044 seconds.
  path: Assets/Studio33 Interactive_[BasketBall] v1.1/Animations/Basketball Motions Humanoid/795_PassChestFA.fbx
  artifactKey: Guid(98e34377f2655404bb921654ece0a758) Importer(2089858483,b0f066a214c2f5e87bad3c948f4d605d)
Start importing Assets/Studio33 Interactive_[BasketBall] v1.1/Animations/Basketball Motions Humanoid/795_PassChestFA.fbx using Guid(98e34377f2655404bb921654ece0a758) Importer(2089858483,b0f066a214c2f5e87bad3c948f4d605d) (ScriptedImporter) -> (artifact id: 'd4550cb5632ac107150249d1734d6b07') in 0.0283509 seconds
Number of updated asset objects reloaded before import = 0Number of asset objects unloaded after import = 154

========================================================================
Received Import Request.
  Time since last request: 0.000058 seconds.
  path: Assets/Studio33 Interactive_[BasketBall] v1.1/Animations/Basketball Motions_Generic/40_BlockingckncatchLongFarJumpFA.fbx
  artifactKey: Guid(6b744796affed454f8293e988634b6ba) Importer(815301076,1909f56bfc062723c751e8b465ee728b)
Start importing Assets/Studio33 Interactive_[BasketBall] v1.1/Animations/Basketball Motions_Generic/40_BlockingckncatchLongFarJumpFA.fbx using Guid(6b744796affed454f8293e988634b6ba) Importer(815301076,1909f56bfc062723c751e8b465ee728b) (PreviewImporter) -> (artifact id: '7045664e7031041a79428a86dd98ccac') in 0.0426252 seconds
Number of updated asset objects reloaded before import = 0Number of asset objects unloaded after import = 152

========================================================================
Received Import Request.
  Time since last request: 0.000042 seconds.
  path: Assets/Studio33 Interactive_[BasketBall] v1.1/Animations/Basketball Motions_Generic/1720_DunkRA.fbx
  artifactKey: Guid(57d582afc82e9a848a8e80c7a5b925bc) Importer(2089858483,b0f066a214c2f5e87bad3c948f4d605d)
Start importing Assets/Studio33 Interactive_[BasketBall] v1.1/Animations/Basketball Motions_Generic/1720_DunkRA.fbx using Guid(57d582afc82e9a848a8e80c7a5b925bc) Importer(2089858483,b0f066a214c2f5e87bad3c948f4d605d) (ScriptedImporter) -> (artifact id: '9c8e80458d489426c766172711b86aeb') in 0.0352531 seconds
Number of updated asset objects reloaded before import = 0Number of asset objects unloaded after import = 152

========================================================================
Received Import Request.
  Time since last request: 0.000040 seconds.
  path: Assets/Studio33 Interactive_[BasketBall] v1.1/Animations/Basketball Motions_Generic/1751_LayupRA.fbx
  artifactKey: Guid(e608ec6390070f543815519b44d28e63) Importer(2089858483,b0f066a214c2f5e87bad3c948f4d605d)
Start importing Assets/Studio33 Interactive_[BasketBall] v1.1/Animations/Basketball Motions_Generic/1751_LayupRA.fbx using Guid(e608ec6390070f543815519b44d28e63) Importer(2089858483,b0f066a214c2f5e87bad3c948f4d605d) (ScriptedImporter) -> (artifact id: '5cd3ccdfbd12188bb0e1df160f5906dc') in 0.0248643 seconds
Number of updated asset objects reloaded before import = 0Number of asset objects unloaded after import = 152

========================================================================
Received Import Request.
  Time since last request: 0.000045 seconds.
  path: Assets/Studio33 Interactive_[BasketBall] v1.1/Animations/Basketball Motions_Generic/1369_JumpshotMFakeA.fbx
  artifactKey: Guid(1c6b491cf1636ee459f1c1994ea146de) Importer(2089858483,b0f066a214c2f5e87bad3c948f4d605d)
Start importing Assets/Studio33 Interactive_[BasketBall] v1.1/Animations/Basketball Motions_Generic/1369_JumpshotMFakeA.fbx using Guid(1c6b491cf1636ee459f1c1994ea146de) Importer(2089858483,b0f066a214c2f5e87bad3c948f4d605d) (ScriptedImporter) -> (artifact id: '4000406bbeb84db5f9c56a1467dd585e') in 0.0264467 seconds
Number of updated asset objects reloaded before import = 0Number of asset objects unloaded after import = 152

========================================================================
Received Import Request.
  Time since last request: 0.000030 seconds.
  path: Assets/Studio33 Interactive_[BasketBall] v1.1/Animations/Basketball Motions Humanoid/406_InsideTackeA.fbx
  artifactKey: Guid(454bdfa48e7f31a428838a06616fb07d) Importer(2089858483,b0f066a214c2f5e87bad3c948f4d605d)
Start importing Assets/Studio33 Interactive_[BasketBall] v1.1/Animations/Basketball Motions Humanoid/406_InsideTackeA.fbx using Guid(454bdfa48e7f31a428838a06616fb07d) Importer(2089858483,b0f066a214c2f5e87bad3c948f4d605d) (ScriptedImporter) -> (artifact id: '5f3af6d9787f6c708c3fa53b425319a9') in 0.0282709 seconds
Number of updated asset objects reloaded before import = 0Number of asset objects unloaded after import = 154

========================================================================
Received Import Request.
  Time since last request: 0.000034 seconds.
  path: Assets/Studio33 Interactive_[BasketBall] v1.1/Animations/Basketball Motions Humanoid/1707_TipirA.fbx
  artifactKey: Guid(3ad1e40319b6e804a9d816779e80ebec) Importer(2089858483,b0f066a214c2f5e87bad3c948f4d605d)
Start importing Assets/Studio33 Interactive_[BasketBall] v1.1/Animations/Basketball Motions Humanoid/1707_TipirA.fbx using Guid(3ad1e40319b6e804a9d816779e80ebec) Importer(2089858483,b0f066a214c2f5e87bad3c948f4d605d) (ScriptedImporter) -> (artifact id: 'ff8264dcd4e3b3d3222ee599a6f29b23') in 0.0304098 seconds
Number of updated asset objects reloaded before import = 0Number of asset objects unloaded after import = 154

========================================================================
Received Import Request.
  Time since last request: 0.000053 seconds.
  path: Assets/Studio33 Interactive_[BasketBall] v1.1/Animations/Basketball Motions Humanoid/929_PostThRightRA.fbx
  artifactKey: Guid(208165341d290124eb7c45e188f9e0a9) Importer(2089858483,b0f066a214c2f5e87bad3c948f4d605d)
Start importing Assets/Studio33 Interactive_[BasketBall] v1.1/Animations/Basketball Motions Humanoid/929_PostThRightRA.fbx using Guid(208165341d290124eb7c45e188f9e0a9) Importer(2089858483,b0f066a214c2f5e87bad3c948f4d605d) (ScriptedImporter) -> (artifact id: '1d13e3455f818961fe0eee7159f0f23d') in 0.0287063 seconds
Number of updated asset objects reloaded before import = 0Number of asset objects unloaded after import = 154

========================================================================
Received Import Request.
  Time since last request: 0.000052 seconds.
  path: Assets/Studio33 Interactive_[BasketBall] v1.1/Animations/Basketball Motions_Generic/492_ChangeRightLA.fbx
  artifactKey: Guid(7fe8e552172091949978b8fa4b42192a) Importer(2089858483,b0f066a214c2f5e87bad3c948f4d605d)
Start importing Assets/Studio33 Interactive_[BasketBall] v1.1/Animations/Basketball Motions_Generic/492_ChangeRightLA.fbx using Guid(7fe8e552172091949978b8fa4b42192a) Importer(2089858483,b0f066a214c2f5e87bad3c948f4d605d) (ScriptedImporter) -> (artifact id: '930f70d5f35c1ce8b415ce6ea620f290') in 0.0365888 seconds
Number of updated asset objects reloaded before import = 0Number of asset objects unloaded after import = 152

========================================================================
Received Import Request.
  Time since last request: 0.000039 seconds.
  path: Assets/Studio33 Interactive_[BasketBall] v1.1/Animations/Basketball Motions Humanoid/2016_DunkClutchRRightA.fbx
  artifactKey: Guid(1571c0f62f339d9439ad484c9adcc15e) Importer(2089858483,b0f066a214c2f5e87bad3c948f4d605d)
Start importing Assets/Studio33 Interactive_[BasketBall] v1.1/Animations/Basketball Motions Humanoid/2016_DunkClutchRRightA.fbx using Guid(1571c0f62f339d9439ad484c9adcc15e) Importer(2089858483,b0f066a214c2f5e87bad3c948f4d605d) (ScriptedImporter) -> (artifact id: 'd9866dfe5be76251c2e904aa3c63b6c0') in 0.0335786 seconds
Number of updated asset objects reloaded before import = 0Number of asset objects unloaded after import = 154

========================================================================
Received Import Request.
  Time since last request: 0.000046 seconds.
  path: Assets/Studio33 Interactive_[BasketBall] v1.1/Animations/Basketball Motions Humanoid/118_ReboundAndBoxOutBaa.fbx
  artifactKey: Guid(5f888ba505fd1a74ebdbc637746767ca) Importer(2089858483,b0f066a214c2f5e87bad3c948f4d605d)
Start importing Assets/Studio33 Interactive_[BasketBall] v1.1/Animations/Basketball Motions Humanoid/118_ReboundAndBoxOutBaa.fbx using Guid(5f888ba505fd1a74ebdbc637746767ca) Importer(2089858483,b0f066a214c2f5e87bad3c948f4d605d) (ScriptedImporter) -> (artifact id: 'b76f2bb960076a4701042381d6ec662a') in 0.0283766 seconds
Number of updated asset objects reloaded before import = 0Number of asset objects unloaded after import = 154

========================================================================
Received Import Request.
  Time since last request: 0.000057 seconds.
  path: Assets/Studio33 Interactive_[BasketBall] v1.1/Animations/Basketball Motions_Generic/1570_LayupCA.fbx
  artifactKey: Guid(585f69e3842fbfe4daa02750124918f4) Importer(2089858483,b0f066a214c2f5e87bad3c948f4d605d)
Start importing Assets/Studio33 Interactive_[BasketBall] v1.1/Animations/Basketball Motions_Generic/1570_LayupCA.fbx using Guid(585f69e3842fbfe4daa02750124918f4) Importer(2089858483,b0f066a214c2f5e87bad3c948f4d605d) (ScriptedImporter) -> (artifact id: '88d297ab3acdb50c39f9e97ce8d6aecf') in 0.0293909 seconds
Number of updated asset objects reloaded before import = 0Number of asset objects unloaded after import = 152

========================================================================
Received Import Request.
  Time since last request: 0.000034 seconds.
  path: Assets/Studio33 Interactive_[BasketBall] v1.1/Animations/Basketball Motions_Generic/1677_DunkRA.fbx
  artifactKey: Guid(1bef291e279298e4b9b603311cdb8935) Importer(2089858483,b0f066a214c2f5e87bad3c948f4d605d)
Start importing Assets/Studio33 Interactive_[BasketBall] v1.1/Animations/Basketball Motions_Generic/1677_DunkRA.fbx using Guid(1bef291e279298e4b9b603311cdb8935) Importer(2089858483,b0f066a214c2f5e87bad3c948f4d605d) (ScriptedImporter) -> (artifact id: '4cbdaea875241da9cdc7a4e7cad69810') in 0.0314607 seconds
Number of updated asset objects reloaded before import = 0Number of asset objects unloaded after import = 152

========================================================================
Received Import Request.
  Time since last request: 0.000050 seconds.
  path: Assets/Studio33 Interactive_[BasketBall] v1.1/Animations/Basketball Motions_Generic/1525_DclutchRLeftA.fbx
  artifactKey: Guid(8fcead57d46646a43ac9cb7ad76d6348) Importer(2089858483,b0f066a214c2f5e87bad3c948f4d605d)
Start importing Assets/Studio33 Interactive_[BasketBall] v1.1/Animations/Basketball Motions_Generic/1525_DclutchRLeftA.fbx using Guid(8fcead57d46646a43ac9cb7ad76d6348) Importer(2089858483,b0f066a214c2f5e87bad3c948f4d605d) (ScriptedImporter) -> (artifact id: 'a91488bd8ed465fb9ac4d19d012ca916') in 0.028283 seconds
Number of updated asset objects reloaded before import = 0Number of asset objects unloaded after import = 152

========================================================================
Received Import Request.
  Time since last request: 0.000054 seconds.
  path: Assets/Studio33 Interactive_[BasketBall] v1.1/Animations/Basketball Motions Humanoid/1649_DunkCA.fbx
  artifactKey: Guid(2c46837e0bb8c384ebeb00b18e8358f9) Importer(2089858483,b0f066a214c2f5e87bad3c948f4d605d)
Start importing Assets/Studio33 Interactive_[BasketBall] v1.1/Animations/Basketball Motions Humanoid/1649_DunkCA.fbx using Guid(2c46837e0bb8c384ebeb00b18e8358f9) Importer(2089858483,b0f066a214c2f5e87bad3c948f4d605d) (ScriptedImporter) -> (artifact id: 'd1e398583e0d93fb78a7d65ba30740e3') in 0.0392457 seconds
Number of updated asset objects reloaded before import = 0Number of asset objects unloaded after import = 154

========================================================================
Received Import Request.
  Time since last request: 0.000044 seconds.
  path: Assets/Studio33 Interactive_[BasketBall] v1.1/Animations/Basketball Motions_Generic/532_KneehemFakeA.fbx
  artifactKey: Guid(c4b363509b9173145b538b5d82e5caf2) Importer(2089858483,b0f066a214c2f5e87bad3c948f4d605d)
Start importing Assets/Studio33 Interactive_[BasketBall] v1.1/Animations/Basketball Motions_Generic/532_KneehemFakeA.fbx using Guid(c4b363509b9173145b538b5d82e5caf2) Importer(2089858483,b0f066a214c2f5e87bad3c948f4d605d) (ScriptedImporter) -> (artifact id: '8f5acd7494be11998bf80baf22aac705') in 0.026719 seconds
Number of updated asset objects reloaded before import = 0Number of asset objects unloaded after import = 152

========================================================================
Received Import Request.
  Time since last request: 0.000047 seconds.
  path: Assets/Studio33 Interactive_[BasketBall] v1.1/Animations/Basketball Motions Humanoid/1916_JumpshotReadyFake.fbx
  artifactKey: Guid(9256e1b4fec388a42be6e342e1201e60) Importer(2089858483,b0f066a214c2f5e87bad3c948f4d605d)
Start importing Assets/Studio33 Interactive_[BasketBall] v1.1/Animations/Basketball Motions Humanoid/1916_JumpshotReadyFake.fbx using Guid(9256e1b4fec388a42be6e342e1201e60) Importer(2089858483,b0f066a214c2f5e87bad3c948f4d605d) (ScriptedImporter) -> (artifact id: '407001831f87d06bae46c575591d1253') in 0.0298639 seconds
Number of updated asset objects reloaded before import = 0Number of asset objects unloaded after import = 154

========================================================================
Received Import Request.
  Time since last request: 0.000057 seconds.
  path: Assets/Studio33 Interactive_[BasketBall] v1.1/Animations/Basketball Motions_Generic/779_PassfakeBaA.fbx
  artifactKey: Guid(fe9c2d4b0ff8c7542acf522679847fe5) Importer(2089858483,b0f066a214c2f5e87bad3c948f4d605d)
Start importing Assets/Studio33 Interactive_[BasketBall] v1.1/Animations/Basketball Motions_Generic/779_PassfakeBaA.fbx using Guid(fe9c2d4b0ff8c7542acf522679847fe5) Importer(2089858483,b0f066a214c2f5e87bad3c948f4d605d) (ScriptedImporter) -> (artifact id: '4035d0265a501b7d4ab04000f4736090') in 0.0275588 seconds
Number of updated asset objects reloaded before import = 0Number of asset objects unloaded after import = 152

========================================================================
Received Import Request.
  Time since last request: 0.000043 seconds.
  path: Assets/Studio33 Interactive_[BasketBall] v1.1/Animations/Basketball Motions_Generic/83_BlockingckpassLongNearFLA.fbx
  artifactKey: Guid(3fb403a4c972b364594d728a11c0369e) Importer(815301076,1909f56bfc062723c751e8b465ee728b)
Start importing Assets/Studio33 Interactive_[BasketBall] v1.1/Animations/Basketball Motions_Generic/83_BlockingckpassLongNearFLA.fbx using Guid(3fb403a4c972b364594d728a11c0369e) Importer(815301076,1909f56bfc062723c751e8b465ee728b) (PreviewImporter) -> (artifact id: 'f12e266f6734bac831a1febd4803cf56') in 0.0459698 seconds
Number of updated asset objects reloaded before import = 0Number of asset objects unloaded after import = 152

========================================================================
Received Import Request.
  Time since last request: 0.000051 seconds.
  path: Assets/Studio33 Interactive_[BasketBall] v1.1/Animations/Basketball Motions Humanoid/753_PassShootfakepassF.fbx
  artifactKey: Guid(c69e08674dc4d1a4aa226e738bd50ff2) Importer(2089858483,b0f066a214c2f5e87bad3c948f4d605d)
Start importing Assets/Studio33 Interactive_[BasketBall] v1.1/Animations/Basketball Motions Humanoid/753_PassShootfakepassF.fbx using Guid(c69e08674dc4d1a4aa226e738bd50ff2) Importer(2089858483,b0f066a214c2f5e87bad3c948f4d605d) (ScriptedImporter) -> (artifact id: 'b917d346196b0f90e8738f3d29917155') in 0.0287242 seconds
Number of updated asset objects reloaded before import = 0Number of asset objects unloaded after import = 154

========================================================================
Received Import Request.
  Time since last request: 0.000057 seconds.
  path: Assets/Studio33 Interactive_[BasketBall] v1.1/Animations/Basketball Motions_Generic/23_BlockingckncatchShortLayupFA.fbx
  artifactKey: Guid(625f723b4d6c9b94aa016fb8fc815e29) Importer(2089858483,b0f066a214c2f5e87bad3c948f4d605d)
Start importing Assets/Studio33 Interactive_[BasketBall] v1.1/Animations/Basketball Motions_Generic/23_BlockingckncatchShortLayupFA.fbx using Guid(625f723b4d6c9b94aa016fb8fc815e29) Importer(2089858483,b0f066a214c2f5e87bad3c948f4d605d) (ScriptedImporter) -> (artifact id: '882c5a19e2a4626e55e29190b17af974') in 0.0325122 seconds
Number of updated asset objects reloaded before import = 0Number of asset objects unloaded after import = 152

========================================================================
Received Import Request.
  Time since last request: 0.000045 seconds.
  path: Assets/Studio33 Interactive_[BasketBall] v1.1/Animations/Basketball Motions Humanoid/1346_JumpshotMA.fbx
  artifactKey: Guid(d4dd273e64251d045a95029b8ae7fdb2) Importer(2089858483,b0f066a214c2f5e87bad3c948f4d605d)
Start importing Assets/Studio33 Interactive_[BasketBall] v1.1/Animations/Basketball Motions Humanoid/1346_JumpshotMA.fbx using Guid(d4dd273e64251d045a95029b8ae7fdb2) Importer(2089858483,b0f066a214c2f5e87bad3c948f4d605d) (ScriptedImporter) -> (artifact id: '16d170a13b3fa0abc96c0dd99842d205') in 0.0354748 seconds
Number of updated asset objects reloaded before import = 0Number of asset objects unloaded after import = 154

========================================================================
Received Import Request.
  Time since last request: 0.000041 seconds.
  path: Assets/Studio33 Interactive_[BasketBall] v1.1/Animations/Basketball Motions Humanoid/1628_DunkCA.fbx
  artifactKey: Guid(e671b04e75dcc4e4b96e7f4a0e548c91) Importer(2089858483,b0f066a214c2f5e87bad3c948f4d605d)
Start importing Assets/Studio33 Interactive_[BasketBall] v1.1/Animations/Basketball Motions Humanoid/1628_DunkCA.fbx using Guid(e671b04e75dcc4e4b96e7f4a0e548c91) Importer(2089858483,b0f066a214c2f5e87bad3c948f4d605d) (ScriptedImporter) -> (artifact id: '8e7d2292506ad06bab31b63c2b156966') in 0.0362637 seconds
Number of updated asset objects reloaded before import = 0Number of asset objects unloaded after import = 154

========================================================================
Received Import Request.
  Time since last request: 0.000052 seconds.
  path: Assets/Studio33 Interactive_[BasketBall] v1.1/Animations/Basketball Motions Humanoid/1462_DunkRA.fbx
  artifactKey: Guid(bb7feed6542f1924ca76edfb06dfe182) Importer(2089858483,b0f066a214c2f5e87bad3c948f4d605d)
Start importing Assets/Studio33 Interactive_[BasketBall] v1.1/Animations/Basketball Motions Humanoid/1462_DunkRA.fbx using Guid(bb7feed6542f1924ca76edfb06dfe182) Importer(2089858483,b0f066a214c2f5e87bad3c948f4d605d) (ScriptedImporter) -> (artifact id: 'c78a78dc94b7e5c77441e909cfb00089') in 0.029883 seconds
Number of updated asset objects reloaded before import = 0Number of asset objects unloaded after import = 154

========================================================================
Received Import Request.
  Time since last request: 0.000030 seconds.
  path: Assets/Studio33 Interactive_[BasketBall] v1.1/Animations/Basketball Motions_Generic/1863_DunkRA.fbx
  artifactKey: Guid(78194c372d1f73e4d987c4d1a6eab8a5) Importer(2089858483,b0f066a214c2f5e87bad3c948f4d605d)
Start importing Assets/Studio33 Interactive_[BasketBall] v1.1/Animations/Basketball Motions_Generic/1863_DunkRA.fbx using Guid(78194c372d1f73e4d987c4d1a6eab8a5) Importer(2089858483,b0f066a214c2f5e87bad3c948f4d605d) (ScriptedImporter) -> (artifact id: 'a4e561c7c47eff2d96862aba3bb04f53') in 0.0296789 seconds
Number of updated asset objects reloaded before import = 0Number of asset objects unloaded after import = 152

========================================================================
Received Import Request.
  Time since last request: 0.000033 seconds.
  path: Assets/Studio33 Interactive_[BasketBall] v1.1/Animations/Basketball Motions_Generic/1351_JumpshotMA.fbx
  artifactKey: Guid(64ad31599d40be646b80eea4de847215) Importer(2089858483,b0f066a214c2f5e87bad3c948f4d605d)
Start importing Assets/Studio33 Interactive_[BasketBall] v1.1/Animations/Basketball Motions_Generic/1351_JumpshotMA.fbx using Guid(64ad31599d40be646b80eea4de847215) Importer(2089858483,b0f066a214c2f5e87bad3c948f4d605d) (ScriptedImporter) -> (artifact id: '517b485383003a03fa83800a76737648') in 0.0288333 seconds
Number of updated asset objects reloaded before import = 0Number of asset objects unloaded after import = 152

========================================================================
Received Import Request.
  Time since last request: 0.000057 seconds.
  path: Assets/Studio33 Interactive_[BasketBall] v1.1/Animations/Basketball Motions_Generic/312_TurnstepOverLA.fbx
  artifactKey: Guid(3eeb15496e0a91e478b781aafb54b8ab) Importer(2089858483,b0f066a214c2f5e87bad3c948f4d605d)
Start importing Assets/Studio33 Interactive_[BasketBall] v1.1/Animations/Basketball Motions_Generic/312_TurnstepOverLA.fbx using Guid(3eeb15496e0a91e478b781aafb54b8ab) Importer(2089858483,b0f066a214c2f5e87bad3c948f4d605d) (ScriptedImporter) -> (artifact id: '2fbb064a2685b6feb98e3066d0864931') in 0.030446 seconds
Number of updated asset objects reloaded before import = 0Number of asset objects unloaded after import = 152

========================================================================
Received Import Request.
  Time since last request: 0.000045 seconds.
  path: Assets/Studio33 Interactive_[BasketBall] v1.1/Animations/Basketball Motions Humanoid/434_DefenceFrontA.fbx
  artifactKey: Guid(b126561d6309643439668da50f144cce) Importer(2089858483,b0f066a214c2f5e87bad3c948f4d605d)
Start importing Assets/Studio33 Interactive_[BasketBall] v1.1/Animations/Basketball Motions Humanoid/434_DefenceFrontA.fbx using Guid(b126561d6309643439668da50f144cce) Importer(2089858483,b0f066a214c2f5e87bad3c948f4d605d) (ScriptedImporter) -> (artifact id: '7c2f96894050ed452f4fd61a735ef9d5') in 0.0338438 seconds
Number of updated asset objects reloaded before import = 0Number of asset objects unloaded after import = 154

========================================================================
Received Import Request.
  Time since last request: 0.000048 seconds.
  path: Assets/Studio33 Interactive_[BasketBall] v1.1/Animations/Basketball Motions_Generic/249_CrossFakeShammgodRR.fbx
  artifactKey: Guid(c227e181071f1ad4cb3ebe13c4634f7c) Importer(2089858483,b0f066a214c2f5e87bad3c948f4d605d)
Start importing Assets/Studio33 Interactive_[BasketBall] v1.1/Animations/Basketball Motions_Generic/249_CrossFakeShammgodRR.fbx using Guid(c227e181071f1ad4cb3ebe13c4634f7c) Importer(2089858483,b0f066a214c2f5e87bad3c948f4d605d) (ScriptedImporter) -> (artifact id: 'ab034a1e0084938d489858402eb29f9a') in 0.0281576 seconds
Number of updated asset objects reloaded before import = 0Number of asset objects unloaded after import = 152

========================================================================
Received Import Request.
  Time since last request: 0.000057 seconds.
  path: Assets/Studio33 Interactive_[BasketBall] v1.1/Animations/Basketball Motions Humanoid/705_AlleyooppassRA.fbx
  artifactKey: Guid(b8915a142544fb24c8c06c2108a4db4d) Importer(2089858483,b0f066a214c2f5e87bad3c948f4d605d)
Start importing Assets/Studio33 Interactive_[BasketBall] v1.1/Animations/Basketball Motions Humanoid/705_AlleyooppassRA.fbx using Guid(b8915a142544fb24c8c06c2108a4db4d) Importer(2089858483,b0f066a214c2f5e87bad3c948f4d605d) (ScriptedImporter) -> (artifact id: '6e490831db9c910e0a517f821faecc43') in 0.0296163 seconds
Number of updated asset objects reloaded before import = 0Number of asset objects unloaded after import = 154

========================================================================
Received Import Request.
  Time since last request: 0.000039 seconds.
  path: Assets/Studio33 Interactive_[BasketBall] v1.1/Animations/Basketball Motions Humanoid/1997_DunkCA.fbx
  artifactKey: Guid(7c82454e475abd1478c9217dbe7c9731) Importer(2089858483,b0f066a214c2f5e87bad3c948f4d605d)
Start importing Assets/Studio33 Interactive_[BasketBall] v1.1/Animations/Basketball Motions Humanoid/1997_DunkCA.fbx using Guid(7c82454e475abd1478c9217dbe7c9731) Importer(2089858483,b0f066a214c2f5e87bad3c948f4d605d) (ScriptedImporter) -> (artifact id: 'e4b06016bae2a91e5d010b9e6ce48c43') in 0.0318463 seconds
Number of updated asset objects reloaded before import = 0Number of asset objects unloaded after import = 154

========================================================================
Received Import Request.
  Time since last request: 0.000032 seconds.
  path: Assets/Studio33 Interactive_[BasketBall] v1.1/Animations/Basketball Motions_Generic/238_BtlCrossoverWindupRL.fbx
  artifactKey: Guid(fc4b69042645f6f42b1a73597e4e8f05) Importer(2089858483,b0f066a214c2f5e87bad3c948f4d605d)
Start importing Assets/Studio33 Interactive_[BasketBall] v1.1/Animations/Basketball Motions_Generic/238_BtlCrossoverWindupRL.fbx using Guid(fc4b69042645f6f42b1a73597e4e8f05) Importer(2089858483,b0f066a214c2f5e87bad3c948f4d605d) (ScriptedImporter) -> (artifact id: 'ca36bc7a56679ef3ebfc5bbab8e92313') in 0.0278555 seconds
Number of updated asset objects reloaded before import = 0Number of asset objects unloaded after import = 152

========================================================================
Received Import Request.
  Time since last request: 0.000054 seconds.
  path: Assets/Studio33 Interactive_[BasketBall] v1.1/Animations/Basketball Motions Humanoid/587_DenyA.fbx
  artifactKey: Guid(668fe5434e1be0f4896b47310e380865) Importer(2089858483,b0f066a214c2f5e87bad3c948f4d605d)
Start importing Assets/Studio33 Interactive_[BasketBall] v1.1/Animations/Basketball Motions Humanoid/587_DenyA.fbx using Guid(668fe5434e1be0f4896b47310e380865) Importer(2089858483,b0f066a214c2f5e87bad3c948f4d605d) (ScriptedImporter) -> (artifact id: '30d01a909adf9128f491b11d88d6dab1') in 0.0368613 seconds
Number of updated asset objects reloaded before import = 0Number of asset objects unloaded after import = 154

========================================================================
Received Import Request.
  Time since last request: 0.000038 seconds.
  path: Assets/Studio33 Interactive_[BasketBall] v1.1/Animations/Basketball Motions_Generic/1753_LayupCA.fbx
  artifactKey: Guid(f8ba3e5a47f34dd459d65460260b362a) Importer(2089858483,b0f066a214c2f5e87bad3c948f4d605d)
Start importing Assets/Studio33 Interactive_[BasketBall] v1.1/Animations/Basketball Motions_Generic/1753_LayupCA.fbx using Guid(f8ba3e5a47f34dd459d65460260b362a) Importer(2089858483,b0f066a214c2f5e87bad3c948f4d605d) (ScriptedImporter) -> (artifact id: '550a10e0f1fa01d5feec9685625aaf78') in 0.0262341 seconds
Number of updated asset objects reloaded before import = 0Number of asset objects unloaded after import = 152

========================================================================
Received Import Request.
  Time since last request: 0.000036 seconds.
  path: Assets/Studio33 Interactive_[BasketBall] v1.1/Animations/Basketball Motions Humanoid/283_CrossoverWindupRR.fbx
  artifactKey: Guid(65d3d136629066e4398e31d646188262) Importer(2089858483,b0f066a214c2f5e87bad3c948f4d605d)
Start importing Assets/Studio33 Interactive_[BasketBall] v1.1/Animations/Basketball Motions Humanoid/283_CrossoverWindupRR.fbx using Guid(65d3d136629066e4398e31d646188262) Importer(2089858483,b0f066a214c2f5e87bad3c948f4d605d) (ScriptedImporter) -> (artifact id: '47c791dbf4805de345484a76750f4ef9') in 0.0304033 seconds
Number of updated asset objects reloaded before import = 0Number of asset objects unloaded after import = 154

========================================================================
Received Import Request.
  Time since last request: 0.000058 seconds.
  path: Assets/Studio33 Interactive_[BasketBall] v1.1/Animations/Basketball Motions_Generic/2199_StealcounterA.fbx
  artifactKey: Guid(72f0fbdaa3096d441ba941cfab84633e) Importer(2089858483,b0f066a214c2f5e87bad3c948f4d605d)
Start importing Assets/Studio33 Interactive_[BasketBall] v1.1/Animations/Basketball Motions_Generic/2199_StealcounterA.fbx using Guid(72f0fbdaa3096d441ba941cfab84633e) Importer(2089858483,b0f066a214c2f5e87bad3c948f4d605d) (ScriptedImporter) -> (artifact id: '5d486a964105ea5cb8a8975a78b8042d') in 0.0256131 seconds
Number of updated asset objects reloaded before import = 0Number of asset objects unloaded after import = 152

========================================================================
Received Import Request.
  Time since last request: 0.000042 seconds.
  path: Assets/Studio33 Interactive_[BasketBall] v1.1/Animations/Basketball Motions Humanoid/187_AirSmabaA.fbx
  artifactKey: Guid(4afd8a9c2b571f94fbcf6a77e67117c7) Importer(2089858483,b0f066a214c2f5e87bad3c948f4d605d)
Start importing Assets/Studio33 Interactive_[BasketBall] v1.1/Animations/Basketball Motions Humanoid/187_AirSmabaA.fbx using Guid(4afd8a9c2b571f94fbcf6a77e67117c7) Importer(2089858483,b0f066a214c2f5e87bad3c948f4d605d) (ScriptedImporter) -> (artifact id: '342413de57a12b097c5e689774ccea00') in 0.0285095 seconds
Number of updated asset objects reloaded before import = 0Number of asset objects unloaded after import = 154

========================================================================
Received Import Request.
  Time since last request: 0.000040 seconds.
  path: Assets/Studio33 Interactive_[BasketBall] v1.1/Animations/Basketball Motions Humanoid/496_DribbledashCR.fbx
  artifactKey: Guid(1a86801f244c2dd4a948b8fbb4a52564) Importer(2089858483,b0f066a214c2f5e87bad3c948f4d605d)
Start importing Assets/Studio33 Interactive_[BasketBall] v1.1/Animations/Basketball Motions Humanoid/496_DribbledashCR.fbx using Guid(1a86801f244c2dd4a948b8fbb4a52564) Importer(2089858483,b0f066a214c2f5e87bad3c948f4d605d) (ScriptedImporter) -> (artifact id: 'd536bab25bf3f81fdece46e48d5ba1c9') in 0.0330384 seconds
Number of updated asset objects reloaded before import = 0Number of asset objects unloaded after import = 154

========================================================================
Received Import Request.
  Time since last request: 0.000039 seconds.
  path: Assets/Studio33 Interactive_[BasketBall] v1.1/Animations/Basketball Motions Humanoid/837_AlleyoopOverNpassFA.fbx
  artifactKey: Guid(3d39eb0a182d12241b20b89dcf034fc9) Importer(2089858483,b0f066a214c2f5e87bad3c948f4d605d)
Start importing Assets/Studio33 Interactive_[BasketBall] v1.1/Animations/Basketball Motions Humanoid/837_AlleyoopOverNpassFA.fbx using Guid(3d39eb0a182d12241b20b89dcf034fc9) Importer(2089858483,b0f066a214c2f5e87bad3c948f4d605d) (ScriptedImporter) -> (artifact id: 'e51ef56fda7e6030d0bfef1154684068') in 0.0333518 seconds
Number of updated asset objects reloaded before import = 0Number of asset objects unloaded after import = 154

========================================================================
Received Import Request.
  Time since last request: 0.000055 seconds.
  path: Assets/Studio33 Interactive_[BasketBall] v1.1/Animations/Basketball Motions Humanoid/1491_DunkCA.fbx
  artifactKey: Guid(0a64c333f3a68f0418188d0b636aba34) Importer(2089858483,b0f066a214c2f5e87bad3c948f4d605d)
Start importing Assets/Studio33 Interactive_[BasketBall] v1.1/Animations/Basketball Motions Humanoid/1491_DunkCA.fbx using Guid(0a64c333f3a68f0418188d0b636aba34) Importer(2089858483,b0f066a214c2f5e87bad3c948f4d605d) (ScriptedImporter) -> (artifact id: 'd2bdb10346ddb05c3427545fd90cfc74') in 0.0300529 seconds
Number of updated asset objects reloaded before import = 0Number of asset objects unloaded after import = 154

========================================================================
Received Import Request.
  Time since last request: 0.000041 seconds.
  path: Assets/Studio33 Interactive_[BasketBall] v1.1/Animations/Basketball Motions Humanoid/2092_JumpshotMFakeA.fbx
  artifactKey: Guid(ab0cd03b9b0fbe441bde204a8dc98ae3) Importer(2089858483,b0f066a214c2f5e87bad3c948f4d605d)
Start importing Assets/Studio33 Interactive_[BasketBall] v1.1/Animations/Basketball Motions Humanoid/2092_JumpshotMFakeA.fbx using Guid(ab0cd03b9b0fbe441bde204a8dc98ae3) Importer(2089858483,b0f066a214c2f5e87bad3c948f4d605d) (ScriptedImporter) -> (artifact id: '66bc58cc77b00f6e5d8821bcac0d89cd') in 0.0297622 seconds
Number of updated asset objects reloaded before import = 0Number of asset objects unloaded after import = 154

========================================================================
Received Import Request.
  Time since last request: 0.000041 seconds.
  path: Assets/Studio33 Interactive_[BasketBall] v1.1/Animations/Basketball Motions Humanoid/2047_JumpshotReadyFake.fbx
  artifactKey: Guid(bb1ca4c5858aa6744a5bd6fac2760dba) Importer(2089858483,b0f066a214c2f5e87bad3c948f4d605d)
Start importing Assets/Studio33 Interactive_[BasketBall] v1.1/Animations/Basketball Motions Humanoid/2047_JumpshotReadyFake.fbx using Guid(bb1ca4c5858aa6744a5bd6fac2760dba) Importer(2089858483,b0f066a214c2f5e87bad3c948f4d605d) (ScriptedImporter) -> (artifact id: 'd52bf3d58a0a6e4170b7c62aba5ae735') in 0.0264147 seconds
Number of updated asset objects reloaded before import = 0Number of asset objects unloaded after import = 154

========================================================================
Received Import Request.
  Time since last request: 0.000047 seconds.
  path: Assets/Studio33 Interactive_[BasketBall] v1.1/Animations/Basketball Motions Humanoid/943_Rebound rB.fbx
  artifactKey: Guid(da8a5fd31c9002746986cec91005568f) Importer(2089858483,b0f066a214c2f5e87bad3c948f4d605d)
Start importing Assets/Studio33 Interactive_[BasketBall] v1.1/Animations/Basketball Motions Humanoid/943_Rebound rB.fbx using Guid(da8a5fd31c9002746986cec91005568f) Importer(2089858483,b0f066a214c2f5e87bad3c948f4d605d) (ScriptedImporter) -> (artifact id: '07e2d425077476bd0c4fe08a27d86b64') in 0.0328411 seconds
Number of updated asset objects reloaded before import = 0Number of asset objects unloaded after import = 154

========================================================================
Received Import Request.
  Time since last request: 0.000100 seconds.
  path: Assets/Studio33 Interactive_[BasketBall] v1.1/Animations/Basketball Motions Humanoid/1959_JumpshotCAFakeA.fbx
  artifactKey: Guid(94ad29ed60bd4af4d90418eb32feb2dc) Importer(2089858483,b0f066a214c2f5e87bad3c948f4d605d)
Start importing Assets/Studio33 Interactive_[BasketBall] v1.1/Animations/Basketball Motions Humanoid/1959_JumpshotCAFakeA.fbx using Guid(94ad29ed60bd4af4d90418eb32feb2dc) Importer(2089858483,b0f066a214c2f5e87bad3c948f4d605d) (ScriptedImporter) -> (artifact id: 'adec0fb5def93bcb0cf41714cebc5d14') in 0.0288103 seconds
Number of updated asset objects reloaded before import = 0Number of asset objects unloaded after import = 154

========================================================================
Received Import Request.
  Time since last request: 0.000038 seconds.
  path: Assets/Studio33 Interactive_[BasketBall] v1.1/Animations/Basketball Motions Humanoid/1072_ScreefalingBaA.fbx
  artifactKey: Guid(02644d649cc51814bb8eea1653479161) Importer(2089858483,b0f066a214c2f5e87bad3c948f4d605d)
Start importing Assets/Studio33 Interactive_[BasketBall] v1.1/Animations/Basketball Motions Humanoid/1072_ScreefalingBaA.fbx using Guid(02644d649cc51814bb8eea1653479161) Importer(2089858483,b0f066a214c2f5e87bad3c948f4d605d) (ScriptedImporter) -> (artifact id: '24ff9ea7ced00a0db494722a01b03799') in 0.0282321 seconds
Number of updated asset objects reloaded before import = 0Number of asset objects unloaded after import = 154

========================================================================
Received Import Request.
  Time since last request: 0.000039 seconds.
  path: Assets/Studio33 Interactive_[BasketBall] v1.1/Animations/Basketball Motions_Generic/1972_DunkCA.fbx
  artifactKey: Guid(0a18ca8bd3cbbc243b621ba366a356c2) Importer(2089858483,b0f066a214c2f5e87bad3c948f4d605d)
Start importing Assets/Studio33 Interactive_[BasketBall] v1.1/Animations/Basketball Motions_Generic/1972_DunkCA.fbx using Guid(0a18ca8bd3cbbc243b621ba366a356c2) Importer(2089858483,b0f066a214c2f5e87bad3c948f4d605d) (ScriptedImporter) -> (artifact id: 'd51efe564622f457df0d875722373005') in 0.0276909 seconds
Number of updated asset objects reloaded before import = 0Number of asset objects unloaded after import = 152

========================================================================
Received Import Request.
  Time since last request: 0.000049 seconds.
  path: Assets/Studio33 Interactive_[BasketBall] v1.1/Animations/Basketball Motions Humanoid/270_CrossThLRLA.fbx
  artifactKey: Guid(68c1d012313307246a37c0419f591576) Importer(2089858483,b0f066a214c2f5e87bad3c948f4d605d)
Start importing Assets/Studio33 Interactive_[BasketBall] v1.1/Animations/Basketball Motions Humanoid/270_CrossThLRLA.fbx using Guid(68c1d012313307246a37c0419f591576) Importer(2089858483,b0f066a214c2f5e87bad3c948f4d605d) (ScriptedImporter) -> (artifact id: 'b5dc6e241ab2f50477623866363c827a') in 0.0302376 seconds
Number of updated asset objects reloaded before import = 0Number of asset objects unloaded after import = 154

========================================================================
Received Import Request.
  Time since last request: 0.000060 seconds.
  path: Assets/Studio33 Interactive_[BasketBall] v1.1/Animations/Basketball Motions Humanoid/805_PassioverFA.fbx
  artifactKey: Guid(4b42802b8488bad4ea8e622ed04e6486) Importer(2089858483,b0f066a214c2f5e87bad3c948f4d605d)
Start importing Assets/Studio33 Interactive_[BasketBall] v1.1/Animations/Basketball Motions Humanoid/805_PassioverFA.fbx using Guid(4b42802b8488bad4ea8e622ed04e6486) Importer(2089858483,b0f066a214c2f5e87bad3c948f4d605d) (ScriptedImporter) -> (artifact id: 'c769281e4897edd5419db2655eace2a9') in 0.0348192 seconds
Number of updated asset objects reloaded before import = 0Number of asset objects unloaded after import = 154

========================================================================
Received Import Request.
  Time since last request: 0.000041 seconds.
  path: Assets/Studio33 Interactive_[BasketBall] v1.1/Animations/Basketball Motions_Generic/150_CollisiotwostepFFaA.fbx
  artifactKey: Guid(709beda190309044a932af964c46610d) Importer(2089858483,b0f066a214c2f5e87bad3c948f4d605d)
Start importing Assets/Studio33 Interactive_[BasketBall] v1.1/Animations/Basketball Motions_Generic/150_CollisiotwostepFFaA.fbx using Guid(709beda190309044a932af964c46610d) Importer(2089858483,b0f066a214c2f5e87bad3c948f4d605d) (ScriptedImporter) -> (artifact id: 'c13b205422fc667b00e5036e101da6d4') in 0.0271654 seconds
Number of updated asset objects reloaded before import = 0Number of asset objects unloaded after import = 152

========================================================================
Received Import Request.
  Time since last request: 0.000041 seconds.
  path: Assets/Studio33 Interactive_[BasketBall] v1.1/Animations/Basketball Motions Humanoid/1246_LayupfakeTurnjumpCA.fbx
  artifactKey: Guid(f3e4b6468b1f8ec4fa78a298808724f5) Importer(2089858483,b0f066a214c2f5e87bad3c948f4d605d)
Start importing Assets/Studio33 Interactive_[BasketBall] v1.1/Animations/Basketball Motions Humanoid/1246_LayupfakeTurnjumpCA.fbx using Guid(f3e4b6468b1f8ec4fa78a298808724f5) Importer(2089858483,b0f066a214c2f5e87bad3c948f4d605d) (ScriptedImporter) -> (artifact id: '0c983f978af903622019738f3faa1c5d') in 0.0337075 seconds
Number of updated asset objects reloaded before import = 0Number of asset objects unloaded after import = 154

========================================================================
Received Import Request.
  Time since last request: 0.000053 seconds.
  path: Assets/Studio33 Interactive_[BasketBall] v1.1/Animations/Basketball Motions_Generic/841_PassChestLA.fbx
  artifactKey: Guid(d5d66aaea0f56c34e84201d01ddf179c) Importer(2089858483,b0f066a214c2f5e87bad3c948f4d605d)
Start importing Assets/Studio33 Interactive_[BasketBall] v1.1/Animations/Basketball Motions_Generic/841_PassChestLA.fbx using Guid(d5d66aaea0f56c34e84201d01ddf179c) Importer(2089858483,b0f066a214c2f5e87bad3c948f4d605d) (ScriptedImporter) -> (artifact id: '9743ac23889b29139fcec40dcb74781d') in 0.026798 seconds
Number of updated asset objects reloaded before import = 0Number of asset objects unloaded after import = 152

========================================================================
Received Import Request.
  Time since last request: 0.000037 seconds.
  path: Assets/Studio33 Interactive_[BasketBall] v1.1/Animations/Basketball Motions_Generic/832_PassChestA.fbx
  artifactKey: Guid(78915086844a2de48890fd35c5f75d30) Importer(2089858483,b0f066a214c2f5e87bad3c948f4d605d)
Start importing Assets/Studio33 Interactive_[BasketBall] v1.1/Animations/Basketball Motions_Generic/832_PassChestA.fbx using Guid(78915086844a2de48890fd35c5f75d30) Importer(2089858483,b0f066a214c2f5e87bad3c948f4d605d) (ScriptedImporter) -> (artifact id: 'd8b774a457f6664f1663cdb42f869067') in 0.0283648 seconds
Number of updated asset objects reloaded before import = 0Number of asset objects unloaded after import = 152

========================================================================
Received Import Request.
  Time since last request: 0.000044 seconds.
  path: Assets/Studio33 Interactive_[BasketBall] v1.1/Animations/Basketball Motions_Generic/1535_JumpshotCAA.fbx
  artifactKey: Guid(95bf12b9e50ca0a4186f824673d9d913) Importer(2089858483,b0f066a214c2f5e87bad3c948f4d605d)
Start importing Assets/Studio33 Interactive_[BasketBall] v1.1/Animations/Basketball Motions_Generic/1535_JumpshotCAA.fbx using Guid(95bf12b9e50ca0a4186f824673d9d913) Importer(2089858483,b0f066a214c2f5e87bad3c948f4d605d) (ScriptedImporter) -> (artifact id: '03bb2432caaaf950cea6977925e126b2') in 0.0313005 seconds
Number of updated asset objects reloaded before import = 0Number of asset objects unloaded after import = 152

========================================================================
Received Import Request.
  Time since last request: 0.000054 seconds.
  path: Assets/Studio33 Interactive_[BasketBall] v1.1/Animations/Basketball Motions Humanoid/2155_TravNorLA.fbx
  artifactKey: Guid(98c50a3f38ed58f4f94bc46f486af091) Importer(2089858483,b0f066a214c2f5e87bad3c948f4d605d)
Start importing Assets/Studio33 Interactive_[BasketBall] v1.1/Animations/Basketball Motions Humanoid/2155_TravNorLA.fbx using Guid(98c50a3f38ed58f4f94bc46f486af091) Importer(2089858483,b0f066a214c2f5e87bad3c948f4d605d) (ScriptedImporter) -> (artifact id: '11757cfe8eef1f39e5b7fd8140f1c4eb') in 0.0340782 seconds
Number of updated asset objects reloaded before import = 0Number of asset objects unloaded after import = 154

========================================================================
Received Import Request.
  Time since last request: 0.000040 seconds.
  path: Assets/Studio33 Interactive_[BasketBall] v1.1/Animations/Basketball Motions Humanoid/586_StealA.fbx
  artifactKey: Guid(fe71786de71c5df449f17b3ea924cdd3) Importer(2089858483,b0f066a214c2f5e87bad3c948f4d605d)
Start importing Assets/Studio33 Interactive_[BasketBall] v1.1/Animations/Basketball Motions Humanoid/586_StealA.fbx using Guid(fe71786de71c5df449f17b3ea924cdd3) Importer(2089858483,b0f066a214c2f5e87bad3c948f4d605d) (ScriptedImporter) -> (artifact id: '1af3f49fcfdfb9e3ae698ddcd055511f') in 0.0303477 seconds
Number of updated asset objects reloaded before import = 0Number of asset objects unloaded after import = 154

========================================================================
Received Import Request.
  Time since last request: 0.000075 seconds.
  path: Assets/Studio33 Interactive_[BasketBall] v1.1/Animations/Basketball Motions_Generic/1211_DunkRRevA.fbx
  artifactKey: Guid(e32f39069c26c7c4dbd0203ff2e1ef76) Importer(2089858483,b0f066a214c2f5e87bad3c948f4d605d)
Start importing Assets/Studio33 Interactive_[BasketBall] v1.1/Animations/Basketball Motions_Generic/1211_DunkRRevA.fbx using Guid(e32f39069c26c7c4dbd0203ff2e1ef76) Importer(2089858483,b0f066a214c2f5e87bad3c948f4d605d) (ScriptedImporter) -> (artifact id: '0cecfe724b9ef7623ad05a3a0ea9b436') in 0.0281844 seconds
Number of updated asset objects reloaded before import = 0Number of asset objects unloaded after import = 152

========================================================================
Received Import Request.
  Time since last request: 0.000049 seconds.
  path: Assets/Studio33 Interactive_[BasketBall] v1.1/Animations/Basketball Motions Humanoid/2085_MkJumpshotMFakeA.fbx
  artifactKey: Guid(96347e6af7c1f724f9ba6c16df99b761) Importer(2089858483,b0f066a214c2f5e87bad3c948f4d605d)
Start importing Assets/Studio33 Interactive_[BasketBall] v1.1/Animations/Basketball Motions Humanoid/2085_MkJumpshotMFakeA.fbx using Guid(96347e6af7c1f724f9ba6c16df99b761) Importer(2089858483,b0f066a214c2f5e87bad3c948f4d605d) (ScriptedImporter) -> (artifact id: 'f65e0a637554b3cb32376fa40248b41d') in 0.0315699 seconds
Number of updated asset objects reloaded before import = 0Number of asset objects unloaded after import = 154

========================================================================
Received Import Request.
  Time since last request: 0.000034 seconds.
  path: Assets/Studio33 Interactive_[BasketBall] v1.1/Animations/Basketball Motions Humanoid/112_BlockingckpassShortLayupFFA.fbx
  artifactKey: Guid(b833cc0a819424b47b04961d2ede74e0) Importer(2089858483,b0f066a214c2f5e87bad3c948f4d605d)
Start importing Assets/Studio33 Interactive_[BasketBall] v1.1/Animations/Basketball Motions Humanoid/112_BlockingckpassShortLayupFFA.fbx using Guid(b833cc0a819424b47b04961d2ede74e0) Importer(2089858483,b0f066a214c2f5e87bad3c948f4d605d) (ScriptedImporter) -> (artifact id: 'ccc27d079028ffdf315fa7c9fd2fc3e7') in 0.0333439 seconds
Number of updated asset objects reloaded before import = 0Number of asset objects unloaded after import = 154

========================================================================
Received Import Request.
  Time since last request: 0.000052 seconds.
  path: Assets/Studio33 Interactive_[BasketBall] v1.1/Animations/Basketball Motions_Generic/1486_DclutchFLeftA.fbx
  artifactKey: Guid(14388868864bdf84cb192305e22e6391) Importer(2089858483,b0f066a214c2f5e87bad3c948f4d605d)
Start importing Assets/Studio33 Interactive_[BasketBall] v1.1/Animations/Basketball Motions_Generic/1486_DclutchFLeftA.fbx using Guid(14388868864bdf84cb192305e22e6391) Importer(2089858483,b0f066a214c2f5e87bad3c948f4d605d) (ScriptedImporter) -> (artifact id: '4bb886f84536dc33f78c28af34361015') in 0.0349189 seconds
Number of updated asset objects reloaded before import = 0Number of asset objects unloaded after import = 152

========================================================================
Received Import Request.
  Time since last request: 0.000044 seconds.
  path: Assets/Studio33 Interactive_[BasketBall] v1.1/Animations/Basketball Motions_Generic/1472_JumpshotReadyFake.fbx
  artifactKey: Guid(cf1f28883771104458917284aa5dde73) Importer(2089858483,b0f066a214c2f5e87bad3c948f4d605d)
Start importing Assets/Studio33 Interactive_[BasketBall] v1.1/Animations/Basketball Motions_Generic/1472_JumpshotReadyFake.fbx using Guid(cf1f28883771104458917284aa5dde73) Importer(2089858483,b0f066a214c2f5e87bad3c948f4d605d) (ScriptedImporter) -> (artifact id: '4cdbd11d17dc3a793ae9d6bb2c8f1aff') in 0.0258126 seconds
Number of updated asset objects reloaded before import = 0Number of asset objects unloaded after import = 152

========================================================================
Received Import Request.
  Time since last request: 0.000043 seconds.
  path: Assets/Studio33 Interactive_[BasketBall] v1.1/Animations/Basketball Motions_Generic/1822_DunkRA.fbx
  artifactKey: Guid(262e028faaca1094696397d0c63e77c4) Importer(2089858483,b0f066a214c2f5e87bad3c948f4d605d)
Start importing Assets/Studio33 Interactive_[BasketBall] v1.1/Animations/Basketball Motions_Generic/1822_DunkRA.fbx using Guid(262e028faaca1094696397d0c63e77c4) Importer(2089858483,b0f066a214c2f5e87bad3c948f4d605d) (ScriptedImporter) -> (artifact id: '504f7c8ac5cff32cecb58441532f610b') in 0.029341 seconds
Number of updated asset objects reloaded before import = 0Number of asset objects unloaded after import = 152

========================================================================
Received Import Request.
  Time since last request: 0.000043 seconds.
  path: Assets/Studio33 Interactive_[BasketBall] v1.1/Animations/Basketball Motions Humanoid/194_CollisiomarkA.fbx
  artifactKey: Guid(7d45aa1ba9b7f6b41a1f7cce03862bf6) Importer(2089858483,b0f066a214c2f5e87bad3c948f4d605d)
Start importing Assets/Studio33 Interactive_[BasketBall] v1.1/Animations/Basketball Motions Humanoid/194_CollisiomarkA.fbx using Guid(7d45aa1ba9b7f6b41a1f7cce03862bf6) Importer(2089858483,b0f066a214c2f5e87bad3c948f4d605d) (ScriptedImporter) -> (artifact id: '4507b74ca7d08d8c7e3a61c9fedfbb90') in 0.0289142 seconds
Number of updated asset objects reloaded before import = 0Number of asset objects unloaded after import = 154

========================================================================
Received Import Request.
  Time since last request: 0.000034 seconds.
  path: Assets/Studio33 Interactive_[BasketBall] v1.1/Animations/Basketball Motions_Generic/416_FrontDenyRA.fbx
  artifactKey: Guid(fd6804441a914e746ad3986567f1648b) Importer(2089858483,b0f066a214c2f5e87bad3c948f4d605d)
Start importing Assets/Studio33 Interactive_[BasketBall] v1.1/Animations/Basketball Motions_Generic/416_FrontDenyRA.fbx using Guid(fd6804441a914e746ad3986567f1648b) Importer(2089858483,b0f066a214c2f5e87bad3c948f4d605d) (ScriptedImporter) -> (artifact id: '642eb59809d76ef21b65272837f228c9') in 0.0283211 seconds
Number of updated asset objects reloaded before import = 0Number of asset objects unloaded after import = 152

========================================================================
Received Import Request.
  Time since last request: 0.000053 seconds.
  path: Assets/Studio33 Interactive_[BasketBall] v1.1/Animations/Basketball Motions Humanoid/13_PostBackingA.fbx
  artifactKey: Guid(9c41683aca0fb564790469e16907ef12) Importer(2089858483,b0f066a214c2f5e87bad3c948f4d605d)
Start importing Assets/Studio33 Interactive_[BasketBall] v1.1/Animations/Basketball Motions Humanoid/13_PostBackingA.fbx using Guid(9c41683aca0fb564790469e16907ef12) Importer(2089858483,b0f066a214c2f5e87bad3c948f4d605d) (ScriptedImporter) -> (artifact id: '87b025e8d3682ecc86e00385cdb7a30a') in 0.0330138 seconds
Number of updated asset objects reloaded before import = 0Number of asset objects unloaded after import = 154

========================================================================
Received Import Request.
  Time since last request: 0.000035 seconds.
  path: Assets/Studio33 Interactive_[BasketBall] v1.1/Animations/Basketball Motions Humanoid/199_MovePushedBa.fbx
  artifactKey: Guid(3c5d3514d19b9fb4584340c7302b0568) Importer(2089858483,b0f066a214c2f5e87bad3c948f4d605d)
Start importing Assets/Studio33 Interactive_[BasketBall] v1.1/Animations/Basketball Motions Humanoid/199_MovePushedBa.fbx using Guid(3c5d3514d19b9fb4584340c7302b0568) Importer(2089858483,b0f066a214c2f5e87bad3c948f4d605d) (ScriptedImporter) -> (artifact id: '85c9acaa056b27fda851200125e4fbef') in 0.032734 seconds
Number of updated asset objects reloaded before import = 0Number of asset objects unloaded after import = 154

========================================================================
Received Import Request.
  Time since last request: 0.000046 seconds.
  path: Assets/Studio33 Interactive_[BasketBall] v1.1/Animations/Basketball Motions_Generic/1937_DunkRA.fbx
  artifactKey: Guid(99c0b8888da9edb4f98ab76eaa1cff62) Importer(2089858483,b0f066a214c2f5e87bad3c948f4d605d)
Start importing Assets/Studio33 Interactive_[BasketBall] v1.1/Animations/Basketball Motions_Generic/1937_DunkRA.fbx using Guid(99c0b8888da9edb4f98ab76eaa1cff62) Importer(2089858483,b0f066a214c2f5e87bad3c948f4d605d) (ScriptedImporter) -> (artifact id: 'a2ff6c71c2b563c93fdf8faab8ca6c75') in 0.0291578 seconds
Number of updated asset objects reloaded before import = 0Number of asset objects unloaded after import = 152

========================================================================
Received Import Request.
  Time since last request: 0.000058 seconds.
  path: Assets/Studio33 Interactive_[BasketBall] v1.1/Animations/Basketball Motions Humanoid/1434_DunkRA.fbx
  artifactKey: Guid(5137d8156e7293a42a1e7c132258930b) Importer(2089858483,b0f066a214c2f5e87bad3c948f4d605d)
Start importing Assets/Studio33 Interactive_[BasketBall] v1.1/Animations/Basketball Motions Humanoid/1434_DunkRA.fbx using Guid(5137d8156e7293a42a1e7c132258930b) Importer(2089858483,b0f066a214c2f5e87bad3c948f4d605d) (ScriptedImporter) -> (artifact id: '05e0c25cff7a4a6f54f1ee75467cf154') in 0.0292858 seconds
Number of updated asset objects reloaded before import = 0Number of asset objects unloaded after import = 154

========================================================================
Received Import Request.
  Time since last request: 0.000031 seconds.
  path: Assets/Studio33 Interactive_[BasketBall] v1.1/Animations/Basketball Motions Humanoid/1239_LayupfakeLayupA.fbx
  artifactKey: Guid(8cee5110cec4c6a4581c4fb8d15d9cac) Importer(2089858483,b0f066a214c2f5e87bad3c948f4d605d)
Start importing Assets/Studio33 Interactive_[BasketBall] v1.1/Animations/Basketball Motions Humanoid/1239_LayupfakeLayupA.fbx using Guid(8cee5110cec4c6a4581c4fb8d15d9cac) Importer(2089858483,b0f066a214c2f5e87bad3c948f4d605d) (ScriptedImporter) -> (artifact id: 'ee232aaa651b914c9663a99b70b2a8fb') in 0.0306596 seconds
Number of updated asset objects reloaded before import = 0Number of asset objects unloaded after import = 154

========================================================================
Received Import Request.
  Time since last request: 0.000044 seconds.
  path: Assets/Studio33 Interactive_[BasketBall] v1.1/Animations/Basketball Motions_Generic/359_CrossEurostepLayupC.fbx
  artifactKey: Guid(4d03bcd7fbd50e540869c98d97cca1db) Importer(2089858483,b0f066a214c2f5e87bad3c948f4d605d)
Start importing Assets/Studio33 Interactive_[BasketBall] v1.1/Animations/Basketball Motions_Generic/359_CrossEurostepLayupC.fbx using Guid(4d03bcd7fbd50e540869c98d97cca1db) Importer(2089858483,b0f066a214c2f5e87bad3c948f4d605d) (ScriptedImporter) -> (artifact id: 'c9246e7b8b96ac5c122126da687633c1') in 0.0285545 seconds
Number of updated asset objects reloaded before import = 0Number of asset objects unloaded after import = 152

========================================================================
Received Import Request.
  Time since last request: 0.000064 seconds.
  path: Assets/Studio33 Interactive_[BasketBall] v1.1/Animations/Basketball Motions_Generic/1846_DunkCA.fbx
  artifactKey: Guid(9d720d9308dbc9246b600d4998163618) Importer(2089858483,b0f066a214c2f5e87bad3c948f4d605d)
Start importing Assets/Studio33 Interactive_[BasketBall] v1.1/Animations/Basketball Motions_Generic/1846_DunkCA.fbx using Guid(9d720d9308dbc9246b600d4998163618) Importer(2089858483,b0f066a214c2f5e87bad3c948f4d605d) (ScriptedImporter) -> (artifact id: '340ccf6f5b6518e51813cd5c83b364fd') in 0.0342292 seconds
Number of updated asset objects reloaded before import = 0Number of asset objects unloaded after import = 152

========================================================================
Received Import Request.
  Time since last request: 0.000034 seconds.
  path: Assets/Studio33 Interactive_[BasketBall] v1.1/Animations/Basketball Motions Humanoid/2128_JumpshotMA.fbx
  artifactKey: Guid(a7cb6d0e136793546872ea61602b6b50) Importer(2089858483,b0f066a214c2f5e87bad3c948f4d605d)
Start importing Assets/Studio33 Interactive_[BasketBall] v1.1/Animations/Basketball Motions Humanoid/2128_JumpshotMA.fbx using Guid(a7cb6d0e136793546872ea61602b6b50) Importer(2089858483,b0f066a214c2f5e87bad3c948f4d605d) (ScriptedImporter) -> (artifact id: 'ef8cc76c9cebd45304631dc1955254db') in 0.0352999 seconds
Number of updated asset objects reloaded before import = 0Number of asset objects unloaded after import = 154

========================================================================
Received Import Request.
  Time since last request: 0.000041 seconds.
  path: Assets/Studio33 Interactive_[BasketBall] v1.1/Animations/Basketball Motions_Generic/1985_JumpshotReadyFake.fbx
  artifactKey: Guid(886a0271ccc83304c8036a3d4110bd28) Importer(2089858483,b0f066a214c2f5e87bad3c948f4d605d)
Start importing Assets/Studio33 Interactive_[BasketBall] v1.1/Animations/Basketball Motions_Generic/1985_JumpshotReadyFake.fbx using Guid(886a0271ccc83304c8036a3d4110bd28) Importer(2089858483,b0f066a214c2f5e87bad3c948f4d605d) (ScriptedImporter) -> (artifact id: '2aff1be941ce6f80fb33c04e2b628224') in 0.0251636 seconds
Number of updated asset objects reloaded before import = 0Number of asset objects unloaded after import = 152

========================================================================
Received Import Request.
  Time since last request: 0.000052 seconds.
  path: Assets/Studio33 Interactive_[BasketBall] v1.1/Animations/Basketball Motions Humanoid/1354_JumpshotMFakeA.fbx
  artifactKey: Guid(a700cb2c624cc8b4d8b435b7e326d7bf) Importer(2089858483,b0f066a214c2f5e87bad3c948f4d605d)
Start importing Assets/Studio33 Interactive_[BasketBall] v1.1/Animations/Basketball Motions Humanoid/1354_JumpshotMFakeA.fbx using Guid(a700cb2c624cc8b4d8b435b7e326d7bf) Importer(2089858483,b0f066a214c2f5e87bad3c948f4d605d) (ScriptedImporter) -> (artifact id: '041a07f828889a5cbb3c6e04414be65a') in 0.0297305 seconds
Number of updated asset objects reloaded before import = 0Number of asset objects unloaded after import = 154

========================================================================
Received Import Request.
  Time since last request: 0.000034 seconds.
  path: Assets/Studio33 Interactive_[BasketBall] v1.1/Animations/Basketball Motions Humanoid/51_BlockingckncatchLongNearFA.fbx
  artifactKey: Guid(705f01cdda8e25348bea330f0e50a3c3) Importer(2089858483,b0f066a214c2f5e87bad3c948f4d605d)
Start importing Assets/Studio33 Interactive_[BasketBall] v1.1/Animations/Basketball Motions Humanoid/51_BlockingckncatchLongNearFA.fbx using Guid(705f01cdda8e25348bea330f0e50a3c3) Importer(2089858483,b0f066a214c2f5e87bad3c948f4d605d) (ScriptedImporter) -> (artifact id: '8ddedaf545179f1c29de06616214a091') in 0.0304227 seconds
Number of updated asset objects reloaded before import = 0Number of asset objects unloaded after import = 154

========================================================================
Received Import Request.
  Time since last request: 0.000044 seconds.
  path: Assets/Studio33 Interactive_[BasketBall] v1.1/Animations/Basketball Motions Humanoid/157_BlockingckedLeftA.fbx
  artifactKey: Guid(3a6fc3b9120de5b458ae82fde15adbf1) Importer(2089858483,b0f066a214c2f5e87bad3c948f4d605d)
Start importing Assets/Studio33 Interactive_[BasketBall] v1.1/Animations/Basketball Motions Humanoid/157_BlockingckedLeftA.fbx using Guid(3a6fc3b9120de5b458ae82fde15adbf1) Importer(2089858483,b0f066a214c2f5e87bad3c948f4d605d) (ScriptedImporter) -> (artifact id: '75f8187b2e53e78e9f633ee1cdc596ce') in 0.0331314 seconds
Number of updated asset objects reloaded before import = 0Number of asset objects unloaded after import = 154

========================================================================
Received Import Request.
  Time since last request: 0.000052 seconds.
  path: Assets/Studio33 Interactive_[BasketBall] v1.1/Animations/Basketball Motions Humanoid/1008_Rebound C.fbx
  artifactKey: Guid(fc4e371cdb6aa4045ab57f1458c924fb) Importer(2089858483,b0f066a214c2f5e87bad3c948f4d605d)
Start importing Assets/Studio33 Interactive_[BasketBall] v1.1/Animations/Basketball Motions Humanoid/1008_Rebound C.fbx using Guid(fc4e371cdb6aa4045ab57f1458c924fb) Importer(2089858483,b0f066a214c2f5e87bad3c948f4d605d) (ScriptedImporter) -> (artifact id: 'c01599952bdb60d6abf5adbb38e369e8') in 0.0320447 seconds
Number of updated asset objects reloaded before import = 0Number of asset objects unloaded after import = 154

========================================================================
Received Import Request.
  Time since last request: 0.000039 seconds.
  path: Assets/Studio33 Interactive_[BasketBall] v1.1/Animations/Basketball Motions Humanoid/2051_DunkRA.fbx
  artifactKey: Guid(f433a3bba2fa7cf4f966d545653c21f0) Importer(2089858483,b0f066a214c2f5e87bad3c948f4d605d)
Start importing Assets/Studio33 Interactive_[BasketBall] v1.1/Animations/Basketball Motions Humanoid/2051_DunkRA.fbx using Guid(f433a3bba2fa7cf4f966d545653c21f0) Importer(2089858483,b0f066a214c2f5e87bad3c948f4d605d) (ScriptedImporter) -> (artifact id: '15ba174879f341d86238d93cc7aca33a') in 0.0315274 seconds
Number of updated asset objects reloaded before import = 0Number of asset objects unloaded after import = 154

========================================================================
Received Import Request.
  Time since last request: 0.000043 seconds.
  path: Assets/Studio33 Interactive_[BasketBall] v1.1/Animations/Basketball Motions_Generic/1691_JumpshotUFakeA.fbx
  artifactKey: Guid(c85c7bf16d0fa2b40b45c630b8279d49) Importer(2089858483,b0f066a214c2f5e87bad3c948f4d605d)
Start importing Assets/Studio33 Interactive_[BasketBall] v1.1/Animations/Basketball Motions_Generic/1691_JumpshotUFakeA.fbx using Guid(c85c7bf16d0fa2b40b45c630b8279d49) Importer(2089858483,b0f066a214c2f5e87bad3c948f4d605d) (ScriptedImporter) -> (artifact id: 'a9ca1804da1c1e36f98828113d710431') in 0.0294754 seconds
Number of updated asset objects reloaded before import = 0Number of asset objects unloaded after import = 152

========================================================================
Received Import Request.
  Time since last request: 0.000050 seconds.
  path: Assets/Studio33 Interactive_[BasketBall] v1.1/Animations/Basketball Motions Humanoid/983_Rebound fB.fbx
  artifactKey: Guid(2419301f48813e14b8e9f3c4f684e803) Importer(2089858483,b0f066a214c2f5e87bad3c948f4d605d)
Start importing Assets/Studio33 Interactive_[BasketBall] v1.1/Animations/Basketball Motions Humanoid/983_Rebound fB.fbx using Guid(2419301f48813e14b8e9f3c4f684e803) Importer(2089858483,b0f066a214c2f5e87bad3c948f4d605d) (ScriptedImporter) -> (artifact id: '39fe3b7a94f1310898cd5569bdb8dccd') in 0.0316193 seconds
Number of updated asset objects reloaded before import = 0Number of asset objects unloaded after import = 154

========================================================================
Received Import Request.
  Time since last request: 0.000038 seconds.
  path: Assets/Studio33 Interactive_[BasketBall] v1.1/Animations/Basketball Motions_Generic/1003_Rebound tappassShortFrontA.fbx
  artifactKey: Guid(ecb6da5e6e372724d9eda3fd500269ea) Importer(2089858483,b0f066a214c2f5e87bad3c948f4d605d)
Start importing Assets/Studio33 Interactive_[BasketBall] v1.1/Animations/Basketball Motions_Generic/1003_Rebound tappassShortFrontA.fbx using Guid(ecb6da5e6e372724d9eda3fd500269ea) Importer(2089858483,b0f066a214c2f5e87bad3c948f4d605d) (ScriptedImporter) -> (artifact id: 'ff6b27ef37d6127124cce2e6f37d0a92') in 0.0288209 seconds
Number of updated asset objects reloaded before import = 0Number of asset objects unloaded after import = 152

========================================================================
Received Import Request.
  Time since last request: 0.000040 seconds.
  path: Assets/Studio33 Interactive_[BasketBall] v1.1/Animations/Basketball Motions_Generic/1076_Screebaa.fbx
  artifactKey: Guid(758dfa09da757a049b8d1cc7dfc82ffa) Importer(2089858483,b0f066a214c2f5e87bad3c948f4d605d)
Start importing Assets/Studio33 Interactive_[BasketBall] v1.1/Animations/Basketball Motions_Generic/1076_Screebaa.fbx using Guid(758dfa09da757a049b8d1cc7dfc82ffa) Importer(2089858483,b0f066a214c2f5e87bad3c948f4d605d) (ScriptedImporter) -> (artifact id: 'a1a3a30f1c209f5ff83aa8a064e5f3ce') in 0.0299517 seconds
Number of updated asset objects reloaded before import = 0Number of asset objects unloaded after import = 152

========================================================================
Received Import Request.
  Time since last request: 0.000055 seconds.
  path: Assets/Studio33 Interactive_[BasketBall] v1.1/Animations/Basketball Motions Humanoid/1153_DunkCA.fbx
  artifactKey: Guid(763630d248bdcf344a1a8c177e00e3bf) Importer(2089858483,b0f066a214c2f5e87bad3c948f4d605d)
Start importing Assets/Studio33 Interactive_[BasketBall] v1.1/Animations/Basketball Motions Humanoid/1153_DunkCA.fbx using Guid(763630d248bdcf344a1a8c177e00e3bf) Importer(2089858483,b0f066a214c2f5e87bad3c948f4d605d) (ScriptedImporter) -> (artifact id: 'cc4db9a530c26c2d1e93ebabfe5d3e45') in 0.0367009 seconds
Number of updated asset objects reloaded before import = 0Number of asset objects unloaded after import = 154

========================================================================
Received Import Request.
  Time since last request: 0.000040 seconds.
  path: Assets/Studio33 Interactive_[BasketBall] v1.1/Animations/Basketball Motions_Generic/1844_DunkCAC.fbx
  artifactKey: Guid(d9b42b7f14203f946825acaab3c7753a) Importer(2089858483,b0f066a214c2f5e87bad3c948f4d605d)
Start importing Assets/Studio33 Interactive_[BasketBall] v1.1/Animations/Basketball Motions_Generic/1844_DunkCAC.fbx using Guid(d9b42b7f14203f946825acaab3c7753a) Importer(2089858483,b0f066a214c2f5e87bad3c948f4d605d) (ScriptedImporter) -> (artifact id: '7745c08f3bd85f7dd2c99eaf04e3e6ca') in 0.0274272 seconds
Number of updated asset objects reloaded before import = 0Number of asset objects unloaded after import = 152

========================================================================
Received Import Request.
  Time since last request: 0.000050 seconds.
  path: Assets/Studio33 Interactive_[BasketBall] v1.1/Animations/Basketball Motions_Generic/586_StealA.fbx
  artifactKey: Guid(9c7f0be086518d14191d37555934eb88) Importer(2089858483,b0f066a214c2f5e87bad3c948f4d605d)
Start importing Assets/Studio33 Interactive_[BasketBall] v1.1/Animations/Basketball Motions_Generic/586_StealA.fbx using Guid(9c7f0be086518d14191d37555934eb88) Importer(2089858483,b0f066a214c2f5e87bad3c948f4d605d) (ScriptedImporter) -> (artifact id: '167df4f8b7514da727896ed5652032d8') in 0.0287497 seconds
Number of updated asset objects reloaded before import = 0Number of asset objects unloaded after import = 152

========================================================================
Received Import Request.
  Time since last request: 0.000060 seconds.
  path: Assets/Studio33 Interactive_[BasketBall] v1.1/Animations/Basketball Motions Humanoid/410_DefenceFrontA.fbx
  artifactKey: Guid(7efea9f58558ffa458b4285063f21114) Importer(2089858483,b0f066a214c2f5e87bad3c948f4d605d)
Start importing Assets/Studio33 Interactive_[BasketBall] v1.1/Animations/Basketball Motions Humanoid/410_DefenceFrontA.fbx using Guid(7efea9f58558ffa458b4285063f21114) Importer(2089858483,b0f066a214c2f5e87bad3c948f4d605d) (ScriptedImporter) -> (artifact id: '4a91030c6d3e1461e655119b1894128e') in 0.0267033 seconds
Number of updated asset objects reloaded before import = 0Number of asset objects unloaded after import = 154

========================================================================
Received Import Request.
  Time since last request: 0.000043 seconds.
  path: Assets/Studio33 Interactive_[BasketBall] v1.1/Animations/Basketball Motions_Generic/15_PostBackingpushedA.fbx
  artifactKey: Guid(c4d05a7f489c5eb4d981b8e54cdb9945) Importer(2089858483,b0f066a214c2f5e87bad3c948f4d605d)
Start importing Assets/Studio33 Interactive_[BasketBall] v1.1/Animations/Basketball Motions_Generic/15_PostBackingpushedA.fbx using Guid(c4d05a7f489c5eb4d981b8e54cdb9945) Importer(2089858483,b0f066a214c2f5e87bad3c948f4d605d) (ScriptedImporter) -> (artifact id: 'ab04284eba808c426eb7d773816a3d27') in 0.0273521 seconds
Number of updated asset objects reloaded before import = 0Number of asset objects unloaded after import = 152

========================================================================
Received Import Request.
  Time since last request: 0.000036 seconds.
  path: Assets/Studio33 Interactive_[BasketBall] v1.1/Animations/Basketball Motions Humanoid/478_ChangeRightRA.fbx
  artifactKey: Guid(32d40a87ab1cc8a4c92f847060b4d301) Importer(2089858483,b0f066a214c2f5e87bad3c948f4d605d)
Start importing Assets/Studio33 Interactive_[BasketBall] v1.1/Animations/Basketball Motions Humanoid/478_ChangeRightRA.fbx using Guid(32d40a87ab1cc8a4c92f847060b4d301) Importer(2089858483,b0f066a214c2f5e87bad3c948f4d605d) (ScriptedImporter) -> (artifact id: '489c624399781694c5ae781e1afcce53') in 0.0361114 seconds
Number of updated asset objects reloaded before import = 0Number of asset objects unloaded after import = 154

========================================================================
Received Import Request.
  Time since last request: 0.000051 seconds.
  path: Assets/Studio33 Interactive_[BasketBall] v1.1/Animations/Basketball Motions_Generic/2126_DunkCA.fbx
  artifactKey: Guid(b7f3bdee47393f34486ea9816e319c51) Importer(2089858483,b0f066a214c2f5e87bad3c948f4d605d)
Start importing Assets/Studio33 Interactive_[BasketBall] v1.1/Animations/Basketball Motions_Generic/2126_DunkCA.fbx using Guid(b7f3bdee47393f34486ea9816e319c51) Importer(2089858483,b0f066a214c2f5e87bad3c948f4d605d) (ScriptedImporter) -> (artifact id: '963ea44b3abeb37b5edbbb60ccf225e9') in 0.0309871 seconds
Number of updated asset objects reloaded before import = 0Number of asset objects unloaded after import = 152

========================================================================
Received Import Request.
  Time since last request: 0.000050 seconds.
  path: Assets/Studio33 Interactive_[BasketBall] v1.1/Animations/Basketball Motions Humanoid/1489_DclutchRLeftA.fbx
  artifactKey: Guid(cc609009dc9c398448298e7e57e1a328) Importer(2089858483,b0f066a214c2f5e87bad3c948f4d605d)
Start importing Assets/Studio33 Interactive_[BasketBall] v1.1/Animations/Basketball Motions Humanoid/1489_DclutchRLeftA.fbx using Guid(cc609009dc9c398448298e7e57e1a328) Importer(2089858483,b0f066a214c2f5e87bad3c948f4d605d) (ScriptedImporter) -> (artifact id: 'd5f3be33e2d9a5ff12f8b3dc90195d86') in 0.0286324 seconds
Number of updated asset objects reloaded before import = 0Number of asset objects unloaded after import = 154

========================================================================
Received Import Request.
  Time since last request: 0.000039 seconds.
  path: Assets/Studio33 Interactive_[BasketBall] v1.1/Animations/Basketball Motions Humanoid/744_PassBadA.fbx
  artifactKey: Guid(8ab53a1abb22bd84688ee7fbb00927d7) Importer(2089858483,b0f066a214c2f5e87bad3c948f4d605d)
Start importing Assets/Studio33 Interactive_[BasketBall] v1.1/Animations/Basketball Motions Humanoid/744_PassBadA.fbx using Guid(8ab53a1abb22bd84688ee7fbb00927d7) Importer(2089858483,b0f066a214c2f5e87bad3c948f4d605d) (ScriptedImporter) -> (artifact id: '88170fdcf23956369b9264d397b29cf5') in 0.0285926 seconds
Number of updated asset objects reloaded before import = 0Number of asset objects unloaded after import = 154

========================================================================
Received Import Request.
  Time since last request: 0.000048 seconds.
  path: Assets/Studio33 Interactive_[BasketBall] v1.1/Animations/Basketball Motions Humanoid/1957_DunkRRevA.fbx
  artifactKey: Guid(3f9837f9596c85f4d81a6d5a2f1ddfea) Importer(2089858483,b0f066a214c2f5e87bad3c948f4d605d)
Start importing Assets/Studio33 Interactive_[BasketBall] v1.1/Animations/Basketball Motions Humanoid/1957_DunkRRevA.fbx using Guid(3f9837f9596c85f4d81a6d5a2f1ddfea) Importer(2089858483,b0f066a214c2f5e87bad3c948f4d605d) (ScriptedImporter) -> (artifact id: '295a8c76277eed5bb9f52bda45f566ee') in 0.0329307 seconds
Number of updated asset objects reloaded before import = 0Number of asset objects unloaded after import = 154

========================================================================
Received Import Request.
  Time since last request: 0.000052 seconds.
  path: Assets/Studio33 Interactive_[BasketBall] v1.1/Animations/Basketball Motions_Generic/928_PostThRightLA.fbx
  artifactKey: Guid(9c1c5487495699247ac38e9835d00be4) Importer(2089858483,b0f066a214c2f5e87bad3c948f4d605d)
Start importing Assets/Studio33 Interactive_[BasketBall] v1.1/Animations/Basketball Motions_Generic/928_PostThRightLA.fbx using Guid(9c1c5487495699247ac38e9835d00be4) Importer(2089858483,b0f066a214c2f5e87bad3c948f4d605d) (ScriptedImporter) -> (artifact id: '231e42c10540d49442322478c5e0efbf') in 0.0289429 seconds
Number of updated asset objects reloaded before import = 0Number of asset objects unloaded after import = 152

========================================================================
Received Import Request.
  Time since last request: 0.000056 seconds.
  path: Assets/Studio33 Interactive_[BasketBall] v1.1/Animations/Basketball Motions_Generic/1337_JumpshotMAC.fbx
  artifactKey: Guid(fcf6f9e3b8c0f6945bf1905f2b07e651) Importer(2089858483,b0f066a214c2f5e87bad3c948f4d605d)
Start importing Assets/Studio33 Interactive_[BasketBall] v1.1/Animations/Basketball Motions_Generic/1337_JumpshotMAC.fbx using Guid(fcf6f9e3b8c0f6945bf1905f2b07e651) Importer(2089858483,b0f066a214c2f5e87bad3c948f4d605d) (ScriptedImporter) -> (artifact id: 'e9bc3f7f3a81aa740d4c1658f4b3ee4f') in 0.0300767 seconds
Number of updated asset objects reloaded before import = 0Number of asset objects unloaded after import = 152

========================================================================
Received Import Request.
  Time since last request: 0.000046 seconds.
  path: Assets/Studio33 Interactive_[BasketBall] v1.1/Animations/Basketball Motions_Generic/1755_DunkCA.fbx
  artifactKey: Guid(883bbf0115282d442b525472527b5955) Importer(2089858483,b0f066a214c2f5e87bad3c948f4d605d)
Start importing Assets/Studio33 Interactive_[BasketBall] v1.1/Animations/Basketball Motions_Generic/1755_DunkCA.fbx using Guid(883bbf0115282d442b525472527b5955) Importer(2089858483,b0f066a214c2f5e87bad3c948f4d605d) (ScriptedImporter) -> (artifact id: 'e10806b26a3439f73682d09e335cc0f1') in 0.0281566 seconds
Number of updated asset objects reloaded before import = 0Number of asset objects unloaded after import = 152

========================================================================
Received Import Request.
  Time since last request: 0.000044 seconds.
  path: Assets/Studio33 Interactive_[BasketBall] v1.1/Animations/Basketball Motions Humanoid/426_MBlidefense.fbx
  artifactKey: Guid(b8639b70ab3215a40b4b08f3ee822b7c) Importer(2089858483,b0f066a214c2f5e87bad3c948f4d605d)
Start importing Assets/Studio33 Interactive_[BasketBall] v1.1/Animations/Basketball Motions Humanoid/426_MBlidefense.fbx using Guid(b8639b70ab3215a40b4b08f3ee822b7c) Importer(2089858483,b0f066a214c2f5e87bad3c948f4d605d) (ScriptedImporter) -> (artifact id: '9721606c2f8c4ef47b617f4d9172486f') in 0.0297184 seconds
Number of updated asset objects reloaded before import = 0Number of asset objects unloaded after import = 154

========================================================================
Received Import Request.
  Time since last request: 0.000038 seconds.
  path: Assets/Studio33 Interactive_[BasketBall] v1.1/Animations/Basketball Motions_Generic/242_CrazylegR.fbx
  artifactKey: Guid(c1d8cfd30be37764d9aecc403fb09aab) Importer(2089858483,b0f066a214c2f5e87bad3c948f4d605d)
Start importing Assets/Studio33 Interactive_[BasketBall] v1.1/Animations/Basketball Motions_Generic/242_CrazylegR.fbx using Guid(c1d8cfd30be37764d9aecc403fb09aab) Importer(2089858483,b0f066a214c2f5e87bad3c948f4d605d) (ScriptedImporter) -> (artifact id: '9cbf49854db3df5b43521da64269da01') in 0.0287473 seconds
Number of updated asset objects reloaded before import = 0Number of asset objects unloaded after import = 152

========================================================================
Received Import Request.
  Time since last request: 0.000048 seconds.
  path: Assets/Studio33 Interactive_[BasketBall] v1.1/Animations/Basketball Motions Humanoid/1801_DunkCA.fbx
  artifactKey: Guid(420d884d84bb1c342a62cf9ca54e7292) Importer(2089858483,b0f066a214c2f5e87bad3c948f4d605d)
Start importing Assets/Studio33 Interactive_[BasketBall] v1.1/Animations/Basketball Motions Humanoid/1801_DunkCA.fbx using Guid(420d884d84bb1c342a62cf9ca54e7292) Importer(2089858483,b0f066a214c2f5e87bad3c948f4d605d) (ScriptedImporter) -> (artifact id: '2c9f7443e37395d4e69ac3ff3ffc55ca') in 0.0303289 seconds
Number of updated asset objects reloaded before import = 0Number of asset objects unloaded after import = 154

========================================================================
Received Import Request.
  Time since last request: 0.000043 seconds.
  path: Assets/Studio33 Interactive_[BasketBall] v1.1/Animations/Basketball Motions Humanoid/1551_LayupRA.fbx
  artifactKey: Guid(851fe324946b68d4abc79a42ae138e81) Importer(2089858483,b0f066a214c2f5e87bad3c948f4d605d)
Start importing Assets/Studio33 Interactive_[BasketBall] v1.1/Animations/Basketball Motions Humanoid/1551_LayupRA.fbx using Guid(851fe324946b68d4abc79a42ae138e81) Importer(2089858483,b0f066a214c2f5e87bad3c948f4d605d) (ScriptedImporter) -> (artifact id: 'c7260cc951d3e8723e64c896aa65fb2d') in 0.0595788 seconds
Number of updated asset objects reloaded before import = 0Number of asset objects unloaded after import = 154

========================================================================
Received Import Request.
  Time since last request: 0.000038 seconds.
  path: Assets/Studio33 Interactive_[BasketBall] v1.1/Animations/Basketball Motions Humanoid/1496_FakelayupRA.fbx
  artifactKey: Guid(d0f723c67e08b624681d8762ef497a66) Importer(2089858483,b0f066a214c2f5e87bad3c948f4d605d)
Start importing Assets/Studio33 Interactive_[BasketBall] v1.1/Animations/Basketball Motions Humanoid/1496_FakelayupRA.fbx using Guid(d0f723c67e08b624681d8762ef497a66) Importer(2089858483,b0f066a214c2f5e87bad3c948f4d605d) (ScriptedImporter) -> (artifact id: '5b0cdd6519c06083cfa929c67363b2a1') in 0.0335979 seconds
Number of updated asset objects reloaded before import = 0Number of asset objects unloaded after import = 154

========================================================================
Received Import Request.
  Time since last request: 0.000050 seconds.
  path: Assets/Studio33 Interactive_[BasketBall] v1.1/33_basket ball test animations/player/Back_number/Back_number_R/Rack_number_R_c12.png
  artifactKey: Guid(54dfc37088d071b4f9856e101552c527) Importer(2089858483,b0f066a214c2f5e87bad3c948f4d605d)
Start importing Assets/Studio33 Interactive_[BasketBall] v1.1/33_basket ball test animations/player/Back_number/Back_number_R/Rack_number_R_c12.png using Guid(54dfc37088d071b4f9856e101552c527) Importer(2089858483,b0f066a214c2f5e87bad3c948f4d605d) (ScriptedImporter) -> (artifact id: '05cb21fef30497263bb030d60a4ee824') in 0.0192067 seconds
Number of updated asset objects reloaded before import = 0Number of asset objects unloaded after import = 1

========================================================================
Received Import Request.
  Time since last request: 0.000055 seconds.
  path: Assets/Studio33 Interactive_[BasketBall] v1.1/Animations/Basketball Motions_Generic/1829_DunkRA.fbx
  artifactKey: Guid(191cbffd90ec0d941ade53377b20de3f) Importer(2089858483,b0f066a214c2f5e87bad3c948f4d605d)
Start importing Assets/Studio33 Interactive_[BasketBall] v1.1/Animations/Basketball Motions_Generic/1829_DunkRA.fbx using Guid(191cbffd90ec0d941ade53377b20de3f) Importer(2089858483,b0f066a214c2f5e87bad3c948f4d605d) (ScriptedImporter) -> (artifact id: '99ae14c6d3ddb1742443c68abdd1a649') in 0.0285694 seconds
Number of updated asset objects reloaded before import = 0Number of asset objects unloaded after import = 152

========================================================================
Received Import Request.
  Time since last request: 0.000041 seconds.
  path: Assets/Studio33 Interactive_[BasketBall] v1.1/33_basket ball test animations/player/Back_number/Back_number_Y/Back_number_B_c11.png
  artifactKey: Guid(afd43fdb7a3a6d947a15bc8f6f9c19a3) Importer(2089858483,b0f066a214c2f5e87bad3c948f4d605d)
Start importing Assets/Studio33 Interactive_[BasketBall] v1.1/33_basket ball test animations/player/Back_number/Back_number_Y/Back_number_B_c11.png using Guid(afd43fdb7a3a6d947a15bc8f6f9c19a3) Importer(2089858483,b0f066a214c2f5e87bad3c948f4d605d) (ScriptedImporter) -> (artifact id: '3cff74f1dc0e761249ac149f84b05b75') in 0.0205403 seconds
Number of updated asset objects reloaded before import = 0Number of asset objects unloaded after import = 1

========================================================================
Received Import Request.
  Time since last request: 0.000039 seconds.
  path: Assets/Studio33 Interactive_[BasketBall] v1.1/Animations/Basketball Motions_Generic/1908_JumpshotMFakeA.fbx
  artifactKey: Guid(d265b1fbf31afed4986ca1a81a9bb020) Importer(2089858483,b0f066a214c2f5e87bad3c948f4d605d)
Start importing Assets/Studio33 Interactive_[BasketBall] v1.1/Animations/Basketball Motions_Generic/1908_JumpshotMFakeA.fbx using Guid(d265b1fbf31afed4986ca1a81a9bb020) Importer(2089858483,b0f066a214c2f5e87bad3c948f4d605d) (ScriptedImporter) -> (artifact id: 'f51e417b9a3b95bbafd62cddf58d79c2') in 0.0270785 seconds
Number of updated asset objects reloaded before import = 0Number of asset objects unloaded after import = 152

========================================================================
Received Import Request.
  Time since last request: 0.000041 seconds.
  path: Assets/Studio33 Interactive_[BasketBall] v1.1/Animations/Basketball Motions Humanoid/610_DivCSucA.fbx
  artifactKey: Guid(11415b3ab6412d14ea59a58127745362) Importer(2089858483,b0f066a214c2f5e87bad3c948f4d605d)
Start importing Assets/Studio33 Interactive_[BasketBall] v1.1/Animations/Basketball Motions Humanoid/610_DivCSucA.fbx using Guid(11415b3ab6412d14ea59a58127745362) Importer(2089858483,b0f066a214c2f5e87bad3c948f4d605d) (ScriptedImporter) -> (artifact id: 'ba42e5e93ab573b56ca458abdeabdc28') in 0.0343929 seconds
Number of updated asset objects reloaded before import = 0Number of asset objects unloaded after import = 154

========================================================================
Received Import Request.
  Time since last request: 0.000051 seconds.
  path: Assets/Studio33 Interactive_[BasketBall] v1.1/Animations/Basketball Motions Humanoid/2121_RstajumpshotReadyFake.fbx
  artifactKey: Guid(dca0b0ed39e1d3744993bd73955d5f51) Importer(2089858483,b0f066a214c2f5e87bad3c948f4d605d)
Start importing Assets/Studio33 Interactive_[BasketBall] v1.1/Animations/Basketball Motions Humanoid/2121_RstajumpshotReadyFake.fbx using Guid(dca0b0ed39e1d3744993bd73955d5f51) Importer(2089858483,b0f066a214c2f5e87bad3c948f4d605d) (ScriptedImporter) -> (artifact id: '1e914971d44d8845c6ee5bddad382b7f') in 0.0377219 seconds
Number of updated asset objects reloaded before import = 0Number of asset objects unloaded after import = 154

========================================================================
Received Import Request.
  Time since last request: 0.000042 seconds.
  path: Assets/Studio33 Interactive_[BasketBall] v1.1/Animations/Basketball Motions_Generic/1177_DunkClutchFLeftA.fbx
  artifactKey: Guid(d44353fad23f72f429fb8c832195d49c) Importer(2089858483,b0f066a214c2f5e87bad3c948f4d605d)
Start importing Assets/Studio33 Interactive_[BasketBall] v1.1/Animations/Basketball Motions_Generic/1177_DunkClutchFLeftA.fbx using Guid(d44353fad23f72f429fb8c832195d49c) Importer(2089858483,b0f066a214c2f5e87bad3c948f4d605d) (ScriptedImporter) -> (artifact id: 'c740df7d69fdc5623f0d18748ef496d8') in 0.0290041 seconds
Number of updated asset objects reloaded before import = 0Number of asset objects unloaded after import = 152

========================================================================
Received Import Request.
  Time since last request: 0.000039 seconds.
  path: Assets/Studio33 Interactive_[BasketBall] v1.1/Animations/Basketball Motions_Generic/1_PostBackingStepA.fbx
  artifactKey: Guid(3aa5e50fe7738f74e98de0f92bd6b45f) Importer(2089858483,b0f066a214c2f5e87bad3c948f4d605d)
Start importing Assets/Studio33 Interactive_[BasketBall] v1.1/Animations/Basketball Motions_Generic/1_PostBackingStepA.fbx using Guid(3aa5e50fe7738f74e98de0f92bd6b45f) Importer(2089858483,b0f066a214c2f5e87bad3c948f4d605d) (ScriptedImporter) -> (artifact id: 'e1621adeb99f997474f100610d2f4bd3') in 0.0280799 seconds
Number of updated asset objects reloaded before import = 0Number of asset objects unloaded after import = 152

========================================================================
Received Import Request.
  Time since last request: 0.000055 seconds.
  path: Assets/Studio33 Interactive_[BasketBall] v1.1/Animations/Basketball Motions Humanoid/1300_DunkClutchFLeftA.fbx
  artifactKey: Guid(0130e586bedf87a40bec8f2a94227d6c) Importer(2089858483,b0f066a214c2f5e87bad3c948f4d605d)
Start importing Assets/Studio33 Interactive_[BasketBall] v1.1/Animations/Basketball Motions Humanoid/1300_DunkClutchFLeftA.fbx using Guid(0130e586bedf87a40bec8f2a94227d6c) Importer(2089858483,b0f066a214c2f5e87bad3c948f4d605d) (ScriptedImporter) -> (artifact id: 'f695b6b81edb09fd90845db1f6e32b39') in 0.0325853 seconds
Number of updated asset objects reloaded before import = 0Number of asset objects unloaded after import = 154

========================================================================
Received Import Request.
  Time since last request: 0.000046 seconds.
  path: Assets/Studio33 Interactive_[BasketBall] v1.1/Animations/Basketball Motions Humanoid/80_BlockingckpassLongFarLayupFLA.fbx
  artifactKey: Guid(1c6236d3c5ea4a84c9cc2ee318f7fb80) Importer(2089858483,b0f066a214c2f5e87bad3c948f4d605d)
Start importing Assets/Studio33 Interactive_[BasketBall] v1.1/Animations/Basketball Motions Humanoid/80_BlockingckpassLongFarLayupFLA.fbx using Guid(1c6236d3c5ea4a84c9cc2ee318f7fb80) Importer(2089858483,b0f066a214c2f5e87bad3c948f4d605d) (ScriptedImporter) -> (artifact id: '37bd2a467e7445a684b83a94f31790e4') in 0.0280855 seconds
Number of updated asset objects reloaded before import = 0Number of asset objects unloaded after import = 154

========================================================================
Received Import Request.
  Time since last request: 0.000042 seconds.
  path: Assets/Studio33 Interactive_[BasketBall] v1.1/Animations/Basketball Motions Humanoid/1908_JumpshotMFakeA.fbx
  artifactKey: Guid(f6850855ea494324f80bf00dc984a9de) Importer(2089858483,b0f066a214c2f5e87bad3c948f4d605d)
Start importing Assets/Studio33 Interactive_[BasketBall] v1.1/Animations/Basketball Motions Humanoid/1908_JumpshotMFakeA.fbx using Guid(f6850855ea494324f80bf00dc984a9de) Importer(2089858483,b0f066a214c2f5e87bad3c948f4d605d) (ScriptedImporter) -> (artifact id: '2a1db71582aae88cce71fca28c60eb96') in 0.030573 seconds
Number of updated asset objects reloaded before import = 0Number of asset objects unloaded after import = 154

========================================================================
Received Import Request.
  Time since last request: 0.000054 seconds.
  path: Assets/Studio33 Interactive_[BasketBall] v1.1/Animations/Basketball Motions_Generic/1196_DunkRA.fbx
  artifactKey: Guid(f95caa50a97928f4692fa59ff1eda1a6) Importer(2089858483,b0f066a214c2f5e87bad3c948f4d605d)
Start importing Assets/Studio33 Interactive_[BasketBall] v1.1/Animations/Basketball Motions_Generic/1196_DunkRA.fbx using Guid(f95caa50a97928f4692fa59ff1eda1a6) Importer(2089858483,b0f066a214c2f5e87bad3c948f4d605d) (ScriptedImporter) -> (artifact id: '348c8b1e645db4fba2abb0dcb58177df') in 0.0376258 seconds
Number of updated asset objects reloaded before import = 0Number of asset objects unloaded after import = 152

========================================================================
Received Import Request.
  Time since last request: 0.000041 seconds.
  path: Assets/Studio33 Interactive_[BasketBall] v1.1/Animations/Basketball Motions Humanoid/226_HopstepFA.fbx
  artifactKey: Guid(bcd871b1aed3ae14e8c17181388b0cb4) Importer(2089858483,b0f066a214c2f5e87bad3c948f4d605d)
Start importing Assets/Studio33 Interactive_[BasketBall] v1.1/Animations/Basketball Motions Humanoid/226_HopstepFA.fbx using Guid(bcd871b1aed3ae14e8c17181388b0cb4) Importer(2089858483,b0f066a214c2f5e87bad3c948f4d605d) (ScriptedImporter) -> (artifact id: 'bfdd032d3875e1ada19158d1a305ef66') in 0.0301384 seconds
Number of updated asset objects reloaded before import = 0Number of asset objects unloaded after import = 154

========================================================================
Received Import Request.
  Time since last request: 0.000043 seconds.
  path: Assets/Studio33 Interactive_[BasketBall] v1.1/Animations/Basketball Motions Humanoid/878_PassifailOverFA.fbx
  artifactKey: Guid(9b4857edeb6ef4a4aa78d8ac0c1af72d) Importer(2089858483,b0f066a214c2f5e87bad3c948f4d605d)
Start importing Assets/Studio33 Interactive_[BasketBall] v1.1/Animations/Basketball Motions Humanoid/878_PassifailOverFA.fbx using Guid(9b4857edeb6ef4a4aa78d8ac0c1af72d) Importer(2089858483,b0f066a214c2f5e87bad3c948f4d605d) (ScriptedImporter) -> (artifact id: '2746e9aead3a966be55902506dbc01be') in 0.0312343 seconds
Number of updated asset objects reloaded before import = 0Number of asset objects unloaded after import = 154

========================================================================
Received Import Request.
  Time since last request: 0.000051 seconds.
  path: Assets/Studio33 Interactive_[BasketBall] v1.1/Animations/Basketball Motions_Generic/1703_PutbarA.fbx
  artifactKey: Guid(20c67c99914f98b4580395e6e829c9fd) Importer(2089858483,b0f066a214c2f5e87bad3c948f4d605d)
Start importing Assets/Studio33 Interactive_[BasketBall] v1.1/Animations/Basketball Motions_Generic/1703_PutbarA.fbx using Guid(20c67c99914f98b4580395e6e829c9fd) Importer(2089858483,b0f066a214c2f5e87bad3c948f4d605d) (ScriptedImporter) -> (artifact id: 'f04135432b2bc89e93cfa723ef15e122') in 0.0297848 seconds
Number of updated asset objects reloaded before import = 0Number of asset objects unloaded after import = 152

========================================================================
Received Import Request.
  Time since last request: 0.000039 seconds.
  path: Assets/Studio33 Interactive_[BasketBall] v1.1/Animations/Basketball Motions_Generic/763_PassirA.fbx
  artifactKey: Guid(ee8fa5a079116184597b09902118ce88) Importer(2089858483,b0f066a214c2f5e87bad3c948f4d605d)
Start importing Assets/Studio33 Interactive_[BasketBall] v1.1/Animations/Basketball Motions_Generic/763_PassirA.fbx using Guid(ee8fa5a079116184597b09902118ce88) Importer(2089858483,b0f066a214c2f5e87bad3c948f4d605d) (ScriptedImporter) -> (artifact id: '5508e40c427c0d1208a05bffc3eb3d69') in 0.0302949 seconds
Number of updated asset objects reloaded before import = 0Number of asset objects unloaded after import = 152

========================================================================
Received Import Request.
  Time since last request: 0.000037 seconds.
  path: Assets/Studio33 Interactive_[BasketBall] v1.1/Animations/Basketball Motions Humanoid/436_DefenceLeftA.fbx
  artifactKey: Guid(4b705295920a1a4488a81c6938ec3987) Importer(2089858483,b0f066a214c2f5e87bad3c948f4d605d)
Start importing Assets/Studio33 Interactive_[BasketBall] v1.1/Animations/Basketball Motions Humanoid/436_DefenceLeftA.fbx using Guid(4b705295920a1a4488a81c6938ec3987) Importer(2089858483,b0f066a214c2f5e87bad3c948f4d605d) (ScriptedImporter) -> (artifact id: 'c465929edd4b36bb14cbd1bd2d24dd6a') in 0.0370639 seconds
Number of updated asset objects reloaded before import = 0Number of asset objects unloaded after import = 154

========================================================================
Received Import Request.
  Time since last request: 0.000047 seconds.
  path: Assets/Studio33 Interactive_[BasketBall] v1.1/Animations/Basketball Motions Humanoid/1721_DunkCA.fbx
  artifactKey: Guid(0acded03f0d88ef49bb9c12bfa207c13) Importer(2089858483,b0f066a214c2f5e87bad3c948f4d605d)
Start importing Assets/Studio33 Interactive_[BasketBall] v1.1/Animations/Basketball Motions Humanoid/1721_DunkCA.fbx using Guid(0acded03f0d88ef49bb9c12bfa207c13) Importer(2089858483,b0f066a214c2f5e87bad3c948f4d605d) (ScriptedImporter) -> (artifact id: '681c33abe140b31c1ed9a2649b641655') in 0.030628 seconds
Number of updated asset objects reloaded before import = 0Number of asset objects unloaded after import = 154

========================================================================
Received Import Request.
  Time since last request: 0.000059 seconds.
  path: Assets/Studio33 Interactive_[BasketBall] v1.1/Animations/Basketball Motions_Generic/1105_ScreefrontA.fbx
  artifactKey: Guid(dc312292fb7f14a42ae348897e7b345d) Importer(2089858483,b0f066a214c2f5e87bad3c948f4d605d)
Start importing Assets/Studio33 Interactive_[BasketBall] v1.1/Animations/Basketball Motions_Generic/1105_ScreefrontA.fbx using Guid(dc312292fb7f14a42ae348897e7b345d) Importer(2089858483,b0f066a214c2f5e87bad3c948f4d605d) (ScriptedImporter) -> (artifact id: 'b862502eee88a341a5670045c51a7216') in 0.0279966 seconds
Number of updated asset objects reloaded before import = 0Number of asset objects unloaded after import = 152

========================================================================
Received Import Request.
  Time since last request: 0.000037 seconds.
  path: Assets/Studio33 Interactive_[BasketBall] v1.1/Animations/Basketball Motions_Generic/1508_AlleyoopCSA.fbx
  artifactKey: Guid(b7b1d0eaa5091ed47b176f56ddf85156) Importer(2089858483,b0f066a214c2f5e87bad3c948f4d605d)
Start importing Assets/Studio33 Interactive_[BasketBall] v1.1/Animations/Basketball Motions_Generic/1508_AlleyoopCSA.fbx using Guid(b7b1d0eaa5091ed47b176f56ddf85156) Importer(2089858483,b0f066a214c2f5e87bad3c948f4d605d) (ScriptedImporter) -> (artifact id: 'fcdd7a1dbce92e4c937cb5985ed9a0df') in 0.0301521 seconds
Number of updated asset objects reloaded before import = 0Number of asset objects unloaded after import = 152

========================================================================
Received Import Request.
  Time since last request: 0.000048 seconds.
  path: Assets/Studio33 Interactive_[BasketBall] v1.1/Animations/Basketball Motions_Generic/912_PostWindupRightA.fbx
  artifactKey: Guid(1bab3a5d1f819874b80db7922e320afb) Importer(2089858483,b0f066a214c2f5e87bad3c948f4d605d)
Start importing Assets/Studio33 Interactive_[BasketBall] v1.1/Animations/Basketball Motions_Generic/912_PostWindupRightA.fbx using Guid(1bab3a5d1f819874b80db7922e320afb) Importer(2089858483,b0f066a214c2f5e87bad3c948f4d605d) (ScriptedImporter) -> (artifact id: 'f1942eafc7c8703cc4d17e1715aa0afa') in 0.0283851 seconds
Number of updated asset objects reloaded before import = 0Number of asset objects unloaded after import = 152

========================================================================
Received Import Request.
  Time since last request: 0.000061 seconds.
  path: Assets/Studio33 Interactive_[BasketBall] v1.1/Animations/Basketball Motions Humanoid/78_BlockingckpassLongFA.fbx
  artifactKey: Guid(50ce3db1a5e0f8d4c8e23d00053692fe) Importer(2089858483,b0f066a214c2f5e87bad3c948f4d605d)
Start importing Assets/Studio33 Interactive_[BasketBall] v1.1/Animations/Basketball Motions Humanoid/78_BlockingckpassLongFA.fbx using Guid(50ce3db1a5e0f8d4c8e23d00053692fe) Importer(2089858483,b0f066a214c2f5e87bad3c948f4d605d) (ScriptedImporter) -> (artifact id: '9bfa5283617d52c89f18334abc30774b') in 0.0313091 seconds
Number of updated asset objects reloaded before import = 0Number of asset objects unloaded after import = 154

========================================================================
Received Import Request.
  Time since last request: 0.000030 seconds.
  path: Assets/Studio33 Interactive_[BasketBall] v1.1/Animations/Basketball Motions_Generic/162_MovePushedFront.fbx
  artifactKey: Guid(5d014d947f87a4243b3c70e1189f29d0) Importer(2089858483,b0f066a214c2f5e87bad3c948f4d605d)
Start importing Assets/Studio33 Interactive_[BasketBall] v1.1/Animations/Basketball Motions_Generic/162_MovePushedFront.fbx using Guid(5d014d947f87a4243b3c70e1189f29d0) Importer(2089858483,b0f066a214c2f5e87bad3c948f4d605d) (ScriptedImporter) -> (artifact id: '2de917bcc2e12ba0b6d3e3992c16ead0') in 0.0327277 seconds
Number of updated asset objects reloaded before import = 0Number of asset objects unloaded after import = 152

========================================================================
Received Import Request.
  Time since last request: 0.000048 seconds.
  path: Assets/Studio33 Interactive_[BasketBall] v1.1/Animations/Basketball Motions Humanoid/1368_JumpshotMFakeA.fbx
  artifactKey: Guid(01da50d1607b8764381ceb6237b539bc) Importer(2089858483,b0f066a214c2f5e87bad3c948f4d605d)
Start importing Assets/Studio33 Interactive_[BasketBall] v1.1/Animations/Basketball Motions Humanoid/1368_JumpshotMFakeA.fbx using Guid(01da50d1607b8764381ceb6237b539bc) Importer(2089858483,b0f066a214c2f5e87bad3c948f4d605d) (ScriptedImporter) -> (artifact id: '7f05ac5e3fb1ec712afe798ea5d58367') in 0.031539 seconds
Number of updated asset objects reloaded before import = 0Number of asset objects unloaded after import = 154

========================================================================
Received Import Request.
  Time since last request: 0.000057 seconds.
  path: Assets/Studio33 Interactive_[BasketBall] v1.1/Animations/Basketball Motions Humanoid/1193_DunkRA.fbx
  artifactKey: Guid(751834a39ce508544b82b6a98e9d2ace) Importer(2089858483,b0f066a214c2f5e87bad3c948f4d605d)
Start importing Assets/Studio33 Interactive_[BasketBall] v1.1/Animations/Basketball Motions Humanoid/1193_DunkRA.fbx using Guid(751834a39ce508544b82b6a98e9d2ace) Importer(2089858483,b0f066a214c2f5e87bad3c948f4d605d) (ScriptedImporter) -> (artifact id: 'd68966330923e241098113f7d6ecb882') in 0.0302862 seconds
Number of updated asset objects reloaded before import = 0Number of asset objects unloaded after import = 154

========================================================================
Received Import Request.
  Time since last request: 0.000039 seconds.
  path: Assets/Studio33 Interactive_[BasketBall] v1.1/Animations/Basketball Motions Humanoid/1037_TappassTapLB.fbx
  artifactKey: Guid(ad3317bbfcfea2d47b4d3eab2a116d44) Importer(2089858483,b0f066a214c2f5e87bad3c948f4d605d)
Start importing Assets/Studio33 Interactive_[BasketBall] v1.1/Animations/Basketball Motions Humanoid/1037_TappassTapLB.fbx using Guid(ad3317bbfcfea2d47b4d3eab2a116d44) Importer(2089858483,b0f066a214c2f5e87bad3c948f4d605d) (ScriptedImporter) -> (artifact id: '1802033b010a0123cd1ea865b6310445') in 0.0301311 seconds
Number of updated asset objects reloaded before import = 0Number of asset objects unloaded after import = 154

========================================================================
Received Import Request.
  Time since last request: 0.000051 seconds.
  path: Assets/Studio33 Interactive_[BasketBall] v1.1/Animations/Basketball Motions Humanoid/1119_DunkCA.fbx
  artifactKey: Guid(8804e24f832734f41b3490155d260ff6) Importer(2089858483,b0f066a214c2f5e87bad3c948f4d605d)
Start importing Assets/Studio33 Interactive_[BasketBall] v1.1/Animations/Basketball Motions Humanoid/1119_DunkCA.fbx using Guid(8804e24f832734f41b3490155d260ff6) Importer(2089858483,b0f066a214c2f5e87bad3c948f4d605d) (ScriptedImporter) -> (artifact id: '509a4142ad66fc8f5aecb7f009d0f05e') in 0.029888 seconds
Number of updated asset objects reloaded before import = 0Number of asset objects unloaded after import = 154

========================================================================
Received Import Request.
  Time since last request: 0.000043 seconds.
  path: Assets/Studio33 Interactive_[BasketBall] v1.1/Animations/Basketball Motions_Generic/1964_JumpshotPullupFA.fbx
  artifactKey: Guid(eb34111aca0e37b4e9dfb215d4b0b666) Importer(2089858483,b0f066a214c2f5e87bad3c948f4d605d)
Start importing Assets/Studio33 Interactive_[BasketBall] v1.1/Animations/Basketball Motions_Generic/1964_JumpshotPullupFA.fbx using Guid(eb34111aca0e37b4e9dfb215d4b0b666) Importer(2089858483,b0f066a214c2f5e87bad3c948f4d605d) (ScriptedImporter) -> (artifact id: 'a49ff4268fb8efb4f718de5d33a55fe7') in 0.0291802 seconds
Number of updated asset objects reloaded before import = 0Number of asset objects unloaded after import = 152

========================================================================
Received Import Request.
  Time since last request: 0.000027 seconds.
  path: Assets/Studio33 Interactive_[BasketBall] v1.1/Animations/Basketball Motions_Generic/1773_DunkCAC.fbx
  artifactKey: Guid(69ca9c38591d7014182f3b63a77a6a96) Importer(2089858483,b0f066a214c2f5e87bad3c948f4d605d)
Start importing Assets/Studio33 Interactive_[BasketBall] v1.1/Animations/Basketball Motions_Generic/1773_DunkCAC.fbx using Guid(69ca9c38591d7014182f3b63a77a6a96) Importer(2089858483,b0f066a214c2f5e87bad3c948f4d605d) (ScriptedImporter) -> (artifact id: '162128be198570405126470533e70fd5') in 0.0332511 seconds
Number of updated asset objects reloaded before import = 0Number of asset objects unloaded after import = 152

========================================================================
Received Import Request.
  Time since last request: 0.000043 seconds.
  path: Assets/Studio33 Interactive_[BasketBall] v1.1/Animations/Basketball Motions_Generic/1588_MassiveRA.fbx
  artifactKey: Guid(bdb6758a266b26f4693f7d96c509f466) Importer(2089858483,b0f066a214c2f5e87bad3c948f4d605d)
Start importing Assets/Studio33 Interactive_[BasketBall] v1.1/Animations/Basketball Motions_Generic/1588_MassiveRA.fbx using Guid(bdb6758a266b26f4693f7d96c509f466) Importer(2089858483,b0f066a214c2f5e87bad3c948f4d605d) (ScriptedImporter) -> (artifact id: '5ab51fcc6802e5d4f4b3ef5cc23f348e') in 0.0280691 seconds
Number of updated asset objects reloaded before import = 0Number of asset objects unloaded after import = 152

========================================================================
Received Import Request.
  Time since last request: 0.000073 seconds.
  path: Assets/Studio33 Interactive_[BasketBall] v1.1/Animations/Basketball Motions_Generic/1098_ScreequickescapeSidebaa.fbx
  artifactKey: Guid(fe420192da68a3b4c8a229409c3c74a3) Importer(2089858483,b0f066a214c2f5e87bad3c948f4d605d)
Start importing Assets/Studio33 Interactive_[BasketBall] v1.1/Animations/Basketball Motions_Generic/1098_ScreequickescapeSidebaa.fbx using Guid(fe420192da68a3b4c8a229409c3c74a3) Importer(2089858483,b0f066a214c2f5e87bad3c948f4d605d) (ScriptedImporter) -> (artifact id: 'e9b261e1cbbb9c8e19e8735b6a679387') in 0.028221 seconds
Number of updated asset objects reloaded before import = 0Number of asset objects unloaded after import = 152

========================================================================
Received Import Request.
  Time since last request: 0.000058 seconds.
  path: Assets/Studio33 Interactive_[BasketBall] v1.1/Animations/Basketball Motions Humanoid/286_JabstepEA.fbx
  artifactKey: Guid(7c05d969fff7efd48a62e647e8b23a1a) Importer(2089858483,b0f066a214c2f5e87bad3c948f4d605d)
Start importing Assets/Studio33 Interactive_[BasketBall] v1.1/Animations/Basketball Motions Humanoid/286_JabstepEA.fbx using Guid(7c05d969fff7efd48a62e647e8b23a1a) Importer(2089858483,b0f066a214c2f5e87bad3c948f4d605d) (ScriptedImporter) -> (artifact id: '8e4eb2eea3b28f87bed6aac9c83bdb2d') in 0.0324982 seconds
Number of updated asset objects reloaded before import = 0Number of asset objects unloaded after import = 154

========================================================================
Received Import Request.
  Time since last request: 0.000056 seconds.
  path: Assets/Studio33 Interactive_[BasketBall] v1.1/Animations/Basketball Motions Humanoid/1744_RstajumpshotMFakeA.fbx
  artifactKey: Guid(29a8ae05863ece54b928c6958b315d73) Importer(2089858483,b0f066a214c2f5e87bad3c948f4d605d)
Start importing Assets/Studio33 Interactive_[BasketBall] v1.1/Animations/Basketball Motions Humanoid/1744_RstajumpshotMFakeA.fbx using Guid(29a8ae05863ece54b928c6958b315d73) Importer(2089858483,b0f066a214c2f5e87bad3c948f4d605d) (ScriptedImporter) -> (artifact id: '7dfc29060215839a4058a4c014cb2a45') in 0.0292382 seconds
Number of updated asset objects reloaded before import = 0Number of asset objects unloaded after import = 154

========================================================================
Received Import Request.
  Time since last request: 0.000051 seconds.
  path: Assets/Studio33 Interactive_[BasketBall] v1.1/Animations/Basketball Motions Humanoid/263_CrossFakeThLRLA.fbx
  artifactKey: Guid(e8807d6ebeddf1f478b67aaa9ec63fbf) Importer(2089858483,b0f066a214c2f5e87bad3c948f4d605d)
Start importing Assets/Studio33 Interactive_[BasketBall] v1.1/Animations/Basketball Motions Humanoid/263_CrossFakeThLRLA.fbx using Guid(e8807d6ebeddf1f478b67aaa9ec63fbf) Importer(2089858483,b0f066a214c2f5e87bad3c948f4d605d) (ScriptedImporter) -> (artifact id: '61d4ce0c57408b35bb63b185aeaa8132') in 0.0349288 seconds
Number of updated asset objects reloaded before import = 0Number of asset objects unloaded after import = 154

========================================================================
Received Import Request.
  Time since last request: 0.000037 seconds.
  path: Assets/Studio33 Interactive_[BasketBall] v1.1/Animations/Basketball Motions Humanoid/681_Rru.fbx
  artifactKey: Guid(8941a48d571dd9c4992c1f347c583c16) Importer(2089858483,b0f066a214c2f5e87bad3c948f4d605d)
Start importing Assets/Studio33 Interactive_[BasketBall] v1.1/Animations/Basketball Motions Humanoid/681_Rru.fbx using Guid(8941a48d571dd9c4992c1f347c583c16) Importer(2089858483,b0f066a214c2f5e87bad3c948f4d605d) (ScriptedImporter) -> (artifact id: '71a9a0a89231daa6a5bc75749513bb23') in 0.0361399 seconds
Number of updated asset objects reloaded before import = 0Number of asset objects unloaded after import = 154

========================================================================
Received Import Request.
  Time since last request: 0.000032 seconds.
  path: Assets/Studio33 Interactive_[BasketBall] v1.1/Animations/Basketball Motions Humanoid/1560_LayupCA.fbx
  artifactKey: Guid(ddb82cb7c3fde8e4e9a1df75fbb25d4e) Importer(2089858483,b0f066a214c2f5e87bad3c948f4d605d)
Start importing Assets/Studio33 Interactive_[BasketBall] v1.1/Animations/Basketball Motions Humanoid/1560_LayupCA.fbx using Guid(ddb82cb7c3fde8e4e9a1df75fbb25d4e) Importer(2089858483,b0f066a214c2f5e87bad3c948f4d605d) (ScriptedImporter) -> (artifact id: 'e8eaf18ad098e0f2090d119a1573ea29') in 0.0281214 seconds
Number of updated asset objects reloaded before import = 0Number of asset objects unloaded after import = 154

========================================================================
Received Import Request.
  Time since last request: 0.000056 seconds.
  path: Assets/Studio33 Interactive_[BasketBall] v1.1/Animations/Basketball Motions_Generic/1266_AlleyoopDclutchRRightA.fbx
  artifactKey: Guid(956fe75554205ff498abc5630c6252d6) Importer(2089858483,b0f066a214c2f5e87bad3c948f4d605d)
Start importing Assets/Studio33 Interactive_[BasketBall] v1.1/Animations/Basketball Motions_Generic/1266_AlleyoopDclutchRRightA.fbx using Guid(956fe75554205ff498abc5630c6252d6) Importer(2089858483,b0f066a214c2f5e87bad3c948f4d605d) (ScriptedImporter) -> (artifact id: '38cddbd1023401354e2e0bd7b354068f') in 0.0293185 seconds
Number of updated asset objects reloaded before import = 0Number of asset objects unloaded after import = 152

========================================================================
Received Import Request.
  Time since last request: 0.000039 seconds.
  path: Assets/Studio33 Interactive_[BasketBall] v1.1/Animations/Basketball Motions_Generic/1132_AlleyoopCLA.fbx
  artifactKey: Guid(0dd2f4f15f640f5468ad6c700652f3da) Importer(2089858483,b0f066a214c2f5e87bad3c948f4d605d)
Start importing Assets/Studio33 Interactive_[BasketBall] v1.1/Animations/Basketball Motions_Generic/1132_AlleyoopCLA.fbx using Guid(0dd2f4f15f640f5468ad6c700652f3da) Importer(2089858483,b0f066a214c2f5e87bad3c948f4d605d) (ScriptedImporter) -> (artifact id: '1d40a5ea99e8ee69ea4cd310827973bd') in 0.0271824 seconds
Number of updated asset objects reloaded before import = 0Number of asset objects unloaded after import = 152

========================================================================
Received Import Request.
  Time since last request: 0.000033 seconds.
  path: Assets/Studio33 Interactive_[BasketBall] v1.1/Animations/Basketball Motions Humanoid/611_DivpassA.fbx
  artifactKey: Guid(7105510c782555d48981962f9e1ebaab) Importer(2089858483,b0f066a214c2f5e87bad3c948f4d605d)
Start importing Assets/Studio33 Interactive_[BasketBall] v1.1/Animations/Basketball Motions Humanoid/611_DivpassA.fbx using Guid(7105510c782555d48981962f9e1ebaab) Importer(2089858483,b0f066a214c2f5e87bad3c948f4d605d) (ScriptedImporter) -> (artifact id: 'bdf473de233ae54ad74043fcc02ff790') in 0.0271629 seconds
Number of updated asset objects reloaded before import = 0Number of asset objects unloaded after import = 154

========================================================================
Received Import Request.
  Time since last request: 0.000046 seconds.
  path: Assets/Studio33 Interactive_[BasketBall] v1.1/Animations/Basketball Motions_Generic/1214_FakelayupCA.fbx
  artifactKey: Guid(1eacb58062b740b439de970a288ad9e6) Importer(2089858483,b0f066a214c2f5e87bad3c948f4d605d)
Start importing Assets/Studio33 Interactive_[BasketBall] v1.1/Animations/Basketball Motions_Generic/1214_FakelayupCA.fbx using Guid(1eacb58062b740b439de970a288ad9e6) Importer(2089858483,b0f066a214c2f5e87bad3c948f4d605d) (ScriptedImporter) -> (artifact id: '7808f4a3ececac09cd3e022ee38bccae') in 0.0304892 seconds
Number of updated asset objects reloaded before import = 0Number of asset objects unloaded after import = 152

========================================================================
Received Import Request.
  Time since last request: 0.000061 seconds.
  path: Assets/Studio33 Interactive_[BasketBall] v1.1/Animations/Basketball Motions_Generic/2159_Dribbleright.fbx
  artifactKey: Guid(7048d02a45601be4c97bf6904ed856d7) Importer(2089858483,b0f066a214c2f5e87bad3c948f4d605d)
Start importing Assets/Studio33 Interactive_[BasketBall] v1.1/Animations/Basketball Motions_Generic/2159_Dribbleright.fbx using Guid(7048d02a45601be4c97bf6904ed856d7) Importer(2089858483,b0f066a214c2f5e87bad3c948f4d605d) (ScriptedImporter) -> (artifact id: '5433983db4ce8b026a0df17a30f05eb4') in 0.0301719 seconds
Number of updated asset objects reloaded before import = 0Number of asset objects unloaded after import = 152

========================================================================
Received Import Request.
  Time since last request: 0.000031 seconds.
  path: Assets/Studio33 Interactive_[BasketBall] v1.1/Animations/Basketball Motions_Generic/1562_LayupRA.fbx
  artifactKey: Guid(5e748d788aece3b44a52967a57e8de5a) Importer(2089858483,b0f066a214c2f5e87bad3c948f4d605d)
Start importing Assets/Studio33 Interactive_[BasketBall] v1.1/Animations/Basketball Motions_Generic/1562_LayupRA.fbx using Guid(5e748d788aece3b44a52967a57e8de5a) Importer(2089858483,b0f066a214c2f5e87bad3c948f4d605d) (ScriptedImporter) -> (artifact id: 'e3a5cf172d226ac4c29d17383ae88883') in 0.0272257 seconds
Number of updated asset objects reloaded before import = 0Number of asset objects unloaded after import = 152

========================================================================
Received Import Request.
  Time since last request: 0.000049 seconds.
  path: Assets/Studio33 Interactive_[BasketBall] v1.1/Animations/Basketball Motions_Generic/1206_DunkRA.fbx
  artifactKey: Guid(d35aba72e4c0a364eb5d244bb6d91ae5) Importer(2089858483,b0f066a214c2f5e87bad3c948f4d605d)
Start importing Assets/Studio33 Interactive_[BasketBall] v1.1/Animations/Basketball Motions_Generic/1206_DunkRA.fbx using Guid(d35aba72e4c0a364eb5d244bb6d91ae5) Importer(2089858483,b0f066a214c2f5e87bad3c948f4d605d) (ScriptedImporter) -> (artifact id: '2d26a8007591675e161bff387a661a91') in 0.0279419 seconds
Number of updated asset objects reloaded before import = 0Number of asset objects unloaded after import = 152

========================================================================
Received Import Request.
  Time since last request: 0.000049 seconds.
  path: Assets/Studio33 Interactive_[BasketBall] v1.1/Animations/Basketball Motions Humanoid/1557_LayupCA.fbx
  artifactKey: Guid(344bbb4563f27964187f96044f9752c7) Importer(2089858483,b0f066a214c2f5e87bad3c948f4d605d)
Start importing Assets/Studio33 Interactive_[BasketBall] v1.1/Animations/Basketball Motions Humanoid/1557_LayupCA.fbx using Guid(344bbb4563f27964187f96044f9752c7) Importer(2089858483,b0f066a214c2f5e87bad3c948f4d605d) (ScriptedImporter) -> (artifact id: '29c84c1732289154b6a6aee92e978a08') in 0.0288069 seconds
Number of updated asset objects reloaded before import = 0Number of asset objects unloaded after import = 154

========================================================================
Received Import Request.
  Time since last request: 0.000038 seconds.
  path: Assets/Studio33 Interactive_[BasketBall] v1.1/Animations/Basketball Motions Humanoid/2070_JumpshotCFakeA.fbx
  artifactKey: Guid(c3d888528156978499e22e8917c75550) Importer(2089858483,b0f066a214c2f5e87bad3c948f4d605d)
Start importing Assets/Studio33 Interactive_[BasketBall] v1.1/Animations/Basketball Motions Humanoid/2070_JumpshotCFakeA.fbx using Guid(c3d888528156978499e22e8917c75550) Importer(2089858483,b0f066a214c2f5e87bad3c948f4d605d) (ScriptedImporter) -> (artifact id: '9e1122ccf467ba9e2a01718535bd0adf') in 0.0293779 seconds
Number of updated asset objects reloaded before import = 0Number of asset objects unloaded after import = 154

========================================================================
Received Import Request.
  Time since last request: 0.000046 seconds.
  path: Assets/Studio33 Interactive_[BasketBall] v1.1/Animations/Basketball Motions_Generic/1610_JumpshotMFakeA.fbx
  artifactKey: Guid(78a833a9ebdf9c04690b7a99292ff7bb) Importer(2089858483,b0f066a214c2f5e87bad3c948f4d605d)
Start importing Assets/Studio33 Interactive_[BasketBall] v1.1/Animations/Basketball Motions_Generic/1610_JumpshotMFakeA.fbx using Guid(78a833a9ebdf9c04690b7a99292ff7bb) Importer(2089858483,b0f066a214c2f5e87bad3c948f4d605d) (ScriptedImporter) -> (artifact id: '1ae6db7ce476df9001924ef38f201494') in 0.0354407 seconds
Number of updated asset objects reloaded before import = 0Number of asset objects unloaded after import = 152

========================================================================
Received Import Request.
  Time since last request: 0.000050 seconds.
  path: Assets/Studio33 Interactive_[BasketBall] v1.1/Animations/Basketball Motions_Generic/75_BlockingckncatchShortJumpFA.fbx
  artifactKey: Guid(76968af05a4ebaf4faa24c173406a687) Importer(2089858483,b0f066a214c2f5e87bad3c948f4d605d)
Start importing Assets/Studio33 Interactive_[BasketBall] v1.1/Animations/Basketball Motions_Generic/75_BlockingckncatchShortJumpFA.fbx using Guid(76968af05a4ebaf4faa24c173406a687) Importer(2089858483,b0f066a214c2f5e87bad3c948f4d605d) (ScriptedImporter) -> (artifact id: 'ad4ef6a5941de15ddc2711b247b49242') in 0.027745 seconds
Number of updated asset objects reloaded before import = 0Number of asset objects unloaded after import = 152

========================================================================
Received Import Request.
  Time since last request: 0.000048 seconds.
  path: Assets/Studio33 Interactive_[BasketBall] v1.1/Animations/Basketball Motions Humanoid/554_KneehemA.fbx
  artifactKey: Guid(20bad8fb394870640ac7efba3131d8ba) Importer(2089858483,b0f066a214c2f5e87bad3c948f4d605d)
Start importing Assets/Studio33 Interactive_[BasketBall] v1.1/Animations/Basketball Motions Humanoid/554_KneehemA.fbx using Guid(20bad8fb394870640ac7efba3131d8ba) Importer(2089858483,b0f066a214c2f5e87bad3c948f4d605d) (ScriptedImporter) -> (artifact id: 'dd0529200cd6d0a799741105702ba95f') in 0.029881 seconds
Number of updated asset objects reloaded before import = 0Number of asset objects unloaded after import = 154

========================================================================
Received Import Request.
  Time since last request: 0.000036 seconds.
  path: Assets/Studio33 Interactive_[BasketBall] v1.1/Animations/Basketball Motions_Generic/796_PassChestLA.fbx
  artifactKey: Guid(e3d1486d916698d4a9002dcbcd87e206) Importer(2089858483,b0f066a214c2f5e87bad3c948f4d605d)
Start importing Assets/Studio33 Interactive_[BasketBall] v1.1/Animations/Basketball Motions_Generic/796_PassChestLA.fbx using Guid(e3d1486d916698d4a9002dcbcd87e206) Importer(2089858483,b0f066a214c2f5e87bad3c948f4d605d) (ScriptedImporter) -> (artifact id: '5ec09fb5e18b279b32dde5db8bfbb603') in 0.0268631 seconds
Number of updated asset objects reloaded before import = 0Number of asset objects unloaded after import = 152

========================================================================
Received Import Request.
  Time since last request: 0.000044 seconds.
  path: Assets/Studio33 Interactive_[BasketBall] v1.1/Animations/Basketball Motions Humanoid/1884_JumpshotPumpfakespishoot.fbx
  artifactKey: Guid(bfa1620066f0e4548b63c035fab22a9a) Importer(2089858483,b0f066a214c2f5e87bad3c948f4d605d)
Start importing Assets/Studio33 Interactive_[BasketBall] v1.1/Animations/Basketball Motions Humanoid/1884_JumpshotPumpfakespishoot.fbx using Guid(bfa1620066f0e4548b63c035fab22a9a) Importer(2089858483,b0f066a214c2f5e87bad3c948f4d605d) (ScriptedImporter) -> (artifact id: '0c99437365ee2e8bf4ad54dd50df0dd5') in 0.0289143 seconds
Number of updated asset objects reloaded before import = 0Number of asset objects unloaded after import = 154

========================================================================
Received Import Request.
  Time since last request: 0.000044 seconds.
  path: Assets/Studio33 Interactive_[BasketBall] v1.1/Animations/Basketball Motions_Generic/2032_DunkRA.fbx
  artifactKey: Guid(e62ec0a1491fa634ba99e40f3541b6af) Importer(2089858483,b0f066a214c2f5e87bad3c948f4d605d)
Start importing Assets/Studio33 Interactive_[BasketBall] v1.1/Animations/Basketball Motions_Generic/2032_DunkRA.fbx using Guid(e62ec0a1491fa634ba99e40f3541b6af) Importer(2089858483,b0f066a214c2f5e87bad3c948f4d605d) (ScriptedImporter) -> (artifact id: '11f3bad950b35045610db46d76828212') in 0.0338747 seconds
Number of updated asset objects reloaded before import = 0Number of asset objects unloaded after import = 152

========================================================================
Received Import Request.
  Time since last request: 0.000052 seconds.
  path: Assets/Studio33 Interactive_[BasketBall] v1.1/Animations/Basketball Motions_Generic/35_BlockinglongNearF.fbx
  artifactKey: Guid(6d685fa54b6a0204e9692dbefe961304) Importer(2089858483,b0f066a214c2f5e87bad3c948f4d605d)
Start importing Assets/Studio33 Interactive_[BasketBall] v1.1/Animations/Basketball Motions_Generic/35_BlockinglongNearF.fbx using Guid(6d685fa54b6a0204e9692dbefe961304) Importer(2089858483,b0f066a214c2f5e87bad3c948f4d605d) (ScriptedImporter) -> (artifact id: '36f8eddceeb623ae5210eec938467857') in 0.0315362 seconds
Number of updated asset objects reloaded before import = 0Number of asset objects unloaded after import = 152

========================================================================
Received Import Request.
  Time since last request: 0.000037 seconds.
  path: Assets/Studio33 Interactive_[BasketBall] v1.1/33_basket ball test animations/player/Back_number/Back_number_W/Back_number_W_c12.png
  artifactKey: Guid(8663544f3970af14893206c008d451d3) Importer(2089858483,b0f066a214c2f5e87bad3c948f4d605d)
Start importing Assets/Studio33 Interactive_[BasketBall] v1.1/33_basket ball test animations/player/Back_number/Back_number_W/Back_number_W_c12.png using Guid(8663544f3970af14893206c008d451d3) Importer(2089858483,b0f066a214c2f5e87bad3c948f4d605d) (ScriptedImporter) -> (artifact id: 'b1d66224d220ed3001c37f9340ca01f2') in 0.0185838 seconds
Number of updated asset objects reloaded before import = 0Number of asset objects unloaded after import = 1

========================================================================
Received Import Request.
  Time since last request: 0.000036 seconds.
  path: Assets/Studio33 Interactive_[BasketBall] v1.1/Animations/Basketball Motions Humanoid/1684_JumpshotCA.fbx
  artifactKey: Guid(cf0149222bb702046b03fe8b40efac6e) Importer(2089858483,b0f066a214c2f5e87bad3c948f4d605d)
Start importing Assets/Studio33 Interactive_[BasketBall] v1.1/Animations/Basketball Motions Humanoid/1684_JumpshotCA.fbx using Guid(cf0149222bb702046b03fe8b40efac6e) Importer(2089858483,b0f066a214c2f5e87bad3c948f4d605d) (ScriptedImporter) -> (artifact id: '6762e5397ff4b4f4f37c3d6819beac05') in 0.0293855 seconds
Number of updated asset objects reloaded before import = 0Number of asset objects unloaded after import = 154

========================================================================
Received Import Request.
  Time since last request: 0.000053 seconds.
  path: Assets/Studio33 Interactive_[BasketBall] v1.1/Animations/Basketball Motions_Generic/788_ShootpassLayupShortRightA.fbx
  artifactKey: Guid(81d12743ae0222949a58407e4530ee55) Importer(2089858483,b0f066a214c2f5e87bad3c948f4d605d)
Start importing Assets/Studio33 Interactive_[BasketBall] v1.1/Animations/Basketball Motions_Generic/788_ShootpassLayupShortRightA.fbx using Guid(81d12743ae0222949a58407e4530ee55) Importer(2089858483,b0f066a214c2f5e87bad3c948f4d605d) (ScriptedImporter) -> (artifact id: '17456813648446c29f9a143aa3109a8b') in 0.0252452 seconds
Number of updated asset objects reloaded before import = 0Number of asset objects unloaded after import = 152

========================================================================
Received Import Request.
  Time since last request: 0.000053 seconds.
  path: Assets/Studio33 Interactive_[BasketBall] v1.1/Animations/Basketball Motions_Generic/96_BlockinglongFarLayupF.fbx
  artifactKey: Guid(6c3950ead367eb3468693b3cf15b4513) Importer(2089858483,b0f066a214c2f5e87bad3c948f4d605d)
Start importing Assets/Studio33 Interactive_[BasketBall] v1.1/Animations/Basketball Motions_Generic/96_BlockinglongFarLayupF.fbx using Guid(6c3950ead367eb3468693b3cf15b4513) Importer(2089858483,b0f066a214c2f5e87bad3c948f4d605d) (ScriptedImporter) -> (artifact id: '317709342a6deda63bad159261eff4e6') in 0.0263351 seconds
Number of updated asset objects reloaded before import = 0Number of asset objects unloaded after import = 152

========================================================================
Received Import Request.
  Time since last request: 0.000037 seconds.
  path: Assets/Studio33 Interactive_[BasketBall] v1.1/Animations/Basketball Motions Humanoid/1430_LayupCA.fbx
  artifactKey: Guid(667247567e3dda94d99dacdcbed4922d) Importer(2089858483,b0f066a214c2f5e87bad3c948f4d605d)
Start importing Assets/Studio33 Interactive_[BasketBall] v1.1/Animations/Basketball Motions Humanoid/1430_LayupCA.fbx using Guid(667247567e3dda94d99dacdcbed4922d) Importer(2089858483,b0f066a214c2f5e87bad3c948f4d605d) (ScriptedImporter) -> (artifact id: 'eb30bb86175cfe253245e1125399317a') in 0.0309892 seconds
Number of updated asset objects reloaded before import = 0Number of asset objects unloaded after import = 154

========================================================================
Received Import Request.
  Time since last request: 0.000047 seconds.
  path: Assets/Studio33 Interactive_[BasketBall] v1.1/Animations/Basketball Motions_Generic/230_TurnstepFRA.fbx
  artifactKey: Guid(cda02b5b78d6d7642aa3284759553afb) Importer(2089858483,b0f066a214c2f5e87bad3c948f4d605d)
Start importing Assets/Studio33 Interactive_[BasketBall] v1.1/Animations/Basketball Motions_Generic/230_TurnstepFRA.fbx using Guid(cda02b5b78d6d7642aa3284759553afb) Importer(2089858483,b0f066a214c2f5e87bad3c948f4d605d) (ScriptedImporter) -> (artifact id: '1c0aa6c7b4a01efbaddb9989756dd0cf') in 0.0298996 seconds
Number of updated asset objects reloaded before import = 0Number of asset objects unloaded after import = 152

========================================================================
Received Import Request.
  Time since last request: 0.000044 seconds.
  path: Assets/Studio33 Interactive_[BasketBall] v1.1/Animations/Basketball Motions_Generic/517_LayupCA.fbx
  artifactKey: Guid(35b16f55e6705364f9820ecae01de0aa) Importer(2089858483,b0f066a214c2f5e87bad3c948f4d605d)
Start importing Assets/Studio33 Interactive_[BasketBall] v1.1/Animations/Basketball Motions_Generic/517_LayupCA.fbx using Guid(35b16f55e6705364f9820ecae01de0aa) Importer(2089858483,b0f066a214c2f5e87bad3c948f4d605d) (ScriptedImporter) -> (artifact id: 'b412fbabb73c1dc892771bb48499d0f2') in 0.0277308 seconds
Number of updated asset objects reloaded before import = 0Number of asset objects unloaded after import = 152

========================================================================
Received Import Request.
  Time since last request: 0.000041 seconds.
  path: Assets/Studio33 Interactive_[BasketBall] v1.1/Animations/Basketball Motions Humanoid/1629_DunkRA.fbx
  artifactKey: Guid(6a127b3530d601c4b862080fb0102d06) Importer(2089858483,b0f066a214c2f5e87bad3c948f4d605d)
Start importing Assets/Studio33 Interactive_[BasketBall] v1.1/Animations/Basketball Motions Humanoid/1629_DunkRA.fbx using Guid(6a127b3530d601c4b862080fb0102d06) Importer(2089858483,b0f066a214c2f5e87bad3c948f4d605d) (ScriptedImporter) -> (artifact id: 'cc331fc15df4230c9947eec77f075a9c') in 0.0279498 seconds
Number of updated asset objects reloaded before import = 0Number of asset objects unloaded after import = 154

========================================================================
Received Import Request.
  Time since last request: 0.000044 seconds.
  path: Assets/Studio33 Interactive_[BasketBall] v1.1/Animations/Basketball Motions_Generic/1444_DunkCA.fbx
  artifactKey: Guid(a38c0ea048f955f41bb6770282402292) Importer(2089858483,b0f066a214c2f5e87bad3c948f4d605d)
Start importing Assets/Studio33 Interactive_[BasketBall] v1.1/Animations/Basketball Motions_Generic/1444_DunkCA.fbx using Guid(a38c0ea048f955f41bb6770282402292) Importer(2089858483,b0f066a214c2f5e87bad3c948f4d605d) (ScriptedImporter) -> (artifact id: 'ec11a014272ea551dd0428f6f769a64d') in 0.0271146 seconds
Number of updated asset objects reloaded before import = 0Number of asset objects unloaded after import = 152

========================================================================
Received Import Request.
  Time since last request: 0.000039 seconds.
  path: Assets/Studio33 Interactive_[BasketBall] v1.1/Animations/Basketball Motions_Generic/1992_DunkCA.fbx
  artifactKey: Guid(ffba5491df58f8746864cda9ac470abf) Importer(2089858483,b0f066a214c2f5e87bad3c948f4d605d)
Start importing Assets/Studio33 Interactive_[BasketBall] v1.1/Animations/Basketball Motions_Generic/1992_DunkCA.fbx using Guid(ffba5491df58f8746864cda9ac470abf) Importer(2089858483,b0f066a214c2f5e87bad3c948f4d605d) (ScriptedImporter) -> (artifact id: 'a280372d1c76a384950fba6f0775f979') in 0.0285211 seconds
Number of updated asset objects reloaded before import = 0Number of asset objects unloaded after import = 152

========================================================================
Received Import Request.
  Time since last request: 0.000039 seconds.
  path: Assets/Studio33 Interactive_[BasketBall] v1.1/Animations/Basketball Motions Humanoid/220_CrossEurostepLayupL.fbx
  artifactKey: Guid(de3e67767062b264aa83f1b5cf84fa09) Importer(2089858483,b0f066a214c2f5e87bad3c948f4d605d)
Start importing Assets/Studio33 Interactive_[BasketBall] v1.1/Animations/Basketball Motions Humanoid/220_CrossEurostepLayupL.fbx using Guid(de3e67767062b264aa83f1b5cf84fa09) Importer(2089858483,b0f066a214c2f5e87bad3c948f4d605d) (ScriptedImporter) -> (artifact id: 'e787c31d3335e428d5c9717816d39555') in 0.0322622 seconds
Number of updated asset objects reloaded before import = 0Number of asset objects unloaded after import = 154

========================================================================
Received Import Request.
  Time since last request: 0.000058 seconds.
  path: Assets/Studio33 Interactive_[BasketBall] v1.1/Animations/Basketball Motions_Generic/1918_DunkRA.fbx
  artifactKey: Guid(aaabcf4090ad25348b1fc25af239b5e1) Importer(2089858483,b0f066a214c2f5e87bad3c948f4d605d)
Start importing Assets/Studio33 Interactive_[BasketBall] v1.1/Animations/Basketball Motions_Generic/1918_DunkRA.fbx using Guid(aaabcf4090ad25348b1fc25af239b5e1) Importer(2089858483,b0f066a214c2f5e87bad3c948f4d605d) (ScriptedImporter) -> (artifact id: '4a25327da2c2b7cb8b25055cb4b7079f') in 0.0347148 seconds
Number of updated asset objects reloaded before import = 0Number of asset objects unloaded after import = 152

========================================================================
Received Import Request.
  Time since last request: 0.000039 seconds.
  path: Assets/Studio33 Interactive_[BasketBall] v1.1/Animations/Basketball Motions_Generic/1340_JumpshotMA.fbx
  artifactKey: Guid(d5e84fde1e96aba469a95e858b2c0987) Importer(2089858483,b0f066a214c2f5e87bad3c948f4d605d)
Start importing Assets/Studio33 Interactive_[BasketBall] v1.1/Animations/Basketball Motions_Generic/1340_JumpshotMA.fbx using Guid(d5e84fde1e96aba469a95e858b2c0987) Importer(2089858483,b0f066a214c2f5e87bad3c948f4d605d) (ScriptedImporter) -> (artifact id: '0e7ea7ca8cc60ef078714c85c5ae858a') in 0.0253077 seconds
Number of updated asset objects reloaded before import = 0Number of asset objects unloaded after import = 152

========================================================================
Received Import Request.
  Time since last request: 0.000038 seconds.
  path: Assets/Studio33 Interactive_[BasketBall] v1.1/Animations/Basketball Motions Humanoid/543_QuickpointReadyFake.fbx
  artifactKey: Guid(0904575f0dda8c0458a6cf2990f7b571) Importer(2089858483,b0f066a214c2f5e87bad3c948f4d605d)
Start importing Assets/Studio33 Interactive_[BasketBall] v1.1/Animations/Basketball Motions Humanoid/543_QuickpointReadyFake.fbx using Guid(0904575f0dda8c0458a6cf2990f7b571) Importer(2089858483,b0f066a214c2f5e87bad3c948f4d605d) (ScriptedImporter) -> (artifact id: 'e2cd0217ee0e395aeedd441baf2c80d9') in 0.0301705 seconds
Number of updated asset objects reloaded before import = 0Number of asset objects unloaded after import = 154

========================================================================
Received Import Request.
  Time since last request: 0.000066 seconds.
  path: Assets/Studio33 Interactive_[BasketBall] v1.1/Animations/Basketball Motions_Generic/1561_LayupCA.fbx
  artifactKey: Guid(e3a426e07702014469659726d00763a7) Importer(2089858483,b0f066a214c2f5e87bad3c948f4d605d)
Start importing Assets/Studio33 Interactive_[BasketBall] v1.1/Animations/Basketball Motions_Generic/1561_LayupCA.fbx using Guid(e3a426e07702014469659726d00763a7) Importer(2089858483,b0f066a214c2f5e87bad3c948f4d605d) (ScriptedImporter) -> (artifact id: '6cf5e6552f2a7202b13a21e1f5ae83aa') in 0.0294461 seconds
Number of updated asset objects reloaded before import = 0Number of asset objects unloaded after import = 152

========================================================================
Received Import Request.
  Time since last request: 0.000040 seconds.
  path: Assets/Studio33 Interactive_[BasketBall] v1.1/Animations/Basketball Motions_Generic/1188_DunkRA.fbx
  artifactKey: Guid(cd79e97d230763d42a9a0a00044e1462) Importer(2089858483,b0f066a214c2f5e87bad3c948f4d605d)
Start importing Assets/Studio33 Interactive_[BasketBall] v1.1/Animations/Basketball Motions_Generic/1188_DunkRA.fbx using Guid(cd79e97d230763d42a9a0a00044e1462) Importer(2089858483,b0f066a214c2f5e87bad3c948f4d605d) (ScriptedImporter) -> (artifact id: '605980a462215957d9ad010d4a99a38a') in 0.0287216 seconds
Number of updated asset objects reloaded before import = 0Number of asset objects unloaded after import = 152

========================================================================
Received Import Request.
  Time since last request: 0.000034 seconds.
  path: Assets/Studio33 Interactive_[BasketBall] v1.1/Animations/Basketball Motions_Generic/943_Rebound rB.fbx
  artifactKey: Guid(4899dcb4b364bec48a551900a9bc268f) Importer(2089858483,b0f066a214c2f5e87bad3c948f4d605d)
Start importing Assets/Studio33 Interactive_[BasketBall] v1.1/Animations/Basketball Motions_Generic/943_Rebound rB.fbx using Guid(4899dcb4b364bec48a551900a9bc268f) Importer(2089858483,b0f066a214c2f5e87bad3c948f4d605d) (ScriptedImporter) -> (artifact id: '5516b5cb479326960a7309434f3e96e9') in 0.0310386 seconds
Number of updated asset objects reloaded before import = 0Number of asset objects unloaded after import = 152

========================================================================
Received Import Request.
  Time since last request: 0.000044 seconds.
  path: Assets/Studio33 Interactive_[BasketBall] v1.1/Animations/Basketball Motions Humanoid/1793_DunkCA.fbx
  artifactKey: Guid(3e1232be58cc23845a8b764ea5015c70) Importer(2089858483,b0f066a214c2f5e87bad3c948f4d605d)
Start importing Assets/Studio33 Interactive_[BasketBall] v1.1/Animations/Basketball Motions Humanoid/1793_DunkCA.fbx using Guid(3e1232be58cc23845a8b764ea5015c70) Importer(2089858483,b0f066a214c2f5e87bad3c948f4d605d) (ScriptedImporter) -> (artifact id: 'c7c63ecfaadd9f512bdc16da0135d860') in 0.0323021 seconds
Number of updated asset objects reloaded before import = 0Number of asset objects unloaded after import = 154

========================================================================
Received Import Request.
  Time since last request: 0.000032 seconds.
  path: Assets/Studio33 Interactive_[BasketBall] v1.1/Animations/Basketball Motions Humanoid/355_CutirRA.fbx
  artifactKey: Guid(2d6eaf1ad7f7adc4ebe853b43b431a65) Importer(2089858483,b0f066a214c2f5e87bad3c948f4d605d)
Start importing Assets/Studio33 Interactive_[BasketBall] v1.1/Animations/Basketball Motions Humanoid/355_CutirRA.fbx using Guid(2d6eaf1ad7f7adc4ebe853b43b431a65) Importer(2089858483,b0f066a214c2f5e87bad3c948f4d605d) (ScriptedImporter) -> (artifact id: '58d4bb30a96afd8c99c4fbf8a2fba6e4') in 0.0292103 seconds
Number of updated asset objects reloaded before import = 0Number of asset objects unloaded after import = 154

========================================================================
Received Import Request.
  Time since last request: 0.000066 seconds.
  path: Assets/Studio33 Interactive_[BasketBall] v1.1/Animations/Basketball Motions_Generic/1813_DunkRA.fbx
  artifactKey: Guid(6cd0f01057f8aeb48b74671435012ffe) Importer(2089858483,b0f066a214c2f5e87bad3c948f4d605d)
Start importing Assets/Studio33 Interactive_[BasketBall] v1.1/Animations/Basketball Motions_Generic/1813_DunkRA.fbx using Guid(6cd0f01057f8aeb48b74671435012ffe) Importer(2089858483,b0f066a214c2f5e87bad3c948f4d605d) (ScriptedImporter) -> (artifact id: '20e696323e5a925049d32b82b86b563c') in 0.0289587 seconds
Number of updated asset objects reloaded before import = 0Number of asset objects unloaded after import = 152

========================================================================
Received Import Request.
  Time since last request: 0.000053 seconds.
  path: Assets/Studio33 Interactive_[BasketBall] v1.1/Animations/Basketball Motions_Generic/2128_JumpshotMA.fbx
  artifactKey: Guid(2184f21b1e123b74782c4146ef9bb527) Importer(2089858483,b0f066a214c2f5e87bad3c948f4d605d)
Start importing Assets/Studio33 Interactive_[BasketBall] v1.1/Animations/Basketball Motions_Generic/2128_JumpshotMA.fbx using Guid(2184f21b1e123b74782c4146ef9bb527) Importer(2089858483,b0f066a214c2f5e87bad3c948f4d605d) (ScriptedImporter) -> (artifact id: '41122139ebe5fdec7d42858dbf48c0b6') in 0.0283432 seconds
Number of updated asset objects reloaded before import = 0Number of asset objects unloaded after import = 152

========================================================================
Received Import Request.
  Time since last request: 0.000046 seconds.
  path: Assets/Studio33 Interactive_[BasketBall] v1.1/Animations/Basketball Motions_Generic/1362_JumpshotMFakeA.fbx
  artifactKey: Guid(f00fc126a6e047f4ea06b815af740471) Importer(2089858483,b0f066a214c2f5e87bad3c948f4d605d)
Start importing Assets/Studio33 Interactive_[BasketBall] v1.1/Animations/Basketball Motions_Generic/1362_JumpshotMFakeA.fbx using Guid(f00fc126a6e047f4ea06b815af740471) Importer(2089858483,b0f066a214c2f5e87bad3c948f4d605d) (ScriptedImporter) -> (artifact id: 'd9ce3169ea47bfd884489804246b4d0e') in 0.0285611 seconds
Number of updated asset objects reloaded before import = 0Number of asset objects unloaded after import = 152

========================================================================
Received Import Request.
  Time since last request: 0.000038 seconds.
  path: Assets/Studio33 Interactive_[BasketBall] v1.1/Animations/Basketball Motions Humanoid/1850_DunkCA.fbx
  artifactKey: Guid(46b96d1daf36d814aa7dd9692daee24f) Importer(2089858483,b0f066a214c2f5e87bad3c948f4d605d)
Start importing Assets/Studio33 Interactive_[BasketBall] v1.1/Animations/Basketball Motions Humanoid/1850_DunkCA.fbx using Guid(46b96d1daf36d814aa7dd9692daee24f) Importer(2089858483,b0f066a214c2f5e87bad3c948f4d605d) (ScriptedImporter) -> (artifact id: '8c01826d3a1ae5757dba6c51533d4230') in 0.0382885 seconds
Number of updated asset objects reloaded before import = 0Number of asset objects unloaded after import = 154

========================================================================
Received Import Request.
  Time since last request: 0.000055 seconds.
  path: Assets/Studio33 Interactive_[BasketBall] v1.1/Animations/Basketball Motions Humanoid/605_LoosebamiddA.fbx
  artifactKey: Guid(032d5298a15b2314c9774325f18c3ba5) Importer(2089858483,b0f066a214c2f5e87bad3c948f4d605d)
Start importing Assets/Studio33 Interactive_[BasketBall] v1.1/Animations/Basketball Motions Humanoid/605_LoosebamiddA.fbx using Guid(032d5298a15b2314c9774325f18c3ba5) Importer(2089858483,b0f066a214c2f5e87bad3c948f4d605d) (ScriptedImporter) -> (artifact id: 'b4e870f2dc5f433bdfac36959ebff364') in 0.030432 seconds
Number of updated asset objects reloaded before import = 0Number of asset objects unloaded after import = 154

========================================================================
Received Import Request.
  Time since last request: 0.000038 seconds.
  path: Assets/Studio33 Interactive_[BasketBall] v1.1/Animations/Basketball Motions_Generic/190_InsideTackA.fbx
  artifactKey: Guid(311a5273e8824694981e80b540ebbe5c) Importer(2089858483,b0f066a214c2f5e87bad3c948f4d605d)
Start importing Assets/Studio33 Interactive_[BasketBall] v1.1/Animations/Basketball Motions_Generic/190_InsideTackA.fbx using Guid(311a5273e8824694981e80b540ebbe5c) Importer(2089858483,b0f066a214c2f5e87bad3c948f4d605d) (ScriptedImporter) -> (artifact id: 'a8403a585ea56bf46e7d9707351066a2') in 0.0284678 seconds
Number of updated asset objects reloaded before import = 0Number of asset objects unloaded after import = 152

========================================================================
Received Import Request.
  Time since last request: 0.000039 seconds.
  path: Assets/Studio33 Interactive_[BasketBall] v1.1/Animations/Basketball Motions Humanoid/1129_AlleyoopCFA.fbx
  artifactKey: Guid(d04265d0c7c977741bb88d642ade8f7b) Importer(2089858483,b0f066a214c2f5e87bad3c948f4d605d)
Start importing Assets/Studio33 Interactive_[BasketBall] v1.1/Animations/Basketball Motions Humanoid/1129_AlleyoopCFA.fbx using Guid(d04265d0c7c977741bb88d642ade8f7b) Importer(2089858483,b0f066a214c2f5e87bad3c948f4d605d) (ScriptedImporter) -> (artifact id: '514ad80e96c743d6db2a052b6bb6ece2') in 0.0270532 seconds
Number of updated asset objects reloaded before import = 0Number of asset objects unloaded after import = 154

========================================================================
Received Import Request.
  Time since last request: 0.000051 seconds.
  path: Assets/Studio33 Interactive_[BasketBall] v1.1/Animations/Basketball Motions Humanoid/2099_JumpshotReadyFake.fbx
  artifactKey: Guid(7bc04cba85384a245ba7a15ea72dcaef) Importer(2089858483,b0f066a214c2f5e87bad3c948f4d605d)
Start importing Assets/Studio33 Interactive_[BasketBall] v1.1/Animations/Basketball Motions Humanoid/2099_JumpshotReadyFake.fbx using Guid(7bc04cba85384a245ba7a15ea72dcaef) Importer(2089858483,b0f066a214c2f5e87bad3c948f4d605d) (ScriptedImporter) -> (artifact id: '8801140800240a10ba4774ac54a3bfc5') in 0.025613 seconds
Number of updated asset objects reloaded before import = 0Number of asset objects unloaded after import = 154

========================================================================
Received Import Request.
  Time since last request: 0.000044 seconds.
  path: Assets/Studio33 Interactive_[BasketBall] v1.1/Animations/Basketball Motions Humanoid/667_SonicShStop.fbx
  artifactKey: Guid(2c6cdd00e32a85b4bb6be1dd4b504c16) Importer(2089858483,b0f066a214c2f5e87bad3c948f4d605d)
Start importing Assets/Studio33 Interactive_[BasketBall] v1.1/Animations/Basketball Motions Humanoid/667_SonicShStop.fbx using Guid(2c6cdd00e32a85b4bb6be1dd4b504c16) Importer(2089858483,b0f066a214c2f5e87bad3c948f4d605d) (ScriptedImporter) -> (artifact id: 'ef56e19a9a75cf12ee14cf4d2aaf3326') in 0.0338824 seconds
Number of updated asset objects reloaded before import = 0Number of asset objects unloaded after import = 154

========================================================================
Received Import Request.
  Time since last request: 0.000048 seconds.
  path: Assets/Studio33 Interactive_[BasketBall] v1.1/Animations/Basketball Motions Humanoid/2129_JumpshotMFakeA.fbx
  artifactKey: Guid(2649226539265e64eb973cb62accae31) Importer(2089858483,b0f066a214c2f5e87bad3c948f4d605d)
Start importing Assets/Studio33 Interactive_[BasketBall] v1.1/Animations/Basketball Motions Humanoid/2129_JumpshotMFakeA.fbx using Guid(2649226539265e64eb973cb62accae31) Importer(2089858483,b0f066a214c2f5e87bad3c948f4d605d) (ScriptedImporter) -> (artifact id: 'd954a18e5090c28426a30a92092d7bd9') in 0.0301251 seconds
Number of updated asset objects reloaded before import = 0Number of asset objects unloaded after import = 154

========================================================================
Received Import Request.
  Time since last request: 0.000054 seconds.
  path: Assets/Studio33 Interactive_[BasketBall] v1.1/Animations/Basketball Motions_Generic/2098_JumpshotMFakeA.fbx
  artifactKey: Guid(436bf9dd324734a4fbb418365db06531) Importer(2089858483,b0f066a214c2f5e87bad3c948f4d605d)
Start importing Assets/Studio33 Interactive_[BasketBall] v1.1/Animations/Basketball Motions_Generic/2098_JumpshotMFakeA.fbx using Guid(436bf9dd324734a4fbb418365db06531) Importer(2089858483,b0f066a214c2f5e87bad3c948f4d605d) (ScriptedImporter) -> (artifact id: '44d9f1ed947c0ab4be3efaf28b7b6350') in 0.0271814 seconds
Number of updated asset objects reloaded before import = 0Number of asset objects unloaded after import = 152

========================================================================
Received Import Request.
  Time since last request: 0.000039 seconds.
  path: Assets/Studio33 Interactive_[BasketBall] v1.1/Animations/Basketball Motions Humanoid/1785_DunkCA.fbx
  artifactKey: Guid(c5ba68f80a48ad644926047401966298) Importer(2089858483,b0f066a214c2f5e87bad3c948f4d605d)
Start importing Assets/Studio33 Interactive_[BasketBall] v1.1/Animations/Basketball Motions Humanoid/1785_DunkCA.fbx using Guid(c5ba68f80a48ad644926047401966298) Importer(2089858483,b0f066a214c2f5e87bad3c948f4d605d) (ScriptedImporter) -> (artifact id: 'c1ddc0dff50b9895ca04417b600c777e') in 0.0314292 seconds
Number of updated asset objects reloaded before import = 0Number of asset objects unloaded after import = 154

========================================================================
Received Import Request.
  Time since last request: 0.000050 seconds.
  path: Assets/Studio33 Interactive_[BasketBall] v1.1/Animations/Basketball Motions_Generic/1833_DunkRA.fbx
  artifactKey: Guid(167c3508aff08a541a81c230bc53b711) Importer(2089858483,b0f066a214c2f5e87bad3c948f4d605d)
Start importing Assets/Studio33 Interactive_[BasketBall] v1.1/Animations/Basketball Motions_Generic/1833_DunkRA.fbx using Guid(167c3508aff08a541a81c230bc53b711) Importer(2089858483,b0f066a214c2f5e87bad3c948f4d605d) (ScriptedImporter) -> (artifact id: 'd424aa51e4f85dbc782072bce6800016') in 0.0271246 seconds
Number of updated asset objects reloaded before import = 0Number of asset objects unloaded after import = 152

========================================================================
Received Import Request.
  Time since last request: 0.000056 seconds.
  path: Assets/Studio33 Interactive_[BasketBall] v1.1/Animations/Basketball Motions Humanoid/820_PassfakeChestA.fbx
  artifactKey: Guid(8aed7fc7f3a0e7948853cc2cfc4c6a27) Importer(2089858483,b0f066a214c2f5e87bad3c948f4d605d)
Start importing Assets/Studio33 Interactive_[BasketBall] v1.1/Animations/Basketball Motions Humanoid/820_PassfakeChestA.fbx using Guid(8aed7fc7f3a0e7948853cc2cfc4c6a27) Importer(2089858483,b0f066a214c2f5e87bad3c948f4d605d) (ScriptedImporter) -> (artifact id: '02570b967aceb7d6c271c7b8ef38c783') in 0.0341184 seconds
Number of updated asset objects reloaded before import = 0Number of asset objects unloaded after import = 154

========================================================================
Received Import Request.
  Time since last request: 0.000037 seconds.
  path: Assets/Studio33 Interactive_[BasketBall] v1.1/Animations/Basketball Motions Humanoid/696_HookuppassLayupA.fbx
  artifactKey: Guid(86f8d6b965465f44391931ea431ab50b) Importer(2089858483,b0f066a214c2f5e87bad3c948f4d605d)
Start importing Assets/Studio33 Interactive_[BasketBall] v1.1/Animations/Basketball Motions Humanoid/696_HookuppassLayupA.fbx using Guid(86f8d6b965465f44391931ea431ab50b) Importer(2089858483,b0f066a214c2f5e87bad3c948f4d605d) (ScriptedImporter) -> (artifact id: 'f742421e8ecebfbcac026a1b3c1982d4') in 0.0340965 seconds
Number of updated asset objects reloaded before import = 0Number of asset objects unloaded after import = 154

========================================================================
Received Import Request.
  Time since last request: 0.000044 seconds.
  path: Assets/Studio33 Interactive_[BasketBall] v1.1/Animations/Basketball Motions Humanoid/1262_AlleyoopDclutchRightA.fbx
  artifactKey: Guid(168602a439df996469b08747dacbe715) Importer(2089858483,b0f066a214c2f5e87bad3c948f4d605d)
Start importing Assets/Studio33 Interactive_[BasketBall] v1.1/Animations/Basketball Motions Humanoid/1262_AlleyoopDclutchRightA.fbx using Guid(168602a439df996469b08747dacbe715) Importer(2089858483,b0f066a214c2f5e87bad3c948f4d605d) (ScriptedImporter) -> (artifact id: 'c6fb399e354b2ff81d0c7dda2a497360') in 0.0305847 seconds
Number of updated asset objects reloaded before import = 0Number of asset objects unloaded after import = 154

========================================================================
Received Import Request.
  Time since last request: 0.000046 seconds.
  path: Assets/Studio33 Interactive_[BasketBall] v1.1/Animations/Basketball Motions Humanoid/632_DivpassFA.fbx
  artifactKey: Guid(039e4123351414a49af0082a86c25541) Importer(2089858483,b0f066a214c2f5e87bad3c948f4d605d)
Start importing Assets/Studio33 Interactive_[BasketBall] v1.1/Animations/Basketball Motions Humanoid/632_DivpassFA.fbx using Guid(039e4123351414a49af0082a86c25541) Importer(2089858483,b0f066a214c2f5e87bad3c948f4d605d) (ScriptedImporter) -> (artifact id: 'b8943ded4440cfec89812a7d8ec9a2c7') in 0.0291956 seconds
Number of updated asset objects reloaded before import = 0Number of asset objects unloaded after import = 154

========================================================================
Received Import Request.
  Time since last request: 0.000040 seconds.
  path: Assets/Studio33 Interactive_[BasketBall] v1.1/Animations/Basketball Motions Humanoid/2216_JumpshotMFakeA.fbx
  artifactKey: Guid(5f3d7ce7142e0b042b82f31c6eba976d) Importer(2089858483,b0f066a214c2f5e87bad3c948f4d605d)
Start importing Assets/Studio33 Interactive_[BasketBall] v1.1/Animations/Basketball Motions Humanoid/2216_JumpshotMFakeA.fbx using Guid(5f3d7ce7142e0b042b82f31c6eba976d) Importer(2089858483,b0f066a214c2f5e87bad3c948f4d605d) (ScriptedImporter) -> (artifact id: '56e9b718d97d876af9ccb34b3b28b9a0') in 0.0314878 seconds
Number of updated asset objects reloaded before import = 0Number of asset objects unloaded after import = 154

========================================================================
Received Import Request.
  Time since last request: 0.000055 seconds.
  path: Assets/Studio33 Interactive_[BasketBall] v1.1/Animations/Basketball Motions Humanoid/352_WindupRRRMMA.fbx
  artifactKey: Guid(894a2b41454da774fa8c5c1239040cee) Importer(2089858483,b0f066a214c2f5e87bad3c948f4d605d)
Start importing Assets/Studio33 Interactive_[BasketBall] v1.1/Animations/Basketball Motions Humanoid/352_WindupRRRMMA.fbx using Guid(894a2b41454da774fa8c5c1239040cee) Importer(2089858483,b0f066a214c2f5e87bad3c948f4d605d) (ScriptedImporter) -> (artifact id: '6c7b7ed822da285db9e216b81a7dc7c3') in 0.0323094 seconds
Number of updated asset objects reloaded before import = 0Number of asset objects unloaded after import = 154

========================================================================
Received Import Request.
  Time since last request: 0.000056 seconds.
  path: Assets/Studio33 Interactive_[BasketBall] v1.1/Animations/Basketball Motions_Generic/1251_ScoopshotRA.fbx
  artifactKey: Guid(4e4d254343b3b9b488766686765bb193) Importer(2089858483,b0f066a214c2f5e87bad3c948f4d605d)
Start importing Assets/Studio33 Interactive_[BasketBall] v1.1/Animations/Basketball Motions_Generic/1251_ScoopshotRA.fbx using Guid(4e4d254343b3b9b488766686765bb193) Importer(2089858483,b0f066a214c2f5e87bad3c948f4d605d) (ScriptedImporter) -> (artifact id: '87735119e83548b0dfbe48a66a1e087f') in 0.0299553 seconds
Number of updated asset objects reloaded before import = 0Number of asset objects unloaded after import = 152

========================================================================
Received Import Request.
  Time since last request: 0.000036 seconds.
  path: Assets/Studio33 Interactive_[BasketBall] v1.1/Animations/Basketball Motions_Generic/213_ShoulderdunkTefront.fbx
  artifactKey: Guid(2d2c415d46c529e44b9cab4997232664) Importer(2089858483,b0f066a214c2f5e87bad3c948f4d605d)
Start importing Assets/Studio33 Interactive_[BasketBall] v1.1/Animations/Basketball Motions_Generic/213_ShoulderdunkTefront.fbx using Guid(2d2c415d46c529e44b9cab4997232664) Importer(2089858483,b0f066a214c2f5e87bad3c948f4d605d) (ScriptedImporter) -> (artifact id: 'dffec415696c984559eade53045e4168') in 0.0287687 seconds
Number of updated asset objects reloaded before import = 0Number of asset objects unloaded after import = 152

========================================================================
Received Import Request.
  Time since last request: 0.000083 seconds.
  path: Assets/Studio33 Interactive_[BasketBall] v1.1/Animations/Basketball Motions_Generic/1008_Rebound C.fbx
  artifactKey: Guid(c594550c88444de42ac20273c83f8410) Importer(2089858483,b0f066a214c2f5e87bad3c948f4d605d)
Start importing Assets/Studio33 Interactive_[BasketBall] v1.1/Animations/Basketball Motions_Generic/1008_Rebound C.fbx using Guid(c594550c88444de42ac20273c83f8410) Importer(2089858483,b0f066a214c2f5e87bad3c948f4d605d) (ScriptedImporter) -> (artifact id: '69336d7668e00a0ade494a272173b857') in 0.0287459 seconds
Number of updated asset objects reloaded before import = 0Number of asset objects unloaded after import = 152

========================================================================
Received Import Request.
  Time since last request: 0.000043 seconds.
  path: Assets/Studio33 Interactive_[BasketBall] v1.1/Animations/Basketball Motions_Generic/617_LoosebatopA.fbx
  artifactKey: Guid(806b970ad98db6242b140b2e541b8724) Importer(2089858483,b0f066a214c2f5e87bad3c948f4d605d)
Start importing Assets/Studio33 Interactive_[BasketBall] v1.1/Animations/Basketball Motions_Generic/617_LoosebatopA.fbx using Guid(806b970ad98db6242b140b2e541b8724) Importer(2089858483,b0f066a214c2f5e87bad3c948f4d605d) (ScriptedImporter) -> (artifact id: 'a47a5004985a6a90e31389c6e5e73601') in 0.0259066 seconds
Number of updated asset objects reloaded before import = 0Number of asset objects unloaded after import = 152

========================================================================
Received Import Request.
  Time since last request: 0.000056 seconds.
  path: Assets/Studio33 Interactive_[BasketBall] v1.1/Animations/Basketball Motions Humanoid/581_IntRLowA.fbx
  artifactKey: Guid(8d83bd6cb7f8c2b40acecdffd3f045f9) Importer(2089858483,b0f066a214c2f5e87bad3c948f4d605d)
Start importing Assets/Studio33 Interactive_[BasketBall] v1.1/Animations/Basketball Motions Humanoid/581_IntRLowA.fbx using Guid(8d83bd6cb7f8c2b40acecdffd3f045f9) Importer(2089858483,b0f066a214c2f5e87bad3c948f4d605d) (ScriptedImporter) -> (artifact id: '7741f4a80779536c903ec98515a0aedf') in 0.0313703 seconds
Number of updated asset objects reloaded before import = 0Number of asset objects unloaded after import = 154

========================================================================
Received Import Request.
  Time since last request: 0.000040 seconds.
  path: Assets/Studio33 Interactive_[BasketBall] v1.1/Animations/Basketball Motions Humanoid/462_MarkPressdefenceF.fbx
  artifactKey: Guid(e06ad933e69c9a543a7f14de1b57001d) Importer(2089858483,b0f066a214c2f5e87bad3c948f4d605d)
Start importing Assets/Studio33 Interactive_[BasketBall] v1.1/Animations/Basketball Motions Humanoid/462_MarkPressdefenceF.fbx using Guid(e06ad933e69c9a543a7f14de1b57001d) Importer(2089858483,b0f066a214c2f5e87bad3c948f4d605d) (ScriptedImporter) -> (artifact id: 'cf6811806b27fc0d6ca13d4f87a0519f') in 0.034651 seconds
Number of updated asset objects reloaded before import = 0Number of asset objects unloaded after import = 154

========================================================================
Received Import Request.
  Time since last request: 0.000052 seconds.
  path: Assets/Studio33 Interactive_[BasketBall] v1.1/Animations/Basketball Motions_Generic/127_ReboundAndBoxOutFrontA.fbx
  artifactKey: Guid(529a4880101a08a418133bf8bba0998c) Importer(2089858483,b0f066a214c2f5e87bad3c948f4d605d)
Start importing Assets/Studio33 Interactive_[BasketBall] v1.1/Animations/Basketball Motions_Generic/127_ReboundAndBoxOutFrontA.fbx using Guid(529a4880101a08a418133bf8bba0998c) Importer(2089858483,b0f066a214c2f5e87bad3c948f4d605d) (ScriptedImporter) -> (artifact id: '64612c9ac9e4287543025f49c03417a9') in 0.0313792 seconds
Number of updated asset objects reloaded before import = 0Number of asset objects unloaded after import = 152

========================================================================
Received Import Request.
  Time since last request: 0.000073 seconds.
  path: Assets/Studio33 Interactive_[BasketBall] v1.1/Animations/Basketball Motions Humanoid/1382_JumpshotReadyFake.fbx
  artifactKey: Guid(97045676f90784c45831f0ef4501b508) Importer(2089858483,b0f066a214c2f5e87bad3c948f4d605d)
Start importing Assets/Studio33 Interactive_[BasketBall] v1.1/Animations/Basketball Motions Humanoid/1382_JumpshotReadyFake.fbx using Guid(97045676f90784c45831f0ef4501b508) Importer(2089858483,b0f066a214c2f5e87bad3c948f4d605d) (ScriptedImporter) -> (artifact id: 'd8374fbab9b63a2936607ca41c8f80ea') in 0.0292743 seconds
Number of updated asset objects reloaded before import = 0Number of asset objects unloaded after import = 154

========================================================================
Received Import Request.
  Time since last request: 0.000037 seconds.
  path: Assets/Studio33 Interactive_[BasketBall] v1.1/Animations/Basketball Motions Humanoid/1487_DclutchFRightA.fbx
  artifactKey: Guid(ee96b9d334ca1e548b029ed9fb9e055b) Importer(2089858483,b0f066a214c2f5e87bad3c948f4d605d)
Start importing Assets/Studio33 Interactive_[BasketBall] v1.1/Animations/Basketball Motions Humanoid/1487_DclutchFRightA.fbx using Guid(ee96b9d334ca1e548b029ed9fb9e055b) Importer(2089858483,b0f066a214c2f5e87bad3c948f4d605d) (ScriptedImporter) -> (artifact id: '2ba03ee6bc2cdd0dce49dfe7bff65d5d') in 0.0302376 seconds
Number of updated asset objects reloaded before import = 0Number of asset objects unloaded after import = 154

========================================================================
Received Import Request.
  Time since last request: 0.000051 seconds.
  path: Assets/Studio33 Interactive_[BasketBall] v1.1/Animations/Basketball Motions_Generic/1339_JumpshotMAC.fbx
  artifactKey: Guid(b5fc896136a5d6d46a3b5f8005c98fce) Importer(2089858483,b0f066a214c2f5e87bad3c948f4d605d)
Start importing Assets/Studio33 Interactive_[BasketBall] v1.1/Animations/Basketball Motions_Generic/1339_JumpshotMAC.fbx using Guid(b5fc896136a5d6d46a3b5f8005c98fce) Importer(2089858483,b0f066a214c2f5e87bad3c948f4d605d) (ScriptedImporter) -> (artifact id: 'aeb50c549fd49fcbf54f966d4a95e0b4') in 0.0310476 seconds
Number of updated asset objects reloaded before import = 0Number of asset objects unloaded after import = 152

========================================================================
Received Import Request.
  Time since last request: 0.000072 seconds.
  path: Assets/Studio33 Interactive_[BasketBall] v1.1/Animations/Basketball Motions Humanoid/104_BlockingshortL.fbx
  artifactKey: Guid(8363a89553f6d9c44aba274725bf6c0e) Importer(2089858483,b0f066a214c2f5e87bad3c948f4d605d)
Start importing Assets/Studio33 Interactive_[BasketBall] v1.1/Animations/Basketball Motions Humanoid/104_BlockingshortL.fbx using Guid(8363a89553f6d9c44aba274725bf6c0e) Importer(2089858483,b0f066a214c2f5e87bad3c948f4d605d) (ScriptedImporter) -> (artifact id: '7ce53d7c1716a0fad806de2353a46c40') in 0.029839 seconds
Number of updated asset objects reloaded before import = 0Number of asset objects unloaded after import = 154

========================================================================
Received Import Request.
  Time since last request: 0.000031 seconds.
  path: Assets/Studio33 Interactive_[BasketBall] v1.1/Animations/Basketball Motions Humanoid/1171_DunkCA.fbx
  artifactKey: Guid(50b83646ce00f8a4f94dd5da1880c7c5) Importer(2089858483,b0f066a214c2f5e87bad3c948f4d605d)
Start importing Assets/Studio33 Interactive_[BasketBall] v1.1/Animations/Basketball Motions Humanoid/1171_DunkCA.fbx using Guid(50b83646ce00f8a4f94dd5da1880c7c5) Importer(2089858483,b0f066a214c2f5e87bad3c948f4d605d) (ScriptedImporter) -> (artifact id: '1ea9e5382405fd33ff0317e7796e3765') in 0.037694 seconds
Number of updated asset objects reloaded before import = 0Number of asset objects unloaded after import = 154

========================================================================
Received Import Request.
  Time since last request: 0.000046 seconds.
  path: Assets/Studio33 Interactive_[BasketBall] v1.1/Animations/Basketball Motions_Generic/1605_DunkRA.fbx
  artifactKey: Guid(255a1365efd239242a48df05937ac35b) Importer(2089858483,b0f066a214c2f5e87bad3c948f4d605d)
Start importing Assets/Studio33 Interactive_[BasketBall] v1.1/Animations/Basketball Motions_Generic/1605_DunkRA.fbx using Guid(255a1365efd239242a48df05937ac35b) Importer(2089858483,b0f066a214c2f5e87bad3c948f4d605d) (ScriptedImporter) -> (artifact id: 'a8343f4ec6e7ee4e0bd9168d2b076874') in 0.0271628 seconds
Number of updated asset objects reloaded before import = 0Number of asset objects unloaded after import = 152

========================================================================
Received Import Request.
  Time since last request: 0.000064 seconds.
  path: Assets/Studio33 Interactive_[BasketBall] v1.1/Animations/Basketball Motions_Generic/703_AlleyooppassCA.fbx
  artifactKey: Guid(148312150e2c2d242bd604cf2bd094d3) Importer(2089858483,b0f066a214c2f5e87bad3c948f4d605d)
Start importing Assets/Studio33 Interactive_[BasketBall] v1.1/Animations/Basketball Motions_Generic/703_AlleyooppassCA.fbx using Guid(148312150e2c2d242bd604cf2bd094d3) Importer(2089858483,b0f066a214c2f5e87bad3c948f4d605d) (ScriptedImporter) -> (artifact id: 'c4faf7f7c200120a213caf3cbfc7e483') in 0.029134 seconds
Number of updated asset objects reloaded before import = 0Number of asset objects unloaded after import = 152

========================================================================
Received Import Request.
  Time since last request: 0.000041 seconds.
  path: Assets/Studio33 Interactive_[BasketBall] v1.1/Animations/Basketball Motions Humanoid/1253_SelfalleyoopDunkA.fbx
  artifactKey: Guid(f3e7609a046281045bedaa994c3d14d9) Importer(2089858483,b0f066a214c2f5e87bad3c948f4d605d)
Start importing Assets/Studio33 Interactive_[BasketBall] v1.1/Animations/Basketball Motions Humanoid/1253_SelfalleyoopDunkA.fbx using Guid(f3e7609a046281045bedaa994c3d14d9) Importer(2089858483,b0f066a214c2f5e87bad3c948f4d605d) (ScriptedImporter) -> (artifact id: '5855f99e7ad88badd913cc707d81644d') in 0.0294223 seconds
Number of updated asset objects reloaded before import = 0Number of asset objects unloaded after import = 154

========================================================================
Received Import Request.
  Time since last request: 0.000045 seconds.
  path: Assets/Studio33 Interactive_[BasketBall] v1.1/Animations/Basketball Motions Humanoid/1938_DunkCA.fbx
  artifactKey: Guid(ba75a33dd9bfa5946be4dd8b40883511) Importer(2089858483,b0f066a214c2f5e87bad3c948f4d605d)
Start importing Assets/Studio33 Interactive_[BasketBall] v1.1/Animations/Basketball Motions Humanoid/1938_DunkCA.fbx using Guid(ba75a33dd9bfa5946be4dd8b40883511) Importer(2089858483,b0f066a214c2f5e87bad3c948f4d605d) (ScriptedImporter) -> (artifact id: 'e58e22624230e87b27e1d722ee6a589b') in 0.0301642 seconds
Number of updated asset objects reloaded before import = 0Number of asset objects unloaded after import = 154

========================================================================
Received Import Request.
  Time since last request: 0.000057 seconds.
  path: Assets/Studio33 Interactive_[BasketBall] v1.1/Animations/Basketball Motions_Generic/1231_LayupRevRA.fbx
  artifactKey: Guid(e6c911ba57ba9064fba171bad99056cc) Importer(2089858483,b0f066a214c2f5e87bad3c948f4d605d)
Start importing Assets/Studio33 Interactive_[BasketBall] v1.1/Animations/Basketball Motions_Generic/1231_LayupRevRA.fbx using Guid(e6c911ba57ba9064fba171bad99056cc) Importer(2089858483,b0f066a214c2f5e87bad3c948f4d605d) (ScriptedImporter) -> (artifact id: '36d2952ead916015a40b981df6c817af') in 0.0282362 seconds
Number of updated asset objects reloaded before import = 0Number of asset objects unloaded after import = 152

========================================================================
Received Import Request.
  Time since last request: 0.000039 seconds.
  path: Assets/Studio33 Interactive_[BasketBall] v1.1/Animations/Basketball Motions_Generic/826_PassinmissBadOverA.fbx
  artifactKey: Guid(f8b420759fc4e0a4295a47a716c74c45) Importer(2089858483,b0f066a214c2f5e87bad3c948f4d605d)
Start importing Assets/Studio33 Interactive_[BasketBall] v1.1/Animations/Basketball Motions_Generic/826_PassinmissBadOverA.fbx using Guid(f8b420759fc4e0a4295a47a716c74c45) Importer(2089858483,b0f066a214c2f5e87bad3c948f4d605d) (ScriptedImporter) -> (artifact id: '4c55850ba4cbeaad95d41a3e0e4666bf') in 0.0355617 seconds
Number of updated asset objects reloaded before import = 0Number of asset objects unloaded after import = 152

========================================================================
Received Import Request.
  Time since last request: 0.000041 seconds.
  path: Assets/Studio33 Interactive_[BasketBall] v1.1/Animations/Basketball Motions Humanoid/637_LoosebatopA.fbx
  artifactKey: Guid(ffac3d783e3acb941a639e5392c2116f) Importer(2089858483,b0f066a214c2f5e87bad3c948f4d605d)
Start importing Assets/Studio33 Interactive_[BasketBall] v1.1/Animations/Basketball Motions Humanoid/637_LoosebatopA.fbx using Guid(ffac3d783e3acb941a639e5392c2116f) Importer(2089858483,b0f066a214c2f5e87bad3c948f4d605d) (ScriptedImporter) -> (artifact id: '0c07f8e90232d61b10bfdae307b7a3f9') in 0.030082 seconds
Number of updated asset objects reloaded before import = 0Number of asset objects unloaded after import = 154

========================================================================
Received Import Request.
  Time since last request: 0.000054 seconds.
  path: Assets/Studio33 Interactive_[BasketBall] v1.1/Animations/Basketball Motions_Generic/332_CrossThSLRLA.fbx
  artifactKey: Guid(0ab993eb837734547b1b82f4babeebca) Importer(2089858483,b0f066a214c2f5e87bad3c948f4d605d)
Start importing Assets/Studio33 Interactive_[BasketBall] v1.1/Animations/Basketball Motions_Generic/332_CrossThSLRLA.fbx using Guid(0ab993eb837734547b1b82f4babeebca) Importer(2089858483,b0f066a214c2f5e87bad3c948f4d605d) (ScriptedImporter) -> (artifact id: '29717b75fb05b0f6908e410b550b8433') in 0.0276886 seconds
Number of updated asset objects reloaded before import = 0Number of asset objects unloaded after import = 152

========================================================================
Received Import Request.
  Time since last request: 0.000040 seconds.
  path: Assets/Studio33 Interactive_[BasketBall] v1.1/Animations/Basketball Motions Humanoid/1177_DunkClutchFLeftA.fbx
  artifactKey: Guid(cebefa6b899e5644fba53e98d3867bb2) Importer(2089858483,b0f066a214c2f5e87bad3c948f4d605d)
Start importing Assets/Studio33 Interactive_[BasketBall] v1.1/Animations/Basketball Motions Humanoid/1177_DunkClutchFLeftA.fbx using Guid(cebefa6b899e5644fba53e98d3867bb2) Importer(2089858483,b0f066a214c2f5e87bad3c948f4d605d) (ScriptedImporter) -> (artifact id: '3c319c0c7164804a4c273bea5165717e') in 0.0277768 seconds
Number of updated asset objects reloaded before import = 0Number of asset objects unloaded after import = 154

========================================================================
Received Import Request.
  Time since last request: 0.000048 seconds.
  path: Assets/Studio33 Interactive_[BasketBall] v1.1/Animations/Basketball Motions Humanoid/1168_DunkCA.fbx
  artifactKey: Guid(8ed955dd6124ce34897b01865a3818ad) Importer(2089858483,b0f066a214c2f5e87bad3c948f4d605d)
Start importing Assets/Studio33 Interactive_[BasketBall] v1.1/Animations/Basketball Motions Humanoid/1168_DunkCA.fbx using Guid(8ed955dd6124ce34897b01865a3818ad) Importer(2089858483,b0f066a214c2f5e87bad3c948f4d605d) (ScriptedImporter) -> (artifact id: '2adc5f5bce693b1d82ea9fd7a2f4094b') in 0.0325767 seconds
Number of updated asset objects reloaded before import = 0Number of asset objects unloaded after import = 154

========================================================================
Received Import Request.
  Time since last request: 0.000038 seconds.
  path: Assets/Studio33 Interactive_[BasketBall] v1.1/Animations/Basketball Motions_Generic/685_AlleyoopNpassRA.fbx
  artifactKey: Guid(4b9fc192b7ea124489136136d1daf725) Importer(2089858483,b0f066a214c2f5e87bad3c948f4d605d)
Start importing Assets/Studio33 Interactive_[BasketBall] v1.1/Animations/Basketball Motions_Generic/685_AlleyoopNpassRA.fbx using Guid(4b9fc192b7ea124489136136d1daf725) Importer(2089858483,b0f066a214c2f5e87bad3c948f4d605d) (ScriptedImporter) -> (artifact id: '4cd21348a96d7021184ed0c364fc4e9a') in 0.0319241 seconds
Number of updated asset objects reloaded before import = 0Number of asset objects unloaded after import = 152

========================================================================
Received Import Request.
  Time since last request: 0.000062 seconds.
  path: Assets/Studio33 Interactive_[BasketBall] v1.1/Animations/Basketball Motions_Generic/442_FrontDenyLA.fbx
  artifactKey: Guid(6a5a701b2dcee3945b410611a9e81402) Importer(2089858483,b0f066a214c2f5e87bad3c948f4d605d)
Start importing Assets/Studio33 Interactive_[BasketBall] v1.1/Animations/Basketball Motions_Generic/442_FrontDenyLA.fbx using Guid(6a5a701b2dcee3945b410611a9e81402) Importer(2089858483,b0f066a214c2f5e87bad3c948f4d605d) (ScriptedImporter) -> (artifact id: '66b52c1a8044192280b4bb83dfc8adf2') in 0.0302606 seconds
Number of updated asset objects reloaded before import = 0Number of asset objects unloaded after import = 152

========================================================================
Received Import Request.
  Time since last request: 0.000037 seconds.
  path: Assets/Studio33 Interactive_[BasketBall] v1.1/Animations/Basketball Motions_Generic/1493_DunkRA.fbx
  artifactKey: Guid(379a79640667b4a408408fd9a9cffb07) Importer(2089858483,b0f066a214c2f5e87bad3c948f4d605d)
Start importing Assets/Studio33 Interactive_[BasketBall] v1.1/Animations/Basketball Motions_Generic/1493_DunkRA.fbx using Guid(379a79640667b4a408408fd9a9cffb07) Importer(2089858483,b0f066a214c2f5e87bad3c948f4d605d) (ScriptedImporter) -> (artifact id: '6217ec8ec3284111f11cd1c4b193d25c') in 0.0307032 seconds
Number of updated asset objects reloaded before import = 0Number of asset objects unloaded after import = 152

========================================================================
Received Import Request.
  Time since last request: 0.000049 seconds.
  path: Assets/Studio33 Interactive_[BasketBall] v1.1/Animations/Basketball Motions Humanoid/643_LoosebahighA.fbx
  artifactKey: Guid(1a4e74ba822dc28469f2ad9805644709) Importer(2089858483,b0f066a214c2f5e87bad3c948f4d605d)
Start importing Assets/Studio33 Interactive_[BasketBall] v1.1/Animations/Basketball Motions Humanoid/643_LoosebahighA.fbx using Guid(1a4e74ba822dc28469f2ad9805644709) Importer(2089858483,b0f066a214c2f5e87bad3c948f4d605d) (ScriptedImporter) -> (artifact id: '2324c7b30402400bf0811b6dcc3183cc') in 0.0317312 seconds
Number of updated asset objects reloaded before import = 0Number of asset objects unloaded after import = 154

========================================================================
Received Import Request.
  Time since last request: 0.000061 seconds.
  path: Assets/Studio33 Interactive_[BasketBall] v1.1/Animations/Basketball Motions Humanoid/137_ReboundAndBoxOutSwimStepRightA.fbx
  artifactKey: Guid(35c456027fe9f7d45a15f4e0b867df00) Importer(2089858483,b0f066a214c2f5e87bad3c948f4d605d)
Start importing Assets/Studio33 Interactive_[BasketBall] v1.1/Animations/Basketball Motions Humanoid/137_ReboundAndBoxOutSwimStepRightA.fbx using Guid(35c456027fe9f7d45a15f4e0b867df00) Importer(2089858483,b0f066a214c2f5e87bad3c948f4d605d) (ScriptedImporter) -> (artifact id: 'fde5dc39b12eedcfddd623c7a3a745d6') in 0.0303757 seconds
Number of updated asset objects reloaded before import = 0Number of asset objects unloaded after import = 154

========================================================================
Received Import Request.
  Time since last request: 0.000090 seconds.
  path: Assets/Studio33 Interactive_[BasketBall] v1.1/Animations/Basketball Motions Humanoid/1797_DunkCA.fbx
  artifactKey: Guid(57bd3f6c668d5c947b19dfd3872ee50d) Importer(2089858483,b0f066a214c2f5e87bad3c948f4d605d)
Start importing Assets/Studio33 Interactive_[BasketBall] v1.1/Animations/Basketball Motions Humanoid/1797_DunkCA.fbx using Guid(57bd3f6c668d5c947b19dfd3872ee50d) Importer(2089858483,b0f066a214c2f5e87bad3c948f4d605d) (ScriptedImporter) -> (artifact id: '8c46468b9cc09dac1f4bd1cdb7d9316d') in 0.0300801 seconds
Number of updated asset objects reloaded before import = 0Number of asset objects unloaded after import = 154

========================================================================
Received Import Request.
  Time since last request: 0.000054 seconds.
  path: Assets/Studio33 Interactive_[BasketBall] v1.1/Animations/Basketball Motions Humanoid/1341_JumpshotMA.fbx
  artifactKey: Guid(bfbdc6b4b9aac094fb765672f2174ff4) Importer(2089858483,b0f066a214c2f5e87bad3c948f4d605d)
Start importing Assets/Studio33 Interactive_[BasketBall] v1.1/Animations/Basketball Motions Humanoid/1341_JumpshotMA.fbx using Guid(bfbdc6b4b9aac094fb765672f2174ff4) Importer(2089858483,b0f066a214c2f5e87bad3c948f4d605d) (ScriptedImporter) -> (artifact id: 'e384f14623080918b7d03f34f9702d21') in 0.0313895 seconds
Number of updated asset objects reloaded before import = 0Number of asset objects unloaded after import = 154

========================================================================
Received Import Request.
  Time since last request: 0.000052 seconds.
  path: Assets/Studio33 Interactive_[BasketBall] v1.1/Animations/Basketball Motions Humanoid/1255_AlleyoopSA.fbx
  artifactKey: Guid(93f894e9756da0a4caf574f5e6aa05e0) Importer(2089858483,b0f066a214c2f5e87bad3c948f4d605d)
Start importing Assets/Studio33 Interactive_[BasketBall] v1.1/Animations/Basketball Motions Humanoid/1255_AlleyoopSA.fbx using Guid(93f894e9756da0a4caf574f5e6aa05e0) Importer(2089858483,b0f066a214c2f5e87bad3c948f4d605d) (ScriptedImporter) -> (artifact id: '09db05960be326940a64e34e8fa799e9') in 0.0283318 seconds
Number of updated asset objects reloaded before import = 0Number of asset objects unloaded after import = 154

========================================================================
Received Import Request.
  Time since last request: 0.000047 seconds.
  path: Assets/Studio33 Interactive_[BasketBall] v1.1/33_basket ball test animations/player/Back_number/Back_number_W/Back_number_W_c10.png
  artifactKey: Guid(007d59e26dd13f04ba16f1236c7ce484) Importer(2089858483,b0f066a214c2f5e87bad3c948f4d605d)
Start importing Assets/Studio33 Interactive_[BasketBall] v1.1/33_basket ball test animations/player/Back_number/Back_number_W/Back_number_W_c10.png using Guid(007d59e26dd13f04ba16f1236c7ce484) Importer(2089858483,b0f066a214c2f5e87bad3c948f4d605d) (ScriptedImporter) -> (artifact id: 'e4949457b370b2181a7269225d1638d5') in 0.0206179 seconds
Number of updated asset objects reloaded before import = 0Number of asset objects unloaded after import = 1

========================================================================
Received Import Request.
  Time since last request: 0.000028 seconds.
  path: Assets/Studio33 Interactive_[BasketBall] v1.1/Animations/Basketball Motions Humanoid/2065_DunkRA.fbx
  artifactKey: Guid(c7e1e598ff6df20438d5fbd13ff79973) Importer(2089858483,b0f066a214c2f5e87bad3c948f4d605d)
Start importing Assets/Studio33 Interactive_[BasketBall] v1.1/Animations/Basketball Motions Humanoid/2065_DunkRA.fbx using Guid(c7e1e598ff6df20438d5fbd13ff79973) Importer(2089858483,b0f066a214c2f5e87bad3c948f4d605d) (ScriptedImporter) -> (artifact id: '5ac172a6cfaa1eba3c6f98fb7558b028') in 0.0281306 seconds
Number of updated asset objects reloaded before import = 0Number of asset objects unloaded after import = 154

========================================================================
Received Import Request.
  Time since last request: 0.000045 seconds.
  path: Assets/Studio33 Interactive_[BasketBall] v1.1/Animations/Basketball Motions_Generic/1875_DunkRA.fbx
  artifactKey: Guid(011ccb8a87111f844921e210a899ce01) Importer(2089858483,b0f066a214c2f5e87bad3c948f4d605d)
Start importing Assets/Studio33 Interactive_[BasketBall] v1.1/Animations/Basketball Motions_Generic/1875_DunkRA.fbx using Guid(011ccb8a87111f844921e210a899ce01) Importer(2089858483,b0f066a214c2f5e87bad3c948f4d605d) (ScriptedImporter) -> (artifact id: 'f8acd2f5e17f53423a68d41cc57b67cb') in 0.0286948 seconds
Number of updated asset objects reloaded before import = 0Number of asset objects unloaded after import = 152

========================================================================
Received Import Request.
  Time since last request: 0.000060 seconds.
  path: Assets/Studio33 Interactive_[BasketBall] v1.1/Animations/Basketball Motions Humanoid/734_ShootpassLayupShortBaA.fbx
  artifactKey: Guid(644d1c931dc59d243a44dc2dede7363b) Importer(2089858483,b0f066a214c2f5e87bad3c948f4d605d)
Start importing Assets/Studio33 Interactive_[BasketBall] v1.1/Animations/Basketball Motions Humanoid/734_ShootpassLayupShortBaA.fbx using Guid(644d1c931dc59d243a44dc2dede7363b) Importer(2089858483,b0f066a214c2f5e87bad3c948f4d605d) (ScriptedImporter) -> (artifact id: 'b25442903f645f241ae220914d6c629d') in 0.0332303 seconds
Number of updated asset objects reloaded before import = 0Number of asset objects unloaded after import = 154

========================================================================
Received Import Request.
  Time since last request: 0.000040 seconds.
  path: Assets/Studio33 Interactive_[BasketBall] v1.1/33_basket ball test animations/player/Back_number/Back_number_W/Back_number_W_c06.png
  artifactKey: Guid(6d55aa97ff7e3be4c8c7135a3e7d97a0) Importer(2089858483,b0f066a214c2f5e87bad3c948f4d605d)
Start importing Assets/Studio33 Interactive_[BasketBall] v1.1/33_basket ball test animations/player/Back_number/Back_number_W/Back_number_W_c06.png using Guid(6d55aa97ff7e3be4c8c7135a3e7d97a0) Importer(2089858483,b0f066a214c2f5e87bad3c948f4d605d) (ScriptedImporter) -> (artifact id: '42419ceb24feb83ee4ee0f6c4650ca1c') in 0.0246099 seconds
Number of updated asset objects reloaded before import = 0Number of asset objects unloaded after import = 1

========================================================================
Received Import Request.
  Time since last request: 0.000036 seconds.
  path: Assets/Studio33 Interactive_[BasketBall] v1.1/Animations/Basketball Motions_Generic/1074_ScreefalingFrontA.fbx
  artifactKey: Guid(aa9fc6126b26fae4ab9128ce093138e7) Importer(2089858483,b0f066a214c2f5e87bad3c948f4d605d)
Start importing Assets/Studio33 Interactive_[BasketBall] v1.1/Animations/Basketball Motions_Generic/1074_ScreefalingFrontA.fbx using Guid(aa9fc6126b26fae4ab9128ce093138e7) Importer(2089858483,b0f066a214c2f5e87bad3c948f4d605d) (ScriptedImporter) -> (artifact id: 'e659e39a2c91a40f94d66e5d86e8c381') in 0.0273018 seconds
Number of updated asset objects reloaded before import = 0Number of asset objects unloaded after import = 152

========================================================================
Received Import Request.
  Time since last request: 0.000045 seconds.
  path: Assets/Studio33 Interactive_[BasketBall] v1.1/Animations/Basketball Motions_Generic/263_CrossFakeThLRLA.fbx
  artifactKey: Guid(151d3086a92be4443a51b58daf227c81) Importer(2089858483,b0f066a214c2f5e87bad3c948f4d605d)
Start importing Assets/Studio33 Interactive_[BasketBall] v1.1/Animations/Basketball Motions_Generic/263_CrossFakeThLRLA.fbx using Guid(151d3086a92be4443a51b58daf227c81) Importer(2089858483,b0f066a214c2f5e87bad3c948f4d605d) (ScriptedImporter) -> (artifact id: '5cbc53a92b16978a9ff82bf12918a543') in 0.0295825 seconds
Number of updated asset objects reloaded before import = 0Number of asset objects unloaded after import = 152

========================================================================
Received Import Request.
  Time since last request: 0.000058 seconds.
  path: Assets/Studio33 Interactive_[BasketBall] v1.1/Animations/Basketball Motions_Generic/814_PassBadOverA.fbx
  artifactKey: Guid(c346f0d0993603b448b7402548adbc76) Importer(2089858483,b0f066a214c2f5e87bad3c948f4d605d)
Start importing Assets/Studio33 Interactive_[BasketBall] v1.1/Animations/Basketball Motions_Generic/814_PassBadOverA.fbx using Guid(c346f0d0993603b448b7402548adbc76) Importer(2089858483,b0f066a214c2f5e87bad3c948f4d605d) (ScriptedImporter) -> (artifact id: '19fb9bb9519edb10d0cf4af9a3567424') in 0.02881 seconds
Number of updated asset objects reloaded before import = 0Number of asset objects unloaded after import = 152

========================================================================
Received Import Request.
  Time since last request: 0.000033 seconds.
  path: Assets/Studio33 Interactive_[BasketBall] v1.1/Animations/Basketball Motions Humanoid/1043_TappassTapFFB.fbx
  artifactKey: Guid(bfe0396dc45bf6843a4129c0b0355f41) Importer(2089858483,b0f066a214c2f5e87bad3c948f4d605d)
Start importing Assets/Studio33 Interactive_[BasketBall] v1.1/Animations/Basketball Motions Humanoid/1043_TappassTapFFB.fbx using Guid(bfe0396dc45bf6843a4129c0b0355f41) Importer(2089858483,b0f066a214c2f5e87bad3c948f4d605d) (ScriptedImporter) -> (artifact id: 'a307af401ad3cde5bb081895e9a9fa7d') in 0.0283933 seconds
Number of updated asset objects reloaded before import = 0Number of asset objects unloaded after import = 154

========================================================================
Received Import Request.
  Time since last request: 0.000049 seconds.
  path: Assets/Studio33 Interactive_[BasketBall] v1.1/Animations/Basketball Motions_Generic/1423_TurbashootA.fbx
  artifactKey: Guid(1590c4703cdf4e1419c2c10e5c4a1fd9) Importer(2089858483,b0f066a214c2f5e87bad3c948f4d605d)
Start importing Assets/Studio33 Interactive_[BasketBall] v1.1/Animations/Basketball Motions_Generic/1423_TurbashootA.fbx using Guid(1590c4703cdf4e1419c2c10e5c4a1fd9) Importer(2089858483,b0f066a214c2f5e87bad3c948f4d605d) (ScriptedImporter) -> (artifact id: '8acafa9ec8bbeac830b7a667a742baaa') in 0.0273719 seconds
Number of updated asset objects reloaded before import = 0Number of asset objects unloaded after import = 152

========================================================================
Received Import Request.
  Time since last request: 0.000052 seconds.
  path: Assets/Studio33 Interactive_[BasketBall] v1.1/Animations/Basketball Motions Humanoid/528_BehindshootMA.fbx
  artifactKey: Guid(ad308c9e4d6f37041a7f98be3409d640) Importer(2089858483,b0f066a214c2f5e87bad3c948f4d605d)
Start importing Assets/Studio33 Interactive_[BasketBall] v1.1/Animations/Basketball Motions Humanoid/528_BehindshootMA.fbx using Guid(ad308c9e4d6f37041a7f98be3409d640) Importer(2089858483,b0f066a214c2f5e87bad3c948f4d605d) (ScriptedImporter) -> (artifact id: '38ae3a3cac8bb9a1a5c221ba4002658b') in 0.0367691 seconds
Number of updated asset objects reloaded before import = 0Number of asset objects unloaded after import = 154

========================================================================
Received Import Request.
  Time since last request: 0.000034 seconds.
  path: Assets/Studio33 Interactive_[BasketBall] v1.1/Animations/Basketball Motions_Generic/667_SonicShStop.fbx
  artifactKey: Guid(6c9a5300e21a46a48ba71de18140ba80) Importer(2089858483,b0f066a214c2f5e87bad3c948f4d605d)
Start importing Assets/Studio33 Interactive_[BasketBall] v1.1/Animations/Basketball Motions_Generic/667_SonicShStop.fbx using Guid(6c9a5300e21a46a48ba71de18140ba80) Importer(2089858483,b0f066a214c2f5e87bad3c948f4d605d) (ScriptedImporter) -> (artifact id: 'd1ef89e1629a5b0bd78035eed100746e') in 0.0259691 seconds
Number of updated asset objects reloaded before import = 0Number of asset objects unloaded after import = 152

========================================================================
Received Import Request.
  Time since last request: 0.000047 seconds.
  path: Assets/Studio33 Interactive_[BasketBall] v1.1/Animations/Basketball Motions Humanoid/2024_DunkRA.fbx
  artifactKey: Guid(38ce574cce1a4ff46817887e2dfc944a) Importer(2089858483,b0f066a214c2f5e87bad3c948f4d605d)
Start importing Assets/Studio33 Interactive_[BasketBall] v1.1/Animations/Basketball Motions Humanoid/2024_DunkRA.fbx using Guid(38ce574cce1a4ff46817887e2dfc944a) Importer(2089858483,b0f066a214c2f5e87bad3c948f4d605d) (ScriptedImporter) -> (artifact id: '2342c243fac0d46ca373a23ebf9c34aa') in 0.0289653 seconds
Number of updated asset objects reloaded before import = 0Number of asset objects unloaded after import = 154

========================================================================
Received Import Request.
  Time since last request: 0.000060 seconds.
  path: Assets/Studio33 Interactive_[BasketBall] v1.1/Animations/Basketball Motions Humanoid/259_CrossFakeStepRRTrC.fbx
  artifactKey: Guid(3bc401136eb66c349bca38b7719f78bd) Importer(2089858483,b0f066a214c2f5e87bad3c948f4d605d)
Start importing Assets/Studio33 Interactive_[BasketBall] v1.1/Animations/Basketball Motions Humanoid/259_CrossFakeStepRRTrC.fbx using Guid(3bc401136eb66c349bca38b7719f78bd) Importer(2089858483,b0f066a214c2f5e87bad3c948f4d605d) (ScriptedImporter) -> (artifact id: '1eb0807a9d2b097da0bf49f7e31b9689') in 0.0306124 seconds
Number of updated asset objects reloaded before import = 0Number of asset objects unloaded after import = 154

========================================================================
Received Import Request.
  Time since last request: 0.000041 seconds.
  path: Assets/Studio33 Interactive_[BasketBall] v1.1/Animations/Basketball Motions Humanoid/203_PushPostpushRightA.fbx
  artifactKey: Guid(1dc6ec73f9b64b242919a13daf0ebd5a) Importer(2089858483,b0f066a214c2f5e87bad3c948f4d605d)
Start importing Assets/Studio33 Interactive_[BasketBall] v1.1/Animations/Basketball Motions Humanoid/203_PushPostpushRightA.fbx using Guid(1dc6ec73f9b64b242919a13daf0ebd5a) Importer(2089858483,b0f066a214c2f5e87bad3c948f4d605d) (ScriptedImporter) -> (artifact id: 'f103e9582482ba8730fc99f5ad9ae8b5') in 0.028482 seconds
Number of updated asset objects reloaded before import = 0Number of asset objects unloaded after import = 154

========================================================================
Received Import Request.
  Time since last request: 0.000034 seconds.
  path: Assets/Studio33 Interactive_[BasketBall] v1.1/Animations/Basketball Motions Humanoid/364_CrossEurostepLayupR.fbx
  artifactKey: Guid(2f3d68c470ad34940a56a7e43def92ad) Importer(2089858483,b0f066a214c2f5e87bad3c948f4d605d)
Start importing Assets/Studio33 Interactive_[BasketBall] v1.1/Animations/Basketball Motions Humanoid/364_CrossEurostepLayupR.fbx using Guid(2f3d68c470ad34940a56a7e43def92ad) Importer(2089858483,b0f066a214c2f5e87bad3c948f4d605d) (ScriptedImporter) -> (artifact id: 'bbeec3ae82dd70e51b945223f285c681') in 0.0329173 seconds
Number of updated asset objects reloaded before import = 0Number of asset objects unloaded after import = 154

========================================================================
Received Import Request.
  Time since last request: 0.000063 seconds.
  path: Assets/Studio33 Interactive_[BasketBall] v1.1/Animations/Basketball Motions_Generic/1907_JumpshotMA.fbx
  artifactKey: Guid(e902f27738374044c826315ba1376f4c) Importer(2089858483,b0f066a214c2f5e87bad3c948f4d605d)
Start importing Assets/Studio33 Interactive_[BasketBall] v1.1/Animations/Basketball Motions_Generic/1907_JumpshotMA.fbx using Guid(e902f27738374044c826315ba1376f4c) Importer(2089858483,b0f066a214c2f5e87bad3c948f4d605d) (ScriptedImporter) -> (artifact id: 'cf995269d228f57857e1ca5257af3677') in 0.0319607 seconds
Number of updated asset objects reloaded before import = 0Number of asset objects unloaded after import = 152

========================================================================
Received Import Request.
  Time since last request: 0.000036 seconds.
  path: Assets/Studio33 Interactive_[BasketBall] v1.1/Animations/Basketball Motions Humanoid/2059_DunkCRevA.fbx
  artifactKey: Guid(32d169a81da224b4f80ef4bcae6a94cb) Importer(2089858483,b0f066a214c2f5e87bad3c948f4d605d)
Start importing Assets/Studio33 Interactive_[BasketBall] v1.1/Animations/Basketball Motions Humanoid/2059_DunkCRevA.fbx using Guid(32d169a81da224b4f80ef4bcae6a94cb) Importer(2089858483,b0f066a214c2f5e87bad3c948f4d605d) (ScriptedImporter) -> (artifact id: '85b5eca0626f2e226ccfe34216887017') in 0.0309042 seconds
Number of updated asset objects reloaded before import = 0Number of asset objects unloaded after import = 154

========================================================================
Received Import Request.
  Time since last request: 0.000047 seconds.
  path: Assets/Studio33 Interactive_[BasketBall] v1.1/Animations/Basketball Motions_Generic/413_FrontDenyA.fbx
  artifactKey: Guid(a4df1ed317402cc409e02af38184b00c) Importer(2089858483,b0f066a214c2f5e87bad3c948f4d605d)
Start importing Assets/Studio33 Interactive_[BasketBall] v1.1/Animations/Basketball Motions_Generic/413_FrontDenyA.fbx using Guid(a4df1ed317402cc409e02af38184b00c) Importer(2089858483,b0f066a214c2f5e87bad3c948f4d605d) (ScriptedImporter) -> (artifact id: '2fdd52b21d148c46625e54d88df58ac3') in 0.0274125 seconds
Number of updated asset objects reloaded before import = 0Number of asset objects unloaded after import = 152

========================================================================
Received Import Request.
  Time since last request: 0.000055 seconds.
  path: Assets/Studio33 Interactive_[BasketBall] v1.1/Animations/Basketball Motions_Generic/690_CrossPassChestA.fbx
  artifactKey: Guid(312be04a98e0a544c9e0c0a82d9e8242) Importer(2089858483,b0f066a214c2f5e87bad3c948f4d605d)
Start importing Assets/Studio33 Interactive_[BasketBall] v1.1/Animations/Basketball Motions_Generic/690_CrossPassChestA.fbx using Guid(312be04a98e0a544c9e0c0a82d9e8242) Importer(2089858483,b0f066a214c2f5e87bad3c948f4d605d) (ScriptedImporter) -> (artifact id: 'b13feb1339327c1bfed800650625973e') in 0.0285152 seconds
Number of updated asset objects reloaded before import = 0Number of asset objects unloaded after import = 152

========================================================================
Received Import Request.
  Time since last request: 0.000034 seconds.
  path: Assets/Studio33 Interactive_[BasketBall] v1.1/Animations/Basketball Motions Humanoid/1914_JumpshotMA.fbx
  artifactKey: Guid(99362baf395d6f94187be0a6b9990645) Importer(2089858483,b0f066a214c2f5e87bad3c948f4d605d)
Start importing Assets/Studio33 Interactive_[BasketBall] v1.1/Animations/Basketball Motions Humanoid/1914_JumpshotMA.fbx using Guid(99362baf395d6f94187be0a6b9990645) Importer(2089858483,b0f066a214c2f5e87bad3c948f4d605d) (ScriptedImporter) -> (artifact id: '58f69b07703a53550d403c00f8efef90') in 0.0318727 seconds
Number of updated asset objects reloaded before import = 0Number of asset objects unloaded after import = 154

========================================================================
Received Import Request.
  Time since last request: 0.000036 seconds.
  path: Assets/Studio33 Interactive_[BasketBall] v1.1/Animations/Basketball Motions_Generic/1524_DclutchRBaA.fbx
  artifactKey: Guid(0a7fb532b75a05046a54400f0d631abd) Importer(2089858483,b0f066a214c2f5e87bad3c948f4d605d)
Start importing Assets/Studio33 Interactive_[BasketBall] v1.1/Animations/Basketball Motions_Generic/1524_DclutchRBaA.fbx using Guid(0a7fb532b75a05046a54400f0d631abd) Importer(2089858483,b0f066a214c2f5e87bad3c948f4d605d) (ScriptedImporter) -> (artifact id: '67aa3866034a8329c8dd9c9b09c39c3c') in 0.0300497 seconds
Number of updated asset objects reloaded before import = 0Number of asset objects unloaded after import = 152

========================================================================
Received Import Request.
  Time since last request: 0.000052 seconds.
  path: Assets/Studio33 Interactive_[BasketBall] v1.1/Animations/Basketball Motions Humanoid/1416_SkyhookRA.fbx
  artifactKey: Guid(c508b3ef43581fe41ab002c4e734adce) Importer(2089858483,b0f066a214c2f5e87bad3c948f4d605d)
Start importing Assets/Studio33 Interactive_[BasketBall] v1.1/Animations/Basketball Motions Humanoid/1416_SkyhookRA.fbx using Guid(c508b3ef43581fe41ab002c4e734adce) Importer(2089858483,b0f066a214c2f5e87bad3c948f4d605d) (ScriptedImporter) -> (artifact id: 'dffb15317e70b4ccaa3a78ad7b709788') in 0.0338948 seconds
Number of updated asset objects reloaded before import = 0Number of asset objects unloaded after import = 154

========================================================================
Received Import Request.
  Time since last request: 0.000040 seconds.
  path: Assets/Studio33 Interactive_[BasketBall] v1.1/Animations/Basketball Motions Humanoid/1868_DunkRA.fbx
  artifactKey: Guid(4572382eecd3949498f1975a0379cbee) Importer(2089858483,b0f066a214c2f5e87bad3c948f4d605d)
Start importing Assets/Studio33 Interactive_[BasketBall] v1.1/Animations/Basketball Motions Humanoid/1868_DunkRA.fbx using Guid(4572382eecd3949498f1975a0379cbee) Importer(2089858483,b0f066a214c2f5e87bad3c948f4d605d) (ScriptedImporter) -> (artifact id: '7add10791ccd85fc6fdab76c1a012346') in 0.0297246 seconds
Number of updated asset objects reloaded before import = 0Number of asset objects unloaded after import = 154

========================================================================
Received Import Request.
  Time since last request: 0.000039 seconds.
  path: Assets/Studio33 Interactive_[BasketBall] v1.1/Animations/Basketball Motions_Generic/1019_Rebound fB.fbx
  artifactKey: Guid(98a6b833c04372e468c663572b95680e) Importer(2089858483,b0f066a214c2f5e87bad3c948f4d605d)
Start importing Assets/Studio33 Interactive_[BasketBall] v1.1/Animations/Basketball Motions_Generic/1019_Rebound fB.fbx using Guid(98a6b833c04372e468c663572b95680e) Importer(2089858483,b0f066a214c2f5e87bad3c948f4d605d) (ScriptedImporter) -> (artifact id: '72b929218e5f33ab335068189e51c9ca') in 0.0272514 seconds
Number of updated asset objects reloaded before import = 0Number of asset objects unloaded after import = 152

========================================================================
Received Import Request.
  Time since last request: 0.000060 seconds.
  path: Assets/Studio33 Interactive_[BasketBall] v1.1/Animations/Basketball Motions Humanoid/389_CrossThLRLAC.fbx
  artifactKey: Guid(1a30c784022abc74798f91cd03c5d8a8) Importer(2089858483,b0f066a214c2f5e87bad3c948f4d605d)
Start importing Assets/Studio33 Interactive_[BasketBall] v1.1/Animations/Basketball Motions Humanoid/389_CrossThLRLAC.fbx using Guid(1a30c784022abc74798f91cd03c5d8a8) Importer(2089858483,b0f066a214c2f5e87bad3c948f4d605d) (ScriptedImporter) -> (artifact id: 'd3e039c6165f5ceb82e94559f211ae95') in 0.0298147 seconds
Number of updated asset objects reloaded before import = 0Number of asset objects unloaded after import = 154

========================================================================
Received Import Request.
  Time since last request: 0.000037 seconds.
  path: Assets/Studio33 Interactive_[BasketBall] v1.1/Animations/Basketball Motions_Generic/1223_LayupCA.fbx
  artifactKey: Guid(916d7a943ad3fb4419366544f22bca1d) Importer(2089858483,b0f066a214c2f5e87bad3c948f4d605d)
Start importing Assets/Studio33 Interactive_[BasketBall] v1.1/Animations/Basketball Motions_Generic/1223_LayupCA.fbx using Guid(916d7a943ad3fb4419366544f22bca1d) Importer(2089858483,b0f066a214c2f5e87bad3c948f4d605d) (ScriptedImporter) -> (artifact id: '739322313fd354a964517c5cfb9386a4') in 0.0283792 seconds
Number of updated asset objects reloaded before import = 0Number of asset objects unloaded after import = 152

========================================================================
Received Import Request.
  Time since last request: 0.000035 seconds.
  path: Assets/Studio33 Interactive_[BasketBall] v1.1/Animations/Basketball Motions Humanoid/365_CrossEurostepLayupRev.fbx
  artifactKey: Guid(67127a68cd3463849a16d35590defe3f) Importer(2089858483,b0f066a214c2f5e87bad3c948f4d605d)
Start importing Assets/Studio33 Interactive_[BasketBall] v1.1/Animations/Basketball Motions Humanoid/365_CrossEurostepLayupRev.fbx using Guid(67127a68cd3463849a16d35590defe3f) Importer(2089858483,b0f066a214c2f5e87bad3c948f4d605d) (ScriptedImporter) -> (artifact id: '5246885c643387d4359b54448c037f1c') in 0.0355955 seconds
Number of updated asset objects reloaded before import = 0Number of asset objects unloaded after import = 154

========================================================================
Received Import Request.
  Time since last request: 0.000040 seconds.
  path: Assets/Studio33 Interactive_[BasketBall] v1.1/Animations/Basketball Motions_Generic/277_CrossThSRRRA.fbx
  artifactKey: Guid(dbbc5ce17bf2c934da088d0d1b3090f9) Importer(2089858483,b0f066a214c2f5e87bad3c948f4d605d)
Start importing Assets/Studio33 Interactive_[BasketBall] v1.1/Animations/Basketball Motions_Generic/277_CrossThSRRRA.fbx using Guid(dbbc5ce17bf2c934da088d0d1b3090f9) Importer(2089858483,b0f066a214c2f5e87bad3c948f4d605d) (ScriptedImporter) -> (artifact id: '693a3732a3b2275681b7845353914ebc') in 0.0366299 seconds
Number of updated asset objects reloaded before import = 0Number of asset objects unloaded after import = 152

========================================================================
Received Import Request.
  Time since last request: 0.000054 seconds.
  path: Assets/Studio33 Interactive_[BasketBall] v1.1/Animations/Basketball Motions_Generic/1433_DunkCA.fbx
  artifactKey: Guid(5503548f6be4c82458d578d242aef9e6) Importer(2089858483,b0f066a214c2f5e87bad3c948f4d605d)
Start importing Assets/Studio33 Interactive_[BasketBall] v1.1/Animations/Basketball Motions_Generic/1433_DunkCA.fbx using Guid(5503548f6be4c82458d578d242aef9e6) Importer(2089858483,b0f066a214c2f5e87bad3c948f4d605d) (ScriptedImporter) -> (artifact id: 'dddbc765433e08bee060b27923a3fbb3') in 0.0287186 seconds
Number of updated asset objects reloaded before import = 0Number of asset objects unloaded after import = 152

========================================================================
Received Import Request.
  Time since last request: 0.000043 seconds.
  path: Assets/Studio33 Interactive_[BasketBall] v1.1/33_basket ball test animations/player/Back_number/Back_number_R/Rack_number_R_c06.png
  artifactKey: Guid(e82d497f81c7002489b51d51466cfa73) Importer(2089858483,b0f066a214c2f5e87bad3c948f4d605d)
Start importing Assets/Studio33 Interactive_[BasketBall] v1.1/33_basket ball test animations/player/Back_number/Back_number_R/Rack_number_R_c06.png using Guid(e82d497f81c7002489b51d51466cfa73) Importer(2089858483,b0f066a214c2f5e87bad3c948f4d605d) (ScriptedImporter) -> (artifact id: '98da08768533c53049859fdae847385b') in 0.0204231 seconds
Number of updated asset objects reloaded before import = 0Number of asset objects unloaded after import = 1

========================================================================
Received Import Request.
  Time since last request: 0.000037 seconds.
  path: Assets/Studio33 Interactive_[BasketBall] v1.1/Animations/Basketball Motions_Generic/1896_BjDunkCA.fbx
  artifactKey: Guid(9c2e3f1e532aa4a4c8aed579e05fb132) Importer(2089858483,b0f066a214c2f5e87bad3c948f4d605d)
Start importing Assets/Studio33 Interactive_[BasketBall] v1.1/Animations/Basketball Motions_Generic/1896_BjDunkCA.fbx using Guid(9c2e3f1e532aa4a4c8aed579e05fb132) Importer(2089858483,b0f066a214c2f5e87bad3c948f4d605d) (ScriptedImporter) -> (artifact id: '3c945cfda85c00734338ea5f6dd81f32') in 0.0288031 seconds
Number of updated asset objects reloaded before import = 0Number of asset objects unloaded after import = 152

========================================================================
Received Import Request.
  Time since last request: 0.000045 seconds.
  path: Assets/Studio33 Interactive_[BasketBall] v1.1/Animations/Basketball Motions Humanoid/1819_DunkRA.fbx
  artifactKey: Guid(f3820aefbc03afa49beccf63dcb5edeb) Importer(2089858483,b0f066a214c2f5e87bad3c948f4d605d)
Start importing Assets/Studio33 Interactive_[BasketBall] v1.1/Animations/Basketball Motions Humanoid/1819_DunkRA.fbx using Guid(f3820aefbc03afa49beccf63dcb5edeb) Importer(2089858483,b0f066a214c2f5e87bad3c948f4d605d) (ScriptedImporter) -> (artifact id: '316b81296e78490a3dc3a5eadb10465a') in 0.0304474 seconds
Number of updated asset objects reloaded before import = 0Number of asset objects unloaded after import = 154

========================================================================
Received Import Request.
  Time since last request: 0.000064 seconds.
  path: Assets/Studio33 Interactive_[BasketBall] v1.1/Animations/Basketball Motions_Generic/410_DefenceFrontA.fbx
  artifactKey: Guid(103dccecb7887bb4dbd46f9325d698cf) Importer(2089858483,b0f066a214c2f5e87bad3c948f4d605d)
Start importing Assets/Studio33 Interactive_[BasketBall] v1.1/Animations/Basketball Motions_Generic/410_DefenceFrontA.fbx using Guid(103dccecb7887bb4dbd46f9325d698cf) Importer(2089858483,b0f066a214c2f5e87bad3c948f4d605d) (ScriptedImporter) -> (artifact id: '4b2a25a045b92fc3881537d0571e9f23') in 0.0283355 seconds
Number of updated asset objects reloaded before import = 0Number of asset objects unloaded after import = 152

========================================================================
Received Import Request.
  Time since last request: 0.000033 seconds.
  path: Assets/Studio33 Interactive_[BasketBall] v1.1/Animations/Basketball Motions Humanoid/1210_DunkRA.fbx
  artifactKey: Guid(c2ab26f56c4168641b1059a0c8cfa201) Importer(2089858483,b0f066a214c2f5e87bad3c948f4d605d)
Start importing Assets/Studio33 Interactive_[BasketBall] v1.1/Animations/Basketball Motions Humanoid/1210_DunkRA.fbx using Guid(c2ab26f56c4168641b1059a0c8cfa201) Importer(2089858483,b0f066a214c2f5e87bad3c948f4d605d) (ScriptedImporter) -> (artifact id: '68c7b6d00a5c1f7b698b0a5b2b41d00d') in 0.0367249 seconds
Number of updated asset objects reloaded before import = 0Number of asset objects unloaded after import = 154

========================================================================
Received Import Request.
  Time since last request: 0.000041 seconds.
  path: Assets/Studio33 Interactive_[BasketBall] v1.1/Animations/Basketball Motions Humanoid/1952_DunkCA.fbx
  artifactKey: Guid(5eb1f32e29bbc3c409f43a6a323ec997) Importer(2089858483,b0f066a214c2f5e87bad3c948f4d605d)
Start importing Assets/Studio33 Interactive_[BasketBall] v1.1/Animations/Basketball Motions Humanoid/1952_DunkCA.fbx using Guid(5eb1f32e29bbc3c409f43a6a323ec997) Importer(2089858483,b0f066a214c2f5e87bad3c948f4d605d) (ScriptedImporter) -> (artifact id: '197f28dd0a44526d89f983b1c1a42911') in 0.0293358 seconds
Number of updated asset objects reloaded before import = 0Number of asset objects unloaded after import = 154

========================================================================
Received Import Request.
  Time since last request: 0.000065 seconds.
  path: Assets/Studio33 Interactive_[BasketBall] v1.1/33_basket ball test animations/player/Back_number/Back_number_Y/Back_number_B_c01.png
  artifactKey: Guid(2ed6b2736b14f5849aca7ae3dc05064b) Importer(2089858483,b0f066a214c2f5e87bad3c948f4d605d)
Start importing Assets/Studio33 Interactive_[BasketBall] v1.1/33_basket ball test animations/player/Back_number/Back_number_Y/Back_number_B_c01.png using Guid(2ed6b2736b14f5849aca7ae3dc05064b) Importer(2089858483,b0f066a214c2f5e87bad3c948f4d605d) (ScriptedImporter) -> (artifact id: 'aca854a1300a95859652545eff212346') in 0.0204527 seconds
Number of updated asset objects reloaded before import = 0Number of asset objects unloaded after import = 1

========================================================================
Received Import Request.
  Time since last request: 0.000029 seconds.
  path: Assets/Studio33 Interactive_[BasketBall] v1.1/Animations/Basketball Motions Humanoid/1866_DunkRA.fbx
  artifactKey: Guid(30da25915dfba0d40a939f35b541d451) Importer(2089858483,b0f066a214c2f5e87bad3c948f4d605d)
Start importing Assets/Studio33 Interactive_[BasketBall] v1.1/Animations/Basketball Motions Humanoid/1866_DunkRA.fbx using Guid(30da25915dfba0d40a939f35b541d451) Importer(2089858483,b0f066a214c2f5e87bad3c948f4d605d) (ScriptedImporter) -> (artifact id: '7cfd1863fc1025e655d6379e1fdbdbf2') in 0.030727 seconds
Number of updated asset objects reloaded before import = 0Number of asset objects unloaded after import = 154

========================================================================
Received Import Request.
  Time since last request: 0.000037 seconds.
  path: Assets/Studio33 Interactive_[BasketBall] v1.1/Animations/Basketball Motions_Generic/1583_DunkCB.fbx
  artifactKey: Guid(098f38dc65aa47043b0b5c3939046f47) Importer(2089858483,b0f066a214c2f5e87bad3c948f4d605d)
Start importing Assets/Studio33 Interactive_[BasketBall] v1.1/Animations/Basketball Motions_Generic/1583_DunkCB.fbx using Guid(098f38dc65aa47043b0b5c3939046f47) Importer(2089858483,b0f066a214c2f5e87bad3c948f4d605d) (ScriptedImporter) -> (artifact id: '21d43a94f17d87282e861c53c85b3d0a') in 0.0277275 seconds
Number of updated asset objects reloaded before import = 0Number of asset objects unloaded after import = 152

========================================================================
Received Import Request.
  Time since last request: 0.000043 seconds.
  path: Assets/Studio33 Interactive_[BasketBall] v1.1/Animations/Basketball Motions Humanoid/71_BlockingckncatchLongFarLA.fbx
  artifactKey: Guid(f9f19ccf501cf42409c82a4b1983988b) Importer(2089858483,b0f066a214c2f5e87bad3c948f4d605d)
Start importing Assets/Studio33 Interactive_[BasketBall] v1.1/Animations/Basketball Motions Humanoid/71_BlockingckncatchLongFarLA.fbx using Guid(f9f19ccf501cf42409c82a4b1983988b) Importer(2089858483,b0f066a214c2f5e87bad3c948f4d605d) (ScriptedImporter) -> (artifact id: '2721a0b50ad9d968cf9384abe397d667') in 0.0301495 seconds
Number of updated asset objects reloaded before import = 0Number of asset objects unloaded after import = 154

========================================================================
Received Import Request.
  Time since last request: 0.000045 seconds.
  path: Assets/Studio33 Interactive_[BasketBall] v1.1/33_basket ball test animations/player/e0511=RnM run col trav r 1 a.fbx
  artifactKey: Guid(da461507f7b967a4987898f5a8ce00d2) Importer(2089858483,b0f066a214c2f5e87bad3c948f4d605d)
Start importing Assets/Studio33 Interactive_[BasketBall] v1.1/33_basket ball test animations/player/e0511=RnM run col trav r 1 a.fbx using Guid(da461507f7b967a4987898f5a8ce00d2) Importer(2089858483,b0f066a214c2f5e87bad3c948f4d605d) (ScriptedImporter) -> (artifact id: '46ca0f8d9598cdf0c8c486623e223e61') in 0.0330617 seconds
Number of updated asset objects reloaded before import = 0Number of asset objects unloaded after import = 150

========================================================================
Received Import Request.
  Time since last request: 0.000055 seconds.
  path: Assets/Studio33 Interactive_[BasketBall] v1.1/Animations/Basketball Motions Humanoid/1653_DunkRAC.fbx
  artifactKey: Guid(de8de7ab690a77546aa2c81924326f4f) Importer(2089858483,b0f066a214c2f5e87bad3c948f4d605d)
Start importing Assets/Studio33 Interactive_[BasketBall] v1.1/Animations/Basketball Motions Humanoid/1653_DunkRAC.fbx using Guid(de8de7ab690a77546aa2c81924326f4f) Importer(2089858483,b0f066a214c2f5e87bad3c948f4d605d) (ScriptedImporter) -> (artifact id: '58015238955f6d83476cf43575d117ef') in 0.0298259 seconds
Number of updated asset objects reloaded before import = 0Number of asset objects unloaded after import = 154

========================================================================
Received Import Request.
  Time since last request: 0.000049 seconds.
  path: Assets/Studio33 Interactive_[BasketBall] v1.1/Animations/Basketball Motions_Generic/1173_DunkCA.fbx
  artifactKey: Guid(1c45cad46e359974a87ba85ca80ff560) Importer(2089858483,b0f066a214c2f5e87bad3c948f4d605d)
Start importing Assets/Studio33 Interactive_[BasketBall] v1.1/Animations/Basketball Motions_Generic/1173_DunkCA.fbx using Guid(1c45cad46e359974a87ba85ca80ff560) Importer(2089858483,b0f066a214c2f5e87bad3c948f4d605d) (ScriptedImporter) -> (artifact id: 'b305ea8dede8adc0200ba3dd167e6b62') in 0.0312736 seconds
Number of updated asset objects reloaded before import = 0Number of asset objects unloaded after import = 152

========================================================================
Received Import Request.
  Time since last request: 0.000058 seconds.
  path: Assets/Studio33 Interactive_[BasketBall] v1.1/Animations/Basketball Motions Humanoid/948_Rebound fB.fbx
  artifactKey: Guid(a97dd908dcf9d4f4da25b45b8f293388) Importer(2089858483,b0f066a214c2f5e87bad3c948f4d605d)
Start importing Assets/Studio33 Interactive_[BasketBall] v1.1/Animations/Basketball Motions Humanoid/948_Rebound fB.fbx using Guid(a97dd908dcf9d4f4da25b45b8f293388) Importer(2089858483,b0f066a214c2f5e87bad3c948f4d605d) (ScriptedImporter) -> (artifact id: 'e311ff8dd83ae469b2d33b954f297bf7') in 0.0318273 seconds
Number of updated asset objects reloaded before import = 0Number of asset objects unloaded after import = 154

========================================================================
Received Import Request.
  Time since last request: 0.000036 seconds.
  path: Assets/Studio33 Interactive_[BasketBall] v1.1/Animations/Basketball Motions Humanoid/116_SidebloshortR.fbx
  artifactKey: Guid(eaad2712f6a6e3548836ad2a87847904) Importer(2089858483,b0f066a214c2f5e87bad3c948f4d605d)
Start importing Assets/Studio33 Interactive_[BasketBall] v1.1/Animations/Basketball Motions Humanoid/116_SidebloshortR.fbx using Guid(eaad2712f6a6e3548836ad2a87847904) Importer(2089858483,b0f066a214c2f5e87bad3c948f4d605d) (ScriptedImporter) -> (artifact id: '753638ada0f2c5deebcbb802d5ce6c8d') in 0.0304033 seconds
Number of updated asset objects reloaded before import = 0Number of asset objects unloaded after import = 154

========================================================================
Received Import Request.
  Time since last request: 0.000048 seconds.
  path: Assets/Studio33 Interactive_[BasketBall] v1.1/Animations/Basketball Motions_Generic/1786_DunkCA.fbx
  artifactKey: Guid(d722d40b25a9a6448a9e6942b46042c5) Importer(2089858483,b0f066a214c2f5e87bad3c948f4d605d)
Start importing Assets/Studio33 Interactive_[BasketBall] v1.1/Animations/Basketball Motions_Generic/1786_DunkCA.fbx using Guid(d722d40b25a9a6448a9e6942b46042c5) Importer(2089858483,b0f066a214c2f5e87bad3c948f4d605d) (ScriptedImporter) -> (artifact id: 'fe7da63c7c4af3f9281d7040f4ae00cf') in 0.0364951 seconds
Number of updated asset objects reloaded before import = 0Number of asset objects unloaded after import = 152

========================================================================
Received Import Request.
  Time since last request: 0.000053 seconds.
  path: Assets/Studio33 Interactive_[BasketBall] v1.1/Animations/Basketball Motions Humanoid/268_CrossThLRLA.fbx
  artifactKey: Guid(24d18672baf018b478b16bb5a8a353aa) Importer(2089858483,b0f066a214c2f5e87bad3c948f4d605d)
Start importing Assets/Studio33 Interactive_[BasketBall] v1.1/Animations/Basketball Motions Humanoid/268_CrossThLRLA.fbx using Guid(24d18672baf018b478b16bb5a8a353aa) Importer(2089858483,b0f066a214c2f5e87bad3c948f4d605d) (ScriptedImporter) -> (artifact id: '45bbbdcfbc457ea117b53c0496302c95') in 0.0307928 seconds
Number of updated asset objects reloaded before import = 0Number of asset objects unloaded after import = 154

========================================================================
Received Import Request.
  Time since last request: 0.000037 seconds.
  path: Assets/Studio33 Interactive_[BasketBall] v1.1/Animations/Basketball Motions_Generic/817_PassKifA.fbx
  artifactKey: Guid(09cbca58d8e848d4cbb223283f5eb331) Importer(2089858483,b0f066a214c2f5e87bad3c948f4d605d)
Start importing Assets/Studio33 Interactive_[BasketBall] v1.1/Animations/Basketball Motions_Generic/817_PassKifA.fbx using Guid(09cbca58d8e848d4cbb223283f5eb331) Importer(2089858483,b0f066a214c2f5e87bad3c948f4d605d) (ScriptedImporter) -> (artifact id: 'ab18d7b06798340725ab69bb13c086e6') in 0.025982 seconds
Number of updated asset objects reloaded before import = 0Number of asset objects unloaded after import = 152

========================================================================
Received Import Request.
  Time since last request: 0.000048 seconds.
  path: Assets/Studio33 Interactive_[BasketBall] v1.1/Animations/Basketball Motions_Generic/2183_PivotLA.fbx
  artifactKey: Guid(04083b5cd10719a4e955043f2b9d6cbc) Importer(2089858483,b0f066a214c2f5e87bad3c948f4d605d)
Start importing Assets/Studio33 Interactive_[BasketBall] v1.1/Animations/Basketball Motions_Generic/2183_PivotLA.fbx using Guid(04083b5cd10719a4e955043f2b9d6cbc) Importer(2089858483,b0f066a214c2f5e87bad3c948f4d605d) (ScriptedImporter) -> (artifact id: '726160a6ea56e1b1ba7f0bdfd83f9559') in 0.0280341 seconds
Number of updated asset objects reloaded before import = 0Number of asset objects unloaded after import = 152

========================================================================
Received Import Request.
  Time since last request: 0.000044 seconds.
  path: Assets/Studio33 Interactive_[BasketBall] v1.1/Animations/Basketball Motions Humanoid/883_PostBafrontA.fbx
  artifactKey: Guid(4d16417ef40d2ff40ba802a2a0792f23) Importer(2089858483,b0f066a214c2f5e87bad3c948f4d605d)
Start importing Assets/Studio33 Interactive_[BasketBall] v1.1/Animations/Basketball Motions Humanoid/883_PostBafrontA.fbx using Guid(4d16417ef40d2ff40ba802a2a0792f23) Importer(2089858483,b0f066a214c2f5e87bad3c948f4d605d) (ScriptedImporter) -> (artifact id: 'e91df2062d02b85fd3c053bb9bd43124') in 0.0330714 seconds
Number of updated asset objects reloaded before import = 0Number of asset objects unloaded after import = 154

========================================================================
Received Import Request.
  Time since last request: 0.000057 seconds.
  path: Assets/Studio33 Interactive_[BasketBall] v1.1/Animations/Basketball Motions_Generic/251_CrossFakeSideStepbarR.fbx
  artifactKey: Guid(7f0717727a1cc5f4d8a67fc2490d0fc6) Importer(2089858483,b0f066a214c2f5e87bad3c948f4d605d)
Start importing Assets/Studio33 Interactive_[BasketBall] v1.1/Animations/Basketball Motions_Generic/251_CrossFakeSideStepbarR.fbx using Guid(7f0717727a1cc5f4d8a67fc2490d0fc6) Importer(2089858483,b0f066a214c2f5e87bad3c948f4d605d) (ScriptedImporter) -> (artifact id: 'c5bbf86a61b223e99f8e6a9b99d11210') in 0.0304244 seconds
Number of updated asset objects reloaded before import = 0Number of asset objects unloaded after import = 152

========================================================================
Received Import Request.
  Time since last request: 0.000031 seconds.
  path: Assets/Studio33 Interactive_[BasketBall] v1.1/Animations/Basketball Motions Humanoid/1943_DunkCRevA.fbx
  artifactKey: Guid(29a2040d39bdaf84bbe9be9b3f8f1247) Importer(2089858483,b0f066a214c2f5e87bad3c948f4d605d)
Start importing Assets/Studio33 Interactive_[BasketBall] v1.1/Animations/Basketball Motions Humanoid/1943_DunkCRevA.fbx using Guid(29a2040d39bdaf84bbe9be9b3f8f1247) Importer(2089858483,b0f066a214c2f5e87bad3c948f4d605d) (ScriptedImporter) -> (artifact id: 'edcb56f0d6039972f0e80c989e4d26ba') in 0.0347821 seconds
Number of updated asset objects reloaded before import = 0Number of asset objects unloaded after import = 154

========================================================================
Received Import Request.
  Time since last request: 0.000040 seconds.
  path: Assets/Studio33 Interactive_[BasketBall] v1.1/Animations/Basketball Motions Humanoid/621_SlidingpassFA.fbx
  artifactKey: Guid(47b3ca3fbbc70d9459bf4e9974fa9990) Importer(2089858483,b0f066a214c2f5e87bad3c948f4d605d)
Start importing Assets/Studio33 Interactive_[BasketBall] v1.1/Animations/Basketball Motions Humanoid/621_SlidingpassFA.fbx using Guid(47b3ca3fbbc70d9459bf4e9974fa9990) Importer(2089858483,b0f066a214c2f5e87bad3c948f4d605d) (ScriptedImporter) -> (artifact id: '84da8930e6ac67015b3e94f707b4f5aa') in 0.029332 seconds
Number of updated asset objects reloaded before import = 0Number of asset objects unloaded after import = 154

========================================================================
Received Import Request.
  Time since last request: 0.000041 seconds.
  path: Assets/Studio33 Interactive_[BasketBall] v1.1/Animations/Basketball Motions Humanoid/1811_DunkRAG.fbx
  artifactKey: Guid(2d29e9a4f4d9d9c4793a5b0b5b2caaa4) Importer(2089858483,b0f066a214c2f5e87bad3c948f4d605d)
Start importing Assets/Studio33 Interactive_[BasketBall] v1.1/Animations/Basketball Motions Humanoid/1811_DunkRAG.fbx using Guid(2d29e9a4f4d9d9c4793a5b0b5b2caaa4) Importer(2089858483,b0f066a214c2f5e87bad3c948f4d605d) (ScriptedImporter) -> (artifact id: '5f1d2432091870c68c8b187a48651f7b') in 0.0302239 seconds
Number of updated asset objects reloaded before import = 0Number of asset objects unloaded after import = 154

========================================================================
Received Import Request.
  Time since last request: 0.000038 seconds.
  path: Assets/Studio33 Interactive_[BasketBall] v1.1/Animations/Basketball Motions_Generic/1502_LayupRA.fbx
  artifactKey: Guid(dff779d1a68a88349894a3eb1068f63a) Importer(2089858483,b0f066a214c2f5e87bad3c948f4d605d)
Start importing Assets/Studio33 Interactive_[BasketBall] v1.1/Animations/Basketball Motions_Generic/1502_LayupRA.fbx using Guid(dff779d1a68a88349894a3eb1068f63a) Importer(2089858483,b0f066a214c2f5e87bad3c948f4d605d) (ScriptedImporter) -> (artifact id: '35df9370b98443d4a4875c69e6cfef6e') in 0.0281448 seconds
Number of updated asset objects reloaded before import = 0Number of asset objects unloaded after import = 152

========================================================================
Received Import Request.
  Time since last request: 0.000040 seconds.
  path: Assets/Studio33 Interactive_[BasketBall] v1.1/Animations/Basketball Motions Humanoid/146_TravRA.fbx
  artifactKey: Guid(22d792f8914f2bb4d93db46692f620de) Importer(2089858483,b0f066a214c2f5e87bad3c948f4d605d)
Start importing Assets/Studio33 Interactive_[BasketBall] v1.1/Animations/Basketball Motions Humanoid/146_TravRA.fbx using Guid(22d792f8914f2bb4d93db46692f620de) Importer(2089858483,b0f066a214c2f5e87bad3c948f4d605d) (ScriptedImporter) -> (artifact id: '086361d8fbffbddc22ff061a06e3e4fb') in 0.0285026 seconds
Number of updated asset objects reloaded before import = 0Number of asset objects unloaded after import = 154

========================================================================
Received Import Request.
  Time since last request: 0.000046 seconds.
  path: Assets/Studio33 Interactive_[BasketBall] v1.1/Animations/Basketball Motions_Generic/925_PostBafrontLayupRA.fbx
  artifactKey: Guid(fea332872a6e0f947919b137a4634720) Importer(2089858483,b0f066a214c2f5e87bad3c948f4d605d)
Start importing Assets/Studio33 Interactive_[BasketBall] v1.1/Animations/Basketball Motions_Generic/925_PostBafrontLayupRA.fbx using Guid(fea332872a6e0f947919b137a4634720) Importer(2089858483,b0f066a214c2f5e87bad3c948f4d605d) (ScriptedImporter) -> (artifact id: 'd08f0ce2ed6554839a1cc925cb1cb933') in 0.0312883 seconds
Number of updated asset objects reloaded before import = 0Number of asset objects unloaded after import = 152

========================================================================
Received Import Request.
  Time since last request: 0.000058 seconds.
  path: Assets/Studio33 Interactive_[BasketBall] v1.1/Animations/Basketball Motions_Generic/1143_DclutchRBaA.fbx
  artifactKey: Guid(e92dad226d483e24f9003eb29db431f0) Importer(2089858483,b0f066a214c2f5e87bad3c948f4d605d)
Start importing Assets/Studio33 Interactive_[BasketBall] v1.1/Animations/Basketball Motions_Generic/1143_DclutchRBaA.fbx using Guid(e92dad226d483e24f9003eb29db431f0) Importer(2089858483,b0f066a214c2f5e87bad3c948f4d605d) (ScriptedImporter) -> (artifact id: '58b66ffdddef976b990fbadb4928626a') in 0.0293097 seconds
Number of updated asset objects reloaded before import = 0Number of asset objects unloaded after import = 152

========================================================================
Received Import Request.
  Time since last request: 0.000034 seconds.
  path: Assets/Studio33 Interactive_[BasketBall] v1.1/Animations/Basketball Motions Humanoid/975_Rebound B.fbx
  artifactKey: Guid(978f412c6641a2845986d7258054605b) Importer(2089858483,b0f066a214c2f5e87bad3c948f4d605d)
Start importing Assets/Studio33 Interactive_[BasketBall] v1.1/Animations/Basketball Motions Humanoid/975_Rebound B.fbx using Guid(978f412c6641a2845986d7258054605b) Importer(2089858483,b0f066a214c2f5e87bad3c948f4d605d) (ScriptedImporter) -> (artifact id: 'eb322839a4c0cde016fae0a2dffffeae') in 0.028126 seconds
Number of updated asset objects reloaded before import = 0Number of asset objects unloaded after import = 154

========================================================================
Received Import Request.
  Time since last request: 0.000028 seconds.
  path: Assets/Studio33 Interactive_[BasketBall] v1.1/Animations/Basketball Motions Humanoid/398_CutoutRLA.fbx
  artifactKey: Guid(64de5f23bbdc46445a5e563bbb2f5185) Importer(2089858483,b0f066a214c2f5e87bad3c948f4d605d)
Start importing Assets/Studio33 Interactive_[BasketBall] v1.1/Animations/Basketball Motions Humanoid/398_CutoutRLA.fbx using Guid(64de5f23bbdc46445a5e563bbb2f5185) Importer(2089858483,b0f066a214c2f5e87bad3c948f4d605d) (ScriptedImporter) -> (artifact id: '6198be28e9f1be1c008695593a712403') in 0.0280939 seconds
Number of updated asset objects reloaded before import = 0Number of asset objects unloaded after import = 154

========================================================================
Received Import Request.
  Time since last request: 0.000067 seconds.
  path: Assets/Studio33 Interactive_[BasketBall] v1.1/33_basket ball test animations/player/Back_number/Back_number_R/Rack_number_R_c17.png
  artifactKey: Guid(3d9d28d585bed8c4fae278f08e9d88b7) Importer(2089858483,b0f066a214c2f5e87bad3c948f4d605d)
Start importing Assets/Studio33 Interactive_[BasketBall] v1.1/33_basket ball test animations/player/Back_number/Back_number_R/Rack_number_R_c17.png using Guid(3d9d28d585bed8c4fae278f08e9d88b7) Importer(2089858483,b0f066a214c2f5e87bad3c948f4d605d) (ScriptedImporter) -> (artifact id: 'f3a3175ad6ee789d3f29c79da75a616f') in 0.0183834 seconds
Number of updated asset objects reloaded before import = 0Number of asset objects unloaded after import = 1

========================================================================
Received Import Request.
  Time since last request: 0.000029 seconds.
  path: Assets/Studio33 Interactive_[BasketBall] v1.1/Animations/Basketball Motions_Generic/875_PassreqRightA.fbx
  artifactKey: Guid(4744cf18a2dc3d443ac38371e556e863) Importer(2089858483,b0f066a214c2f5e87bad3c948f4d605d)
Start importing Assets/Studio33 Interactive_[BasketBall] v1.1/Animations/Basketball Motions_Generic/875_PassreqRightA.fbx using Guid(4744cf18a2dc3d443ac38371e556e863) Importer(2089858483,b0f066a214c2f5e87bad3c948f4d605d) (ScriptedImporter) -> (artifact id: 'b9354282e43f5962e5076b7323798897') in 0.0263176 seconds
Number of updated asset objects reloaded before import = 0Number of asset objects unloaded after import = 152

========================================================================
Received Import Request.
  Time since last request: 0.000047 seconds.
  path: Assets/Studio33 Interactive_[BasketBall] v1.1/Animations/Basketball Motions_Generic/298_NutmegThrowRR.fbx
  artifactKey: Guid(5f9124c5694ed3544a1675877dd5411d) Importer(2089858483,b0f066a214c2f5e87bad3c948f4d605d)
Start importing Assets/Studio33 Interactive_[BasketBall] v1.1/Animations/Basketball Motions_Generic/298_NutmegThrowRR.fbx using Guid(5f9124c5694ed3544a1675877dd5411d) Importer(2089858483,b0f066a214c2f5e87bad3c948f4d605d) (ScriptedImporter) -> (artifact id: '6ef371710d93c3e362ab7475d6860d5b') in 0.0371291 seconds
Number of updated asset objects reloaded before import = 0Number of asset objects unloaded after import = 152

========================================================================
Received Import Request.
  Time since last request: 0.000034 seconds.
  path: Assets/Studio33 Interactive_[BasketBall] v1.1/Animations/Basketball Motions_Generic/791_AlleyooppassCA.fbx
  artifactKey: Guid(476c81fd1d82f2f4ba7940b68976f53b) Importer(2089858483,b0f066a214c2f5e87bad3c948f4d605d)
Start importing Assets/Studio33 Interactive_[BasketBall] v1.1/Animations/Basketball Motions_Generic/791_AlleyooppassCA.fbx using Guid(476c81fd1d82f2f4ba7940b68976f53b) Importer(2089858483,b0f066a214c2f5e87bad3c948f4d605d) (ScriptedImporter) -> (artifact id: '750ae5dce3a902be10281205839956e7') in 0.0275964 seconds
Number of updated asset objects reloaded before import = 0Number of asset objects unloaded after import = 152

========================================================================
Received Import Request.
  Time since last request: 0.000057 seconds.
  path: Assets/Studio33 Interactive_[BasketBall] v1.1/Animations/Basketball Motions_Generic/812_PostBackingpassKirA.fbx
  artifactKey: Guid(dce7e8f98535ea346b0a0395a47cb2cf) Importer(2089858483,b0f066a214c2f5e87bad3c948f4d605d)
Start importing Assets/Studio33 Interactive_[BasketBall] v1.1/Animations/Basketball Motions_Generic/812_PostBackingpassKirA.fbx using Guid(dce7e8f98535ea346b0a0395a47cb2cf) Importer(2089858483,b0f066a214c2f5e87bad3c948f4d605d) (ScriptedImporter) -> (artifact id: 'c45f8b071d73dc6d2aff12c985b9ba44') in 0.0265072 seconds
Number of updated asset objects reloaded before import = 0Number of asset objects unloaded after import = 152

========================================================================
Received Import Request.
  Time since last request: 0.000039 seconds.
  path: Assets/Studio33 Interactive_[BasketBall] v1.1/Animations/Basketball Motions_Generic/1020_Rebound fC.fbx
  artifactKey: Guid(fa35b261d9c75564299ab44372193b46) Importer(2089858483,b0f066a214c2f5e87bad3c948f4d605d)
Start importing Assets/Studio33 Interactive_[BasketBall] v1.1/Animations/Basketball Motions_Generic/1020_Rebound fC.fbx using Guid(fa35b261d9c75564299ab44372193b46) Importer(2089858483,b0f066a214c2f5e87bad3c948f4d605d) (ScriptedImporter) -> (artifact id: '2a629a3e9baa8222d374f0f21065d04e') in 0.024936 seconds
Number of updated asset objects reloaded before import = 0Number of asset objects unloaded after import = 152

========================================================================
Received Import Request.
  Time since last request: 0.000034 seconds.
  path: Assets/Studio33 Interactive_[BasketBall] v1.1/Animations/Basketball Motions Humanoid/732_ShootpassLayupLongFrontA.fbx
  artifactKey: Guid(034ca428cc6d61140918e1de649ecdaa) Importer(2089858483,b0f066a214c2f5e87bad3c948f4d605d)
Start importing Assets/Studio33 Interactive_[BasketBall] v1.1/Animations/Basketball Motions Humanoid/732_ShootpassLayupLongFrontA.fbx using Guid(034ca428cc6d61140918e1de649ecdaa) Importer(2089858483,b0f066a214c2f5e87bad3c948f4d605d) (ScriptedImporter) -> (artifact id: '7a314e9698e17c264597145a20c41704') in 0.0304226 seconds
Number of updated asset objects reloaded before import = 0Number of asset objects unloaded after import = 154

========================================================================
Received Import Request.
  Time since last request: 0.000046 seconds.
  path: Assets/Studio33 Interactive_[BasketBall] v1.1/Animations/Basketball Motions Humanoid/1164_DunkCA.fbx
  artifactKey: Guid(3ee9cac4d24099f46827cd2b23dd4f77) Importer(2089858483,b0f066a214c2f5e87bad3c948f4d605d)
Start importing Assets/Studio33 Interactive_[BasketBall] v1.1/Animations/Basketball Motions Humanoid/1164_DunkCA.fbx using Guid(3ee9cac4d24099f46827cd2b23dd4f77) Importer(2089858483,b0f066a214c2f5e87bad3c948f4d605d) (ScriptedImporter) -> (artifact id: '78d7b3342a735dbd87cc2d4124e16abe') in 0.0316555 seconds
Number of updated asset objects reloaded before import = 0Number of asset objects unloaded after import = 154

========================================================================
Received Import Request.
  Time since last request: 0.000052 seconds.
  path: Assets/Studio33 Interactive_[BasketBall] v1.1/Animations/Basketball Motions Humanoid/1964_JumpshotPullupFA.fbx
  artifactKey: Guid(dca4fa37e26d4f94fadae964fb044228) Importer(2089858483,b0f066a214c2f5e87bad3c948f4d605d)
Start importing Assets/Studio33 Interactive_[BasketBall] v1.1/Animations/Basketball Motions Humanoid/1964_JumpshotPullupFA.fbx using Guid(dca4fa37e26d4f94fadae964fb044228) Importer(2089858483,b0f066a214c2f5e87bad3c948f4d605d) (ScriptedImporter) -> (artifact id: 'd0cb833ee58998580e7ab511d59f2163') in 0.0350349 seconds
Number of updated asset objects reloaded before import = 0Number of asset objects unloaded after import = 154

========================================================================
Received Import Request.
  Time since last request: 0.000037 seconds.
  path: Assets/Studio33 Interactive_[BasketBall] v1.1/Animations/Basketball Motions Humanoid/486_Dribbleright.fbx
  artifactKey: Guid(27977421bab34a74bb1f6690c82fa5ba) Importer(2089858483,b0f066a214c2f5e87bad3c948f4d605d)
Start importing Assets/Studio33 Interactive_[BasketBall] v1.1/Animations/Basketball Motions Humanoid/486_Dribbleright.fbx using Guid(27977421bab34a74bb1f6690c82fa5ba) Importer(2089858483,b0f066a214c2f5e87bad3c948f4d605d) (ScriptedImporter) -> (artifact id: 'a353c1122bac6733b53e11c9ba56f796') in 0.0293729 seconds
Number of updated asset objects reloaded before import = 0Number of asset objects unloaded after import = 154

========================================================================
Received Import Request.
  Time since last request: 0.000036 seconds.
  path: Assets/Studio33 Interactive_[BasketBall] v1.1/Animations/Basketball Motions_Generic/1730_DunkRA.fbx
  artifactKey: Guid(e9c536c598c53bd4c9618f449224c021) Importer(2089858483,b0f066a214c2f5e87bad3c948f4d605d)
Start importing Assets/Studio33 Interactive_[BasketBall] v1.1/Animations/Basketball Motions_Generic/1730_DunkRA.fbx using Guid(e9c536c598c53bd4c9618f449224c021) Importer(2089858483,b0f066a214c2f5e87bad3c948f4d605d) (ScriptedImporter) -> (artifact id: 'a805e4b1da10119e1b3f330dadcdecba') in 0.0259527 seconds
Number of updated asset objects reloaded before import = 0Number of asset objects unloaded after import = 152

========================================================================
Received Import Request.
  Time since last request: 0.000041 seconds.
  path: Assets/Studio33 Interactive_[BasketBall] v1.1/Animations/Basketball Motions Humanoid/2209_Dribblele.fbx
  artifactKey: Guid(662cc3a7a1b3fb048b00d546ba733371) Importer(2089858483,b0f066a214c2f5e87bad3c948f4d605d)
Start importing Assets/Studio33 Interactive_[BasketBall] v1.1/Animations/Basketball Motions Humanoid/2209_Dribblele.fbx using Guid(662cc3a7a1b3fb048b00d546ba733371) Importer(2089858483,b0f066a214c2f5e87bad3c948f4d605d) (ScriptedImporter) -> (artifact id: '4ab5b9fbf24a6a855f62f84a6de610b3') in 0.0315913 seconds
Number of updated asset objects reloaded before import = 0Number of asset objects unloaded after import = 154

========================================================================
Received Import Request.
  Time since last request: 0.000046 seconds.
  path: Assets/Studio33 Interactive_[BasketBall] v1.1/Animations/Basketball Motions_Generic/1649_DunkCA.fbx
  artifactKey: Guid(9f3b303e60c89404a829847af94177cc) Importer(2089858483,b0f066a214c2f5e87bad3c948f4d605d)
Start importing Assets/Studio33 Interactive_[BasketBall] v1.1/Animations/Basketball Motions_Generic/1649_DunkCA.fbx using Guid(9f3b303e60c89404a829847af94177cc) Importer(2089858483,b0f066a214c2f5e87bad3c948f4d605d) (ScriptedImporter) -> (artifact id: 'abd37df7d0492969900dac1d534aaf9b') in 0.0298304 seconds
Number of updated asset objects reloaded before import = 0Number of asset objects unloaded after import = 152

========================================================================
Received Import Request.
  Time since last request: 0.000030 seconds.
  path: Assets/Studio33 Interactive_[BasketBall] v1.1/Animations/Basketball Motions_Generic/278_CrossoverStepbarLA.fbx
  artifactKey: Guid(7a33749600bcb094bb246f4326c027f7) Importer(2089858483,b0f066a214c2f5e87bad3c948f4d605d)
Start importing Assets/Studio33 Interactive_[BasketBall] v1.1/Animations/Basketball Motions_Generic/278_CrossoverStepbarLA.fbx using Guid(7a33749600bcb094bb246f4326c027f7) Importer(2089858483,b0f066a214c2f5e87bad3c948f4d605d) (ScriptedImporter) -> (artifact id: '9eff603f58689bcaf7b9afccc4c237d6') in 0.0325992 seconds
Number of updated asset objects reloaded before import = 0Number of asset objects unloaded after import = 152

========================================================================
Received Import Request.
  Time since last request: 0.000044 seconds.
  path: Assets/Studio33 Interactive_[BasketBall] v1.1/Animations/Basketball Motions Humanoid/869_PassinmissBadTravellingA.fbx
  artifactKey: Guid(05682660fe8a61645899ba920a2d0159) Importer(2089858483,b0f066a214c2f5e87bad3c948f4d605d)
Start importing Assets/Studio33 Interactive_[BasketBall] v1.1/Animations/Basketball Motions Humanoid/869_PassinmissBadTravellingA.fbx using Guid(05682660fe8a61645899ba920a2d0159) Importer(2089858483,b0f066a214c2f5e87bad3c948f4d605d) (ScriptedImporter) -> (artifact id: 'feee34e3c274a2c46ecc798b03bd68d7') in 0.0296213 seconds
Number of updated asset objects reloaded before import = 0Number of asset objects unloaded after import = 154

========================================================================
Received Import Request.
  Time since last request: 0.000042 seconds.
  path: Assets/Studio33 Interactive_[BasketBall] v1.1/Animations/Basketball Motions Humanoid/1305_DunkRAC.fbx
  artifactKey: Guid(9089dee0ccec60d4e98189363807df72) Importer(2089858483,b0f066a214c2f5e87bad3c948f4d605d)
Start importing Assets/Studio33 Interactive_[BasketBall] v1.1/Animations/Basketball Motions Humanoid/1305_DunkRAC.fbx using Guid(9089dee0ccec60d4e98189363807df72) Importer(2089858483,b0f066a214c2f5e87bad3c948f4d605d) (ScriptedImporter) -> (artifact id: '0a2f33a29cf777b93d71ce288cf99d2c') in 0.0291703 seconds
Number of updated asset objects reloaded before import = 0Number of asset objects unloaded after import = 154

========================================================================
Received Import Request.
  Time since last request: 0.000036 seconds.
  path: Assets/Studio33 Interactive_[BasketBall] v1.1/Animations/Basketball Motions Humanoid/1554_LayupRevRA.fbx
  artifactKey: Guid(2ea26612e54757b41bbb6b07a373e46d) Importer(2089858483,b0f066a214c2f5e87bad3c948f4d605d)
Start importing Assets/Studio33 Interactive_[BasketBall] v1.1/Animations/Basketball Motions Humanoid/1554_LayupRevRA.fbx using Guid(2ea26612e54757b41bbb6b07a373e46d) Importer(2089858483,b0f066a214c2f5e87bad3c948f4d605d) (ScriptedImporter) -> (artifact id: '61ab566bc4c97d3012998f6a926202c3') in 0.0269584 seconds
Number of updated asset objects reloaded before import = 0Number of asset objects unloaded after import = 154

========================================================================
Received Import Request.
  Time since last request: 0.000041 seconds.
  path: Assets/Studio33 Interactive_[BasketBall] v1.1/Animations/Basketball Motions_Generic/1392_JumpshotReadyFake.fbx
  artifactKey: Guid(8a20ca2e8ea19dd4fa82dd55009ed1ac) Importer(2089858483,b0f066a214c2f5e87bad3c948f4d605d)
Start importing Assets/Studio33 Interactive_[BasketBall] v1.1/Animations/Basketball Motions_Generic/1392_JumpshotReadyFake.fbx using Guid(8a20ca2e8ea19dd4fa82dd55009ed1ac) Importer(2089858483,b0f066a214c2f5e87bad3c948f4d605d) (ScriptedImporter) -> (artifact id: '64ea6feedcf40a422346185b76fcd91d') in 0.0273655 seconds
Number of updated asset objects reloaded before import = 0Number of asset objects unloaded after import = 152

========================================================================
Received Import Request.
  Time since last request: 0.000052 seconds.
  path: Assets/Studio33 Interactive_[BasketBall] v1.1/Animations/Basketball Motions_Generic/158_AirBigBaA.fbx
  artifactKey: Guid(e8ddb00445b5848418c46a546c4fbbf2) Importer(2089858483,b0f066a214c2f5e87bad3c948f4d605d)
Start importing Assets/Studio33 Interactive_[BasketBall] v1.1/Animations/Basketball Motions_Generic/158_AirBigBaA.fbx using Guid(e8ddb00445b5848418c46a546c4fbbf2) Importer(2089858483,b0f066a214c2f5e87bad3c948f4d605d) (ScriptedImporter) -> (artifact id: 'e89138ebb977f9eaf05a5cf1809d89cd') in 0.0332313 seconds
Number of updated asset objects reloaded before import = 0Number of asset objects unloaded after import = 152

========================================================================
Received Import Request.
  Time since last request: 0.000047 seconds.
  path: Assets/Studio33 Interactive_[BasketBall] v1.1/Animations/Basketball Motions_Generic/1471_JumpshotMFakeA.fbx
  artifactKey: Guid(34fa834076e963546a932c353418354d) Importer(2089858483,b0f066a214c2f5e87bad3c948f4d605d)
Start importing Assets/Studio33 Interactive_[BasketBall] v1.1/Animations/Basketball Motions_Generic/1471_JumpshotMFakeA.fbx using Guid(34fa834076e963546a932c353418354d) Importer(2089858483,b0f066a214c2f5e87bad3c948f4d605d) (ScriptedImporter) -> (artifact id: 'aac6465d7d96f7dbd26598f9b3730609') in 0.0270127 seconds
Number of updated asset objects reloaded before import = 0Number of asset objects unloaded after import = 152

========================================================================
Received Import Request.
  Time since last request: 0.000032 seconds.
  path: Assets/Studio33 Interactive_[BasketBall] v1.1/Animations/Basketball Motions_Generic/2153_StealdodgeA.fbx
  artifactKey: Guid(dff40c6daad2a8a409a20da2f2ad561b) Importer(2089858483,b0f066a214c2f5e87bad3c948f4d605d)
Start importing Assets/Studio33 Interactive_[BasketBall] v1.1/Animations/Basketball Motions_Generic/2153_StealdodgeA.fbx using Guid(dff40c6daad2a8a409a20da2f2ad561b) Importer(2089858483,b0f066a214c2f5e87bad3c948f4d605d) (ScriptedImporter) -> (artifact id: '299941a25bef2f4e03c47532c8033f72') in 0.0254126 seconds
Number of updated asset objects reloaded before import = 0Number of asset objects unloaded after import = 152

========================================================================
Received Import Request.
  Time since last request: 0.000053 seconds.
  path: Assets/Studio33 Interactive_[BasketBall] v1.1/Animations/Basketball Motions Humanoid/1477_AlleyoopCLA.fbx
  artifactKey: Guid(030d366d40ec97448b8c84a02ce7b476) Importer(2089858483,b0f066a214c2f5e87bad3c948f4d605d)
Start importing Assets/Studio33 Interactive_[BasketBall] v1.1/Animations/Basketball Motions Humanoid/1477_AlleyoopCLA.fbx using Guid(030d366d40ec97448b8c84a02ce7b476) Importer(2089858483,b0f066a214c2f5e87bad3c948f4d605d) (ScriptedImporter) -> (artifact id: '5ef1074e896868caaa38e7c9ba4ec214') in 0.0301857 seconds
Number of updated asset objects reloaded before import = 0Number of asset objects unloaded after import = 154

========================================================================
Received Import Request.
  Time since last request: 0.000045 seconds.
  path: Assets/Studio33 Interactive_[BasketBall] v1.1/Animations/Basketball Motions Humanoid/940_ChipoutA.fbx
  artifactKey: Guid(0cf3506e0d96f554a963a3de31100191) Importer(2089858483,b0f066a214c2f5e87bad3c948f4d605d)
Start importing Assets/Studio33 Interactive_[BasketBall] v1.1/Animations/Basketball Motions Humanoid/940_ChipoutA.fbx using Guid(0cf3506e0d96f554a963a3de31100191) Importer(2089858483,b0f066a214c2f5e87bad3c948f4d605d) (ScriptedImporter) -> (artifact id: '3413e087a275525db9959336db623318') in 0.030463 seconds
Number of updated asset objects reloaded before import = 0Number of asset objects unloaded after import = 154

========================================================================
Received Import Request.
  Time since last request: 0.000055 seconds.
  path: Assets/Studio33 Interactive_[BasketBall] v1.1/Animations/Basketball Motions_Generic/2002_DunkRC.fbx
  artifactKey: Guid(2daae8204c8f2f54d813acdcf53d57ab) Importer(2089858483,b0f066a214c2f5e87bad3c948f4d605d)
Start importing Assets/Studio33 Interactive_[BasketBall] v1.1/Animations/Basketball Motions_Generic/2002_DunkRC.fbx using Guid(2daae8204c8f2f54d813acdcf53d57ab) Importer(2089858483,b0f066a214c2f5e87bad3c948f4d605d) (ScriptedImporter) -> (artifact id: '5e90e45b44eb68ac772cc789b221b533') in 0.0359319 seconds
Number of updated asset objects reloaded before import = 0Number of asset objects unloaded after import = 152

========================================================================
Received Import Request.
  Time since last request: 0.000037 seconds.
  path: Assets/Studio33 Interactive_[BasketBall] v1.1/Animations/Basketball Motions_Generic/50_BlockingckncatchLongFarLayupFA.fbx
  artifactKey: Guid(2e96d2caa94ec4b4cbd6cc904f60740d) Importer(2089858483,b0f066a214c2f5e87bad3c948f4d605d)
Start importing Assets/Studio33 Interactive_[BasketBall] v1.1/Animations/Basketball Motions_Generic/50_BlockingckncatchLongFarLayupFA.fbx using Guid(2e96d2caa94ec4b4cbd6cc904f60740d) Importer(2089858483,b0f066a214c2f5e87bad3c948f4d605d) (ScriptedImporter) -> (artifact id: '1555f74a1c174d1119b06fa75e0b2fa9') in 0.0300479 seconds
Number of updated asset objects reloaded before import = 0Number of asset objects unloaded after import = 152

========================================================================
Received Import Request.
  Time since last request: 0.000037 seconds.
  path: Assets/Studio33 Interactive_[BasketBall] v1.1/Animations/Basketball Motions_Generic/1242_LayupfakeLayupRA.fbx
  artifactKey: Guid(55a05566c0bbf1b47a74227e0d6add66) Importer(2089858483,b0f066a214c2f5e87bad3c948f4d605d)
Start importing Assets/Studio33 Interactive_[BasketBall] v1.1/Animations/Basketball Motions_Generic/1242_LayupfakeLayupRA.fbx using Guid(55a05566c0bbf1b47a74227e0d6add66) Importer(2089858483,b0f066a214c2f5e87bad3c948f4d605d) (ScriptedImporter) -> (artifact id: '152e70d4170f19e07900292e5ac2ff8a') in 0.0274344 seconds
Number of updated asset objects reloaded before import = 0Number of asset objects unloaded after import = 152

========================================================================
Received Import Request.
  Time since last request: 0.000059 seconds.
  path: Assets/Studio33 Interactive_[BasketBall] v1.1/33_basket ball test animations/player/number.mat
  artifactKey: Guid(1bf23449c75491e4cae63807bf6920ff) Importer(2089858483,b0f066a214c2f5e87bad3c948f4d605d)
Start importing Assets/Studio33 Interactive_[BasketBall] v1.1/33_basket ball test animations/player/number.mat using Guid(1bf23449c75491e4cae63807bf6920ff) Importer(2089858483,b0f066a214c2f5e87bad3c948f4d605d) (ScriptedImporter) -> (artifact id: '79b672c0bfc70967fadfba9d9fd9e16c') in 0.0605108 seconds
Number of updated asset objects reloaded before import = 0Number of asset objects unloaded after import = 2

========================================================================
Received Import Request.
  Time since last request: 0.000035 seconds.
  path: Assets/Studio33 Interactive_[BasketBall] v1.1/Animations/Basketball Motions_Generic/1421_TossShootFA.fbx
  artifactKey: Guid(a5ed4278294b25242ba365f24609580f) Importer(2089858483,b0f066a214c2f5e87bad3c948f4d605d)
Start importing Assets/Studio33 Interactive_[BasketBall] v1.1/Animations/Basketball Motions_Generic/1421_TossShootFA.fbx using Guid(a5ed4278294b25242ba365f24609580f) Importer(2089858483,b0f066a214c2f5e87bad3c948f4d605d) (ScriptedImporter) -> (artifact id: 'c23270032ca9c814f89ef7487ad85f24') in 0.0273826 seconds
Number of updated asset objects reloaded before import = 0Number of asset objects unloaded after import = 152

========================================================================
Received Import Request.
  Time since last request: 0.000048 seconds.
  path: Assets/Studio33 Interactive_[BasketBall] v1.1/Animations/Basketball Motions_Generic/1353_JumpshotMA.fbx
  artifactKey: Guid(be9d3edcbcf6a6e42a9dce79c4c55918) Importer(2089858483,b0f066a214c2f5e87bad3c948f4d605d)
Start importing Assets/Studio33 Interactive_[BasketBall] v1.1/Animations/Basketball Motions_Generic/1353_JumpshotMA.fbx using Guid(be9d3edcbcf6a6e42a9dce79c4c55918) Importer(2089858483,b0f066a214c2f5e87bad3c948f4d605d) (ScriptedImporter) -> (artifact id: '000cb9e6bb45f64a11c6b958d730a0a3') in 0.0279703 seconds
Number of updated asset objects reloaded before import = 0Number of asset objects unloaded after import = 152

========================================================================
Received Import Request.
  Time since last request: 0.000049 seconds.
  path: Assets/Studio33 Interactive_[BasketBall] v1.1/Animations/Basketball Motions_Generic/1911_DunkRA.fbx
  artifactKey: Guid(3526a3a7607e6c24bbe93c3a613c41df) Importer(2089858483,b0f066a214c2f5e87bad3c948f4d605d)
Start importing Assets/Studio33 Interactive_[BasketBall] v1.1/Animations/Basketball Motions_Generic/1911_DunkRA.fbx using Guid(3526a3a7607e6c24bbe93c3a613c41df) Importer(2089858483,b0f066a214c2f5e87bad3c948f4d605d) (ScriptedImporter) -> (artifact id: '7a02e3fdf9cb507a4befe01a45a2b712') in 0.0280018 seconds
Number of updated asset objects reloaded before import = 0Number of asset objects unloaded after import = 152

========================================================================
Received Import Request.
  Time since last request: 0.000042 seconds.
  path: Assets/Studio33 Interactive_[BasketBall] v1.1/Animations/Basketball Motions_Generic/369_CrossFakeBehirL.fbx
  artifactKey: Guid(e4194c8d84ba7fd42b3cc4d98b050d5e) Importer(2089858483,b0f066a214c2f5e87bad3c948f4d605d)
Start importing Assets/Studio33 Interactive_[BasketBall] v1.1/Animations/Basketball Motions_Generic/369_CrossFakeBehirL.fbx using Guid(e4194c8d84ba7fd42b3cc4d98b050d5e) Importer(2089858483,b0f066a214c2f5e87bad3c948f4d605d) (ScriptedImporter) -> (artifact id: 'dd601320c62a4f54b3ad3b703bb39808') in 0.0317215 seconds
Number of updated asset objects reloaded before import = 0Number of asset objects unloaded after import = 152

========================================================================
Received Import Request.
  Time since last request: 0.000044 seconds.
  path: Assets/Studio33 Interactive_[BasketBall] v1.1/Animations/Basketball Motions Humanoid/1537_JumpshotCA.fbx
  artifactKey: Guid(918b04a9edb3c994893d53bfcd1bc16c) Importer(2089858483,b0f066a214c2f5e87bad3c948f4d605d)
Start importing Assets/Studio33 Interactive_[BasketBall] v1.1/Animations/Basketball Motions Humanoid/1537_JumpshotCA.fbx using Guid(918b04a9edb3c994893d53bfcd1bc16c) Importer(2089858483,b0f066a214c2f5e87bad3c948f4d605d) (ScriptedImporter) -> (artifact id: 'd509a95a4f5c266c6fcae3f172ffd675') in 0.0345073 seconds
Number of updated asset objects reloaded before import = 0Number of asset objects unloaded after import = 154

========================================================================
Received Import Request.
  Time since last request: 0.000039 seconds.
  path: Assets/Studio33 Interactive_[BasketBall] v1.1/Animations/Basketball Motions_Generic/692_CrossPassChestLA.fbx
  artifactKey: Guid(beab6cf3d023ae04b8f47f2354b6a435) Importer(2089858483,b0f066a214c2f5e87bad3c948f4d605d)
Start importing Assets/Studio33 Interactive_[BasketBall] v1.1/Animations/Basketball Motions_Generic/692_CrossPassChestLA.fbx using Guid(beab6cf3d023ae04b8f47f2354b6a435) Importer(2089858483,b0f066a214c2f5e87bad3c948f4d605d) (ScriptedImporter) -> (artifact id: 'c118766abfa934dd3532e938aa4ba651') in 0.0274476 seconds
Number of updated asset objects reloaded before import = 0Number of asset objects unloaded after import = 152

========================================================================
Received Import Request.
  Time since last request: 0.000053 seconds.
  path: Assets/Studio33 Interactive_[BasketBall] v1.1/33_basket ball test animations/player/basket ball player_occ.png
  artifactKey: Guid(3c5d4297336361b49a218bc62d58f25e) Importer(2089858483,b0f066a214c2f5e87bad3c948f4d605d)
Start importing Assets/Studio33 Interactive_[BasketBall] v1.1/33_basket ball test animations/player/basket ball player_occ.png using Guid(3c5d4297336361b49a218bc62d58f25e) Importer(2089858483,b0f066a214c2f5e87bad3c948f4d605d) (ScriptedImporter) -> (artifact id: '19c763e7a89a7883250700e34344d8ef') in 0.022026 seconds
Number of updated asset objects reloaded before import = 0Number of asset objects unloaded after import = 1

========================================================================
Received Import Request.
  Time since last request: 0.000036 seconds.
  path: Assets/Studio33 Interactive_[BasketBall] v1.1/Animations/Basketball Motions_Generic/418_MarkDefenceFF.fbx
  artifactKey: Guid(7e0ddb3cb27fb9446bcbad365db2cac7) Importer(2089858483,b0f066a214c2f5e87bad3c948f4d605d)
Start importing Assets/Studio33 Interactive_[BasketBall] v1.1/Animations/Basketball Motions_Generic/418_MarkDefenceFF.fbx using Guid(7e0ddb3cb27fb9446bcbad365db2cac7) Importer(2089858483,b0f066a214c2f5e87bad3c948f4d605d) (ScriptedImporter) -> (artifact id: '543df53214acb3e86608fe17efb8cae9') in 0.0253005 seconds
Number of updated asset objects reloaded before import = 0Number of asset objects unloaded after import = 152

========================================================================
Received Import Request.
  Time since last request: 0.000036 seconds.
  path: Assets/Studio33 Interactive_[BasketBall] v1.1/Animations/Basketball Motions Humanoid/446_MarkPressdefence.fbx
  artifactKey: Guid(b52094412f740ee46b5e926ee3b471fc) Importer(2089858483,b0f066a214c2f5e87bad3c948f4d605d)
Start importing Assets/Studio33 Interactive_[BasketBall] v1.1/Animations/Basketball Motions Humanoid/446_MarkPressdefence.fbx using Guid(b52094412f740ee46b5e926ee3b471fc) Importer(2089858483,b0f066a214c2f5e87bad3c948f4d605d) (ScriptedImporter) -> (artifact id: '8f878d3944858f9e6929cde2c9585efa') in 0.0298218 seconds
Number of updated asset objects reloaded before import = 0Number of asset objects unloaded after import = 154

========================================================================
Received Import Request.
  Time since last request: 0.000049 seconds.
  path: Assets/Studio33 Interactive_[BasketBall] v1.1/Animations/Basketball Motions Humanoid/1918_DunkRA.fbx
  artifactKey: Guid(42a32e857ecf7e74c80c5182ddeb6ff3) Importer(2089858483,b0f066a214c2f5e87bad3c948f4d605d)
Start importing Assets/Studio33 Interactive_[BasketBall] v1.1/Animations/Basketball Motions Humanoid/1918_DunkRA.fbx using Guid(42a32e857ecf7e74c80c5182ddeb6ff3) Importer(2089858483,b0f066a214c2f5e87bad3c948f4d605d) (ScriptedImporter) -> (artifact id: 'da3e8894a0e2ea846c4b3f9e974a3480') in 0.0514487 seconds
Number of updated asset objects reloaded before import = 0Number of asset objects unloaded after import = 154

========================================================================
Received Import Request.
  Time since last request: 0.000050 seconds.
  path: Assets/Studio33 Interactive_[BasketBall] v1.1/Animations/Basketball Motions Humanoid/1782_DunkCA.fbx
  artifactKey: Guid(e2651095cc12d934d8a42f279044768c) Importer(2089858483,b0f066a214c2f5e87bad3c948f4d605d)
Start importing Assets/Studio33 Interactive_[BasketBall] v1.1/Animations/Basketball Motions Humanoid/1782_DunkCA.fbx using Guid(e2651095cc12d934d8a42f279044768c) Importer(2089858483,b0f066a214c2f5e87bad3c948f4d605d) (ScriptedImporter) -> (artifact id: '541af98b3fe163b0764287b7ee8f9c1f') in 0.0316826 seconds
Number of updated asset objects reloaded before import = 0Number of asset objects unloaded after import = 154

========================================================================
Received Import Request.
  Time since last request: 0.000028 seconds.
  path: Assets/Studio33 Interactive_[BasketBall] v1.1/Animations/Basketball Motions_Generic/2190_C.fbx
  artifactKey: Guid(b5e5330b4eefc1142ac4ba4e9c76885b) Importer(2089858483,b0f066a214c2f5e87bad3c948f4d605d)
Start importing Assets/Studio33 Interactive_[BasketBall] v1.1/Animations/Basketball Motions_Generic/2190_C.fbx using Guid(b5e5330b4eefc1142ac4ba4e9c76885b) Importer(2089858483,b0f066a214c2f5e87bad3c948f4d605d) (ScriptedImporter) -> (artifact id: '7812791b553487ee475b49ce39ec1699') in 0.0280591 seconds
Number of updated asset objects reloaded before import = 0Number of asset objects unloaded after import = 152

========================================================================
Received Import Request.
  Time since last request: 0.000038 seconds.
  path: Assets/Studio33 Interactive_[BasketBall] v1.1/Animations/Basketball Motions_Generic/1035_TappassTapFB.fbx
  artifactKey: Guid(2eb3f224b3c4cf6418668827440aa686) Importer(2089858483,b0f066a214c2f5e87bad3c948f4d605d)
Start importing Assets/Studio33 Interactive_[BasketBall] v1.1/Animations/Basketball Motions_Generic/1035_TappassTapFB.fbx using Guid(2eb3f224b3c4cf6418668827440aa686) Importer(2089858483,b0f066a214c2f5e87bad3c948f4d605d) (ScriptedImporter) -> (artifact id: 'f61760ff62b58a7a77764a9809828ddc') in 0.0291626 seconds
Number of updated asset objects reloaded before import = 0Number of asset objects unloaded after import = 152

========================================================================
Received Import Request.
  Time since last request: 0.000056 seconds.
  path: Assets/Studio33 Interactive_[BasketBall] v1.1/Animations/Basketball Motions_Generic/95_BlockinglongFarLayupF.fbx
  artifactKey: Guid(de6dd5f90f654b34e884adf228c9865c) Importer(2089858483,b0f066a214c2f5e87bad3c948f4d605d)
Start importing Assets/Studio33 Interactive_[BasketBall] v1.1/Animations/Basketball Motions_Generic/95_BlockinglongFarLayupF.fbx using Guid(de6dd5f90f654b34e884adf228c9865c) Importer(2089858483,b0f066a214c2f5e87bad3c948f4d605d) (ScriptedImporter) -> (artifact id: 'b2f23048dfb80dd99f99b7ff9838315f') in 0.0290656 seconds
Number of updated asset objects reloaded before import = 0Number of asset objects unloaded after import = 152

========================================================================
Received Import Request.
  Time since last request: 0.000044 seconds.
  path: Assets/Studio33 Interactive_[BasketBall] v1.1/Animations/Basketball Motions_Generic/1984_JumpshotMFakeA.fbx
  artifactKey: Guid(8c746f7120599d146982aac67f1009fd) Importer(2089858483,b0f066a214c2f5e87bad3c948f4d605d)
Start importing Assets/Studio33 Interactive_[BasketBall] v1.1/Animations/Basketball Motions_Generic/1984_JumpshotMFakeA.fbx using Guid(8c746f7120599d146982aac67f1009fd) Importer(2089858483,b0f066a214c2f5e87bad3c948f4d605d) (ScriptedImporter) -> (artifact id: '8cd0f65e7858f57c12e1f672f183c465') in 0.0273307 seconds
Number of updated asset objects reloaded before import = 0Number of asset objects unloaded after import = 152

========================================================================
Received Import Request.
  Time since last request: 0.000036 seconds.
  path: Assets/Studio33 Interactive_[BasketBall] v1.1/Animations/Basketball Motions_Generic/1799_DunkCA.fbx
  artifactKey: Guid(ee3ddb84409b2db4db6ee72ab7176e1a) Importer(2089858483,b0f066a214c2f5e87bad3c948f4d605d)
Start importing Assets/Studio33 Interactive_[BasketBall] v1.1/Animations/Basketball Motions_Generic/1799_DunkCA.fbx using Guid(ee3ddb84409b2db4db6ee72ab7176e1a) Importer(2089858483,b0f066a214c2f5e87bad3c948f4d605d) (ScriptedImporter) -> (artifact id: '35904f9c09ec30af30460d657d14c1d6') in 0.0318993 seconds
Number of updated asset objects reloaded before import = 0Number of asset objects unloaded after import = 152

========================================================================
Received Import Request.
  Time since last request: 0.000039 seconds.
  path: Assets/Studio33 Interactive_[BasketBall] v1.1/Animations/Basketball Motions Humanoid/334_JabstepA.fbx
  artifactKey: Guid(99084e2541e3af244b132cbba8c90812) Importer(2089858483,b0f066a214c2f5e87bad3c948f4d605d)
Start importing Assets/Studio33 Interactive_[BasketBall] v1.1/Animations/Basketball Motions Humanoid/334_JabstepA.fbx using Guid(99084e2541e3af244b132cbba8c90812) Importer(2089858483,b0f066a214c2f5e87bad3c948f4d605d) (ScriptedImporter) -> (artifact id: 'a0398d5e543210fbfb90a6898acae80b') in 0.0324188 seconds
Number of updated asset objects reloaded before import = 0Number of asset objects unloaded after import = 154

========================================================================
Received Import Request.
  Time since last request: 0.000059 seconds.
  path: Assets/Studio33 Interactive_[BasketBall] v1.1/Animations/Basketball Motions_Generic/2005_JumpshotReadyFake.fbx
  artifactKey: Guid(93f8ed6cb3c49df4aa08f152131ef583) Importer(2089858483,b0f066a214c2f5e87bad3c948f4d605d)
Start importing Assets/Studio33 Interactive_[BasketBall] v1.1/Animations/Basketball Motions_Generic/2005_JumpshotReadyFake.fbx using Guid(93f8ed6cb3c49df4aa08f152131ef583) Importer(2089858483,b0f066a214c2f5e87bad3c948f4d605d) (ScriptedImporter) -> (artifact id: '818043a92489d12f1f4de55cdd9c266c') in 0.0274412 seconds
Number of updated asset objects reloaded before import = 0Number of asset objects unloaded after import = 152

========================================================================
Received Import Request.
  Time since last request: 0.000039 seconds.
  path: Assets/Studio33 Interactive_[BasketBall] v1.1/Animations/Basketball Motions Humanoid/1627_DunkRA.fbx
  artifactKey: Guid(92cb70a885af9a148aaebacc1d62a240) Importer(2089858483,b0f066a214c2f5e87bad3c948f4d605d)
Start importing Assets/Studio33 Interactive_[BasketBall] v1.1/Animations/Basketball Motions Humanoid/1627_DunkRA.fbx using Guid(92cb70a885af9a148aaebacc1d62a240) Importer(2089858483,b0f066a214c2f5e87bad3c948f4d605d) (ScriptedImporter) -> (artifact id: '4a418a4427532e4cfa5c3c55be6dfe01') in 0.0286177 seconds
Number of updated asset objects reloaded before import = 0Number of asset objects unloaded after import = 154

========================================================================
Received Import Request.
  Time since last request: 0.000063 seconds.
  path: Assets/Studio33 Interactive_[BasketBall] v1.1/Animations/Basketball Motions Humanoid/2126_DunkCA.fbx
  artifactKey: Guid(f766ce5d751bfe24cb1cb3d58dad2f4f) Importer(2089858483,b0f066a214c2f5e87bad3c948f4d605d)
Start importing Assets/Studio33 Interactive_[BasketBall] v1.1/Animations/Basketball Motions Humanoid/2126_DunkCA.fbx using Guid(f766ce5d751bfe24cb1cb3d58dad2f4f) Importer(2089858483,b0f066a214c2f5e87bad3c948f4d605d) (ScriptedImporter) -> (artifact id: 'ecd85ea0a0a808039684300f7cce07fc') in 0.0299697 seconds
Number of updated asset objects reloaded before import = 0Number of asset objects unloaded after import = 154

========================================================================
Received Import Request.
  Time since last request: 0.000049 seconds.
  path: Assets/Studio33 Interactive_[BasketBall] v1.1/Animations/Basketball Motions_Generic/2212_Die.fbx
  artifactKey: Guid(4c9f9220cc55a904682526024321f135) Importer(2089858483,b0f066a214c2f5e87bad3c948f4d605d)
Start importing Assets/Studio33 Interactive_[BasketBall] v1.1/Animations/Basketball Motions_Generic/2212_Die.fbx using Guid(4c9f9220cc55a904682526024321f135) Importer(2089858483,b0f066a214c2f5e87bad3c948f4d605d) (ScriptedImporter) -> (artifact id: 'c8d57a003e3cfd11e1824ee58c73a024') in 0.0274345 seconds
Number of updated asset objects reloaded before import = 0Number of asset objects unloaded after import = 152

========================================================================
Received Import Request.
  Time since last request: 0.000050 seconds.
  path: Assets/Studio33 Interactive_[BasketBall] v1.1/Animations/Basketball Motions_Generic/2189_.fbx
  artifactKey: Guid(25d367b6326daae4186f7ca9b8d15fef) Importer(2089858483,b0f066a214c2f5e87bad3c948f4d605d)
Start importing Assets/Studio33 Interactive_[BasketBall] v1.1/Animations/Basketball Motions_Generic/2189_.fbx using Guid(25d367b6326daae4186f7ca9b8d15fef) Importer(2089858483,b0f066a214c2f5e87bad3c948f4d605d) (ScriptedImporter) -> (artifact id: '3b6db0c484706d68ba15924bc67e4672') in 0.0338162 seconds
Number of updated asset objects reloaded before import = 0Number of asset objects unloaded after import = 152

========================================================================
Received Import Request.
  Time since last request: 0.000037 seconds.
  path: Assets/Studio33 Interactive_[BasketBall] v1.1/Animations/Basketball Motions Humanoid/156_BlockingckedFrontA.fbx
  artifactKey: Guid(90fc560a90502194aa04df93da2e03ce) Importer(2089858483,b0f066a214c2f5e87bad3c948f4d605d)
Start importing Assets/Studio33 Interactive_[BasketBall] v1.1/Animations/Basketball Motions Humanoid/156_BlockingckedFrontA.fbx using Guid(90fc560a90502194aa04df93da2e03ce) Importer(2089858483,b0f066a214c2f5e87bad3c948f4d605d) (ScriptedImporter) -> (artifact id: '7dc37a30cc4f769c00cd31d458074f6a') in 0.0297132 seconds
Number of updated asset objects reloaded before import = 0Number of asset objects unloaded after import = 154

========================================================================
Received Import Request.
  Time since last request: 0.000035 seconds.
  path: Assets/Studio33 Interactive_[BasketBall] v1.1/Animations/Basketball Motions_Generic/1646_AlleyoopDclutchFRightA.fbx
  artifactKey: Guid(ea8f7c4adf13b1144a22147e001d991f) Importer(2089858483,b0f066a214c2f5e87bad3c948f4d605d)
Start importing Assets/Studio33 Interactive_[BasketBall] v1.1/Animations/Basketball Motions_Generic/1646_AlleyoopDclutchFRightA.fbx using Guid(ea8f7c4adf13b1144a22147e001d991f) Importer(2089858483,b0f066a214c2f5e87bad3c948f4d605d) (ScriptedImporter) -> (artifact id: 'f13edc3669a1bb6b2dde724c9218f193') in 0.0277583 seconds
Number of updated asset objects reloaded before import = 0Number of asset objects unloaded after import = 152

========================================================================
Received Import Request.
  Time since last request: 0.000044 seconds.
  path: Assets/Studio33 Interactive_[BasketBall] v1.1/Animations/Basketball Motions_Generic/1236_LayupfakeFakeCA.fbx
  artifactKey: Guid(2192903ef6ce6384499f16ef08ea5f1b) Importer(2089858483,b0f066a214c2f5e87bad3c948f4d605d)
Start importing Assets/Studio33 Interactive_[BasketBall] v1.1/Animations/Basketball Motions_Generic/1236_LayupfakeFakeCA.fbx using Guid(2192903ef6ce6384499f16ef08ea5f1b) Importer(2089858483,b0f066a214c2f5e87bad3c948f4d605d) (ScriptedImporter) -> (artifact id: 'f5ddf5f360de7d9e99c5f7df3a096cf1') in 0.0306854 seconds
Number of updated asset objects reloaded before import = 0Number of asset objects unloaded after import = 152

========================================================================
Received Import Request.
  Time since last request: 0.000042 seconds.
  path: Assets/Studio33 Interactive_[BasketBall] v1.1/33_basket ball test animations/player/Back_number/Back_number_B/Back_number_B_c11.png
  artifactKey: Guid(ad7b5a736b7a4e843a61a4a3976ba1b4) Importer(2089858483,b0f066a214c2f5e87bad3c948f4d605d)
Start importing Assets/Studio33 Interactive_[BasketBall] v1.1/33_basket ball test animations/player/Back_number/Back_number_B/Back_number_B_c11.png using Guid(ad7b5a736b7a4e843a61a4a3976ba1b4) Importer(2089858483,b0f066a214c2f5e87bad3c948f4d605d) (ScriptedImporter) -> (artifact id: 'cced2423a1f02397e12c5a0cfa6a1cbc') in 0.0195225 seconds
Number of updated asset objects reloaded before import = 0Number of asset objects unloaded after import = 1

========================================================================
Received Import Request.
  Time since last request: 0.000041 seconds.
  path: Assets/Studio33 Interactive_[BasketBall] v1.1/Animations/Basketball Motions_Generic/1460_DunkRA.fbx
  artifactKey: Guid(494d80ac0409032479a73ad2fb1b6a93) Importer(2089858483,b0f066a214c2f5e87bad3c948f4d605d)
Start importing Assets/Studio33 Interactive_[BasketBall] v1.1/Animations/Basketball Motions_Generic/1460_DunkRA.fbx using Guid(494d80ac0409032479a73ad2fb1b6a93) Importer(2089858483,b0f066a214c2f5e87bad3c948f4d605d) (ScriptedImporter) -> (artifact id: '164feedd0320f095f5bf6dcf7fe226e4') in 0.0287394 seconds
Number of updated asset objects reloaded before import = 0Number of asset objects unloaded after import = 152

========================================================================
Received Import Request.
  Time since last request: 0.000043 seconds.
  path: Assets/Studio33 Interactive_[BasketBall] v1.1/Animations/Basketball Motions Humanoid/489_Dribbleright.fbx
  artifactKey: Guid(8195b0ac7dd7201488efda7b4c12e738) Importer(2089858483,b0f066a214c2f5e87bad3c948f4d605d)
Start importing Assets/Studio33 Interactive_[BasketBall] v1.1/Animations/Basketball Motions Humanoid/489_Dribbleright.fbx using Guid(8195b0ac7dd7201488efda7b4c12e738) Importer(2089858483,b0f066a214c2f5e87bad3c948f4d605d) (ScriptedImporter) -> (artifact id: '69e6153094d566c706a23d3cc33bff49') in 0.0340896 seconds
Number of updated asset objects reloaded before import = 0Number of asset objects unloaded after import = 154

========================================================================
Received Import Request.
  Time since last request: 0.000062 seconds.
  path: Assets/Studio33 Interactive_[BasketBall] v1.1/Animations/Basketball Motions_Generic/1033_TappassTapB.fbx
  artifactKey: Guid(7fad30a79a83cd943be9df93c887825c) Importer(2089858483,b0f066a214c2f5e87bad3c948f4d605d)
Start importing Assets/Studio33 Interactive_[BasketBall] v1.1/Animations/Basketball Motions_Generic/1033_TappassTapB.fbx using Guid(7fad30a79a83cd943be9df93c887825c) Importer(2089858483,b0f066a214c2f5e87bad3c948f4d605d) (ScriptedImporter) -> (artifact id: 'd1242cae491224932c5bff2815a1c71d') in 0.0304481 seconds
Number of updated asset objects reloaded before import = 0Number of asset objects unloaded after import = 152

========================================================================
Received Import Request.
  Time since last request: 0.000041 seconds.
  path: Assets/Studio33 Interactive_[BasketBall] v1.1/33_basket ball test animations/player/e0011=RnM run backdown push 1 a.fbx
  artifactKey: Guid(50ce072125128704783daeeed6798505) Importer(2089858483,b0f066a214c2f5e87bad3c948f4d605d)
Start importing Assets/Studio33 Interactive_[BasketBall] v1.1/33_basket ball test animations/player/e0011=RnM run backdown push 1 a.fbx using Guid(50ce072125128704783daeeed6798505) Importer(2089858483,b0f066a214c2f5e87bad3c948f4d605d) (ScriptedImporter) -> (artifact id: '2284c18876d84743115b0267d41f1fde') in 0.0266959 seconds
Number of updated asset objects reloaded before import = 0Number of asset objects unloaded after import = 150

========================================================================
Received Import Request.
  Time since last request: 0.000035 seconds.
  path: Assets/Studio33 Interactive_[BasketBall] v1.1/Animations/Basketball Motions_Generic/69_Shadowbloshort.fbx
  artifactKey: Guid(019ed7a6873af8443a440820d98f3851) Importer(2089858483,b0f066a214c2f5e87bad3c948f4d605d)
Start importing Assets/Studio33 Interactive_[BasketBall] v1.1/Animations/Basketball Motions_Generic/69_Shadowbloshort.fbx using Guid(019ed7a6873af8443a440820d98f3851) Importer(2089858483,b0f066a214c2f5e87bad3c948f4d605d) (ScriptedImporter) -> (artifact id: 'b9e04d19253f792de137b570bb29ae25') in 0.0278582 seconds
Number of updated asset objects reloaded before import = 0Number of asset objects unloaded after import = 152

========================================================================
Received Import Request.
  Time since last request: 0.000038 seconds.
  path: Assets/Studio33 Interactive_[BasketBall] v1.1/Animations/Basketball Motions Humanoid/508_Dribbleright.fbx
  artifactKey: Guid(c59553d70e47aa346b8041ec469337de) Importer(2089858483,b0f066a214c2f5e87bad3c948f4d605d)
Start importing Assets/Studio33 Interactive_[BasketBall] v1.1/Animations/Basketball Motions Humanoid/508_Dribbleright.fbx using Guid(c59553d70e47aa346b8041ec469337de) Importer(2089858483,b0f066a214c2f5e87bad3c948f4d605d) (ScriptedImporter) -> (artifact id: '3cd21d03f9857032940c6eade93bc39b') in 0.0294981 seconds
Number of updated asset objects reloaded before import = 0Number of asset objects unloaded after import = 154

========================================================================
Received Import Request.
  Time since last request: 0.000055 seconds.
  path: Assets/Studio33 Interactive_[BasketBall] v1.1/Animator
  artifactKey: Guid(4a264629d7942fe43bddabe353c3a090) Importer(2089858483,b0f066a214c2f5e87bad3c948f4d605d)
Start importing Assets/Studio33 Interactive_[BasketBall] v1.1/Animator using Guid(4a264629d7942fe43bddabe353c3a090) Importer(2089858483,b0f066a214c2f5e87bad3c948f4d605d) (ScriptedImporter) -> (artifact id: '86abcd6df1373cb49f1285797caca3d7') in 0.0119591 seconds
Number of updated asset objects reloaded before import = 0Number of asset objects unloaded after import = 1

========================================================================
Received Import Request.
  Time since last request: 0.000029 seconds.
  path: Assets/Studio33 Interactive_[BasketBall] v1.1/Animations/Basketball Motions Humanoid/1473_FakelayupCA.fbx
  artifactKey: Guid(cf17c43081bfc164eb109383af70af39) Importer(2089858483,b0f066a214c2f5e87bad3c948f4d605d)
Start importing Assets/Studio33 Interactive_[BasketBall] v1.1/Animations/Basketball Motions Humanoid/1473_FakelayupCA.fbx using Guid(cf17c43081bfc164eb109383af70af39) Importer(2089858483,b0f066a214c2f5e87bad3c948f4d605d) (ScriptedImporter) -> (artifact id: '3694e473466ebe7b4ba7f702bd354fac') in 0.0299867 seconds
Number of updated asset objects reloaded before import = 0Number of asset objects unloaded after import = 154

========================================================================
Received Import Request.
  Time since last request: 0.000044 seconds.
  path: Assets/Studio33 Interactive_[BasketBall] v1.1/Animations/Basketball Motions Humanoid/2186_PivotLFA.fbx
  artifactKey: Guid(8d3d38fd0b90ead4caa02d444d57a8ac) Importer(2089858483,b0f066a214c2f5e87bad3c948f4d605d)
Start importing Assets/Studio33 Interactive_[BasketBall] v1.1/Animations/Basketball Motions Humanoid/2186_PivotLFA.fbx using Guid(8d3d38fd0b90ead4caa02d444d57a8ac) Importer(2089858483,b0f066a214c2f5e87bad3c948f4d605d) (ScriptedImporter) -> (artifact id: 'de23a35c23de1aa7d34bdad1f32a0bed') in 0.041887 seconds
Number of updated asset objects reloaded before import = 0Number of asset objects unloaded after import = 154

========================================================================
Received Import Request.
  Time since last request: 0.000048 seconds.
  path: Assets/Studio33 Interactive_[BasketBall] v1.1/Animations/Basketball Motions Humanoid/530_BehindshootReadyFake.fbx
  artifactKey: Guid(95be12fd009bea84aa3d8bf74e023f3c) Importer(2089858483,b0f066a214c2f5e87bad3c948f4d605d)
Start importing Assets/Studio33 Interactive_[BasketBall] v1.1/Animations/Basketball Motions Humanoid/530_BehindshootReadyFake.fbx using Guid(95be12fd009bea84aa3d8bf74e023f3c) Importer(2089858483,b0f066a214c2f5e87bad3c948f4d605d) (ScriptedImporter) -> (artifact id: 'fba24a04ae482bdc9bd261b2a2086702') in 0.0352208 seconds
Number of updated asset objects reloaded before import = 0Number of asset objects unloaded after import = 154

========================================================================
Received Import Request.
  Time since last request: 0.000048 seconds.
  path: Assets/Studio33 Interactive_[BasketBall] v1.1/Animations/Basketball Motions_Generic/1435_JumpshotMA.fbx
  artifactKey: Guid(ccec678873fa80d4bb3b951b9d61bb5e) Importer(2089858483,b0f066a214c2f5e87bad3c948f4d605d)
Start importing Assets/Studio33 Interactive_[BasketBall] v1.1/Animations/Basketball Motions_Generic/1435_JumpshotMA.fbx using Guid(ccec678873fa80d4bb3b951b9d61bb5e) Importer(2089858483,b0f066a214c2f5e87bad3c948f4d605d) (ScriptedImporter) -> (artifact id: '2d383df0c069afeb140044f795e82c03') in 0.0285343 seconds
Number of updated asset objects reloaded before import = 0Number of asset objects unloaded after import = 152

========================================================================
Received Import Request.
  Time since last request: 0.000056 seconds.
  path: Assets/Studio33 Interactive_[BasketBall] v1.1/Animations/Basketball Motions Humanoid/381_SpinStepLayupLongA.fbx
  artifactKey: Guid(f76689d345af54547b892d5106fc6ad4) Importer(2089858483,b0f066a214c2f5e87bad3c948f4d605d)
Start importing Assets/Studio33 Interactive_[BasketBall] v1.1/Animations/Basketball Motions Humanoid/381_SpinStepLayupLongA.fbx using Guid(f76689d345af54547b892d5106fc6ad4) Importer(2089858483,b0f066a214c2f5e87bad3c948f4d605d) (ScriptedImporter) -> (artifact id: '01e70abd77bc64cc43e91fd600745c93') in 0.0284224 seconds
Number of updated asset objects reloaded before import = 0Number of asset objects unloaded after import = 154

========================================================================
Received Import Request.
  Time since last request: 0.000037 seconds.
  path: Assets/Studio33 Interactive_[BasketBall] v1.1/Animations/Basketball Motions Humanoid/1405_LayupRA.fbx
  artifactKey: Guid(61f151e98ab264b4f9ab7801fc3799cf) Importer(2089858483,b0f066a214c2f5e87bad3c948f4d605d)
Start importing Assets/Studio33 Interactive_[BasketBall] v1.1/Animations/Basketball Motions Humanoid/1405_LayupRA.fbx using Guid(61f151e98ab264b4f9ab7801fc3799cf) Importer(2089858483,b0f066a214c2f5e87bad3c948f4d605d) (ScriptedImporter) -> (artifact id: '555f5d3edde0e6dc0a1284f88c5a4906') in 0.0301777 seconds
Number of updated asset objects reloaded before import = 0Number of asset objects unloaded after import = 154

========================================================================
Received Import Request.
  Time since last request: 0.000059 seconds.
  path: Assets/Studio33 Interactive_[BasketBall] v1.1/Animations/Basketball Motions_Generic/2117_RstajumpshotMA.fbx
  artifactKey: Guid(fec311828c3fb344d9472a109f5bc9f3) Importer(2089858483,b0f066a214c2f5e87bad3c948f4d605d)
Start importing Assets/Studio33 Interactive_[BasketBall] v1.1/Animations/Basketball Motions_Generic/2117_RstajumpshotMA.fbx using Guid(fec311828c3fb344d9472a109f5bc9f3) Importer(2089858483,b0f066a214c2f5e87bad3c948f4d605d) (ScriptedImporter) -> (artifact id: '2c46cd4331fdeb6ed3a46c125eedf778') in 0.0327124 seconds
Number of updated asset objects reloaded before import = 0Number of asset objects unloaded after import = 152

========================================================================
Received Import Request.
  Time since last request: 0.000044 seconds.
  path: Assets/Studio33 Interactive_[BasketBall] v1.1/Animations/Basketball Motions_Generic/1084_ScreeleftMoveA.fbx
  artifactKey: Guid(cfef48071ceb68d4e9e1bda9ecfdaa89) Importer(2089858483,b0f066a214c2f5e87bad3c948f4d605d)
Start importing Assets/Studio33 Interactive_[BasketBall] v1.1/Animations/Basketball Motions_Generic/1084_ScreeleftMoveA.fbx using Guid(cfef48071ceb68d4e9e1bda9ecfdaa89) Importer(2089858483,b0f066a214c2f5e87bad3c948f4d605d) (ScriptedImporter) -> (artifact id: 'a38282fe31e5c437c2844c53748d6975') in 0.0327531 seconds
Number of updated asset objects reloaded before import = 0Number of asset objects unloaded after import = 152

========================================================================
Received Import Request.
  Time since last request: 0.000038 seconds.
  path: Assets/Studio33 Interactive_[BasketBall] v1.1/Animations/Basketball Motions_Generic/808_AlleyooppassRevA.fbx
  artifactKey: Guid(368e280737a1c9b44a24b8e4e643f6fa) Importer(2089858483,b0f066a214c2f5e87bad3c948f4d605d)
Start importing Assets/Studio33 Interactive_[BasketBall] v1.1/Animations/Basketball Motions_Generic/808_AlleyooppassRevA.fbx using Guid(368e280737a1c9b44a24b8e4e643f6fa) Importer(2089858483,b0f066a214c2f5e87bad3c948f4d605d) (ScriptedImporter) -> (artifact id: 'ec8b1ad2259bdad2e8f0e7642da1bec3') in 0.0263832 seconds
Number of updated asset objects reloaded before import = 0Number of asset objects unloaded after import = 152

========================================================================
Received Import Request.
  Time since last request: 0.000046 seconds.
  path: Assets/Studio33 Interactive_[BasketBall] v1.1/Animations/Basketball Motions_Generic/223_CrossEurostepLayupRev.fbx
  artifactKey: Guid(52279052c8f8c834085b576213728afc) Importer(2089858483,b0f066a214c2f5e87bad3c948f4d605d)
Start importing Assets/Studio33 Interactive_[BasketBall] v1.1/Animations/Basketball Motions_Generic/223_CrossEurostepLayupRev.fbx using Guid(52279052c8f8c834085b576213728afc) Importer(2089858483,b0f066a214c2f5e87bad3c948f4d605d) (ScriptedImporter) -> (artifact id: '9719c5e35e710eebc3ce4a796f947897') in 0.028446 seconds
Number of updated asset objects reloaded before import = 0Number of asset objects unloaded after import = 152

========================================================================
Received Import Request.
  Time since last request: 0.000057 seconds.
  path: Assets/Studio33 Interactive_[BasketBall] v1.1/Animations/Basketball Motions_Generic/390_CrossThRRRA.fbx
  artifactKey: Guid(daceed042fd9da245aba82c0d87cd13b) Importer(2089858483,b0f066a214c2f5e87bad3c948f4d605d)
Start importing Assets/Studio33 Interactive_[BasketBall] v1.1/Animations/Basketball Motions_Generic/390_CrossThRRRA.fbx using Guid(daceed042fd9da245aba82c0d87cd13b) Importer(2089858483,b0f066a214c2f5e87bad3c948f4d605d) (ScriptedImporter) -> (artifact id: '44d4741f66f2ead171422d53894485ec') in 0.0255169 seconds
Number of updated asset objects reloaded before import = 0Number of asset objects unloaded after import = 152

========================================================================
Received Import Request.
  Time since last request: 0.000040 seconds.
  path: Assets/Studio33 Interactive_[BasketBall] v1.1/Animations/Basketball Motions_Generic/1956_DunkRA.fbx
  artifactKey: Guid(c2ca9f47107137049ae755bc8d5b8e2a) Importer(2089858483,b0f066a214c2f5e87bad3c948f4d605d)
Start importing Assets/Studio33 Interactive_[BasketBall] v1.1/Animations/Basketball Motions_Generic/1956_DunkRA.fbx using Guid(c2ca9f47107137049ae755bc8d5b8e2a) Importer(2089858483,b0f066a214c2f5e87bad3c948f4d605d) (ScriptedImporter) -> (artifact id: '5203b02ddb8b831f6692432986c26378') in 0.0303301 seconds
Number of updated asset objects reloaded before import = 0Number of asset objects unloaded after import = 152

========================================================================
Received Import Request.
  Time since last request: 0.000041 seconds.
  path: Assets/Studio33 Interactive_[BasketBall] v1.1/Animations/Basketball Motions_Generic/1764_DunkCA.fbx
  artifactKey: Guid(426a48a85d558104d8748db51ec71c26) Importer(2089858483,b0f066a214c2f5e87bad3c948f4d605d)
Start importing Assets/Studio33 Interactive_[BasketBall] v1.1/Animations/Basketball Motions_Generic/1764_DunkCA.fbx using Guid(426a48a85d558104d8748db51ec71c26) Importer(2089858483,b0f066a214c2f5e87bad3c948f4d605d) (ScriptedImporter) -> (artifact id: '82d3250d0963747e90e7da05796a63e4') in 0.0298506 seconds
Number of updated asset objects reloaded before import = 0Number of asset objects unloaded after import = 152

========================================================================
Received Import Request.
  Time since last request: 0.000054 seconds.
  path: Assets/Studio33 Interactive_[BasketBall] v1.1/Animations/Basketball Motions Humanoid/607_LoosebatopA.fbx
  artifactKey: Guid(d42716fdf9da57c47bd7bba0141efe6f) Importer(2089858483,b0f066a214c2f5e87bad3c948f4d605d)
Start importing Assets/Studio33 Interactive_[BasketBall] v1.1/Animations/Basketball Motions Humanoid/607_LoosebatopA.fbx using Guid(d42716fdf9da57c47bd7bba0141efe6f) Importer(2089858483,b0f066a214c2f5e87bad3c948f4d605d) (ScriptedImporter) -> (artifact id: '824d2a0d5eaf98c1f6b91d45ca7eb63d') in 0.0378118 seconds
Number of updated asset objects reloaded before import = 0Number of asset objects unloaded after import = 154

========================================================================
Received Import Request.
  Time since last request: 0.000058 seconds.
  path: Assets/Studio33 Interactive_[BasketBall] v1.1/Animations/Basketball Motions_Generic/166_PushPushedFrontA.fbx
  artifactKey: Guid(359f65e2630825d4088ae70ea088be85) Importer(2089858483,b0f066a214c2f5e87bad3c948f4d605d)
Start importing Assets/Studio33 Interactive_[BasketBall] v1.1/Animations/Basketball Motions_Generic/166_PushPushedFrontA.fbx using Guid(359f65e2630825d4088ae70ea088be85) Importer(2089858483,b0f066a214c2f5e87bad3c948f4d605d) (ScriptedImporter) -> (artifact id: '0f35992e0dd95f3e3fc3eb836984aee4') in 0.0290112 seconds
Number of updated asset objects reloaded before import = 0Number of asset objects unloaded after import = 152

========================================================================
Received Import Request.
  Time since last request: 0.000037 seconds.
  path: Assets/Studio33 Interactive_[BasketBall] v1.1/Animations/Basketball Motions_Generic/872_AlleyooppassreqRightA.fbx
  artifactKey: Guid(1a8515dc6f9eb004b9b4af1ab8ef548e) Importer(2089858483,b0f066a214c2f5e87bad3c948f4d605d)
Start importing Assets/Studio33 Interactive_[BasketBall] v1.1/Animations/Basketball Motions_Generic/872_AlleyooppassreqRightA.fbx using Guid(1a8515dc6f9eb004b9b4af1ab8ef548e) Importer(2089858483,b0f066a214c2f5e87bad3c948f4d605d) (ScriptedImporter) -> (artifact id: 'd44798e04d888b778498aeb401f759ae') in 0.0272289 seconds
Number of updated asset objects reloaded before import = 0Number of asset objects unloaded after import = 152

========================================================================
Received Import Request.
  Time since last request: 0.000042 seconds.
  path: Assets/Studio33 Interactive_[BasketBall] v1.1/Animations/Basketball Motions_Generic/1872_DunkRA.fbx
  artifactKey: Guid(b2e49e97a5d8b7943a888aa35ecf6245) Importer(2089858483,b0f066a214c2f5e87bad3c948f4d605d)
Start importing Assets/Studio33 Interactive_[BasketBall] v1.1/Animations/Basketball Motions_Generic/1872_DunkRA.fbx using Guid(b2e49e97a5d8b7943a888aa35ecf6245) Importer(2089858483,b0f066a214c2f5e87bad3c948f4d605d) (ScriptedImporter) -> (artifact id: '58c9e65f1652205ac2d790dc17be8d92') in 0.0293762 seconds
Number of updated asset objects reloaded before import = 0Number of asset objects unloaded after import = 152

========================================================================
Received Import Request.
  Time since last request: 0.000047 seconds.
  path: Assets/Studio33 Interactive_[BasketBall] v1.1/Animations/Basketball Motions Humanoid/1977_JumpshotMFakeA.fbx
  artifactKey: Guid(10c996010260d3745a08f931795ebd35) Importer(2089858483,b0f066a214c2f5e87bad3c948f4d605d)
Start importing Assets/Studio33 Interactive_[BasketBall] v1.1/Animations/Basketball Motions Humanoid/1977_JumpshotMFakeA.fbx using Guid(10c996010260d3745a08f931795ebd35) Importer(2089858483,b0f066a214c2f5e87bad3c948f4d605d) (ScriptedImporter) -> (artifact id: '0b43122933df527627bf45b2f0d8e67a') in 0.0310408 seconds
Number of updated asset objects reloaded before import = 0Number of asset objects unloaded after import = 154

========================================================================
Received Import Request.
  Time since last request: 0.000054 seconds.
  path: Assets/Studio33 Interactive_[BasketBall] v1.1/Animations/Basketball Motions Humanoid/392_CrossThSLRLA.fbx
  artifactKey: Guid(73b1317440606d740b9624035fafbb7f) Importer(2089858483,b0f066a214c2f5e87bad3c948f4d605d)
Start importing Assets/Studio33 Interactive_[BasketBall] v1.1/Animations/Basketball Motions Humanoid/392_CrossThSLRLA.fbx using Guid(73b1317440606d740b9624035fafbb7f) Importer(2089858483,b0f066a214c2f5e87bad3c948f4d605d) (ScriptedImporter) -> (artifact id: '5582d2505b256eacc2ea14e0092d4dcc') in 0.0288625 seconds
Number of updated asset objects reloaded before import = 0Number of asset objects unloaded after import = 154

========================================================================
Received Import Request.
  Time since last request: 0.000036 seconds.
  path: Assets/Studio33 Interactive_[BasketBall] v1.1/Animations/Basketball Motions_Generic/1244_LayupfakeRA.fbx
  artifactKey: Guid(742c6a8e806639243b747281a45a8038) Importer(2089858483,b0f066a214c2f5e87bad3c948f4d605d)
Start importing Assets/Studio33 Interactive_[BasketBall] v1.1/Animations/Basketball Motions_Generic/1244_LayupfakeRA.fbx using Guid(742c6a8e806639243b747281a45a8038) Importer(2089858483,b0f066a214c2f5e87bad3c948f4d605d) (ScriptedImporter) -> (artifact id: '5dc8b812b03ce37cb46652286c1ced82') in 0.0332666 seconds
Number of updated asset objects reloaded before import = 0Number of asset objects unloaded after import = 152

========================================================================
Received Import Request.
  Time since last request: 0.000041 seconds.
  path: Assets/Studio33 Interactive_[BasketBall] v1.1/Animations/Basketball Motions_Generic/1664_LayupRevCA.fbx
  artifactKey: Guid(1363445673ec38044b2fbb0650634daa) Importer(2089858483,b0f066a214c2f5e87bad3c948f4d605d)
Start importing Assets/Studio33 Interactive_[BasketBall] v1.1/Animations/Basketball Motions_Generic/1664_LayupRevCA.fbx using Guid(1363445673ec38044b2fbb0650634daa) Importer(2089858483,b0f066a214c2f5e87bad3c948f4d605d) (ScriptedImporter) -> (artifact id: '30190fe39401fbb8db01651eb69aa366') in 0.0284395 seconds
Number of updated asset objects reloaded before import = 0Number of asset objects unloaded after import = 152

========================================================================
Received Import Request.
  Time since last request: 0.000046 seconds.
  path: Assets/Studio33 Interactive_[BasketBall] v1.1/33_basket ball test animations/player/Back_number/Back_number_B/Back_number_B_c14.png
  artifactKey: Guid(f46fdd91347e5e14589cb5ad872fc599) Importer(2089858483,b0f066a214c2f5e87bad3c948f4d605d)
Start importing Assets/Studio33 Interactive_[BasketBall] v1.1/33_basket ball test animations/player/Back_number/Back_number_B/Back_number_B_c14.png using Guid(f46fdd91347e5e14589cb5ad872fc599) Importer(2089858483,b0f066a214c2f5e87bad3c948f4d605d) (ScriptedImporter) -> (artifact id: '887833dd3a0bf8830301cd42b79080d0') in 0.0170941 seconds
Number of updated asset objects reloaded before import = 0Number of asset objects unloaded after import = 1

========================================================================
Received Import Request.
  Time since last request: 0.000036 seconds.
  path: Assets/Studio33 Interactive_[BasketBall] v1.1/Animations/Basketball Motions_Generic/947_Rebound C.fbx
  artifactKey: Guid(b4e6ef8767aa3084f8dd5e0996a43873) Importer(2089858483,b0f066a214c2f5e87bad3c948f4d605d)
Start importing Assets/Studio33 Interactive_[BasketBall] v1.1/Animations/Basketball Motions_Generic/947_Rebound C.fbx using Guid(b4e6ef8767aa3084f8dd5e0996a43873) Importer(2089858483,b0f066a214c2f5e87bad3c948f4d605d) (ScriptedImporter) -> (artifact id: '0308553d1ab929d8a08ba4131924041e') in 0.0284204 seconds
Number of updated asset objects reloaded before import = 0Number of asset objects unloaded after import = 152

========================================================================
Received Import Request.
  Time since last request: 0.000035 seconds.
  path: Assets/Studio33 Interactive_[BasketBall] v1.1/Animations/Basketball Motions Humanoid/616_LoosebamiddA.fbx
  artifactKey: Guid(8c7b438f8c7660b4e881136e708413c5) Importer(2089858483,b0f066a214c2f5e87bad3c948f4d605d)
Start importing Assets/Studio33 Interactive_[BasketBall] v1.1/Animations/Basketball Motions Humanoid/616_LoosebamiddA.fbx using Guid(8c7b438f8c7660b4e881136e708413c5) Importer(2089858483,b0f066a214c2f5e87bad3c948f4d605d) (ScriptedImporter) -> (artifact id: '49bb6528d7b4ce5ff86628b57ab6f0b7') in 0.029997 seconds
Number of updated asset objects reloaded before import = 0Number of asset objects unloaded after import = 154

========================================================================
Received Import Request.
  Time since last request: 0.000035 seconds.
  path: Assets/Studio33 Interactive_[BasketBall] v1.1/Animations/Basketball Motions_Generic/232_UntamedWindupA.fbx
  artifactKey: Guid(d32fbfbb509035c47a14a536cd363607) Importer(2089858483,b0f066a214c2f5e87bad3c948f4d605d)
Start importing Assets/Studio33 Interactive_[BasketBall] v1.1/Animations/Basketball Motions_Generic/232_UntamedWindupA.fbx using Guid(d32fbfbb509035c47a14a536cd363607) Importer(2089858483,b0f066a214c2f5e87bad3c948f4d605d) (ScriptedImporter) -> (artifact id: '03569a191594b3f126ba0b3b791709b2') in 0.0268104 seconds
Number of updated asset objects reloaded before import = 0Number of asset objects unloaded after import = 152

========================================================================
Received Import Request.
  Time since last request: 0.000055 seconds.
  path: Assets/Studio33 Interactive_[BasketBall] v1.1/Animations/Basketball Motions Humanoid/2202_ShadowstealA.fbx
  artifactKey: Guid(0cc8f538330389f419d3f060acfd6dde) Importer(2089858483,b0f066a214c2f5e87bad3c948f4d605d)
Start importing Assets/Studio33 Interactive_[BasketBall] v1.1/Animations/Basketball Motions Humanoid/2202_ShadowstealA.fbx using Guid(0cc8f538330389f419d3f060acfd6dde) Importer(2089858483,b0f066a214c2f5e87bad3c948f4d605d) (ScriptedImporter) -> (artifact id: 'f86368bef1ba9628e13d8e78c0553ff0') in 0.0332392 seconds
Number of updated asset objects reloaded before import = 0Number of asset objects unloaded after import = 154

========================================================================
Received Import Request.
  Time since last request: 0.000040 seconds.
  path: Assets/Studio33 Interactive_[BasketBall] v1.1/Animations/Basketball Motions_Generic/1965_JumpshotPullupLA.fbx
  artifactKey: Guid(177e310b2632cd147a468985f5886097) Importer(2089858483,b0f066a214c2f5e87bad3c948f4d605d)
Start importing Assets/Studio33 Interactive_[BasketBall] v1.1/Animations/Basketball Motions_Generic/1965_JumpshotPullupLA.fbx using Guid(177e310b2632cd147a468985f5886097) Importer(2089858483,b0f066a214c2f5e87bad3c948f4d605d) (ScriptedImporter) -> (artifact id: '9f57da5bcd8dff7ec166fc75a6ac546c') in 0.0402449 seconds
Number of updated asset objects reloaded before import = 0Number of asset objects unloaded after import = 152

========================================================================
Received Import Request.
  Time since last request: 0.000041 seconds.
  path: Assets/Studio33 Interactive_[BasketBall] v1.1/Animations/Basketball Motions_Generic/348_TurnstepFLA.fbx
  artifactKey: Guid(433116e6245eefa45a3288367c563170) Importer(2089858483,b0f066a214c2f5e87bad3c948f4d605d)
Start importing Assets/Studio33 Interactive_[BasketBall] v1.1/Animations/Basketball Motions_Generic/348_TurnstepFLA.fbx using Guid(433116e6245eefa45a3288367c563170) Importer(2089858483,b0f066a214c2f5e87bad3c948f4d605d) (ScriptedImporter) -> (artifact id: '95f33c48c055a771f33a9769603aa92e') in 0.0290479 seconds
Number of updated asset objects reloaded before import = 0Number of asset objects unloaded after import = 152

========================================================================
Received Import Request.
  Time since last request: 0.000069 seconds.
  path: Assets/Studio33 Interactive_[BasketBall] v1.1/Animations/Basketball Motions Humanoid/1900_DunkCA.fbx
  artifactKey: Guid(f36e483d6e74a52499a371341425bfbf) Importer(2089858483,b0f066a214c2f5e87bad3c948f4d605d)
Start importing Assets/Studio33 Interactive_[BasketBall] v1.1/Animations/Basketball Motions Humanoid/1900_DunkCA.fbx using Guid(f36e483d6e74a52499a371341425bfbf) Importer(2089858483,b0f066a214c2f5e87bad3c948f4d605d) (ScriptedImporter) -> (artifact id: '4d1f3ded3ed23bdb81fabffbff50d5b0') in 0.0310146 seconds
Number of updated asset objects reloaded before import = 0Number of asset objects unloaded after import = 154

========================================================================
Received Import Request.
  Time since last request: 0.000044 seconds.
  path: Assets/Studio33 Interactive_[BasketBall] v1.1/Animations/Basketball Motions Humanoid/1077_ScreefrontA.fbx
  artifactKey: Guid(a894a2c33c7460f41b9ad8765215bb6a) Importer(2089858483,b0f066a214c2f5e87bad3c948f4d605d)
Start importing Assets/Studio33 Interactive_[BasketBall] v1.1/Animations/Basketball Motions Humanoid/1077_ScreefrontA.fbx using Guid(a894a2c33c7460f41b9ad8765215bb6a) Importer(2089858483,b0f066a214c2f5e87bad3c948f4d605d) (ScriptedImporter) -> (artifact id: 'b700a577b028b91ff0df697a57cf1620') in 0.0273546 seconds
Number of updated asset objects reloaded before import = 0Number of asset objects unloaded after import = 154

========================================================================
Received Import Request.
  Time since last request: 0.000053 seconds.
  path: Assets/Studio33 Interactive_[BasketBall] v1.1/Animations/Basketball Motions_Generic/1645_AlleyoopCLA.fbx
  artifactKey: Guid(7e64fb09654e1194fa1fa6619bf2ccce) Importer(2089858483,b0f066a214c2f5e87bad3c948f4d605d)
Start importing Assets/Studio33 Interactive_[BasketBall] v1.1/Animations/Basketball Motions_Generic/1645_AlleyoopCLA.fbx using Guid(7e64fb09654e1194fa1fa6619bf2ccce) Importer(2089858483,b0f066a214c2f5e87bad3c948f4d605d) (ScriptedImporter) -> (artifact id: '3d57c749c4bd7934e58dbc027f9b98ea') in 0.0300083 seconds
Number of updated asset objects reloaded before import = 0Number of asset objects unloaded after import = 152

========================================================================
Received Import Request.
  Time since last request: 0.000042 seconds.
  path: Assets/Studio33 Interactive_[BasketBall] v1.1/Animations/Basketball Motions Humanoid/608_LoosebatopLA.fbx
  artifactKey: Guid(4575ea5c188b52c49b59b4d10c67da84) Importer(2089858483,b0f066a214c2f5e87bad3c948f4d605d)
Start importing Assets/Studio33 Interactive_[BasketBall] v1.1/Animations/Basketball Motions Humanoid/608_LoosebatopLA.fbx using Guid(4575ea5c188b52c49b59b4d10c67da84) Importer(2089858483,b0f066a214c2f5e87bad3c948f4d605d) (ScriptedImporter) -> (artifact id: '9885e8988be482153af843b56219e744') in 0.0322797 seconds
Number of updated asset objects reloaded before import = 0Number of asset objects unloaded after import = 154

========================================================================
Received Import Request.
  Time since last request: 0.000054 seconds.
  path: Assets/Studio33 Interactive_[BasketBall] v1.1/Animations/Basketball Motions Humanoid/239_BtlCrossoverWindupRR.fbx
  artifactKey: Guid(9cc70c2a81c15d447bc85e54a1714131) Importer(2089858483,b0f066a214c2f5e87bad3c948f4d605d)
Start importing Assets/Studio33 Interactive_[BasketBall] v1.1/Animations/Basketball Motions Humanoid/239_BtlCrossoverWindupRR.fbx using Guid(9cc70c2a81c15d447bc85e54a1714131) Importer(2089858483,b0f066a214c2f5e87bad3c948f4d605d) (ScriptedImporter) -> (artifact id: '29e4d19928cb68458a7fd7ce42036788') in 0.0326816 seconds
Number of updated asset objects reloaded before import = 0Number of asset objects unloaded after import = 154

========================================================================
Received Import Request.
  Time since last request: 0.000050 seconds.
  path: Assets/Studio33 Interactive_[BasketBall] v1.1/33_basket ball test animations/player/Back_number/Back_number_B/Back_number_B_c15.png
  artifactKey: Guid(111ff954916e0cf4ea0678a8023bfa81) Importer(2089858483,b0f066a214c2f5e87bad3c948f4d605d)
Start importing Assets/Studio33 Interactive_[BasketBall] v1.1/33_basket ball test animations/player/Back_number/Back_number_B/Back_number_B_c15.png using Guid(111ff954916e0cf4ea0678a8023bfa81) Importer(2089858483,b0f066a214c2f5e87bad3c948f4d605d) (ScriptedImporter) -> (artifact id: '7633c080ee675106b226913a4a52c183') in 0.0202695 seconds
Number of updated asset objects reloaded before import = 0Number of asset objects unloaded after import = 1

========================================================================
Received Import Request.
  Time since last request: 0.000036 seconds.
  path: Assets/Studio33 Interactive_[BasketBall] v1.1/Animations/Basketball Motions_Generic/1151_DunkCA.fbx
  artifactKey: Guid(ffbe73a5581ff6c47a263d28416861f0) Importer(2089858483,b0f066a214c2f5e87bad3c948f4d605d)
Start importing Assets/Studio33 Interactive_[BasketBall] v1.1/Animations/Basketball Motions_Generic/1151_DunkCA.fbx using Guid(ffbe73a5581ff6c47a263d28416861f0) Importer(2089858483,b0f066a214c2f5e87bad3c948f4d605d) (ScriptedImporter) -> (artifact id: '43d6133ca740114396c81c2588fd14bd') in 0.0288103 seconds
Number of updated asset objects reloaded before import = 0Number of asset objects unloaded after import = 152

========================================================================
Received Import Request.
  Time since last request: 0.000045 seconds.
  path: Assets/Studio33 Interactive_[BasketBall] v1.1/Animations/Basketball Motions_Generic/1404_LayupRA.fbx
  artifactKey: Guid(cf2bc2e009c3d024a92dcc0d9f367f76) Importer(2089858483,b0f066a214c2f5e87bad3c948f4d605d)
Start importing Assets/Studio33 Interactive_[BasketBall] v1.1/Animations/Basketball Motions_Generic/1404_LayupRA.fbx using Guid(cf2bc2e009c3d024a92dcc0d9f367f76) Importer(2089858483,b0f066a214c2f5e87bad3c948f4d605d) (ScriptedImporter) -> (artifact id: 'b745eec71d69556d68c961df79810909') in 0.0281208 seconds
Number of updated asset objects reloaded before import = 0Number of asset objects unloaded after import = 152

========================================================================
Received Import Request.
  Time since last request: 0.000061 seconds.
  path: Assets/Studio33 Interactive_[BasketBall] v1.1/Animations/Basketball Motions_Generic/319_CrossThSRRRA.fbx
  artifactKey: Guid(0b9063847c1452648972cb490581d591) Importer(2089858483,b0f066a214c2f5e87bad3c948f4d605d)
Start importing Assets/Studio33 Interactive_[BasketBall] v1.1/Animations/Basketball Motions_Generic/319_CrossThSRRRA.fbx using Guid(0b9063847c1452648972cb490581d591) Importer(2089858483,b0f066a214c2f5e87bad3c948f4d605d) (ScriptedImporter) -> (artifact id: 'f7acf0e2db0c51cca82662b26b8ffc59') in 0.0237846 seconds
Number of updated asset objects reloaded before import = 0Number of asset objects unloaded after import = 152

========================================================================
Received Import Request.
  Time since last request: 0.000037 seconds.
  path: Assets/Studio33 Interactive_[BasketBall] v1.1/Animations/Basketball Motions_Generic/104_BlockingshortL.fbx
  artifactKey: Guid(c2aef1711b0643e4dbcc0cb4b529062c) Importer(2089858483,b0f066a214c2f5e87bad3c948f4d605d)
Start importing Assets/Studio33 Interactive_[BasketBall] v1.1/Animations/Basketball Motions_Generic/104_BlockingshortL.fbx using Guid(c2aef1711b0643e4dbcc0cb4b529062c) Importer(2089858483,b0f066a214c2f5e87bad3c948f4d605d) (ScriptedImporter) -> (artifact id: '1a8411c0e0ed70c26717babf98fece94') in 0.0318306 seconds
Number of updated asset objects reloaded before import = 0Number of asset objects unloaded after import = 152

========================================================================
Received Import Request.
  Time since last request: 0.000038 seconds.
  path: Assets/Studio33 Interactive_[BasketBall] v1.1/Animations/Basketball Motions_Generic/2020_DunkClutchFLeftA.fbx
  artifactKey: Guid(777eaec6e9f63bd48b0afce7f8278743) Importer(2089858483,b0f066a214c2f5e87bad3c948f4d605d)
Start importing Assets/Studio33 Interactive_[BasketBall] v1.1/Animations/Basketball Motions_Generic/2020_DunkClutchFLeftA.fbx using Guid(777eaec6e9f63bd48b0afce7f8278743) Importer(2089858483,b0f066a214c2f5e87bad3c948f4d605d) (ScriptedImporter) -> (artifact id: '1956e1641ec97034c99dce582c8989d6') in 0.0321275 seconds
Number of updated asset objects reloaded before import = 0Number of asset objects unloaded after import = 152

========================================================================
Received Import Request.
  Time since last request: 0.000038 seconds.
  path: Assets/Studio33 Interactive_[BasketBall] v1.1/Animations/Basketball Motions_Generic/358_OffballcutLA.fbx
  artifactKey: Guid(57acab1955f15bd4ca18596c70a47e7f) Importer(2089858483,b0f066a214c2f5e87bad3c948f4d605d)
Start importing Assets/Studio33 Interactive_[BasketBall] v1.1/Animations/Basketball Motions_Generic/358_OffballcutLA.fbx using Guid(57acab1955f15bd4ca18596c70a47e7f) Importer(2089858483,b0f066a214c2f5e87bad3c948f4d605d) (ScriptedImporter) -> (artifact id: 'b4b573835e23089a4d5b31674923fc21') in 0.0302226 seconds
Number of updated asset objects reloaded before import = 0Number of asset objects unloaded after import = 152

========================================================================
Received Import Request.
  Time since last request: 0.000050 seconds.
  path: Assets/Studio33 Interactive_[BasketBall] v1.1/Animations/Basketball Motions_Generic/1542_JumpshotPullupLA.fbx
  artifactKey: Guid(4674ab205bb87ab43bd9bd8196d2679f) Importer(2089858483,b0f066a214c2f5e87bad3c948f4d605d)
Start importing Assets/Studio33 Interactive_[BasketBall] v1.1/Animations/Basketball Motions_Generic/1542_JumpshotPullupLA.fbx using Guid(4674ab205bb87ab43bd9bd8196d2679f) Importer(2089858483,b0f066a214c2f5e87bad3c948f4d605d) (ScriptedImporter) -> (artifact id: 'ec7512d08f9832cd9e52226adc7c095c') in 0.0297542 seconds
Number of updated asset objects reloaded before import = 0Number of asset objects unloaded after import = 152

========================================================================
Received Import Request.
  Time since last request: 0.000035 seconds.
  path: Assets/Studio33 Interactive_[BasketBall] v1.1/Animations/Basketball Motions Humanoid/1882_JumpshotPumpfakespilayup.fbx
  artifactKey: Guid(da383e6401fe1cf468ff500a4fa4047c) Importer(2089858483,b0f066a214c2f5e87bad3c948f4d605d)
Start importing Assets/Studio33 Interactive_[BasketBall] v1.1/Animations/Basketball Motions Humanoid/1882_JumpshotPumpfakespilayup.fbx using Guid(da383e6401fe1cf468ff500a4fa4047c) Importer(2089858483,b0f066a214c2f5e87bad3c948f4d605d) (ScriptedImporter) -> (artifact id: 'ca4b7ac9e7f1965fe8bcd9826c9b15ae') in 0.0405899 seconds
Number of updated asset objects reloaded before import = 0Number of asset objects unloaded after import = 154

========================================================================
Received Import Request.
  Time since last request: 0.000040 seconds.
  path: Assets/Studio33 Interactive_[BasketBall] v1.1/Animations/Basketball Motions_Generic/1301_DunkClutchFRightA.fbx
  artifactKey: Guid(34b3b98e710804a4ebb760cdc8e2d54e) Importer(2089858483,b0f066a214c2f5e87bad3c948f4d605d)
Start importing Assets/Studio33 Interactive_[BasketBall] v1.1/Animations/Basketball Motions_Generic/1301_DunkClutchFRightA.fbx using Guid(34b3b98e710804a4ebb760cdc8e2d54e) Importer(2089858483,b0f066a214c2f5e87bad3c948f4d605d) (ScriptedImporter) -> (artifact id: 'c6b9cf57d48698208adfdb51e19f2a9f') in 0.0279139 seconds
Number of updated asset objects reloaded before import = 0Number of asset objects unloaded after import = 152

========================================================================
Received Import Request.
  Time since last request: 0.000061 seconds.
  path: Assets/Studio33 Interactive_[BasketBall] v1.1/Animations/Basketball Motions Humanoid/2140_DunkRA.fbx
  artifactKey: Guid(5b6c6ecd77a6ae8408ab166f0589ac8d) Importer(2089858483,b0f066a214c2f5e87bad3c948f4d605d)
Start importing Assets/Studio33 Interactive_[BasketBall] v1.1/Animations/Basketball Motions Humanoid/2140_DunkRA.fbx using Guid(5b6c6ecd77a6ae8408ab166f0589ac8d) Importer(2089858483,b0f066a214c2f5e87bad3c948f4d605d) (ScriptedImporter) -> (artifact id: 'cd07fc5f210f21cc4d4bb61de9494629') in 0.032621 seconds
Number of updated asset objects reloaded before import = 0Number of asset objects unloaded after import = 154

========================================================================
Received Import Request.
  Time since last request: 0.000034 seconds.
  path: Assets/Studio33 Interactive_[BasketBall] v1.1/Animations/Basketball Motions_Generic/1346_JumpshotMA.fbx
  artifactKey: Guid(da24978523258c84dbc9bcd60117c78d) Importer(2089858483,b0f066a214c2f5e87bad3c948f4d605d)
Start importing Assets/Studio33 Interactive_[BasketBall] v1.1/Animations/Basketball Motions_Generic/1346_JumpshotMA.fbx using Guid(da24978523258c84dbc9bcd60117c78d) Importer(2089858483,b0f066a214c2f5e87bad3c948f4d605d) (ScriptedImporter) -> (artifact id: '7b95f1035280563506a06dc6cca32027') in 0.0293829 seconds
Number of updated asset objects reloaded before import = 0Number of asset objects unloaded after import = 152

========================================================================
Received Import Request.
  Time since last request: 0.000092 seconds.
  path: Assets/Studio33 Interactive_[BasketBall] v1.1/Animations/Basketball Motions Humanoid/1717_JumpshotMFakeA.fbx
  artifactKey: Guid(ac23cce33dcf62c4aba10d37aacd675f) Importer(2089858483,b0f066a214c2f5e87bad3c948f4d605d)
Start importing Assets/Studio33 Interactive_[BasketBall] v1.1/Animations/Basketball Motions Humanoid/1717_JumpshotMFakeA.fbx using Guid(ac23cce33dcf62c4aba10d37aacd675f) Importer(2089858483,b0f066a214c2f5e87bad3c948f4d605d) (ScriptedImporter) -> (artifact id: '22374b12b6caf4e33035ddf8c541406c') in 0.0306047 seconds
Number of updated asset objects reloaded before import = 0Number of asset objects unloaded after import = 154

========================================================================
Received Import Request.
  Time since last request: 0.000050 seconds.
  path: Assets/Studio33 Interactive_[BasketBall] v1.1/Animations/Basketball Motions_Generic/624_LoosebahighA.fbx
  artifactKey: Guid(3641ed44bfa106549b8b64b7db6c4a72) Importer(2089858483,b0f066a214c2f5e87bad3c948f4d605d)
Start importing Assets/Studio33 Interactive_[BasketBall] v1.1/Animations/Basketball Motions_Generic/624_LoosebahighA.fbx using Guid(3641ed44bfa106549b8b64b7db6c4a72) Importer(2089858483,b0f066a214c2f5e87bad3c948f4d605d) (ScriptedImporter) -> (artifact id: 'dc997bdcb26bc97549ee38fa6ede4960') in 0.0279863 seconds
Number of updated asset objects reloaded before import = 0Number of asset objects unloaded after import = 152

========================================================================
Received Import Request.
  Time since last request: 0.000056 seconds.
  path: Assets/Studio33 Interactive_[BasketBall] v1.1/Animations/Basketball Motions_Generic/1761_JumpshotReadyFake.fbx
  artifactKey: Guid(f73b91cdb5f2f644ba35b7e1e4bdf693) Importer(2089858483,b0f066a214c2f5e87bad3c948f4d605d)
Start importing Assets/Studio33 Interactive_[BasketBall] v1.1/Animations/Basketball Motions_Generic/1761_JumpshotReadyFake.fbx using Guid(f73b91cdb5f2f644ba35b7e1e4bdf693) Importer(2089858483,b0f066a214c2f5e87bad3c948f4d605d) (ScriptedImporter) -> (artifact id: '4ac9ef03c5e596867b281a5eafe3dfb5') in 0.0290187 seconds
Number of updated asset objects reloaded before import = 0Number of asset objects unloaded after import = 152

========================================================================
Received Import Request.
  Time since last request: 0.000041 seconds.
  path: Assets/Studio33 Interactive_[BasketBall] v1.1/Animations/Basketball Motions Humanoid/393_CrossThSRRRA.fbx
  artifactKey: Guid(ba26cddffd5bdfa4bae49bdeed2d9dc7) Importer(2089858483,b0f066a214c2f5e87bad3c948f4d605d)
Start importing Assets/Studio33 Interactive_[BasketBall] v1.1/Animations/Basketball Motions Humanoid/393_CrossThSRRRA.fbx using Guid(ba26cddffd5bdfa4bae49bdeed2d9dc7) Importer(2089858483,b0f066a214c2f5e87bad3c948f4d605d) (ScriptedImporter) -> (artifact id: 'd51538e76b01b6cbbd5fdb9630133ad7') in 0.0325811 seconds
Number of updated asset objects reloaded before import = 0Number of asset objects unloaded after import = 154

========================================================================
Received Import Request.
  Time since last request: 0.000056 seconds.
  path: Assets/Studio33 Interactive_[BasketBall] v1.1/Animations/Basketball Motions_Generic/714_PassKirA.fbx
  artifactKey: Guid(70fa21fc7785e1d4988835c8b1184963) Importer(2089858483,b0f066a214c2f5e87bad3c948f4d605d)
Start importing Assets/Studio33 Interactive_[BasketBall] v1.1/Animations/Basketball Motions_Generic/714_PassKirA.fbx using Guid(70fa21fc7785e1d4988835c8b1184963) Importer(2089858483,b0f066a214c2f5e87bad3c948f4d605d) (ScriptedImporter) -> (artifact id: '32d61e9da272ac32d26c760f3e503926') in 0.0333814 seconds
Number of updated asset objects reloaded before import = 0Number of asset objects unloaded after import = 152

========================================================================
Received Import Request.
  Time since last request: 0.000039 seconds.
  path: Assets/Studio33 Interactive_[BasketBall] v1.1/Animations/Basketball Motions Humanoid/668_SonicShTurr.fbx
  artifactKey: Guid(12e2f7b5dec2d464a822220ee8c21ef7) Importer(2089858483,b0f066a214c2f5e87bad3c948f4d605d)
Start importing Assets/Studio33 Interactive_[BasketBall] v1.1/Animations/Basketball Motions Humanoid/668_SonicShTurr.fbx using Guid(12e2f7b5dec2d464a822220ee8c21ef7) Importer(2089858483,b0f066a214c2f5e87bad3c948f4d605d) (ScriptedImporter) -> (artifact id: '9398577f3f244a630548c420df36a0bb') in 0.0306478 seconds
Number of updated asset objects reloaded before import = 0Number of asset objects unloaded after import = 154

========================================================================
Received Import Request.
  Time since last request: 0.000043 seconds.
  path: Assets/Studio33 Interactive_[BasketBall] v1.1/Animations/Basketball Motions Humanoid/936_RstacrossFakePostLA.fbx
  artifactKey: Guid(ac456bf3f6e381c449e81a0013d8f62a) Importer(2089858483,b0f066a214c2f5e87bad3c948f4d605d)
Start importing Assets/Studio33 Interactive_[BasketBall] v1.1/Animations/Basketball Motions Humanoid/936_RstacrossFakePostLA.fbx using Guid(ac456bf3f6e381c449e81a0013d8f62a) Importer(2089858483,b0f066a214c2f5e87bad3c948f4d605d) (ScriptedImporter) -> (artifact id: 'c20e610763c7e57aef0eca86d3c89319') in 0.028584 seconds
Number of updated asset objects reloaded before import = 0Number of asset objects unloaded after import = 154

========================================================================
Received Import Request.
  Time since last request: 0.000063 seconds.
  path: Assets/Studio33 Interactive_[BasketBall] v1.1/Animations/Basketball Motions Humanoid/147_TravRB.fbx
  artifactKey: Guid(b4945b426707c0642b553941b82e0982) Importer(2089858483,b0f066a214c2f5e87bad3c948f4d605d)
Start importing Assets/Studio33 Interactive_[BasketBall] v1.1/Animations/Basketball Motions Humanoid/147_TravRB.fbx using Guid(b4945b426707c0642b553941b82e0982) Importer(2089858483,b0f066a214c2f5e87bad3c948f4d605d) (ScriptedImporter) -> (artifact id: '18124d6dadd2c74d7cc189d2fa1bbdda') in 0.0302155 seconds
Number of updated asset objects reloaded before import = 0Number of asset objects unloaded after import = 154

========================================================================
Received Import Request.
  Time since last request: 0.000046 seconds.
  path: Assets/Studio33 Interactive_[BasketBall] v1.1/Animations/Basketball Motions Humanoid/62_BlockinglongNearL.fbx
  artifactKey: Guid(02c74b06345788f41b500ab21c1294bd) Importer(2089858483,b0f066a214c2f5e87bad3c948f4d605d)
Start importing Assets/Studio33 Interactive_[BasketBall] v1.1/Animations/Basketball Motions Humanoid/62_BlockinglongNearL.fbx using Guid(02c74b06345788f41b500ab21c1294bd) Importer(2089858483,b0f066a214c2f5e87bad3c948f4d605d) (ScriptedImporter) -> (artifact id: '2d430cd89fbf3f3a4ece117ac2022a59') in 0.0349122 seconds
Number of updated asset objects reloaded before import = 0Number of asset objects unloaded after import = 154

========================================================================
Received Import Request.
  Time since last request: 0.000042 seconds.
  path: Assets/Studio33 Interactive_[BasketBall] v1.1/Animations/Basketball Motions_Generic/942_Rebound rB.fbx
  artifactKey: Guid(a21b327ae613eaf4fa0b80c68f0f8883) Importer(2089858483,b0f066a214c2f5e87bad3c948f4d605d)
Start importing Assets/Studio33 Interactive_[BasketBall] v1.1/Animations/Basketball Motions_Generic/942_Rebound rB.fbx using Guid(a21b327ae613eaf4fa0b80c68f0f8883) Importer(2089858483,b0f066a214c2f5e87bad3c948f4d605d) (ScriptedImporter) -> (artifact id: '83b7d1b1e09c510ac6aaa8777c4695c8') in 0.0294748 seconds
Number of updated asset objects reloaded before import = 0Number of asset objects unloaded after import = 152

========================================================================
Received Import Request.
  Time since last request: 0.000052 seconds.
  path: Assets/Studio33 Interactive_[BasketBall] v1.1/Animations/Basketball Motions_Generic/1254_SelfalleyoopReadyA.fbx
  artifactKey: Guid(304adaf974f1f504da7d3700f8240221) Importer(2089858483,b0f066a214c2f5e87bad3c948f4d605d)
Start importing Assets/Studio33 Interactive_[BasketBall] v1.1/Animations/Basketball Motions_Generic/1254_SelfalleyoopReadyA.fbx using Guid(304adaf974f1f504da7d3700f8240221) Importer(2089858483,b0f066a214c2f5e87bad3c948f4d605d) (ScriptedImporter) -> (artifact id: 'baba303f88a8531aa48a42c47a701732') in 0.0298538 seconds
Number of updated asset objects reloaded before import = 0Number of asset objects unloaded after import = 152

========================================================================
Received Import Request.
  Time since last request: 0.000040 seconds.
  path: Assets/Studio33 Interactive_[BasketBall] v1.1/Animations/Basketball Motions_Generic/18_BlockingckncatchLongFarLayupFA.fbx
  artifactKey: Guid(1c93f7eb119b12645a54b78f7ab70fa3) Importer(2089858483,b0f066a214c2f5e87bad3c948f4d605d)
Start importing Assets/Studio33 Interactive_[BasketBall] v1.1/Animations/Basketball Motions_Generic/18_BlockingckncatchLongFarLayupFA.fbx using Guid(1c93f7eb119b12645a54b78f7ab70fa3) Importer(2089858483,b0f066a214c2f5e87bad3c948f4d605d) (ScriptedImporter) -> (artifact id: '0ccadbee0531ed8120d4c6a4522260be') in 0.0272692 seconds
Number of updated asset objects reloaded before import = 0Number of asset objects unloaded after import = 152

========================================================================
Received Import Request.
  Time since last request: 0.000046 seconds.
  path: Assets/Studio33 Interactive_[BasketBall] v1.1/Animations/Basketball Motions Humanoid/294_JabstepReadyA.fbx
  artifactKey: Guid(db11686ad23ce344c902fd781aff3bfe) Importer(2089858483,b0f066a214c2f5e87bad3c948f4d605d)
Start importing Assets/Studio33 Interactive_[BasketBall] v1.1/Animations/Basketball Motions Humanoid/294_JabstepReadyA.fbx using Guid(db11686ad23ce344c902fd781aff3bfe) Importer(2089858483,b0f066a214c2f5e87bad3c948f4d605d) (ScriptedImporter) -> (artifact id: 'aab9acd5fa5c0cee15e5b72ea3bc783e') in 0.0267462 seconds
Number of updated asset objects reloaded before import = 0Number of asset objects unloaded after import = 154

========================================================================
Received Import Request.
  Time since last request: 0.000049 seconds.
  path: Assets/Studio33 Interactive_[BasketBall] v1.1/Animations/Basketball Motions_Generic/1948_JumpshotDriftLA.fbx
  artifactKey: Guid(8f88cc05395cdae4d85d5f5226e8f6f4) Importer(2089858483,b0f066a214c2f5e87bad3c948f4d605d)
Start importing Assets/Studio33 Interactive_[BasketBall] v1.1/Animations/Basketball Motions_Generic/1948_JumpshotDriftLA.fbx using Guid(8f88cc05395cdae4d85d5f5226e8f6f4) Importer(2089858483,b0f066a214c2f5e87bad3c948f4d605d) (ScriptedImporter) -> (artifact id: 'b428b51691551f1031e9fe35939c8241') in 0.0286749 seconds
Number of updated asset objects reloaded before import = 0Number of asset objects unloaded after import = 152

========================================================================
Received Import Request.
  Time since last request: 0.000041 seconds.
  path: Assets/Studio33 Interactive_[BasketBall] v1.1/Animations/Basketball Motions_Generic/784_ShootpassLayupLongFrontA.fbx
  artifactKey: Guid(7fd29f30854786141a980a27fd758ca6) Importer(2089858483,b0f066a214c2f5e87bad3c948f4d605d)
Start importing Assets/Studio33 Interactive_[BasketBall] v1.1/Animations/Basketball Motions_Generic/784_ShootpassLayupLongFrontA.fbx using Guid(7fd29f30854786141a980a27fd758ca6) Importer(2089858483,b0f066a214c2f5e87bad3c948f4d605d) (ScriptedImporter) -> (artifact id: '9bebcd539514a4b835b94c2d27294605') in 0.0313742 seconds
Number of updated asset objects reloaded before import = 0Number of asset objects unloaded after import = 152

========================================================================
Received Import Request.
  Time since last request: 0.000038 seconds.
  path: Assets/Studio33 Interactive_[BasketBall] v1.1/Animations/Basketball Motions Humanoid/942_Rebound rB.fbx
  artifactKey: Guid(00dbb25eb84a4a340be077abbbe33ec8) Importer(2089858483,b0f066a214c2f5e87bad3c948f4d605d)
Start importing Assets/Studio33 Interactive_[BasketBall] v1.1/Animations/Basketball Motions Humanoid/942_Rebound rB.fbx using Guid(00dbb25eb84a4a340be077abbbe33ec8) Importer(2089858483,b0f066a214c2f5e87bad3c948f4d605d) (ScriptedImporter) -> (artifact id: '5bb88697c8c09dcc025a41c5a0325367') in 0.0318378 seconds
Number of updated asset objects reloaded before import = 0Number of asset objects unloaded after import = 154

========================================================================
Received Import Request.
  Time since last request: 0.000043 seconds.
  path: Assets/Studio33 Interactive_[BasketBall] v1.1/Animations/Basketball Motions_Generic/993_Rebound rC.fbx
  artifactKey: Guid(fddd14bc00c16b846be14ba3f4ae820f) Importer(2089858483,b0f066a214c2f5e87bad3c948f4d605d)
Start importing Assets/Studio33 Interactive_[BasketBall] v1.1/Animations/Basketball Motions_Generic/993_Rebound rC.fbx using Guid(fddd14bc00c16b846be14ba3f4ae820f) Importer(2089858483,b0f066a214c2f5e87bad3c948f4d605d) (ScriptedImporter) -> (artifact id: 'd38efcb5760e615f2db31de303bad272') in 0.0283316 seconds
Number of updated asset objects reloaded before import = 0Number of asset objects unloaded after import = 152

========================================================================
Received Import Request.
  Time since last request: 0.000065 seconds.
  path: Assets/Studio33 Interactive_[BasketBall] v1.1/Animations/Basketball Motions Humanoid/1114_Screestaa.fbx
  artifactKey: Guid(eba80e330a52d9e409142743d25a0325) Importer(2089858483,b0f066a214c2f5e87bad3c948f4d605d)
Start importing Assets/Studio33 Interactive_[BasketBall] v1.1/Animations/Basketball Motions Humanoid/1114_Screestaa.fbx using Guid(eba80e330a52d9e409142743d25a0325) Importer(2089858483,b0f066a214c2f5e87bad3c948f4d605d) (ScriptedImporter) -> (artifact id: '42d97200fec0657b0c3e722abe8c2fd6') in 0.0300471 seconds
Number of updated asset objects reloaded before import = 0Number of asset objects unloaded after import = 154

========================================================================
Received Import Request.
  Time since last request: 0.000044 seconds.
  path: Assets/Studio33 Interactive_[BasketBall] v1.1/Animations/Basketball Motions Humanoid/641_MSlidingCFailA.fbx
  artifactKey: Guid(18cf903b56065804c941fe5cb5d98db1) Importer(2089858483,b0f066a214c2f5e87bad3c948f4d605d)
Start importing Assets/Studio33 Interactive_[BasketBall] v1.1/Animations/Basketball Motions Humanoid/641_MSlidingCFailA.fbx using Guid(18cf903b56065804c941fe5cb5d98db1) Importer(2089858483,b0f066a214c2f5e87bad3c948f4d605d) (ScriptedImporter) -> (artifact id: '9129a8c748c832369eef2727d376efe0') in 0.0301613 seconds
Number of updated asset objects reloaded before import = 0Number of asset objects unloaded after import = 154

========================================================================
Received Import Request.
  Time since last request: 0.000046 seconds.
  path: Assets/Studio33 Interactive_[BasketBall] v1.1/Animations/Basketball Motions_Generic/956_Rebound B.fbx
  artifactKey: Guid(c75a96a61be2469428bb23fedcbc4275) Importer(2089858483,b0f066a214c2f5e87bad3c948f4d605d)
Start importing Assets/Studio33 Interactive_[BasketBall] v1.1/Animations/Basketball Motions_Generic/956_Rebound B.fbx using Guid(c75a96a61be2469428bb23fedcbc4275) Importer(2089858483,b0f066a214c2f5e87bad3c948f4d605d) (ScriptedImporter) -> (artifact id: '0d1984ce6e44a11a76794c5ad9a4f7c0') in 0.0310266 seconds
Number of updated asset objects reloaded before import = 0Number of asset objects unloaded after import = 152

========================================================================
Received Import Request.
  Time since last request: 0.000052 seconds.
  path: Assets/Studio33 Interactive_[BasketBall] v1.1/Animations/Basketball Motions Humanoid/212_ShoulderdunkTeba.fbx
  artifactKey: Guid(63d64e7a973ee8146a2f6432873a9ea7) Importer(2089858483,b0f066a214c2f5e87bad3c948f4d605d)
Start importing Assets/Studio33 Interactive_[BasketBall] v1.1/Animations/Basketball Motions Humanoid/212_ShoulderdunkTeba.fbx using Guid(63d64e7a973ee8146a2f6432873a9ea7) Importer(2089858483,b0f066a214c2f5e87bad3c948f4d605d) (ScriptedImporter) -> (artifact id: 'b5f1630a6aa1ef5039e360c6db8bef61') in 0.0499098 seconds
Number of updated asset objects reloaded before import = 0Number of asset objects unloaded after import = 154

========================================================================
Received Import Request.
  Time since last request: 0.000039 seconds.
  path: Assets/Studio33 Interactive_[BasketBall] v1.1/Animations/Basketball Motions_Generic/736_ShootpassLayupShortRightA.fbx
  artifactKey: Guid(1604a9333ecaac44b9b64c7b5e25eebc) Importer(2089858483,b0f066a214c2f5e87bad3c948f4d605d)
Start importing Assets/Studio33 Interactive_[BasketBall] v1.1/Animations/Basketball Motions_Generic/736_ShootpassLayupShortRightA.fbx using Guid(1604a9333ecaac44b9b64c7b5e25eebc) Importer(2089858483,b0f066a214c2f5e87bad3c948f4d605d) (ScriptedImporter) -> (artifact id: '5cb9257a40307415a4e9dcaa90b48a5d') in 0.0275523 seconds
Number of updated asset objects reloaded before import = 0Number of asset objects unloaded after import = 152

========================================================================
Received Import Request.
  Time since last request: 0.000047 seconds.
  path: Assets/Studio33 Interactive_[BasketBall] v1.1/Animations/Basketball Motions_Generic/1201_DunkRA.fbx
  artifactKey: Guid(0c331c00d80a7fd4aa532f95aa2d35fd) Importer(2089858483,b0f066a214c2f5e87bad3c948f4d605d)
Start importing Assets/Studio33 Interactive_[BasketBall] v1.1/Animations/Basketball Motions_Generic/1201_DunkRA.fbx using Guid(0c331c00d80a7fd4aa532f95aa2d35fd) Importer(2089858483,b0f066a214c2f5e87bad3c948f4d605d) (ScriptedImporter) -> (artifact id: 'f8f9e6879da451f5e049e7707c349bbf') in 0.0285605 seconds
Number of updated asset objects reloaded before import = 0Number of asset objects unloaded after import = 152

========================================================================
Received Import Request.
  Time since last request: 0.000064 seconds.
  path: Assets/Studio33 Interactive_[BasketBall] v1.1/Animations/Basketball Motions_Generic/1608_JumpshotReadyFake.fbx
  artifactKey: Guid(8d8ff76909950c445b6f5c3e44098d89) Importer(2089858483,b0f066a214c2f5e87bad3c948f4d605d)
Start importing Assets/Studio33 Interactive_[BasketBall] v1.1/Animations/Basketball Motions_Generic/1608_JumpshotReadyFake.fbx using Guid(8d8ff76909950c445b6f5c3e44098d89) Importer(2089858483,b0f066a214c2f5e87bad3c948f4d605d) (ScriptedImporter) -> (artifact id: '237607f0adb63b6f9e560971e58b6bb2') in 0.0254395 seconds
Number of updated asset objects reloaded before import = 0Number of asset objects unloaded after import = 152

========================================================================
Received Import Request.
  Time since last request: 0.000039 seconds.
  path: Assets/Studio33 Interactive_[BasketBall] v1.1/Animations/Basketball Motions_Generic/1052_BackboardDestructiowiA.fbx
  artifactKey: Guid(f91ec543ba26c694e99913a14d61b71c) Importer(2089858483,b0f066a214c2f5e87bad3c948f4d605d)
Start importing Assets/Studio33 Interactive_[BasketBall] v1.1/Animations/Basketball Motions_Generic/1052_BackboardDestructiowiA.fbx using Guid(f91ec543ba26c694e99913a14d61b71c) Importer(2089858483,b0f066a214c2f5e87bad3c948f4d605d) (ScriptedImporter) -> (artifact id: '4651009c63da434cf26929c229bac485') in 0.028971 seconds
Number of updated asset objects reloaded before import = 0Number of asset objects unloaded after import = 152

========================================================================
Received Import Request.
  Time since last request: 0.000039 seconds.
  path: Assets/Studio33 Interactive_[BasketBall] v1.1/Animations/Basketball Motions_Generic/1966_JumpshotPullupRA.fbx
  artifactKey: Guid(294cc5364a31a2340a82599e5d03fcf8) Importer(2089858483,b0f066a214c2f5e87bad3c948f4d605d)
Start importing Assets/Studio33 Interactive_[BasketBall] v1.1/Animations/Basketball Motions_Generic/1966_JumpshotPullupRA.fbx using Guid(294cc5364a31a2340a82599e5d03fcf8) Importer(2089858483,b0f066a214c2f5e87bad3c948f4d605d) (ScriptedImporter) -> (artifact id: '9fdd16ba6fc9f5d863181803cf512509') in 0.028388 seconds
Number of updated asset objects reloaded before import = 0Number of asset objects unloaded after import = 152

========================================================================
Received Import Request.
  Time since last request: 0.000060 seconds.
  path: Assets/Studio33 Interactive_[BasketBall] v1.1/Animations/Basketball Motions Humanoid/1922_DunkCA.fbx
  artifactKey: Guid(ab424079f7187a048811a3270804f02c) Importer(2089858483,b0f066a214c2f5e87bad3c948f4d605d)
Start importing Assets/Studio33 Interactive_[BasketBall] v1.1/Animations/Basketball Motions Humanoid/1922_DunkCA.fbx using Guid(ab424079f7187a048811a3270804f02c) Importer(2089858483,b0f066a214c2f5e87bad3c948f4d605d) (ScriptedImporter) -> (artifact id: '9713cf1398a6d53b3e304314ebceb63a') in 0.0372066 seconds
Number of updated asset objects reloaded before import = 0Number of asset objects unloaded after import = 154

========================================================================
Received Import Request.
  Time since last request: 0.000036 seconds.
  path: Assets/Studio33 Interactive_[BasketBall] v1.1/Animations/Basketball Motions Humanoid/1750_LayupCA.fbx
  artifactKey: Guid(fa5fcc3954734614a942fd3cac8a5c67) Importer(2089858483,b0f066a214c2f5e87bad3c948f4d605d)
Start importing Assets/Studio33 Interactive_[BasketBall] v1.1/Animations/Basketball Motions Humanoid/1750_LayupCA.fbx using Guid(fa5fcc3954734614a942fd3cac8a5c67) Importer(2089858483,b0f066a214c2f5e87bad3c948f4d605d) (ScriptedImporter) -> (artifact id: 'a34db260a05e8737f396379974cd8c5e') in 0.0367463 seconds
Number of updated asset objects reloaded before import = 0Number of asset objects unloaded after import = 154

========================================================================
Received Import Request.
  Time since last request: 0.000038 seconds.
  path: Assets/Studio33 Interactive_[BasketBall] v1.1/Animations/Basketball Motions Humanoid/1217_FakelayupRA.fbx
  artifactKey: Guid(5674d1f42721f9f42a4d771e2c9644d3) Importer(2089858483,b0f066a214c2f5e87bad3c948f4d605d)
Start importing Assets/Studio33 Interactive_[BasketBall] v1.1/Animations/Basketball Motions Humanoid/1217_FakelayupRA.fbx using Guid(5674d1f42721f9f42a4d771e2c9644d3) Importer(2089858483,b0f066a214c2f5e87bad3c948f4d605d) (ScriptedImporter) -> (artifact id: '94f620d7028e2112e3a150bd199a8fd6') in 0.0290415 seconds
Number of updated asset objects reloaded before import = 0Number of asset objects unloaded after import = 154

========================================================================
Received Import Request.
  Time since last request: 0.000048 seconds.
  path: Assets/Studio33 Interactive_[BasketBall] v1.1/Animations/Basketball Motions Humanoid/1715_DunkRA.fbx
  artifactKey: Guid(a10fa6868870e194081adb16d0a7cdb1) Importer(2089858483,b0f066a214c2f5e87bad3c948f4d605d)
Start importing Assets/Studio33 Interactive_[BasketBall] v1.1/Animations/Basketball Motions Humanoid/1715_DunkRA.fbx using Guid(a10fa6868870e194081adb16d0a7cdb1) Importer(2089858483,b0f066a214c2f5e87bad3c948f4d605d) (ScriptedImporter) -> (artifact id: '0fcb867f3bbb342ea580a330a5fa6e53') in 0.0370816 seconds
Number of updated asset objects reloaded before import = 0Number of asset objects unloaded after import = 154

========================================================================
Received Import Request.
  Time since last request: 0.000036 seconds.
  path: Assets/Studio33 Interactive_[BasketBall] v1.1/Animations/Basketball Motions_Generic/1620_DunkRA.fbx
  artifactKey: Guid(ab247bced22537a468df3a750b26f36e) Importer(2089858483,b0f066a214c2f5e87bad3c948f4d605d)
Start importing Assets/Studio33 Interactive_[BasketBall] v1.1/Animations/Basketball Motions_Generic/1620_DunkRA.fbx using Guid(ab247bced22537a468df3a750b26f36e) Importer(2089858483,b0f066a214c2f5e87bad3c948f4d605d) (ScriptedImporter) -> (artifact id: '029020195a1c76f3a019a472ce220d69') in 0.0257955 seconds
Number of updated asset objects reloaded before import = 0Number of asset objects unloaded after import = 152

========================================================================
Received Import Request.
  Time since last request: 0.000047 seconds.
  path: Assets/Studio33 Interactive_[BasketBall] v1.1/Animations/Basketball Motions Humanoid/449_MarkResistancefaceup.fbx
  artifactKey: Guid(7e8dbd2e125e11941ad64a75bb216757) Importer(2089858483,b0f066a214c2f5e87bad3c948f4d605d)
Start importing Assets/Studio33 Interactive_[BasketBall] v1.1/Animations/Basketball Motions Humanoid/449_MarkResistancefaceup.fbx using Guid(7e8dbd2e125e11941ad64a75bb216757) Importer(2089858483,b0f066a214c2f5e87bad3c948f4d605d) (ScriptedImporter) -> (artifact id: '2e43efed60041e2c1c3b6a52b04f8770') in 0.0371005 seconds
Number of updated asset objects reloaded before import = 0Number of asset objects unloaded after import = 154

========================================================================
Received Import Request.
  Time since last request: 0.000050 seconds.
  path: Assets/Studio33 Interactive_[BasketBall] v1.1/Animations/Basketball Motions Humanoid/2093_JumpshotReadyFake.fbx
  artifactKey: Guid(fb63645904a2a604dae2888f9389c5a4) Importer(2089858483,b0f066a214c2f5e87bad3c948f4d605d)
Start importing Assets/Studio33 Interactive_[BasketBall] v1.1/Animations/Basketball Motions Humanoid/2093_JumpshotReadyFake.fbx using Guid(fb63645904a2a604dae2888f9389c5a4) Importer(2089858483,b0f066a214c2f5e87bad3c948f4d605d) (ScriptedImporter) -> (artifact id: '8479567338c6b13c54f37b5f1f671f45') in 0.0292828 seconds
Number of updated asset objects reloaded before import = 0Number of asset objects unloaded after import = 154

========================================================================
Received Import Request.
  Time since last request: 0.000044 seconds.
  path: Assets/Studio33 Interactive_[BasketBall] v1.1/Animations/Basketball Motions_Generic/1069_SceneEntHome.fbx
  artifactKey: Guid(9faafcd8953ca6d4eb3ce767de2b621a) Importer(2089858483,b0f066a214c2f5e87bad3c948f4d605d)
Start importing Assets/Studio33 Interactive_[BasketBall] v1.1/Animations/Basketball Motions_Generic/1069_SceneEntHome.fbx using Guid(9faafcd8953ca6d4eb3ce767de2b621a) Importer(2089858483,b0f066a214c2f5e87bad3c948f4d605d) (ScriptedImporter) -> (artifact id: 'd29a4b18e953f19c4bd70a9691da3ae2') in 0.0286046 seconds
Number of updated asset objects reloaded before import = 0Number of asset objects unloaded after import = 152

========================================================================
Received Import Request.
  Time since last request: 0.000039 seconds.
  path: Assets/Studio33 Interactive_[BasketBall] v1.1/Animations/Basketball Motions_Generic/125_ReboundAndBoxOutBaa.fbx
  artifactKey: Guid(5fd0b83c020013b478f52e82dd7ff554) Importer(815301076,1909f56bfc062723c751e8b465ee728b)
Start importing Assets/Studio33 Interactive_[BasketBall] v1.1/Animations/Basketball Motions_Generic/125_ReboundAndBoxOutBaa.fbx using Guid(5fd0b83c020013b478f52e82dd7ff554) Importer(815301076,1909f56bfc062723c751e8b465ee728b) (PreviewImporter) -> (artifact id: '939a4bbd3bf9d867b2ac8c985156ddfb') in 0.0456778 seconds
Number of updated asset objects reloaded before import = 0Number of asset objects unloaded after import = 152

========================================================================
Received Import Request.
  Time since last request: 0.000058 seconds.
  path: Assets/Studio33 Interactive_[BasketBall] v1.1/Animations/Basketball Motions_Generic/26_BlockinglongFarLayupF.fbx
  artifactKey: Guid(b21e6c594a0efa545a75d6f095fd65a7) Importer(815301076,1909f56bfc062723c751e8b465ee728b)
Start importing Assets/Studio33 Interactive_[BasketBall] v1.1/Animations/Basketball Motions_Generic/26_BlockinglongFarLayupF.fbx using Guid(b21e6c594a0efa545a75d6f095fd65a7) Importer(815301076,1909f56bfc062723c751e8b465ee728b) (PreviewImporter) -> (artifact id: '3af0468c64f197d96e6456955f44c726') in 0.0437777 seconds
Number of updated asset objects reloaded before import = 0Number of asset objects unloaded after import = 152

========================================================================
Received Import Request.
  Time since last request: 0.000041 seconds.
  path: Assets/Studio33 Interactive_[BasketBall] v1.1/Animations/Basketball Motions Humanoid/1110_ScreeillegalR.fbx
  artifactKey: Guid(3e15ed29c4ea42a459e723d6bf569293) Importer(2089858483,b0f066a214c2f5e87bad3c948f4d605d)
Start importing Assets/Studio33 Interactive_[BasketBall] v1.1/Animations/Basketball Motions Humanoid/1110_ScreeillegalR.fbx using Guid(3e15ed29c4ea42a459e723d6bf569293) Importer(2089858483,b0f066a214c2f5e87bad3c948f4d605d) (ScriptedImporter) -> (artifact id: '96bbb9019664235465e89e85f503f04c') in 0.0304506 seconds
Number of updated asset objects reloaded before import = 0Number of asset objects unloaded after import = 154

========================================================================
Received Import Request.
  Time since last request: 0.000043 seconds.
  path: Assets/Studio33 Interactive_[BasketBall] v1.1/Animations/Basketball Motions_Generic/724_PassioverLA.fbx
  artifactKey: Guid(18f7ab6d9aef3674286c488a80c7a898) Importer(2089858483,b0f066a214c2f5e87bad3c948f4d605d)
Start importing Assets/Studio33 Interactive_[BasketBall] v1.1/Animations/Basketball Motions_Generic/724_PassioverLA.fbx using Guid(18f7ab6d9aef3674286c488a80c7a898) Importer(2089858483,b0f066a214c2f5e87bad3c948f4d605d) (ScriptedImporter) -> (artifact id: 'f091d93b6654babfdbc66ec2f66a871c') in 0.0273452 seconds
Number of updated asset objects reloaded before import = 0Number of asset objects unloaded after import = 152

========================================================================
Received Import Request.
  Time since last request: 0.000042 seconds.
  path: Assets/Studio33 Interactive_[BasketBall] v1.1/Animations/Basketball Motions_Generic/592_IntRHighA.fbx
  artifactKey: Guid(8a7202257c09ebb4fb9b5cd82d85138b) Importer(2089858483,b0f066a214c2f5e87bad3c948f4d605d)
Start importing Assets/Studio33 Interactive_[BasketBall] v1.1/Animations/Basketball Motions_Generic/592_IntRHighA.fbx using Guid(8a7202257c09ebb4fb9b5cd82d85138b) Importer(2089858483,b0f066a214c2f5e87bad3c948f4d605d) (ScriptedImporter) -> (artifact id: '4aa17907e0db044bdf3b9c05f3701f25') in 0.0308456 seconds
Number of updated asset objects reloaded before import = 0Number of asset objects unloaded after import = 152

========================================================================
Received Import Request.
  Time since last request: 0.000044 seconds.
  path: Assets/Studio33 Interactive_[BasketBall] v1.1/Animations/Basketball Motions_Generic/133_ReboundAndBoxOutRightA.fbx
  artifactKey: Guid(42ec6dd6f37462c408e6446c314f7b5e) Importer(815301076,1909f56bfc062723c751e8b465ee728b)
Start importing Assets/Studio33 Interactive_[BasketBall] v1.1/Animations/Basketball Motions_Generic/133_ReboundAndBoxOutRightA.fbx using Guid(42ec6dd6f37462c408e6446c314f7b5e) Importer(815301076,1909f56bfc062723c751e8b465ee728b) (PreviewImporter) -> (artifact id: 'cb195946cc7869cd84e16f7cb6149253') in 0.0504217 seconds
Number of updated asset objects reloaded before import = 0Number of asset objects unloaded after import = 152

========================================================================
Received Import Request.
  Time since last request: 0.000041 seconds.
  path: Assets/Studio33 Interactive_[BasketBall] v1.1/Animations/Basketball Motions Humanoid/1292_DunkCA.fbx
  artifactKey: Guid(890897ef8548df34ab8f94c4c7cc1fa6) Importer(2089858483,b0f066a214c2f5e87bad3c948f4d605d)
Start importing Assets/Studio33 Interactive_[BasketBall] v1.1/Animations/Basketball Motions Humanoid/1292_DunkCA.fbx using Guid(890897ef8548df34ab8f94c4c7cc1fa6) Importer(2089858483,b0f066a214c2f5e87bad3c948f4d605d) (ScriptedImporter) -> (artifact id: 'bcf0c197b7b59f2e6c5f41b794088d70') in 0.0480656 seconds
Number of updated asset objects reloaded before import = 0Number of asset objects unloaded after import = 154

========================================================================
Received Import Request.
  Time since last request: 0.000041 seconds.
  path: Assets/Studio33 Interactive_[BasketBall] v1.1/Animations/Basketball Motions Humanoid/1361_JumpshotMFakeA.fbx
  artifactKey: Guid(cb2ab268310fbe44d9527984a50ecce6) Importer(2089858483,b0f066a214c2f5e87bad3c948f4d605d)
Start importing Assets/Studio33 Interactive_[BasketBall] v1.1/Animations/Basketball Motions Humanoid/1361_JumpshotMFakeA.fbx using Guid(cb2ab268310fbe44d9527984a50ecce6) Importer(2089858483,b0f066a214c2f5e87bad3c948f4d605d) (ScriptedImporter) -> (artifact id: '8cfbdc14a64494c0049d78d55e885356') in 0.02843 seconds
Number of updated asset objects reloaded before import = 0Number of asset objects unloaded after import = 154

========================================================================
Received Import Request.
  Time since last request: 0.000039 seconds.
  path: Assets/Studio33 Interactive_[BasketBall] v1.1/Animations/Basketball Motions Humanoid/551_BehindshootMA.fbx
  artifactKey: Guid(3c4800e05c2d54a40b2fc1a8d7bed5c5) Importer(2089858483,b0f066a214c2f5e87bad3c948f4d605d)
Start importing Assets/Studio33 Interactive_[BasketBall] v1.1/Animations/Basketball Motions Humanoid/551_BehindshootMA.fbx using Guid(3c4800e05c2d54a40b2fc1a8d7bed5c5) Importer(2089858483,b0f066a214c2f5e87bad3c948f4d605d) (ScriptedImporter) -> (artifact id: 'c1a2451d0cd82430cb321e3005677561') in 0.0268875 seconds
Number of updated asset objects reloaded before import = 0Number of asset objects unloaded after import = 154

========================================================================
Received Import Request.
  Time since last request: 0.000076 seconds.
  path: Assets/Studio33 Interactive_[BasketBall] v1.1/Animations/Basketball Motions Humanoid/1654_DunkRRevA.fbx
  artifactKey: Guid(a2de4ed2fc0968841ace62f2f07c8976) Importer(2089858483,b0f066a214c2f5e87bad3c948f4d605d)
Start importing Assets/Studio33 Interactive_[BasketBall] v1.1/Animations/Basketball Motions Humanoid/1654_DunkRRevA.fbx using Guid(a2de4ed2fc0968841ace62f2f07c8976) Importer(2089858483,b0f066a214c2f5e87bad3c948f4d605d) (ScriptedImporter) -> (artifact id: '91a97c04a895955f63f477d6cfc3f307') in 0.0312058 seconds
Number of updated asset objects reloaded before import = 0Number of asset objects unloaded after import = 154

========================================================================
Received Import Request.
  Time since last request: 0.000054 seconds.
  path: Assets/Studio33 Interactive_[BasketBall] v1.1/Animations/Basketball Motions_Generic/1771_BlockingckedDunkLeftA.fbx
  artifactKey: Guid(a9b9f10903bbc334d8662e4be0026268) Importer(2089858483,b0f066a214c2f5e87bad3c948f4d605d)
Start importing Assets/Studio33 Interactive_[BasketBall] v1.1/Animations/Basketball Motions_Generic/1771_BlockingckedDunkLeftA.fbx using Guid(a9b9f10903bbc334d8662e4be0026268) Importer(2089858483,b0f066a214c2f5e87bad3c948f4d605d) (ScriptedImporter) -> (artifact id: '43df15ef1b37b92dd3c23c933f6c3f81') in 0.0330661 seconds
Number of updated asset objects reloaded before import = 0Number of asset objects unloaded after import = 152

========================================================================
Received Import Request.
  Time since last request: 0.000042 seconds.
  path: Assets/Studio33 Interactive_[BasketBall] v1.1/Animations/Basketball Motions Humanoid/1613_DunkRA.fbx
  artifactKey: Guid(b84188586c7af5c48874f44eec960f0d) Importer(2089858483,b0f066a214c2f5e87bad3c948f4d605d)
Start importing Assets/Studio33 Interactive_[BasketBall] v1.1/Animations/Basketball Motions Humanoid/1613_DunkRA.fbx using Guid(b84188586c7af5c48874f44eec960f0d) Importer(2089858483,b0f066a214c2f5e87bad3c948f4d605d) (ScriptedImporter) -> (artifact id: '592b90edc2b42b883abc98b277eda2f6') in 0.0379967 seconds
Number of updated asset objects reloaded before import = 0Number of asset objects unloaded after import = 154

========================================================================
Received Import Request.
  Time since last request: 0.000037 seconds.
  path: Assets/Studio33 Interactive_[BasketBall] v1.1/Animations/Basketball Motions Humanoid/1414_ReboundAndshootRA.fbx
  artifactKey: Guid(c5a33723339ee2d459ecfc57b8a28d78) Importer(2089858483,b0f066a214c2f5e87bad3c948f4d605d)
Start importing Assets/Studio33 Interactive_[BasketBall] v1.1/Animations/Basketball Motions Humanoid/1414_ReboundAndshootRA.fbx using Guid(c5a33723339ee2d459ecfc57b8a28d78) Importer(2089858483,b0f066a214c2f5e87bad3c948f4d605d) (ScriptedImporter) -> (artifact id: '2274a7b4262a01ac407868fdbc8ab2c3') in 0.0372849 seconds
Number of updated asset objects reloaded before import = 0Number of asset objects unloaded after import = 154

========================================================================
Received Import Request.
  Time since last request: 0.000054 seconds.
  path: Assets/Studio33 Interactive_[BasketBall] v1.1/Animations/Basketball Motions Humanoid/924_PostBafrontLayupCA.fbx
  artifactKey: Guid(8cd3bbce72854354aae21b98106e22a2) Importer(2089858483,b0f066a214c2f5e87bad3c948f4d605d)
Start importing Assets/Studio33 Interactive_[BasketBall] v1.1/Animations/Basketball Motions Humanoid/924_PostBafrontLayupCA.fbx using Guid(8cd3bbce72854354aae21b98106e22a2) Importer(2089858483,b0f066a214c2f5e87bad3c948f4d605d) (ScriptedImporter) -> (artifact id: '9f72df5fe6d93981dfc640279ae69ac7') in 0.0295993 seconds
Number of updated asset objects reloaded before import = 0Number of asset objects unloaded after import = 154

========================================================================
Received Import Request.
  Time since last request: 0.000039 seconds.
  path: Assets/Studio33 Interactive_[BasketBall] v1.1/Animations/Basketball Motions_Generic/1384_JumpshotReadyFake.fbx
  artifactKey: Guid(6b0254b1c2b54664580c10e7b0cef2ca) Importer(2089858483,b0f066a214c2f5e87bad3c948f4d605d)
Start importing Assets/Studio33 Interactive_[BasketBall] v1.1/Animations/Basketball Motions_Generic/1384_JumpshotReadyFake.fbx using Guid(6b0254b1c2b54664580c10e7b0cef2ca) Importer(2089858483,b0f066a214c2f5e87bad3c948f4d605d) (ScriptedImporter) -> (artifact id: '30dead150f65ceb066943c7a693c9856') in 0.0271769 seconds
Number of updated asset objects reloaded before import = 0Number of asset objects unloaded after import = 152

========================================================================
Received Import Request.
  Time since last request: 0.000030 seconds.
  path: Assets/Studio33 Interactive_[BasketBall] v1.1/Animations/Basketball Motions Humanoid/251_CrossFakeSideStepbarR.fbx
  artifactKey: Guid(818c430b90dff324984c98ae62c122e8) Importer(2089858483,b0f066a214c2f5e87bad3c948f4d605d)
Start importing Assets/Studio33 Interactive_[BasketBall] v1.1/Animations/Basketball Motions Humanoid/251_CrossFakeSideStepbarR.fbx using Guid(818c430b90dff324984c98ae62c122e8) Importer(2089858483,b0f066a214c2f5e87bad3c948f4d605d) (ScriptedImporter) -> (artifact id: '9d7e51a1a15efd202bbe0653102acaa4') in 0.0309195 seconds
Number of updated asset objects reloaded before import = 0Number of asset objects unloaded after import = 154

========================================================================
Received Import Request.
  Time since last request: 0.000046 seconds.
  path: Assets/Studio33 Interactive_[BasketBall] v1.1/Animations/Basketball Motions_Generic/1560_LayupCA.fbx
  artifactKey: Guid(99ea3fa69d311364cad4038e8fc9718e) Importer(2089858483,b0f066a214c2f5e87bad3c948f4d605d)
Start importing Assets/Studio33 Interactive_[BasketBall] v1.1/Animations/Basketball Motions_Generic/1560_LayupCA.fbx using Guid(99ea3fa69d311364cad4038e8fc9718e) Importer(2089858483,b0f066a214c2f5e87bad3c948f4d605d) (ScriptedImporter) -> (artifact id: '3bca7700677ffc94481afe1a91b41688') in 0.0360631 seconds
Number of updated asset objects reloaded before import = 0Number of asset objects unloaded after import = 152

========================================================================
Received Import Request.
  Time since last request: 0.000073 seconds.
  path: Assets/Studio33 Interactive_[BasketBall] v1.1/Animations/Basketball Motions_Generic/2028_JumpshotMA.fbx
  artifactKey: Guid(6361e5ec084744e4cac5524d77a71061) Importer(2089858483,b0f066a214c2f5e87bad3c948f4d605d)
Start importing Assets/Studio33 Interactive_[BasketBall] v1.1/Animations/Basketball Motions_Generic/2028_JumpshotMA.fbx using Guid(6361e5ec084744e4cac5524d77a71061) Importer(2089858483,b0f066a214c2f5e87bad3c948f4d605d) (ScriptedImporter) -> (artifact id: '8d124db7bdc9afa7edf6e9d02b35de05') in 0.0271883 seconds
Number of updated asset objects reloaded before import = 0Number of asset objects unloaded after import = 152

========================================================================
Received Import Request.
  Time since last request: 0.000039 seconds.
  path: Assets/Studio33 Interactive_[BasketBall] v1.1/Animations/Basketball Motions_Generic/880_RstapassShootfakepass.fbx
  artifactKey: Guid(18a4c77f9e4bd6d449c0ce9a5b747a33) Importer(2089858483,b0f066a214c2f5e87bad3c948f4d605d)
Start importing Assets/Studio33 Interactive_[BasketBall] v1.1/Animations/Basketball Motions_Generic/880_RstapassShootfakepass.fbx using Guid(18a4c77f9e4bd6d449c0ce9a5b747a33) Importer(2089858483,b0f066a214c2f5e87bad3c948f4d605d) (ScriptedImporter) -> (artifact id: '74b4169a85213da13a7c9d152c1d3b09') in 0.0274477 seconds
Number of updated asset objects reloaded before import = 0Number of asset objects unloaded after import = 152

========================================================================
Received Import Request.
  Time since last request: 0.000037 seconds.
  path: Assets/Studio33 Interactive_[BasketBall] v1.1/Animations/Basketball Motions_Generic/2149_PivotLA.fbx
  artifactKey: Guid(7a076e18fee66bb4caf9bf17fb3cf2c9) Importer(2089858483,b0f066a214c2f5e87bad3c948f4d605d)
Start importing Assets/Studio33 Interactive_[BasketBall] v1.1/Animations/Basketball Motions_Generic/2149_PivotLA.fbx using Guid(7a076e18fee66bb4caf9bf17fb3cf2c9) Importer(2089858483,b0f066a214c2f5e87bad3c948f4d605d) (ScriptedImporter) -> (artifact id: 'e23b49ff3483a999af74370c4266a15c') in 0.0256197 seconds
Number of updated asset objects reloaded before import = 0Number of asset objects unloaded after import = 152

========================================================================
Received Import Request.
  Time since last request: 0.000033 seconds.
  path: Assets/Studio33 Interactive_[BasketBall] v1.1/Animations/Basketball Motions_Generic/1516_AlleyoopDclutchRevRightA.fbx
  artifactKey: Guid(6d89feed87bc32f4c90910ce7e47b328) Importer(2089858483,b0f066a214c2f5e87bad3c948f4d605d)
Start importing Assets/Studio33 Interactive_[BasketBall] v1.1/Animations/Basketball Motions_Generic/1516_AlleyoopDclutchRevRightA.fbx using Guid(6d89feed87bc32f4c90910ce7e47b328) Importer(2089858483,b0f066a214c2f5e87bad3c948f4d605d) (ScriptedImporter) -> (artifact id: '413b52bc66d1386020f1739a67e23799') in 0.0282339 seconds
Number of updated asset objects reloaded before import = 0Number of asset objects unloaded after import = 152

========================================================================
Received Import Request.
  Time since last request: 0.000063 seconds.
  path: Assets/Studio33 Interactive_[BasketBall] v1.1/Animations/Basketball Motions Humanoid/1427_DunkCA.fbx
  artifactKey: Guid(befbeb767c7f79d4584294fbb2885277) Importer(2089858483,b0f066a214c2f5e87bad3c948f4d605d)
Start importing Assets/Studio33 Interactive_[BasketBall] v1.1/Animations/Basketball Motions Humanoid/1427_DunkCA.fbx using Guid(befbeb767c7f79d4584294fbb2885277) Importer(2089858483,b0f066a214c2f5e87bad3c948f4d605d) (ScriptedImporter) -> (artifact id: '334fd926870b57cbe54bf87a4a49dbf4') in 0.0293448 seconds
Number of updated asset objects reloaded before import = 0Number of asset objects unloaded after import = 154

========================================================================
Received Import Request.
  Time since last request: 0.000044 seconds.
  path: Assets/Studio33 Interactive_[BasketBall] v1.1/Animations/Basketball Motions Humanoid/671_Run.fbx
  artifactKey: Guid(efa7065dbc5daf945960795ad439be53) Importer(2089858483,b0f066a214c2f5e87bad3c948f4d605d)
Start importing Assets/Studio33 Interactive_[BasketBall] v1.1/Animations/Basketball Motions Humanoid/671_Run.fbx using Guid(efa7065dbc5daf945960795ad439be53) Importer(2089858483,b0f066a214c2f5e87bad3c948f4d605d) (ScriptedImporter) -> (artifact id: '8135d991c955a77f9d76288bcf9f0b5a') in 0.0361375 seconds
Number of updated asset objects reloaded before import = 0Number of asset objects unloaded after import = 154

========================================================================
Received Import Request.
  Time since last request: 0.000046 seconds.
  path: Assets/Studio33 Interactive_[BasketBall] v1.1/33_basket ball test animations/player/Back_number/Back_number_Y/Back_number_B_c13.png
  artifactKey: Guid(65bb946a80eab3d428e7f465b67946a3) Importer(2089858483,b0f066a214c2f5e87bad3c948f4d605d)
Start importing Assets/Studio33 Interactive_[BasketBall] v1.1/33_basket ball test animations/player/Back_number/Back_number_Y/Back_number_B_c13.png using Guid(65bb946a80eab3d428e7f465b67946a3) Importer(2089858483,b0f066a214c2f5e87bad3c948f4d605d) (ScriptedImporter) -> (artifact id: 'c72e0443eaf392d13a96aeb3bd26b06d') in 0.0211967 seconds
Number of updated asset objects reloaded before import = 0Number of asset objects unloaded after import = 1

========================================================================
Received Import Request.
  Time since last request: 0.000053 seconds.
  path: Assets/Studio33 Interactive_[BasketBall] v1.1/Animations/Basketball Motions Humanoid/1790_DunkCA.fbx
  artifactKey: Guid(2a39c90e9f59e2a44a983213d42f90e3) Importer(2089858483,b0f066a214c2f5e87bad3c948f4d605d)
Start importing Assets/Studio33 Interactive_[BasketBall] v1.1/Animations/Basketball Motions Humanoid/1790_DunkCA.fbx using Guid(2a39c90e9f59e2a44a983213d42f90e3) Importer(2089858483,b0f066a214c2f5e87bad3c948f4d605d) (ScriptedImporter) -> (artifact id: '153140481581a7b8f9ab8a76d4716e25') in 0.0281199 seconds
Number of updated asset objects reloaded before import = 0Number of asset objects unloaded after import = 154

========================================================================
Received Import Request.
  Time since last request: 0.000041 seconds.
  path: Assets/Studio33 Interactive_[BasketBall] v1.1/Animations/Basketball Motions Humanoid/1534_FadeawayRA.fbx
  artifactKey: Guid(2007b4e98efa9854082c81cdf74b45a1) Importer(2089858483,b0f066a214c2f5e87bad3c948f4d605d)
Start importing Assets/Studio33 Interactive_[BasketBall] v1.1/Animations/Basketball Motions Humanoid/1534_FadeawayRA.fbx using Guid(2007b4e98efa9854082c81cdf74b45a1) Importer(2089858483,b0f066a214c2f5e87bad3c948f4d605d) (ScriptedImporter) -> (artifact id: '4d3ef7c8e11e544644fe2928fb04852b') in 0.0305685 seconds
Number of updated asset objects reloaded before import = 0Number of asset objects unloaded after import = 154

========================================================================
Received Import Request.
  Time since last request: 0.000067 seconds.
  path: Assets/Studio33 Interactive_[BasketBall] v1.1/Animations/Basketball Motions Humanoid/624_LoosebahighA.fbx
  artifactKey: Guid(6d0e3e1ce8f873f4a98a85bacc5ab697) Importer(2089858483,b0f066a214c2f5e87bad3c948f4d605d)
Start importing Assets/Studio33 Interactive_[BasketBall] v1.1/Animations/Basketball Motions Humanoid/624_LoosebahighA.fbx using Guid(6d0e3e1ce8f873f4a98a85bacc5ab697) Importer(2089858483,b0f066a214c2f5e87bad3c948f4d605d) (ScriptedImporter) -> (artifact id: '2d472bce48443498597ad4c1045e89b1') in 0.02918 seconds
Number of updated asset objects reloaded before import = 0Number of asset objects unloaded after import = 154

========================================================================
Received Import Request.
  Time since last request: 0.000051 seconds.
  path: Assets/Studio33 Interactive_[BasketBall] v1.1/Animations/Basketball Motions_Generic/1710_TurfrontFakeA.fbx
  artifactKey: Guid(0e2b715cc6f5d8c4ca02cb2b9b462fc7) Importer(2089858483,b0f066a214c2f5e87bad3c948f4d605d)
Start importing Assets/Studio33 Interactive_[BasketBall] v1.1/Animations/Basketball Motions_Generic/1710_TurfrontFakeA.fbx using Guid(0e2b715cc6f5d8c4ca02cb2b9b462fc7) Importer(2089858483,b0f066a214c2f5e87bad3c948f4d605d) (ScriptedImporter) -> (artifact id: 'ac1bceb115752fc18cf61a5b6f478530') in 0.0300834 seconds
Number of updated asset objects reloaded before import = 0Number of asset objects unloaded after import = 152

========================================================================
Received Import Request.
  Time since last request: 0.000040 seconds.
  path: Assets/Studio33 Interactive_[BasketBall] v1.1/Animations/Basketball Motions_Generic/4_PostBackingA.fbx
  artifactKey: Guid(35c69e81bda52b141961efe4ddf76bfa) Importer(815301076,1909f56bfc062723c751e8b465ee728b)
Start importing Assets/Studio33 Interactive_[BasketBall] v1.1/Animations/Basketball Motions_Generic/4_PostBackingA.fbx using Guid(35c69e81bda52b141961efe4ddf76bfa) Importer(815301076,1909f56bfc062723c751e8b465ee728b) (PreviewImporter) -> (artifact id: '26a2b0ce0f507d0dcbffa34bbee3e10d') in 0.0460158 seconds
Number of updated asset objects reloaded before import = 0Number of asset objects unloaded after import = 152

========================================================================
Received Import Request.
  Time since last request: 0.000039 seconds.
  path: Assets/Studio33 Interactive_[BasketBall] v1.1/Animations/Basketball Motions_Generic/101_BlockingshortJumpF.fbx
  artifactKey: Guid(f5b97ffda711d7547a73df794add7629) Importer(815301076,1909f56bfc062723c751e8b465ee728b)
Start importing Assets/Studio33 Interactive_[BasketBall] v1.1/Animations/Basketball Motions_Generic/101_BlockingshortJumpF.fbx using Guid(f5b97ffda711d7547a73df794add7629) Importer(815301076,1909f56bfc062723c751e8b465ee728b) (PreviewImporter) -> (artifact id: '51ecbb6333af2ff94858079933129f00') in 0.0453508 seconds
Number of updated asset objects reloaded before import = 0Number of asset objects unloaded after import = 152

========================================================================
Received Import Request.
  Time since last request: 0.000060 seconds.
  path: Assets/Studio33 Interactive_[BasketBall] v1.1/Animations/Basketball Motions_Generic/585_StealfailA.fbx
  artifactKey: Guid(ea3e21c60f2059d4cbff7cd1b73efa73) Importer(2089858483,b0f066a214c2f5e87bad3c948f4d605d)
Start importing Assets/Studio33 Interactive_[BasketBall] v1.1/Animations/Basketball Motions_Generic/585_StealfailA.fbx using Guid(ea3e21c60f2059d4cbff7cd1b73efa73) Importer(2089858483,b0f066a214c2f5e87bad3c948f4d605d) (ScriptedImporter) -> (artifact id: 'db0651f7f6c9112d7a32d60ce8506977') in 0.0332079 seconds
Number of updated asset objects reloaded before import = 0Number of asset objects unloaded after import = 152

========================================================================
Received Import Request.
  Time since last request: 0.000037 seconds.
  path: Assets/Studio33 Interactive_[BasketBall] v1.1/33_basket ball test animations/player/Back_number/Back_number_R/Rack_number_R_c11.png
  artifactKey: Guid(da44f2f8053c7a24480a56bffc17e064) Importer(2089858483,b0f066a214c2f5e87bad3c948f4d605d)
Start importing Assets/Studio33 Interactive_[BasketBall] v1.1/33_basket ball test animations/player/Back_number/Back_number_R/Rack_number_R_c11.png using Guid(da44f2f8053c7a24480a56bffc17e064) Importer(2089858483,b0f066a214c2f5e87bad3c948f4d605d) (ScriptedImporter) -> (artifact id: 'c2efef89023ab6b0a6250efcbf007213') in 0.0187235 seconds
Number of updated asset objects reloaded before import = 0Number of asset objects unloaded after import = 1

========================================================================
Received Import Request.
  Time since last request: 0.000046 seconds.
  path: Assets/Studio33 Interactive_[BasketBall] v1.1/Animations/Basketball Motions_Generic/2016_DunkClutchRRightA.fbx
  artifactKey: Guid(7c2e3023e97f62944932298044b401ad) Importer(2089858483,b0f066a214c2f5e87bad3c948f4d605d)
Start importing Assets/Studio33 Interactive_[BasketBall] v1.1/Animations/Basketball Motions_Generic/2016_DunkClutchRRightA.fbx using Guid(7c2e3023e97f62944932298044b401ad) Importer(2089858483,b0f066a214c2f5e87bad3c948f4d605d) (ScriptedImporter) -> (artifact id: 'fc5c434ee25e43e05d7d45b9f2c7317c') in 0.0288012 seconds
Number of updated asset objects reloaded before import = 0Number of asset objects unloaded after import = 152

========================================================================
Received Import Request.
  Time since last request: 0.000046 seconds.
  path: Assets/Studio33 Interactive_[BasketBall] v1.1/Animations/Basketball Motions_Generic/101_BlockingshortJumpF.fbx
  artifactKey: Guid(f5b97ffda711d7547a73df794add7629) Importer(2089858483,b0f066a214c2f5e87bad3c948f4d605d)
Start importing Assets/Studio33 Interactive_[BasketBall] v1.1/Animations/Basketball Motions_Generic/101_BlockingshortJumpF.fbx using Guid(f5b97ffda711d7547a73df794add7629) Importer(2089858483,b0f066a214c2f5e87bad3c948f4d605d) (ScriptedImporter) -> (artifact id: '2eff9178b167bb37d424112d8d000933') in 0.026735 seconds
Number of updated asset objects reloaded before import = 0Number of asset objects unloaded after import = 152

========================================================================
Received Import Request.
  Time since last request: 0.000053 seconds.
  path: Assets/Studio33 Interactive_[BasketBall] v1.1/Animations/Basketball Motions Humanoid/1835_DunkRA.fbx
  artifactKey: Guid(c67a571b6da79ff49b92e68d876f339e) Importer(2089858483,b0f066a214c2f5e87bad3c948f4d605d)
Start importing Assets/Studio33 Interactive_[BasketBall] v1.1/Animations/Basketball Motions Humanoid/1835_DunkRA.fbx using Guid(c67a571b6da79ff49b92e68d876f339e) Importer(2089858483,b0f066a214c2f5e87bad3c948f4d605d) (ScriptedImporter) -> (artifact id: 'ff8483a3782b9b61673ae5e9341cef7a') in 0.0293517 seconds
Number of updated asset objects reloaded before import = 0Number of asset objects unloaded after import = 154

========================================================================
Received Import Request.
  Time since last request: 0.000053 seconds.
  path: Assets/Studio33 Interactive_[BasketBall] v1.1/Animations/Basketball Motions Humanoid/598_StealA.fbx
  artifactKey: Guid(1ebabd3f7181cf547865f79d1dda8904) Importer(2089858483,b0f066a214c2f5e87bad3c948f4d605d)
Start importing Assets/Studio33 Interactive_[BasketBall] v1.1/Animations/Basketball Motions Humanoid/598_StealA.fbx using Guid(1ebabd3f7181cf547865f79d1dda8904) Importer(2089858483,b0f066a214c2f5e87bad3c948f4d605d) (ScriptedImporter) -> (artifact id: '825f7600034517a5c3b8220d05743bef') in 0.0282279 seconds
Number of updated asset objects reloaded before import = 0Number of asset objects unloaded after import = 154

========================================================================
Received Import Request.
  Time since last request: 0.000043 seconds.
  path: Assets/Studio33 Interactive_[BasketBall] v1.1/Animations/Basketball Motions Humanoid/2103_JumpshotReadyFake.fbx
  artifactKey: Guid(159f425e9b00afc4ca86357a5d00daa4) Importer(2089858483,b0f066a214c2f5e87bad3c948f4d605d)
Start importing Assets/Studio33 Interactive_[BasketBall] v1.1/Animations/Basketball Motions Humanoid/2103_JumpshotReadyFake.fbx using Guid(159f425e9b00afc4ca86357a5d00daa4) Importer(2089858483,b0f066a214c2f5e87bad3c948f4d605d) (ScriptedImporter) -> (artifact id: '310e2e0fdbafe6c86cfd709dc4dc03cc') in 0.0337093 seconds
Number of updated asset objects reloaded before import = 0Number of asset objects unloaded after import = 154

========================================================================
Received Import Request.
  Time since last request: 0.000045 seconds.
  path: Assets/Studio33 Interactive_[BasketBall] v1.1/Animations/Basketball Motions Humanoid/2011_DunkClutchFLeftA.fbx
  artifactKey: Guid(da030b6411f6bec45b269b9efaae5343) Importer(2089858483,b0f066a214c2f5e87bad3c948f4d605d)
Start importing Assets/Studio33 Interactive_[BasketBall] v1.1/Animations/Basketball Motions Humanoid/2011_DunkClutchFLeftA.fbx using Guid(da030b6411f6bec45b269b9efaae5343) Importer(2089858483,b0f066a214c2f5e87bad3c948f4d605d) (ScriptedImporter) -> (artifact id: '2d1d263ed24237efd2d14748d2b3cbfa') in 0.0289447 seconds
Number of updated asset objects reloaded before import = 0Number of asset objects unloaded after import = 154

========================================================================
Received Import Request.
  Time since last request: 0.000059 seconds.
  path: Assets/Studio33 Interactive_[BasketBall] v1.1/Animations/Basketball Motions_Generic/1804_DunkClutchFRightA.fbx
  artifactKey: Guid(5d06589ef143e4a4288150331392837f) Importer(2089858483,b0f066a214c2f5e87bad3c948f4d605d)
Start importing Assets/Studio33 Interactive_[BasketBall] v1.1/Animations/Basketball Motions_Generic/1804_DunkClutchFRightA.fbx using Guid(5d06589ef143e4a4288150331392837f) Importer(2089858483,b0f066a214c2f5e87bad3c948f4d605d) (ScriptedImporter) -> (artifact id: '91e043bb5d126cc19608bc7daff04517') in 0.0279987 seconds
Number of updated asset objects reloaded before import = 0Number of asset objects unloaded after import = 152

========================================================================
Received Import Request.
  Time since last request: 0.000035 seconds.
  path: Assets/Studio33 Interactive_[BasketBall] v1.1/Animations/Basketball Motions Humanoid/162_MovePushedFront.fbx
  artifactKey: Guid(2db0d00ffa0145e45b90374ef5217bc2) Importer(2089858483,b0f066a214c2f5e87bad3c948f4d605d)
Start importing Assets/Studio33 Interactive_[BasketBall] v1.1/Animations/Basketball Motions Humanoid/162_MovePushedFront.fbx using Guid(2db0d00ffa0145e45b90374ef5217bc2) Importer(2089858483,b0f066a214c2f5e87bad3c948f4d605d) (ScriptedImporter) -> (artifact id: '32bf95796097161325fbc52624f6c174') in 0.0286003 seconds
Number of updated asset objects reloaded before import = 0Number of asset objects unloaded after import = 154

========================================================================
Received Import Request.
  Time since last request: 0.000044 seconds.
  path: Assets/Studio33 Interactive_[BasketBall] v1.1/Animations/Basketball Motions Humanoid/902_PostWindupRightA.fbx
  artifactKey: Guid(c76f9cef6e679454faf07f4bb9a50a1c) Importer(2089858483,b0f066a214c2f5e87bad3c948f4d605d)
Start importing Assets/Studio33 Interactive_[BasketBall] v1.1/Animations/Basketball Motions Humanoid/902_PostWindupRightA.fbx using Guid(c76f9cef6e679454faf07f4bb9a50a1c) Importer(2089858483,b0f066a214c2f5e87bad3c948f4d605d) (ScriptedImporter) -> (artifact id: '8c286f08502871ba8796e120276ee111') in 0.0297067 seconds
Number of updated asset objects reloaded before import = 0Number of asset objects unloaded after import = 154

========================================================================
Received Import Request.
  Time since last request: 0.000053 seconds.
  path: Assets/Studio33 Interactive_[BasketBall] v1.1/Animations/Basketball Motions_Generic/20_BlockingckncatchLongNearLA.fbx
  artifactKey: Guid(23933a8d627ae4b4f9767d738aeb3f36) Importer(2089858483,b0f066a214c2f5e87bad3c948f4d605d)
Start importing Assets/Studio33 Interactive_[BasketBall] v1.1/Animations/Basketball Motions_Generic/20_BlockingckncatchLongNearLA.fbx using Guid(23933a8d627ae4b4f9767d738aeb3f36) Importer(2089858483,b0f066a214c2f5e87bad3c948f4d605d) (ScriptedImporter) -> (artifact id: '2acc046092d65dfe1c45ce203e6afd1e') in 0.0313652 seconds
Number of updated asset objects reloaded before import = 0Number of asset objects unloaded after import = 152

========================================================================
Received Import Request.
  Time since last request: 0.000046 seconds.
  path: Assets/Studio33 Interactive_[BasketBall] v1.1/Animations/Basketball Motions Humanoid/25_BlockinglongFarL.fbx
  artifactKey: Guid(a52cfe8cacdc53a429149195c40b2086) Importer(2089858483,b0f066a214c2f5e87bad3c948f4d605d)
Start importing Assets/Studio33 Interactive_[BasketBall] v1.1/Animations/Basketball Motions Humanoid/25_BlockinglongFarL.fbx using Guid(a52cfe8cacdc53a429149195c40b2086) Importer(2089858483,b0f066a214c2f5e87bad3c948f4d605d) (ScriptedImporter) -> (artifact id: '8cc7a013434b8f7cdde62323fb1fa4a4') in 0.0347136 seconds
Number of updated asset objects reloaded before import = 0Number of asset objects unloaded after import = 154

========================================================================
Received Import Request.
  Time since last request: 0.000049 seconds.
  path: Assets/Studio33 Interactive_[BasketBall] v1.1/Animations/Basketball Motions Humanoid/877_PassifailOverLA.fbx
  artifactKey: Guid(36e3bc4432670be4cb014c3e81b06f8d) Importer(2089858483,b0f066a214c2f5e87bad3c948f4d605d)
Start importing Assets/Studio33 Interactive_[BasketBall] v1.1/Animations/Basketball Motions Humanoid/877_PassifailOverLA.fbx using Guid(36e3bc4432670be4cb014c3e81b06f8d) Importer(2089858483,b0f066a214c2f5e87bad3c948f4d605d) (ScriptedImporter) -> (artifact id: 'f2e8c1f25be7542dffabad0639600fe7') in 0.0281621 seconds
Number of updated asset objects reloaded before import = 0Number of asset objects unloaded after import = 154

========================================================================
Received Import Request.
  Time since last request: 0.000057 seconds.
  path: Assets/Studio33 Interactive_[BasketBall] v1.1/33_basket ball test animations/player/Back_number/Back_number_W/Back_number_W_c13.png
  artifactKey: Guid(db06318b8d37c1d43ac8ccd58d39a3de) Importer(2089858483,b0f066a214c2f5e87bad3c948f4d605d)
Start importing Assets/Studio33 Interactive_[BasketBall] v1.1/33_basket ball test animations/player/Back_number/Back_number_W/Back_number_W_c13.png using Guid(db06318b8d37c1d43ac8ccd58d39a3de) Importer(2089858483,b0f066a214c2f5e87bad3c948f4d605d) (ScriptedImporter) -> (artifact id: '1c6e38a7242379074d9c5c1ae10abd75') in 0.0187663 seconds
Number of updated asset objects reloaded before import = 0Number of asset objects unloaded after import = 1

========================================================================
Received Import Request.
  Time since last request: 0.000042 seconds.
  path: Assets/Studio33 Interactive_[BasketBall] v1.1/Animations/Basketball Motions Humanoid/838_AlleyoopOverNpassRA.fbx
  artifactKey: Guid(f98d0da11fe0fad49862950277fd4cfa) Importer(2089858483,b0f066a214c2f5e87bad3c948f4d605d)
Start importing Assets/Studio33 Interactive_[BasketBall] v1.1/Animations/Basketball Motions Humanoid/838_AlleyoopOverNpassRA.fbx using Guid(f98d0da11fe0fad49862950277fd4cfa) Importer(2089858483,b0f066a214c2f5e87bad3c948f4d605d) (ScriptedImporter) -> (artifact id: '0bf9916504245e29cfce9e5815ff623b') in 0.0291943 seconds
Number of updated asset objects reloaded before import = 0Number of asset objects unloaded after import = 154

========================================================================
Received Import Request.
  Time since last request: 0.000040 seconds.
  path: Assets/Studio33 Interactive_[BasketBall] v1.1/Animations/Basketball Motions_Generic/1073_ScreefalingDowA.fbx
  artifactKey: Guid(1b9e3a8d709ec874f9eb4cc2ca600e39) Importer(2089858483,b0f066a214c2f5e87bad3c948f4d605d)
Start importing Assets/Studio33 Interactive_[BasketBall] v1.1/Animations/Basketball Motions_Generic/1073_ScreefalingDowA.fbx using Guid(1b9e3a8d709ec874f9eb4cc2ca600e39) Importer(2089858483,b0f066a214c2f5e87bad3c948f4d605d) (ScriptedImporter) -> (artifact id: '560c3c6dfb4b4cd5609a193d663bae2f') in 0.0276113 seconds
Number of updated asset objects reloaded before import = 0Number of asset objects unloaded after import = 152

========================================================================
Received Import Request.
  Time since last request: 0.000045 seconds.
  path: Assets/Studio33 Interactive_[BasketBall] v1.1/Animations/Basketball Motions Humanoid/1127_BlockingckedDunkFrontA.fbx
  artifactKey: Guid(5b3c8717a7391f442aae67836e4d65e5) Importer(2089858483,b0f066a214c2f5e87bad3c948f4d605d)
Start importing Assets/Studio33 Interactive_[BasketBall] v1.1/Animations/Basketball Motions Humanoid/1127_BlockingckedDunkFrontA.fbx using Guid(5b3c8717a7391f442aae67836e4d65e5) Importer(2089858483,b0f066a214c2f5e87bad3c948f4d605d) (ScriptedImporter) -> (artifact id: '5f9aa17c6f7057db47e0c5e7fcbbdbec') in 0.0328508 seconds
Number of updated asset objects reloaded before import = 0Number of asset objects unloaded after import = 154

========================================================================
Received Import Request.
  Time since last request: 0.000069 seconds.
  path: Assets/Studio33 Interactive_[BasketBall] v1.1/Animations/Basketball Motions_Generic/786_ShootpassLayupShortBaA.fbx
  artifactKey: Guid(f82b4049726228649af8919dcd59e47b) Importer(2089858483,b0f066a214c2f5e87bad3c948f4d605d)
Start importing Assets/Studio33 Interactive_[BasketBall] v1.1/Animations/Basketball Motions_Generic/786_ShootpassLayupShortBaA.fbx using Guid(f82b4049726228649af8919dcd59e47b) Importer(2089858483,b0f066a214c2f5e87bad3c948f4d605d) (ScriptedImporter) -> (artifact id: '90c67e026eede0f368b6b7911b7875d3') in 0.031682 seconds
Number of updated asset objects reloaded before import = 0Number of asset objects unloaded after import = 152

========================================================================
Received Import Request.
  Time since last request: 0.000038 seconds.
  path: Assets/Studio33 Interactive_[BasketBall] v1.1/Animations/Basketball Motions_Generic/1430_LayupCA.fbx
  artifactKey: Guid(fca4dbbf798bc134aaee78b068c70520) Importer(2089858483,b0f066a214c2f5e87bad3c948f4d605d)
Start importing Assets/Studio33 Interactive_[BasketBall] v1.1/Animations/Basketball Motions_Generic/1430_LayupCA.fbx using Guid(fca4dbbf798bc134aaee78b068c70520) Importer(2089858483,b0f066a214c2f5e87bad3c948f4d605d) (ScriptedImporter) -> (artifact id: 'fcf2685a60d6d343a81bb20a29b70514') in 0.0272585 seconds
Number of updated asset objects reloaded before import = 0Number of asset objects unloaded after import = 152

