[Licensing::Module] Trying to connect to existing licensing client channel...
Built from '6000.3/staging' branch; Version is '6000.3.13f1 (8c4f11e4fb20) revision 9195281'; Using compiler version '194234433'; Build Type 'Release'
OS: 'Windows 11  (10.0.26200) Professional' Language: 'en' Physical Memory: 32721 MB
[Licensing::IpcConnector] Successfully connected to: "LicenseClient-Akshay" at "2026-09-18T10:50:15.9905372Z"
BatchMode: 1, IsHumanControllingUs: 0, StartBugReporterOnCrash: 0, Is64bit: 1
System  architecture: x64
Process architecture: x64
Date: 2026-09-18T10:50:15Z

COMMAND LINE ARGUMENTS:
C:\Program Files\Unity\Hub\Editor\6000.3.13f1\Editor\Unity.exe
-adb2
-batchMode
-noUpm
-name
AssetImportWorker5
-projectPath
C:/Users/Akshay/Downloads/basketball/Hoops-Unity-Project-2026-09-14/Basketball Betting
-logFile
Logs/AssetImportWorker5.log
-srvPort
57243
-licensingIpc
LicenseClient-Akshay
-job-worker-count
7
-background-job-worker-count
8
-gc-helper-count
1
-name
AssetImport
Successfully changed project path to: C:/Users/Akshay/Downloads/basketball/Hoops-Unity-Project-2026-09-14/Basketball Betting
C:/Users/Akshay/Downloads/basketball/Hoops-Unity-Project-2026-09-14/Basketball Betting
[UnityMemory] Configuration Parameters - Can be set up in boot.config
    "memorysetup-temp-allocator-size-nav-mesh-worker=65536"
    "memorysetup-temp-allocator-size-audio-worker=65536"
    "memorysetup-temp-allocator-size-gfx=262144"
    "memorysetup-allocator-temp-initial-block-size-main=262144"
    "memorysetup-allocator-temp-initial-block-size-worker=262144"
    "memorysetup-temp-allocator-size-background-worker=32768"
    "memorysetup-temp-allocator-size-job-worker=262144"
    "memorysetup-temp-allocator-size-preload-manager=33554432"
    "memorysetup-temp-allocator-size-gi-baking-worker=262144"
    "memorysetup-temp-allocator-size-gi-baking-worker=262144"
    "memorysetup-temp-allocator-size-gi-baking-worker=262144"
    "memorysetup-temp-allocator-size-gi-baking-worker=262144"
    "memorysetup-temp-allocator-size-gi-baking-worker=262144"
    "memorysetup-bucket-allocator-granularity=16"
    "memorysetup-bucket-allocator-bucket-count=8"
    "memorysetup-bucket-allocator-block-size=33554432"
    "memorysetup-bucket-allocator-block-count=8"
    "memorysetup-main-allocator-block-size=16777216"
    "memorysetup-thread-allocator-block-size=16777216"
    "memorysetup-gfx-main-allocator-block-size=16777216"
    "memorysetup-gfx-thread-allocator-block-size=16777216"
    "memorysetup-cache-allocator-block-size=4194304"
    "memorysetup-typetree-allocator-block-size=2097152"
    "memorysetup-profiler-bucket-allocator-granularity=16"
    "memorysetup-profiler-bucket-allocator-bucket-count=8"
    "memorysetup-profiler-bucket-allocator-block-size=33554432"
    "memorysetup-profiler-bucket-allocator-block-count=8"
    "memorysetup-profiler-allocator-block-size=16777216"
    "memorysetup-profiler-editor-allocator-block-size=1048576"
    "memorysetup-temp-allocator-size-main=16777216"
    "memorysetup-job-temp-allocator-block-size=2097152"
    "memorysetup-job-temp-allocator-block-size-background=1048576"
    "memorysetup-job-temp-allocator-reduction-small-platforms=262144"
    "memorysetup-temp-allocator-size-cloud-worker=32768"
Player connection [3748]  Target information:

Player connection [3748]  * "[IP] 192.168.1.2 [Port] 0 [Flags] 2 [Guid] 3679238000 [EditorId] 3679238000 [Version] 1048832 [Id] WindowsEditor(7,AkshayGOD) [Debug] 1 [PackageName] WindowsEditor [ProjectName] Editor" 

Player connection [3748] Host joined multi-casting on [225.0.0.222:54997]...
Player connection [3748] Host joined alternative multi-casting on [225.0.0.222:34997]...
JobSystem: Creating JobQueue using job-worker-count value 7
Input System module state changed to: Initialized.
[Physics::Module] Initialized fallback backend.
[Physics::Module] Id: 0xdecafbad
Library Redirect Path: Library/
[Physics::Module] Selected backend.
[Physics::Module] Name: PhysX
[Physics::Module] Id: 0xf2b8ea05
[Physics::Module] SDK Version: 4.1.2
[Physics::Module] Integration Version: 1.0.0
[Physics::Module] Threading Mode: Multi-Threaded
Refreshing native plugins compatible for Editor in 72.60 ms, found 4 plugins.
Preloading 0 native plugins for Editor in 0.00 ms.
Initialize engine version: 6000.3.13f1 (8c4f11e4fb20)
[Subsystems] Discovering subsystems at path C:/Program Files/Unity/Hub/Editor/6000.3.13f1/Editor/Data/Resources/UnitySubsystems
[Subsystems] Discovering subsystems at path C:/Users/Akshay/Downloads/basketball/Hoops-Unity-Project-2026-09-14/Basketball Betting/Assets
GfxDevice: creating device client; kGfxThreadingModeNonThreaded
Direct3D:
    Version:  Direct3D 11.0 [level 11.1]
    Renderer: NVIDIA GeForce RTX 3060 (ID=0x2503)
    Vendor:   NVIDIA
    VRAM:     12115 MB
    Driver:   32.0.15.9636
Initialize mono
Mono path[0] = 'C:/Program Files/Unity/Hub/Editor/6000.3.13f1/Editor/Data/Managed'
Mono path[1] = 'C:/Program Files/Unity/Hub/Editor/6000.3.13f1/Editor/Data/MonoBleedingEdge/lib/mono/unityjit-win32'
Mono config path = 'C:/Program Files/Unity/Hub/Editor/6000.3.13f1/Editor/Data/MonoBleedingEdge/etc'
Using monoOptions --debugger-agent=transport=dt_socket,embedding=1,server=y,suspend=n,address=127.0.0.1:56616
Begin MonoManager ReloadAssembly
Registering precompiled unity dll's ...
Register platform support module: C:/Program Files/Unity/Hub/Editor/6000.3.13f1/Editor/Data/PlaybackEngines/WebGLSupport/UnityEditor.WebGL.Extensions.dll
Register platform support module: C:/Program Files/Unity/Hub/Editor/6000.3.13f1/Editor/Data/PlaybackEngines/WindowsStandaloneSupport/UnityEditor.WindowsStandalone.Extensions.dll
[Licensing::Module] Licensing is not yet initialized.
[Licensing::Client] Error: HandshakeResponse reported an error:
	ResponseCode: 505
	ResponseStatus: Unsupported protocol version '1.18.1'.
[Licensing::Module] Error: Failed to handshake to channel: "LicenseClient-Akshay"
[Licensing::IpcConnector] LicenseClient-Akshay channel disconnected successfully.
[Licensing::IpcConnector] Successfully connected to: "LicenseClient-Akshay-6000.3.13" at "2026-09-18T10:50:19.0850679Z"
[Licensing::Client] Handshaking with LicensingClient:
  Version:                 1.18.1+9fbee8e
  Session Id:              394e5cd95d124dbca5c930629bc9b529
  Correlation Id:          5e93026b5c0b11c00edbe502aa1f5ea4
  External correlation Id: 983688052028221164
  Machine Id:              3NfW/rOMhHNi3qXUenoIsbRB2l4=
[Licensing::Module] Successfully connected to LicensingClient on channel: "LicenseClient-Akshay-6000.3.13" (connect: 0.00s, validation: 0.00s, handshake: 2.83s)
[Licensing::IpcConnector] Successfully connected to: "LicenseClient-Akshay-6000.3.13-notifications" at "2026-09-18T10:50:21.9173486Z"
[Licensing::Module] Licensing Background thread has ended after 5.93s
[Licensing::Module] Licensing is initialized (took 4.17s).
[Licensing::Client] Successfully resolved entitlement details
[Licensing::Module] License group:
  Id: F4-3PM3-ADE2-V2GM-5WSR-XXXX
  Product: Unity Personal
  Type: ULF
  Expiration: 2026-10-26T11:41:56Z
[Licensing::Module] License group:
  Id: 13469192146326-UnityPersXXXX
  Product: Unity Personal
  Type: Assigned
  Expiration: Unlimited
Register platform support module: C:/Program Files/Unity/Hub/Editor/6000.3.13f1/Editor/Data/PlaybackEngines/AndroidPlayer/UnityEditor.Android.Extensions.dll
[Licensing::Client] Successfully resolved entitlement details
[Licensing::Module] License group:
  Id: F4-3PM3-ADE2-V2GM-5WSR-XXXX
  Product: Unity Personal
  Type: ULF
  Expiration: 2026-10-26T11:41:56Z
[Licensing::Module] License group:
  Id: 13469192146326-UnityPersXXXX
  Product: Unity Personal
  Type: Assigned
  Expiration: Unlimited
Register platform support module: C:/Program Files/Unity/Hub/Editor/6000.3.13f1/Editor/Data/PlaybackEngines/iOSSupport/UnityEditor.iOS.Extensions.dll
Registered in 4.183050 seconds.
- Loaded All Assemblies, in  4.806 seconds
[usbmuxd] Start listen thread
[usbmuxd] Listen thread started
Native extension for iOS target not found
Native extension for Android target not found
Native extension for WindowsStandalone target not found
Native extension for WebGL target not found
Package Manager log level set to [2]
[Package Manager] Failed to launch server process. Reason: Unity was launched with the -noUpm command-line argument
[Package Manager] Unable to send message (not connected to server process).
[Package Manager] Cannot connect to Unity Package Manager local server
ScheduleIndexationOnStartup MainProcess:False IndexOnStartup:True
Mono: successfully reloaded assembly
- Finished resetting the current domain, in  0.590 seconds
Domain Reload Profiling: 5393ms
	BeginReloadAssembly (197ms)
		ExecutionOrderSort (0ms)
		DisableScriptedObjects (0ms)
		BackupInstance (0ms)
		ReleaseScriptingObjects (0ms)
		CreateAndSetChildDomain (1ms)
	RebuildCommonClasses (65ms)
	RebuildNativeTypeToScriptingClass (24ms)
	initialDomainReloadingComplete (4252ms)
	LoadAllAssembliesAndSetupDomain (264ms)
		LoadAssemblies (193ms)
		RebuildTransferFunctionScriptingTraits (0ms)
		AnalyzeDomain (259ms)
			TypeCache.Refresh (256ms)
				TypeCache.ScanAssembly (237ms)
			BuildScriptInfoCaches (0ms)
			ResolveRequiredComponents (1ms)
	FinalizeReload (591ms)
		ReleaseScriptCaches (0ms)
		RebuildScriptCaches (0ms)
		SetupLoadedEditorAssemblies (520ms)
			LogAssemblyErrors (0ms)
			InitializePlatformSupportModulesInManaged (98ms)
			SetLoadedEditorAssemblies (6ms)
			BeforeProcessingInitializeOnLoad (117ms)
			ProcessInitializeOnLoadAttributes (191ms)
			ProcessInitializeOnLoadMethodAttributes (108ms)
			AfterProcessingInitializeOnLoad (0ms)
			EditorAssembliesLoaded (0ms)
		ExecutionOrderSort2 (0ms)
		AwakeInstancesAfterBackupRestoration (0ms)
========================================================================
Worker process is ready to serve import requests
Import Worker Mode flag is 0x00
Begin MonoManager ReloadAssembly
[Licensing::Client] Successfully resolved entitlement details
[Licensing::Module] License group:
  Id: F4-3PM3-ADE2-V2GM-5WSR-XXXX
  Product: Unity Personal
  Type: ULF
  Expiration: 2026-10-26T11:41:56Z
[Licensing::Module] License group:
  Id: 13469192146326-UnityPersXXXX
  Product: Unity Personal
  Type: Assigned
  Expiration: Unlimited
- Loaded All Assemblies, in  1.271 seconds
Refreshing native plugins compatible for Editor in 1.98 ms, found 4 plugins.
Native extension for iOS target not found
Native extension for Android target not found
Native extension for WindowsStandalone target not found
Native extension for WebGL target not found
[Package Manager] Failed to launch server process. Reason: Unity was launched with the -noUpm command-line argument
[Package Manager] Unable to send message (not connected to server process).
[Package Manager] Cannot connect to Unity Package Manager local server
Refreshing native plugins compatible for Editor in 2.97 ms, found 4 plugins.
[Package Manager] Failed to launch server process. Reason: Unity was launched with the -noUpm command-line argument
[Package Manager] Unable to send message (not connected to server process).
[Package Manager] Cannot connect to Unity Package Manager local server
ScheduleIndexationOnStartup MainProcess:False IndexOnStartup:True
Mono: successfully reloaded assembly
- Finished resetting the current domain, in  1.070 seconds
Domain Reload Profiling: 2332ms
	BeginReloadAssembly (276ms)
		ExecutionOrderSort (0ms)
		DisableScriptedObjects (9ms)
		BackupInstance (0ms)
		ReleaseScriptingObjects (0ms)
		CreateAndSetChildDomain (53ms)
	RebuildCommonClasses (66ms)
	RebuildNativeTypeToScriptingClass (20ms)
	initialDomainReloadingComplete (68ms)
	LoadAllAssembliesAndSetupDomain (830ms)
		LoadAssemblies (576ms)
		RebuildTransferFunctionScriptingTraits (0ms)
		AnalyzeDomain (403ms)
			TypeCache.Refresh (277ms)
				TypeCache.ScanAssembly (252ms)
			BuildScriptInfoCaches (106ms)
			ResolveRequiredComponents (14ms)
	FinalizeReload (1071ms)
		ReleaseScriptCaches (0ms)
		RebuildScriptCaches (0ms)
		SetupLoadedEditorAssemblies (793ms)
			LogAssemblyErrors (0ms)
			InitializePlatformSupportModulesInManaged (14ms)
			SetLoadedEditorAssemblies (6ms)
			BeforeProcessingInitializeOnLoad (213ms)
			ProcessInitializeOnLoadAttributes (449ms)
			ProcessInitializeOnLoadMethodAttributes (100ms)
			AfterProcessingInitializeOnLoad (10ms)
			EditorAssembliesLoaded (0ms)
		ExecutionOrderSort2 (0ms)
		AwakeInstancesAfterBackupRestoration (11ms)
Launched and connected shader compiler UnityShaderCompiler.exe after 0.02 seconds
Refreshing native plugins compatible for Editor in 2.90 ms, found 4 plugins.
Preloading 0 native plugins for Editor in 0.00 ms.
Unloading 16 Unused Serialized files (Serialized files now loaded: 0)
Unloading 6507 unused Assets / (4.7 MB). Loaded Objects now: 7303.
Memory consumption went from 152.1 MB to 147.4 MB.
Total: 14.925800 ms (FindLiveObjects: 1.349000 ms CreateObjectMapping: 1.132200 ms MarkObjects: 7.153000 ms  DeleteObjects: 5.289500 ms)

========================================================================
Received Import Request.
  Time since last request: 176318.869529 seconds.
  path: Assets/Studio33 Interactive_[BasketBall] v1.1/Animations/Basketball Motions_Generic/735_ShootpassLayupShortFrontA.fbx
  artifactKey: Guid(6f71679c1498b294b97670bb7845acd6) Importer(2089858483,b0f066a214c2f5e87bad3c948f4d605d)
Start importing Assets/Studio33 Interactive_[BasketBall] v1.1/Animations/Basketball Motions_Generic/735_ShootpassLayupShortFrontA.fbx using Guid(6f71679c1498b294b97670bb7845acd6) Importer(2089858483,b0f066a214c2f5e87bad3c948f4d605d) (ScriptedImporter) -> (artifact id: '44d2b80277d00f1f92acf0d4959d24a0') in 0.1974403 seconds
Number of updated asset objects reloaded before import = 0Number of asset objects unloaded after import = 152

========================================================================
Received Import Request.
  Time since last request: 0.000032 seconds.
  path: Assets/Studio33 Interactive_[BasketBall] v1.1/Animations/Basketball Motions Humanoid/1209_DunkRA.fbx
  artifactKey: Guid(a3a045f05102d8b4bb44239b0104f59d) Importer(2089858483,b0f066a214c2f5e87bad3c948f4d605d)
Start importing Assets/Studio33 Interactive_[BasketBall] v1.1/Animations/Basketball Motions Humanoid/1209_DunkRA.fbx using Guid(a3a045f05102d8b4bb44239b0104f59d) Importer(2089858483,b0f066a214c2f5e87bad3c948f4d605d) (ScriptedImporter) -> (artifact id: '2147eccb34fb83a44b782f4728d5b723') in 0.0370459 seconds
Number of updated asset objects reloaded before import = 0Number of asset objects unloaded after import = 154

========================================================================
Received Import Request.
  Time since last request: 0.000031 seconds.
  path: Assets/Studio33 Interactive_[BasketBall] v1.1/Animations/Basketball Motions_Generic/1055_SceneMvp.fbx
  artifactKey: Guid(30d22a200f9eb64428399acc0386056d) Importer(2089858483,b0f066a214c2f5e87bad3c948f4d605d)
Start importing Assets/Studio33 Interactive_[BasketBall] v1.1/Animations/Basketball Motions_Generic/1055_SceneMvp.fbx using Guid(30d22a200f9eb64428399acc0386056d) Importer(2089858483,b0f066a214c2f5e87bad3c948f4d605d) (ScriptedImporter) -> (artifact id: 'fbf76c76cbe416c003c0088056f9f33d') in 0.0309042 seconds
Number of updated asset objects reloaded before import = 0Number of asset objects unloaded after import = 152

========================================================================
Received Import Request.
  Time since last request: 0.000029 seconds.
  path: Assets/Studio33 Interactive_[BasketBall] v1.1/Animations/Basketball Motions Humanoid/996_Rebound tappassLongFrontA.fbx
  artifactKey: Guid(7cc3e39b0dfa27d4abc0f52f0a4f0f0a) Importer(2089858483,b0f066a214c2f5e87bad3c948f4d605d)
Start importing Assets/Studio33 Interactive_[BasketBall] v1.1/Animations/Basketball Motions Humanoid/996_Rebound tappassLongFrontA.fbx using Guid(7cc3e39b0dfa27d4abc0f52f0a4f0f0a) Importer(2089858483,b0f066a214c2f5e87bad3c948f4d605d) (ScriptedImporter) -> (artifact id: '6a2c32a368f1188b5edac6b247556f17') in 0.0265571 seconds
Number of updated asset objects reloaded before import = 0Number of asset objects unloaded after import = 154

========================================================================
Received Import Request.
  Time since last request: 0.000022 seconds.
  path: Assets/Studio33 Interactive_[BasketBall] v1.1/Animations/Basketball Motions Humanoid/126_ReboundAndBoxOutBaa.fbx
  artifactKey: Guid(248ffcc4ca835d244bd2fefe32bf2f8b) Importer(2089858483,b0f066a214c2f5e87bad3c948f4d605d)
Start importing Assets/Studio33 Interactive_[BasketBall] v1.1/Animations/Basketball Motions Humanoid/126_ReboundAndBoxOutBaa.fbx using Guid(248ffcc4ca835d244bd2fefe32bf2f8b) Importer(2089858483,b0f066a214c2f5e87bad3c948f4d605d) (ScriptedImporter) -> (artifact id: 'e22e36697d5f10cb0496216e1e675652') in 0.0272424 seconds
Number of updated asset objects reloaded before import = 0Number of asset objects unloaded after import = 154

========================================================================
Received Import Request.
  Time since last request: 0.000022 seconds.
  path: Assets/Studio33 Interactive_[BasketBall] v1.1/Animations/Basketball Motions Humanoid/61_BlockinglongNearL.fbx
  artifactKey: Guid(4afb68e66b809014d95d0bab87a58b20) Importer(2089858483,b0f066a214c2f5e87bad3c948f4d605d)
Start importing Assets/Studio33 Interactive_[BasketBall] v1.1/Animations/Basketball Motions Humanoid/61_BlockinglongNearL.fbx using Guid(4afb68e66b809014d95d0bab87a58b20) Importer(2089858483,b0f066a214c2f5e87bad3c948f4d605d) (ScriptedImporter) -> (artifact id: '0a3f58fa5f3da7e86a0865b1cea5ef56') in 0.0250847 seconds
Number of updated asset objects reloaded before import = 0Number of asset objects unloaded after import = 154

========================================================================
Received Import Request.
  Time since last request: 0.000036 seconds.
  path: Assets/Studio33 Interactive_[BasketBall] v1.1/Animations/Basketball Motions Humanoid/1495_FakelayupCA.fbx
  artifactKey: Guid(ab85f618add93094382c941c9155054b) Importer(2089858483,b0f066a214c2f5e87bad3c948f4d605d)
Start importing Assets/Studio33 Interactive_[BasketBall] v1.1/Animations/Basketball Motions Humanoid/1495_FakelayupCA.fbx using Guid(ab85f618add93094382c941c9155054b) Importer(2089858483,b0f066a214c2f5e87bad3c948f4d605d) (ScriptedImporter) -> (artifact id: '10d4168d5ab380f998c8180fae802e6a') in 0.0267571 seconds
Number of updated asset objects reloaded before import = 0Number of asset objects unloaded after import = 154

========================================================================
Received Import Request.
  Time since last request: 0.000020 seconds.
  path: Assets/Studio33 Interactive_[BasketBall] v1.1/Animations/Basketball Motions_Generic/623_SlidingCFailA.fbx
  artifactKey: Guid(c62b501ec192d1b43b00dcdc53c9ca07) Importer(2089858483,b0f066a214c2f5e87bad3c948f4d605d)
Start importing Assets/Studio33 Interactive_[BasketBall] v1.1/Animations/Basketball Motions_Generic/623_SlidingCFailA.fbx using Guid(c62b501ec192d1b43b00dcdc53c9ca07) Importer(2089858483,b0f066a214c2f5e87bad3c948f4d605d) (ScriptedImporter) -> (artifact id: 'e87444c3d392c2e26f8d3089a7e7987f') in 0.0250192 seconds
Number of updated asset objects reloaded before import = 0Number of asset objects unloaded after import = 152

========================================================================
Received Import Request.
  Time since last request: 0.000331 seconds.
  path: Assets/Studio33 Interactive_[BasketBall] v1.1/Animations/Basketball Motions_Generic/376_SpinStepFadeawayFakeLA.fbx
  artifactKey: Guid(3551ccc94898e7948ae86973e476bbde) Importer(2089858483,b0f066a214c2f5e87bad3c948f4d605d)
Start importing Assets/Studio33 Interactive_[BasketBall] v1.1/Animations/Basketball Motions_Generic/376_SpinStepFadeawayFakeLA.fbx using Guid(3551ccc94898e7948ae86973e476bbde) Importer(2089858483,b0f066a214c2f5e87bad3c948f4d605d) (ScriptedImporter) -> (artifact id: '9577c7955010b5e847576946ca6c66f6') in 0.0239963 seconds
Number of updated asset objects reloaded before import = 0Number of asset objects unloaded after import = 152

========================================================================
Received Import Request.
  Time since last request: 0.000030 seconds.
  path: Assets/Studio33 Interactive_[BasketBall] v1.1/Animations/Basketball Motions_Generic/2139_DunkCA.fbx
  artifactKey: Guid(a75b38e37431ea84a920c20eae662c5a) Importer(2089858483,b0f066a214c2f5e87bad3c948f4d605d)
Start importing Assets/Studio33 Interactive_[BasketBall] v1.1/Animations/Basketball Motions_Generic/2139_DunkCA.fbx using Guid(a75b38e37431ea84a920c20eae662c5a) Importer(2089858483,b0f066a214c2f5e87bad3c948f4d605d) (ScriptedImporter) -> (artifact id: '18d16fa2782f948e905f4c23969f5443') in 0.0246683 seconds
Number of updated asset objects reloaded before import = 0Number of asset objects unloaded after import = 152

========================================================================
Received Import Request.
  Time since last request: 0.000042 seconds.
  path: Assets/Studio33 Interactive_[BasketBall] v1.1/Animations/Basketball Motions_Generic/810_PostBackingpassKifA.fbx
  artifactKey: Guid(046d50977cb7eb3429d87dcf66355f9b) Importer(2089858483,b0f066a214c2f5e87bad3c948f4d605d)
Start importing Assets/Studio33 Interactive_[BasketBall] v1.1/Animations/Basketball Motions_Generic/810_PostBackingpassKifA.fbx using Guid(046d50977cb7eb3429d87dcf66355f9b) Importer(2089858483,b0f066a214c2f5e87bad3c948f4d605d) (ScriptedImporter) -> (artifact id: '88dffb5b2d19ba89d1e72db903475412') in 0.0323893 seconds
Number of updated asset objects reloaded before import = 0Number of asset objects unloaded after import = 152

========================================================================
Received Import Request.
  Time since last request: 0.000022 seconds.
  path: Assets/Studio33 Interactive_[BasketBall] v1.1/Animations/Basketball Motions Humanoid/315_TwostepLRA.fbx
  artifactKey: Guid(658257657bc22f04c9a1a45fd610a89c) Importer(2089858483,b0f066a214c2f5e87bad3c948f4d605d)
Start importing Assets/Studio33 Interactive_[BasketBall] v1.1/Animations/Basketball Motions Humanoid/315_TwostepLRA.fbx using Guid(658257657bc22f04c9a1a45fd610a89c) Importer(2089858483,b0f066a214c2f5e87bad3c948f4d605d) (ScriptedImporter) -> (artifact id: '4142fe3c3566f87ce8d302be84c28197') in 0.0294248 seconds
Number of updated asset objects reloaded before import = 0Number of asset objects unloaded after import = 154

========================================================================
Received Import Request.
  Time since last request: 0.000030 seconds.
  path: Assets/Studio33 Interactive_[BasketBall] v1.1/Animations/Basketball Motions_Generic/998_Rebound tappassLongRightA.fbx
  artifactKey: Guid(3b8e42254254e544ab54a2abfe8d3141) Importer(2089858483,b0f066a214c2f5e87bad3c948f4d605d)
Start importing Assets/Studio33 Interactive_[BasketBall] v1.1/Animations/Basketball Motions_Generic/998_Rebound tappassLongRightA.fbx using Guid(3b8e42254254e544ab54a2abfe8d3141) Importer(2089858483,b0f066a214c2f5e87bad3c948f4d605d) (ScriptedImporter) -> (artifact id: '38482a86c59dda749bfd98b749da9a18') in 0.0253762 seconds
Number of updated asset objects reloaded before import = 0Number of asset objects unloaded after import = 152

========================================================================
Received Import Request.
  Time since last request: 0.000041 seconds.
  path: Assets/Studio33 Interactive_[BasketBall] v1.1/Animations/Basketball Motions_Generic/994_Rebound tappassLongBaA.fbx
  artifactKey: Guid(afef776e76696b744924aaab0b6950c7) Importer(2089858483,b0f066a214c2f5e87bad3c948f4d605d)
Start importing Assets/Studio33 Interactive_[BasketBall] v1.1/Animations/Basketball Motions_Generic/994_Rebound tappassLongBaA.fbx using Guid(afef776e76696b744924aaab0b6950c7) Importer(2089858483,b0f066a214c2f5e87bad3c948f4d605d) (ScriptedImporter) -> (artifact id: '0e635888c2c35322f83e1dc92cf4b7d8') in 0.0229331 seconds
Number of updated asset objects reloaded before import = 0Number of asset objects unloaded after import = 152

========================================================================
Received Import Request.
  Time since last request: 0.000036 seconds.
  path: Assets/Studio33 Interactive_[BasketBall] v1.1/Animations/Basketball Motions Humanoid/1322_DunkRRevA.fbx
  artifactKey: Guid(05c8c3eb7eb468f4eba99a22c3d4e2f4) Importer(2089858483,b0f066a214c2f5e87bad3c948f4d605d)
Start importing Assets/Studio33 Interactive_[BasketBall] v1.1/Animations/Basketball Motions Humanoid/1322_DunkRRevA.fbx using Guid(05c8c3eb7eb468f4eba99a22c3d4e2f4) Importer(2089858483,b0f066a214c2f5e87bad3c948f4d605d) (ScriptedImporter) -> (artifact id: '3c330cdd0608a816c229705ea45edc57') in 0.0281992 seconds
Number of updated asset objects reloaded before import = 0Number of asset objects unloaded after import = 154

========================================================================
Received Import Request.
  Time since last request: 0.000022 seconds.
  path: Assets/Studio33 Interactive_[BasketBall] v1.1/Animations/Basketball Motions_Generic/1375_JumpshotPullupLA.fbx
  artifactKey: Guid(f0e49188e52cf1244a4ed7fb37079fc3) Importer(2089858483,b0f066a214c2f5e87bad3c948f4d605d)
Start importing Assets/Studio33 Interactive_[BasketBall] v1.1/Animations/Basketball Motions_Generic/1375_JumpshotPullupLA.fbx using Guid(f0e49188e52cf1244a4ed7fb37079fc3) Importer(2089858483,b0f066a214c2f5e87bad3c948f4d605d) (ScriptedImporter) -> (artifact id: 'ed19c7a70043c9e45c2e180bb84b395f') in 0.0313616 seconds
Number of updated asset objects reloaded before import = 0Number of asset objects unloaded after import = 152

========================================================================
Received Import Request.
  Time since last request: 0.000034 seconds.
  path: Assets/Studio33 Interactive_[BasketBall] v1.1/Animations/Basketball Motions_Generic/809_PostBackingpassKiA.fbx
  artifactKey: Guid(a9ab730b88d30014f9abb140e4636d66) Importer(2089858483,b0f066a214c2f5e87bad3c948f4d605d)
Start importing Assets/Studio33 Interactive_[BasketBall] v1.1/Animations/Basketball Motions_Generic/809_PostBackingpassKiA.fbx using Guid(a9ab730b88d30014f9abb140e4636d66) Importer(2089858483,b0f066a214c2f5e87bad3c948f4d605d) (ScriptedImporter) -> (artifact id: 'a0a67c2760f1be380f14a2d037512879') in 0.0249394 seconds
Number of updated asset objects reloaded before import = 0Number of asset objects unloaded after import = 152

========================================================================
Received Import Request.
  Time since last request: 0.000024 seconds.
  path: Assets/Studio33 Interactive_[BasketBall] v1.1/Animations/Basketball Motions_Generic/2210_Dribblele.fbx
  artifactKey: Guid(db3da08623a3d72438c33494fc3b1d46) Importer(2089858483,b0f066a214c2f5e87bad3c948f4d605d)
Start importing Assets/Studio33 Interactive_[BasketBall] v1.1/Animations/Basketball Motions_Generic/2210_Dribblele.fbx using Guid(db3da08623a3d72438c33494fc3b1d46) Importer(2089858483,b0f066a214c2f5e87bad3c948f4d605d) (ScriptedImporter) -> (artifact id: '6e5c1d5b101c2c30129624ca6f174067') in 0.0304275 seconds
Number of updated asset objects reloaded before import = 0Number of asset objects unloaded after import = 152

========================================================================
Received Import Request.
  Time since last request: 0.000037 seconds.
  path: Assets/Studio33 Interactive_[BasketBall] v1.1/Animations/Basketball Motions_Generic/148_TravRA.fbx
  artifactKey: Guid(46a0f3e003655dc4ba794a1395e9b844) Importer(2089858483,b0f066a214c2f5e87bad3c948f4d605d)
Start importing Assets/Studio33 Interactive_[BasketBall] v1.1/Animations/Basketball Motions_Generic/148_TravRA.fbx using Guid(46a0f3e003655dc4ba794a1395e9b844) Importer(2089858483,b0f066a214c2f5e87bad3c948f4d605d) (ScriptedImporter) -> (artifact id: '73ba199891fa24a314ca1579d9d86c14') in 0.0287795 seconds
Number of updated asset objects reloaded before import = 0Number of asset objects unloaded after import = 152

========================================================================
Received Import Request.
  Time since last request: 0.000024 seconds.
  path: Assets/Studio33 Interactive_[BasketBall] v1.1/Animations/Basketball Motions Humanoid/257_CrossFakeStepRRTrA.fbx
  artifactKey: Guid(257710fb2f49ef94d9bdb8ebdc28da9f) Importer(2089858483,b0f066a214c2f5e87bad3c948f4d605d)
Start importing Assets/Studio33 Interactive_[BasketBall] v1.1/Animations/Basketball Motions Humanoid/257_CrossFakeStepRRTrA.fbx using Guid(257710fb2f49ef94d9bdb8ebdc28da9f) Importer(2089858483,b0f066a214c2f5e87bad3c948f4d605d) (ScriptedImporter) -> (artifact id: 'ebe3846bdebd8633f4fe3023f3fc3240') in 0.0268843 seconds
Number of updated asset objects reloaded before import = 0Number of asset objects unloaded after import = 154

========================================================================
Received Import Request.
  Time since last request: 0.000024 seconds.
  path: Assets/Studio33 Interactive_[BasketBall] v1.1/Animations/Basketball Motions Humanoid/1727_PutbarA.fbx
  artifactKey: Guid(cf9fde6788b686e43806b85b49596d71) Importer(2089858483,b0f066a214c2f5e87bad3c948f4d605d)
Start importing Assets/Studio33 Interactive_[BasketBall] v1.1/Animations/Basketball Motions Humanoid/1727_PutbarA.fbx using Guid(cf9fde6788b686e43806b85b49596d71) Importer(2089858483,b0f066a214c2f5e87bad3c948f4d605d) (ScriptedImporter) -> (artifact id: '47d41de475dfff138a9b084a5f128597') in 0.0310445 seconds
Number of updated asset objects reloaded before import = 0Number of asset objects unloaded after import = 154

========================================================================
Received Import Request.
  Time since last request: 0.000033 seconds.
  path: Assets/Studio33 Interactive_[BasketBall] v1.1/Animations/Basketball Motions Humanoid/1930_DunkRA.fbx
  artifactKey: Guid(3cc4501623f89bd4485280242ddf89d8) Importer(2089858483,b0f066a214c2f5e87bad3c948f4d605d)
Start importing Assets/Studio33 Interactive_[BasketBall] v1.1/Animations/Basketball Motions Humanoid/1930_DunkRA.fbx using Guid(3cc4501623f89bd4485280242ddf89d8) Importer(2089858483,b0f066a214c2f5e87bad3c948f4d605d) (ScriptedImporter) -> (artifact id: '4aff41fbfe202bdb897e2a63ff58687c') in 0.0293091 seconds
Number of updated asset objects reloaded before import = 0Number of asset objects unloaded after import = 154

========================================================================
Received Import Request.
  Time since last request: 0.000043 seconds.
  path: Assets/Studio33 Interactive_[BasketBall] v1.1/Animations/Basketball Motions Humanoid/159_AirBigFrontA.fbx
  artifactKey: Guid(f1238f227cc316f4e9b2775facfdf3e7) Importer(2089858483,b0f066a214c2f5e87bad3c948f4d605d)
Start importing Assets/Studio33 Interactive_[BasketBall] v1.1/Animations/Basketball Motions Humanoid/159_AirBigFrontA.fbx using Guid(f1238f227cc316f4e9b2775facfdf3e7) Importer(2089858483,b0f066a214c2f5e87bad3c948f4d605d) (ScriptedImporter) -> (artifact id: '5623a653289ba0a529eadb43ee231028') in 0.0281329 seconds
Number of updated asset objects reloaded before import = 0Number of asset objects unloaded after import = 154

========================================================================
Received Import Request.
  Time since last request: 0.000027 seconds.
  path: Assets/Studio33 Interactive_[BasketBall] v1.1/Animations/Basketball Motions Humanoid/2123_DunkCA.fbx
  artifactKey: Guid(ddd7768bf5b669449ad916ec689a5486) Importer(2089858483,b0f066a214c2f5e87bad3c948f4d605d)
Start importing Assets/Studio33 Interactive_[BasketBall] v1.1/Animations/Basketball Motions Humanoid/2123_DunkCA.fbx using Guid(ddd7768bf5b669449ad916ec689a5486) Importer(2089858483,b0f066a214c2f5e87bad3c948f4d605d) (ScriptedImporter) -> (artifact id: '1dd23670b1d8743cdaa1582b869596d5') in 0.0357428 seconds
Number of updated asset objects reloaded before import = 0Number of asset objects unloaded after import = 154

========================================================================
Received Import Request.
  Time since last request: 0.000026 seconds.
  path: Assets/Studio33 Interactive_[BasketBall] v1.1/Animations/Basketball Motions_Generic/511_Dribbleright.fbx
  artifactKey: Guid(732bf5d5ff4f2c8458599527e45a37b4) Importer(2089858483,b0f066a214c2f5e87bad3c948f4d605d)
Start importing Assets/Studio33 Interactive_[BasketBall] v1.1/Animations/Basketball Motions_Generic/511_Dribbleright.fbx using Guid(732bf5d5ff4f2c8458599527e45a37b4) Importer(2089858483,b0f066a214c2f5e87bad3c948f4d605d) (ScriptedImporter) -> (artifact id: '33692058ff1ab365b0e9d9db67b9b7fc') in 0.0248485 seconds
Number of updated asset objects reloaded before import = 0Number of asset objects unloaded after import = 152

========================================================================
Received Import Request.
  Time since last request: 0.000028 seconds.
  path: Assets/Studio33 Interactive_[BasketBall] v1.1/Animations/Basketball Motions_Generic/1947_DunkRRevA.fbx
  artifactKey: Guid(301018d909d86104cbf32428040fc81d) Importer(2089858483,b0f066a214c2f5e87bad3c948f4d605d)
Start importing Assets/Studio33 Interactive_[BasketBall] v1.1/Animations/Basketball Motions_Generic/1947_DunkRRevA.fbx using Guid(301018d909d86104cbf32428040fc81d) Importer(2089858483,b0f066a214c2f5e87bad3c948f4d605d) (ScriptedImporter) -> (artifact id: '481772bb09f0c43e044b3f29cb481674') in 0.0277491 seconds
Number of updated asset objects reloaded before import = 0Number of asset objects unloaded after import = 152

========================================================================
Received Import Request.
  Time since last request: 0.000043 seconds.
  path: Assets/Studio33 Interactive_[BasketBall] v1.1/Animations/Basketball Motions_Generic/1644_TurfrontShootA.fbx
  artifactKey: Guid(f5600a2695b923c4fb5324ef8608f85d) Importer(2089858483,b0f066a214c2f5e87bad3c948f4d605d)
Start importing Assets/Studio33 Interactive_[BasketBall] v1.1/Animations/Basketball Motions_Generic/1644_TurfrontShootA.fbx using Guid(f5600a2695b923c4fb5324ef8608f85d) Importer(2089858483,b0f066a214c2f5e87bad3c948f4d605d) (ScriptedImporter) -> (artifact id: 'b642be9e61e405dc8c13df0f48bf9237') in 0.0276155 seconds
Number of updated asset objects reloaded before import = 0Number of asset objects unloaded after import = 152

========================================================================
Received Import Request.
  Time since last request: 0.000032 seconds.
  path: Assets/Studio33 Interactive_[BasketBall] v1.1/Animations/Basketball Motions Humanoid/420_FrontDenyA.fbx
  artifactKey: Guid(3b82d46db36e0144b81f0d1c6f420136) Importer(2089858483,b0f066a214c2f5e87bad3c948f4d605d)
Start importing Assets/Studio33 Interactive_[BasketBall] v1.1/Animations/Basketball Motions Humanoid/420_FrontDenyA.fbx using Guid(3b82d46db36e0144b81f0d1c6f420136) Importer(2089858483,b0f066a214c2f5e87bad3c948f4d605d) (ScriptedImporter) -> (artifact id: 'aa24ffbd67f72229187cb2e9409af198') in 0.0266503 seconds
Number of updated asset objects reloaded before import = 0Number of asset objects unloaded after import = 154

========================================================================
Received Import Request.
  Time since last request: 0.000020 seconds.
  path: Assets/Studio33 Interactive_[BasketBall] v1.1/33_basket ball test animations/player/Studio33_basketball_c02.png
  artifactKey: Guid(af85948d01cb35344ad6f1e5d7d86137) Importer(2089858483,b0f066a214c2f5e87bad3c948f4d605d)
Start importing Assets/Studio33 Interactive_[BasketBall] v1.1/33_basket ball test animations/player/Studio33_basketball_c02.png using Guid(af85948d01cb35344ad6f1e5d7d86137) Importer(2089858483,b0f066a214c2f5e87bad3c948f4d605d) (ScriptedImporter) -> (artifact id: '5f738ab4d1a3d2bdabc9141058b14ec2') in 0.0594611 seconds
Number of updated asset objects reloaded before import = 0Number of asset objects unloaded after import = 1

========================================================================
Received Import Request.
  Time since last request: 0.000026 seconds.
  path: Assets/Studio33 Interactive_[BasketBall] v1.1/Animations/Basketball Motions_Generic/1999_DunkCB.fbx
  artifactKey: Guid(1b0f8b5846b02c2448f6c3b36411a725) Importer(2089858483,b0f066a214c2f5e87bad3c948f4d605d)
Start importing Assets/Studio33 Interactive_[BasketBall] v1.1/Animations/Basketball Motions_Generic/1999_DunkCB.fbx using Guid(1b0f8b5846b02c2448f6c3b36411a725) Importer(2089858483,b0f066a214c2f5e87bad3c948f4d605d) (ScriptedImporter) -> (artifact id: '0c363cabb665b60588f37b8189b2239a') in 0.0276603 seconds
Number of updated asset objects reloaded before import = 0Number of asset objects unloaded after import = 152

========================================================================
Received Import Request.
  Time since last request: 0.000043 seconds.
  path: Assets/Studio33 Interactive_[BasketBall] v1.1/Animations/Basketball Motions_Generic/1929_DunkCA.fbx
  artifactKey: Guid(dc26075773563a44db952854b572edc4) Importer(2089858483,b0f066a214c2f5e87bad3c948f4d605d)
Start importing Assets/Studio33 Interactive_[BasketBall] v1.1/Animations/Basketball Motions_Generic/1929_DunkCA.fbx using Guid(dc26075773563a44db952854b572edc4) Importer(2089858483,b0f066a214c2f5e87bad3c948f4d605d) (ScriptedImporter) -> (artifact id: '7bc0ac84bec44657fa6032e3ea57f236') in 0.0246746 seconds
Number of updated asset objects reloaded before import = 0Number of asset objects unloaded after import = 152

========================================================================
Received Import Request.
  Time since last request: 0.000023 seconds.
  path: Assets/Studio33 Interactive_[BasketBall] v1.1/Animations/Basketball Motions Humanoid/1830_DunkRA.fbx
  artifactKey: Guid(f061da831f0257248a079bda77a38267) Importer(2089858483,b0f066a214c2f5e87bad3c948f4d605d)
Start importing Assets/Studio33 Interactive_[BasketBall] v1.1/Animations/Basketball Motions Humanoid/1830_DunkRA.fbx using Guid(f061da831f0257248a079bda77a38267) Importer(2089858483,b0f066a214c2f5e87bad3c948f4d605d) (ScriptedImporter) -> (artifact id: '13d566574074cd082a6e21dfb8e61e87') in 0.0248524 seconds
Number of updated asset objects reloaded before import = 0Number of asset objects unloaded after import = 154

========================================================================
Received Import Request.
  Time since last request: 0.000018 seconds.
  path: Assets/Studio33 Interactive_[BasketBall] v1.1/Animations/Basketball Motions Humanoid/1338_JumpshotMA.fbx
  artifactKey: Guid(c83f33792229b9a489ca05b144b27ab1) Importer(2089858483,b0f066a214c2f5e87bad3c948f4d605d)
Start importing Assets/Studio33 Interactive_[BasketBall] v1.1/Animations/Basketball Motions Humanoid/1338_JumpshotMA.fbx using Guid(c83f33792229b9a489ca05b144b27ab1) Importer(2089858483,b0f066a214c2f5e87bad3c948f4d605d) (ScriptedImporter) -> (artifact id: '86301c59d2ac522cb183d5a9dec04fd3') in 0.0289876 seconds
Number of updated asset objects reloaded before import = 0Number of asset objects unloaded after import = 154

========================================================================
Received Import Request.
  Time since last request: 0.000026 seconds.
  path: Assets/Studio33 Interactive_[BasketBall] v1.1/Animations/Basketball Motions Humanoid/2130_JumpshotReadyFake.fbx
  artifactKey: Guid(f42961b5c83a0c24a9b05ed26ae5a9fb) Importer(2089858483,b0f066a214c2f5e87bad3c948f4d605d)
Start importing Assets/Studio33 Interactive_[BasketBall] v1.1/Animations/Basketball Motions Humanoid/2130_JumpshotReadyFake.fbx using Guid(f42961b5c83a0c24a9b05ed26ae5a9fb) Importer(2089858483,b0f066a214c2f5e87bad3c948f4d605d) (ScriptedImporter) -> (artifact id: '5477370e2a0238f05dde5a775fc1dd89') in 0.0298169 seconds
Number of updated asset objects reloaded before import = 0Number of asset objects unloaded after import = 154

========================================================================
Received Import Request.
  Time since last request: 0.000049 seconds.
  path: Assets/Studio33 Interactive_[BasketBall] v1.1/Animations/Basketball Motions_Generic/2121_RstajumpshotReadyFake.fbx
  artifactKey: Guid(9c3bf61b800cf84428d4c7e8b39a1403) Importer(2089858483,b0f066a214c2f5e87bad3c948f4d605d)
Start importing Assets/Studio33 Interactive_[BasketBall] v1.1/Animations/Basketball Motions_Generic/2121_RstajumpshotReadyFake.fbx using Guid(9c3bf61b800cf84428d4c7e8b39a1403) Importer(2089858483,b0f066a214c2f5e87bad3c948f4d605d) (ScriptedImporter) -> (artifact id: '55308f5ec611591d254c984090eb3d2a') in 0.0288277 seconds
Number of updated asset objects reloaded before import = 0Number of asset objects unloaded after import = 152

========================================================================
Received Import Request.
  Time since last request: 0.000029 seconds.
  path: Assets/Studio33 Interactive_[BasketBall] v1.1/Animations/Basketball Motions_Generic/1652_DunkRA.fbx
  artifactKey: Guid(0359a31e015bdc247bf73720a9428e36) Importer(2089858483,b0f066a214c2f5e87bad3c948f4d605d)
Start importing Assets/Studio33 Interactive_[BasketBall] v1.1/Animations/Basketball Motions_Generic/1652_DunkRA.fbx using Guid(0359a31e015bdc247bf73720a9428e36) Importer(2089858483,b0f066a214c2f5e87bad3c948f4d605d) (ScriptedImporter) -> (artifact id: '7c3ebc4936389b5ea492cb07a23b5b7b') in 0.0277555 seconds
Number of updated asset objects reloaded before import = 0Number of asset objects unloaded after import = 152

========================================================================
Received Import Request.
  Time since last request: 0.000029 seconds.
  path: Assets/Studio33 Interactive_[BasketBall] v1.1/Animations/Basketball Motions_Generic/1331_JumpshotCA.fbx
  artifactKey: Guid(257c24d1b0584b04d912fa75b46141e9) Importer(2089858483,b0f066a214c2f5e87bad3c948f4d605d)
Start importing Assets/Studio33 Interactive_[BasketBall] v1.1/Animations/Basketball Motions_Generic/1331_JumpshotCA.fbx using Guid(257c24d1b0584b04d912fa75b46141e9) Importer(2089858483,b0f066a214c2f5e87bad3c948f4d605d) (ScriptedImporter) -> (artifact id: '67f977944b1e31372de79dc06ade9fb0') in 0.0261423 seconds
Number of updated asset objects reloaded before import = 0Number of asset objects unloaded after import = 152

========================================================================
Received Import Request.
  Time since last request: 0.000030 seconds.
  path: Assets/Studio33 Interactive_[BasketBall] v1.1/Animations/Basketball Motions Humanoid/1018_Rebound fB.fbx
  artifactKey: Guid(1042eeb9fc143924abc0ad5ad2bee29f) Importer(2089858483,b0f066a214c2f5e87bad3c948f4d605d)
Start importing Assets/Studio33 Interactive_[BasketBall] v1.1/Animations/Basketball Motions Humanoid/1018_Rebound fB.fbx using Guid(1042eeb9fc143924abc0ad5ad2bee29f) Importer(2089858483,b0f066a214c2f5e87bad3c948f4d605d) (ScriptedImporter) -> (artifact id: 'df68f2d129b32849e1af13de91bfec43') in 0.0326852 seconds
Number of updated asset objects reloaded before import = 0Number of asset objects unloaded after import = 154

========================================================================
Received Import Request.
  Time since last request: 0.000040 seconds.
  path: Assets/Studio33 Interactive_[BasketBall] v1.1/Animations/Basketball Motions Humanoid/2127_DunkRA.fbx
  artifactKey: Guid(ea1c6b59f59cac841a64eb39a5624f8c) Importer(2089858483,b0f066a214c2f5e87bad3c948f4d605d)
Start importing Assets/Studio33 Interactive_[BasketBall] v1.1/Animations/Basketball Motions Humanoid/2127_DunkRA.fbx using Guid(ea1c6b59f59cac841a64eb39a5624f8c) Importer(2089858483,b0f066a214c2f5e87bad3c948f4d605d) (ScriptedImporter) -> (artifact id: 'adeedb67052044689f65cffde593b959') in 0.0273539 seconds
Number of updated asset objects reloaded before import = 0Number of asset objects unloaded after import = 154

========================================================================
Received Import Request.
  Time since last request: 0.000028 seconds.
  path: Assets/Studio33 Interactive_[BasketBall] v1.1/Animations/Basketball Motions_Generic/2161_PivotLA.fbx
  artifactKey: Guid(37be0b6d1b405774da2c1ed6cc3aaa52) Importer(2089858483,b0f066a214c2f5e87bad3c948f4d605d)
Start importing Assets/Studio33 Interactive_[BasketBall] v1.1/Animations/Basketball Motions_Generic/2161_PivotLA.fbx using Guid(37be0b6d1b405774da2c1ed6cc3aaa52) Importer(2089858483,b0f066a214c2f5e87bad3c948f4d605d) (ScriptedImporter) -> (artifact id: '74458ec15d26f40d1e853ee34765acd7') in 0.0238265 seconds
Number of updated asset objects reloaded before import = 0Number of asset objects unloaded after import = 152

========================================================================
Received Import Request.
  Time since last request: 0.000028 seconds.
  path: Assets/Studio33 Interactive_[BasketBall] v1.1/Animations/Basketball Motions Humanoid/110_BlockingckpassLongNearFFA.fbx
  artifactKey: Guid(efba28e2b52ca3a42b0edbe19b94d7d1) Importer(2089858483,b0f066a214c2f5e87bad3c948f4d605d)
Start importing Assets/Studio33 Interactive_[BasketBall] v1.1/Animations/Basketball Motions Humanoid/110_BlockingckpassLongNearFFA.fbx using Guid(efba28e2b52ca3a42b0edbe19b94d7d1) Importer(2089858483,b0f066a214c2f5e87bad3c948f4d605d) (ScriptedImporter) -> (artifact id: '70f5196a46cf55da15df0e72c0b332b4') in 0.0287558 seconds
Number of updated asset objects reloaded before import = 0Number of asset objects unloaded after import = 154

========================================================================
Received Import Request.
  Time since last request: 0.000030 seconds.
  path: Assets/Studio33 Interactive_[BasketBall] v1.1/Animations/Basketball Motions_Generic/1031_TappassDash.fbx
  artifactKey: Guid(48f7bcf93f7645749b284060b2e13f14) Importer(2089858483,b0f066a214c2f5e87bad3c948f4d605d)
Start importing Assets/Studio33 Interactive_[BasketBall] v1.1/Animations/Basketball Motions_Generic/1031_TappassDash.fbx using Guid(48f7bcf93f7645749b284060b2e13f14) Importer(2089858483,b0f066a214c2f5e87bad3c948f4d605d) (ScriptedImporter) -> (artifact id: '42e3c50265ae4e75661773b973c4d812') in 0.02596 seconds
Number of updated asset objects reloaded before import = 0Number of asset objects unloaded after import = 152

========================================================================
Received Import Request.
  Time since last request: 0.000043 seconds.
  path: Assets/Studio33 Interactive_[BasketBall] v1.1/Animations/Basketball Motions_Generic/289_JabstepFakeRA.fbx
  artifactKey: Guid(ec2bd8cd001816640b43b540eeddd44f) Importer(2089858483,b0f066a214c2f5e87bad3c948f4d605d)
Start importing Assets/Studio33 Interactive_[BasketBall] v1.1/Animations/Basketball Motions_Generic/289_JabstepFakeRA.fbx using Guid(ec2bd8cd001816640b43b540eeddd44f) Importer(2089858483,b0f066a214c2f5e87bad3c948f4d605d) (ScriptedImporter) -> (artifact id: '307274fb9f915089c5cf5212eb6da98a') in 0.0219298 seconds
Number of updated asset objects reloaded before import = 0Number of asset objects unloaded after import = 152

========================================================================
Received Import Request.
  Time since last request: 0.000033 seconds.
  path: Assets/Studio33 Interactive_[BasketBall] v1.1/Animations/Basketball Motions Humanoid/893_PostThRightLA.fbx
  artifactKey: Guid(50df6185ce6208d408416b90adeac83e) Importer(2089858483,b0f066a214c2f5e87bad3c948f4d605d)
Start importing Assets/Studio33 Interactive_[BasketBall] v1.1/Animations/Basketball Motions Humanoid/893_PostThRightLA.fbx using Guid(50df6185ce6208d408416b90adeac83e) Importer(2089858483,b0f066a214c2f5e87bad3c948f4d605d) (ScriptedImporter) -> (artifact id: '43aa3125dec2b9eb1504a683855c977d') in 0.0260858 seconds
Number of updated asset objects reloaded before import = 0Number of asset objects unloaded after import = 154

========================================================================
Received Import Request.
  Time since last request: 0.000033 seconds.
  path: Assets/Studio33 Interactive_[BasketBall] v1.1/Animations/Basketball Motions Humanoid/99_BlockinglongNearL.fbx
  artifactKey: Guid(b8760952083b7b641a5162df2a47a6f7) Importer(2089858483,b0f066a214c2f5e87bad3c948f4d605d)
Start importing Assets/Studio33 Interactive_[BasketBall] v1.1/Animations/Basketball Motions Humanoid/99_BlockinglongNearL.fbx using Guid(b8760952083b7b641a5162df2a47a6f7) Importer(2089858483,b0f066a214c2f5e87bad3c948f4d605d) (ScriptedImporter) -> (artifact id: '4c8d789c7836ee17d1e3538659872abb') in 0.0318626 seconds
Number of updated asset objects reloaded before import = 0Number of asset objects unloaded after import = 154

========================================================================
Received Import Request.
  Time since last request: 0.000030 seconds.
  path: Assets/Studio33 Interactive_[BasketBall] v1.1/Animations/Basketball Motions Humanoid/1955_DunkRA.fbx
  artifactKey: Guid(cd6699fe137563d4eb38b22d5b5bc428) Importer(2089858483,b0f066a214c2f5e87bad3c948f4d605d)
Start importing Assets/Studio33 Interactive_[BasketBall] v1.1/Animations/Basketball Motions Humanoid/1955_DunkRA.fbx using Guid(cd6699fe137563d4eb38b22d5b5bc428) Importer(2089858483,b0f066a214c2f5e87bad3c948f4d605d) (ScriptedImporter) -> (artifact id: '502dfcbbbf4d85219283147dce5f8b8b') in 0.0292041 seconds
Number of updated asset objects reloaded before import = 0Number of asset objects unloaded after import = 154

========================================================================
Received Import Request.
  Time since last request: 0.000047 seconds.
  path: Assets/Studio33 Interactive_[BasketBall] v1.1/Animations/Basketball Motions_Generic/597_ShadowstealfailA.fbx
  artifactKey: Guid(62367a32072392f48845b832675c1a40) Importer(2089858483,b0f066a214c2f5e87bad3c948f4d605d)
Start importing Assets/Studio33 Interactive_[BasketBall] v1.1/Animations/Basketball Motions_Generic/597_ShadowstealfailA.fbx using Guid(62367a32072392f48845b832675c1a40) Importer(2089858483,b0f066a214c2f5e87bad3c948f4d605d) (ScriptedImporter) -> (artifact id: '86943d3eb000fa9e6e22d479383c1b2b') in 0.0284287 seconds
Number of updated asset objects reloaded before import = 0Number of asset objects unloaded after import = 152

========================================================================
Received Import Request.
  Time since last request: 0.000027 seconds.
  path: Assets/Studio33 Interactive_[BasketBall] v1.1/Animations/Basketball Motions Humanoid/582_ShadowstealA.fbx
  artifactKey: Guid(e350997ee4ebff84895929c88a8c3afb) Importer(2089858483,b0f066a214c2f5e87bad3c948f4d605d)
Start importing Assets/Studio33 Interactive_[BasketBall] v1.1/Animations/Basketball Motions Humanoid/582_ShadowstealA.fbx using Guid(e350997ee4ebff84895929c88a8c3afb) Importer(2089858483,b0f066a214c2f5e87bad3c948f4d605d) (ScriptedImporter) -> (artifact id: 'dba3e92ce2f0c1998ac6417a5715875d') in 0.0270402 seconds
Number of updated asset objects reloaded before import = 0Number of asset objects unloaded after import = 154

========================================================================
Received Import Request.
  Time since last request: 0.000023 seconds.
  path: Assets/Studio33 Interactive_[BasketBall] v1.1/Animations/Basketball Motions_Generic/2060_DunkRA.fbx
  artifactKey: Guid(1ab74d5abc6fad6409cbe413e8d4ad41) Importer(2089858483,b0f066a214c2f5e87bad3c948f4d605d)
Start importing Assets/Studio33 Interactive_[BasketBall] v1.1/Animations/Basketball Motions_Generic/2060_DunkRA.fbx using Guid(1ab74d5abc6fad6409cbe413e8d4ad41) Importer(2089858483,b0f066a214c2f5e87bad3c948f4d605d) (ScriptedImporter) -> (artifact id: 'cbf44884e3413602b1b908c76e35a48c') in 0.0277551 seconds
Number of updated asset objects reloaded before import = 0Number of asset objects unloaded after import = 152

========================================================================
Received Import Request.
  Time since last request: 0.000022 seconds.
  path: Assets/Studio33 Interactive_[BasketBall] v1.1/Animations/Basketball Motions Humanoid/1573_DunkCA.fbx
  artifactKey: Guid(852309a5ccb65f3419e69999788815ea) Importer(2089858483,b0f066a214c2f5e87bad3c948f4d605d)
Start importing Assets/Studio33 Interactive_[BasketBall] v1.1/Animations/Basketball Motions Humanoid/1573_DunkCA.fbx using Guid(852309a5ccb65f3419e69999788815ea) Importer(2089858483,b0f066a214c2f5e87bad3c948f4d605d) (ScriptedImporter) -> (artifact id: '17cb2b9ac58f26bda52728b32a71f0e9') in 0.024707 seconds
Number of updated asset objects reloaded before import = 0Number of asset objects unloaded after import = 154

========================================================================
Received Import Request.
  Time since last request: 0.000067 seconds.
  path: Assets/Studio33 Interactive_[BasketBall] v1.1/Animations/Basketball Motions_Generic/1735_JumpshotReadyFake.fbx
  artifactKey: Guid(28bc683234b9a914d917497304251b33) Importer(2089858483,b0f066a214c2f5e87bad3c948f4d605d)
Start importing Assets/Studio33 Interactive_[BasketBall] v1.1/Animations/Basketball Motions_Generic/1735_JumpshotReadyFake.fbx using Guid(28bc683234b9a914d917497304251b33) Importer(2089858483,b0f066a214c2f5e87bad3c948f4d605d) (ScriptedImporter) -> (artifact id: '3b6933d3f60dfe3d93daf0ff23759e6e') in 0.0215478 seconds
Number of updated asset objects reloaded before import = 0Number of asset objects unloaded after import = 152

========================================================================
Received Import Request.
  Time since last request: 0.000025 seconds.
  path: Assets/Studio33 Interactive_[BasketBall] v1.1/Animations/Basketball Motions_Generic/575_StealpassA.fbx
  artifactKey: Guid(326915551fe24e04d8c3e256bde1574b) Importer(2089858483,b0f066a214c2f5e87bad3c948f4d605d)
Start importing Assets/Studio33 Interactive_[BasketBall] v1.1/Animations/Basketball Motions_Generic/575_StealpassA.fbx using Guid(326915551fe24e04d8c3e256bde1574b) Importer(2089858483,b0f066a214c2f5e87bad3c948f4d605d) (ScriptedImporter) -> (artifact id: 'f10709b1a59779c62005bd99bde3a2fb') in 0.0284709 seconds
Number of updated asset objects reloaded before import = 0Number of asset objects unloaded after import = 152

========================================================================
Received Import Request.
  Time since last request: 0.000027 seconds.
  path: Assets/Studio33 Interactive_[BasketBall] v1.1/Animations/Basketball Motions_Generic/2122_DclutchDunkRA.fbx
  artifactKey: Guid(320e62a5c4f6a53429867d950aeba5ff) Importer(2089858483,b0f066a214c2f5e87bad3c948f4d605d)
Start importing Assets/Studio33 Interactive_[BasketBall] v1.1/Animations/Basketball Motions_Generic/2122_DclutchDunkRA.fbx using Guid(320e62a5c4f6a53429867d950aeba5ff) Importer(2089858483,b0f066a214c2f5e87bad3c948f4d605d) (ScriptedImporter) -> (artifact id: 'e44fb486f725e0631c13f27e779a80fc') in 0.0283469 seconds
Number of updated asset objects reloaded before import = 0Number of asset objects unloaded after import = 152

========================================================================
Received Import Request.
  Time since last request: 0.000046 seconds.
  path: Assets/Studio33 Interactive_[BasketBall] v1.1/Animations/Basketball Motions Humanoid/271_CrossThRRRA.fbx
  artifactKey: Guid(724b4fc76ceea7147a3b16af2875ef45) Importer(2089858483,b0f066a214c2f5e87bad3c948f4d605d)
Start importing Assets/Studio33 Interactive_[BasketBall] v1.1/Animations/Basketball Motions Humanoid/271_CrossThRRRA.fbx using Guid(724b4fc76ceea7147a3b16af2875ef45) Importer(2089858483,b0f066a214c2f5e87bad3c948f4d605d) (ScriptedImporter) -> (artifact id: '26c73aa38237ce4b1ffb69394770758a') in 0.0286922 seconds
Number of updated asset objects reloaded before import = 0Number of asset objects unloaded after import = 154

========================================================================
Received Import Request.
  Time since last request: 0.000031 seconds.
  path: Assets/Studio33 Interactive_[BasketBall] v1.1/Animations/Basketball Motions_Generic/1840_DunkCA.fbx
  artifactKey: Guid(5cbb35fbb1a47814e84632f3430068cd) Importer(2089858483,b0f066a214c2f5e87bad3c948f4d605d)
Start importing Assets/Studio33 Interactive_[BasketBall] v1.1/Animations/Basketball Motions_Generic/1840_DunkCA.fbx using Guid(5cbb35fbb1a47814e84632f3430068cd) Importer(2089858483,b0f066a214c2f5e87bad3c948f4d605d) (ScriptedImporter) -> (artifact id: 'e15b5e3d42d9ae79c0c74c34e9ab2fe9') in 0.0284047 seconds
Number of updated asset objects reloaded before import = 0Number of asset objects unloaded after import = 152

========================================================================
Received Import Request.
  Time since last request: 0.000020 seconds.
  path: Assets/Studio33 Interactive_[BasketBall] v1.1/Animations/Basketball Motions_Generic/787_ShootpassLayupShortFrontA.fbx
  artifactKey: Guid(75a6ac21390f1744d8993d0d6b118230) Importer(2089858483,b0f066a214c2f5e87bad3c948f4d605d)
Start importing Assets/Studio33 Interactive_[BasketBall] v1.1/Animations/Basketball Motions_Generic/787_ShootpassLayupShortFrontA.fbx using Guid(75a6ac21390f1744d8993d0d6b118230) Importer(2089858483,b0f066a214c2f5e87bad3c948f4d605d) (ScriptedImporter) -> (artifact id: '7c8f3dcd85b4b490cafa4e1d99e21465') in 0.0303788 seconds
Number of updated asset objects reloaded before import = 0Number of asset objects unloaded after import = 152

========================================================================
Received Import Request.
  Time since last request: 0.000027 seconds.
  path: Assets/Studio33 Interactive_[BasketBall] v1.1/Animations/Basketball Motions Humanoid/358_OffballcutLA.fbx
  artifactKey: Guid(abd93bb2816a90840bf234beca84c5c7) Importer(2089858483,b0f066a214c2f5e87bad3c948f4d605d)
Start importing Assets/Studio33 Interactive_[BasketBall] v1.1/Animations/Basketball Motions Humanoid/358_OffballcutLA.fbx using Guid(abd93bb2816a90840bf234beca84c5c7) Importer(2089858483,b0f066a214c2f5e87bad3c948f4d605d) (ScriptedImporter) -> (artifact id: 'dd9d13f72470b637268e6eec4a9a3909') in 0.0299324 seconds
Number of updated asset objects reloaded before import = 0Number of asset objects unloaded after import = 154

========================================================================
Received Import Request.
  Time since last request: 0.000026 seconds.
  path: Assets/Studio33 Interactive_[BasketBall] v1.1/Animations/Basketball Motions_Generic/726_ShootpassJumpLongFrontA.fbx
  artifactKey: Guid(deca9c00be044e342994faa09f7e79b3) Importer(2089858483,b0f066a214c2f5e87bad3c948f4d605d)
Start importing Assets/Studio33 Interactive_[BasketBall] v1.1/Animations/Basketball Motions_Generic/726_ShootpassJumpLongFrontA.fbx using Guid(deca9c00be044e342994faa09f7e79b3) Importer(2089858483,b0f066a214c2f5e87bad3c948f4d605d) (ScriptedImporter) -> (artifact id: 'fbaa0abf91b5a10bbf450a3e1a3cc089') in 0.0281322 seconds
Number of updated asset objects reloaded before import = 0Number of asset objects unloaded after import = 152

========================================================================
Received Import Request.
  Time since last request: 0.000041 seconds.
  path: Assets/Studio33 Interactive_[BasketBall] v1.1/33_basket ball test animations/player/basketballPlayer.fbx
  artifactKey: Guid(5bfed23aee1707049a363aac730c54bd) Importer(2089858483,b0f066a214c2f5e87bad3c948f4d605d)
Start importing Assets/Studio33 Interactive_[BasketBall] v1.1/33_basket ball test animations/player/basketballPlayer.fbx using Guid(5bfed23aee1707049a363aac730c54bd) Importer(2089858483,b0f066a214c2f5e87bad3c948f4d605d) (ScriptedImporter) -> (artifact id: '7b485ca0bf68bd0c0a0cd8e77a1826d0') in 0.0479181 seconds
Number of updated asset objects reloaded before import = 0Number of asset objects unloaded after import = 163

========================================================================
Received Import Request.
  Time since last request: 0.000022 seconds.
  path: Assets/Studio33 Interactive_[BasketBall] v1.1/Animations/Basketball Motions_Generic/1470_JumpshotMA.fbx
  artifactKey: Guid(6eded29987eb269448a6f6cbb67e5ba8) Importer(2089858483,b0f066a214c2f5e87bad3c948f4d605d)
Start importing Assets/Studio33 Interactive_[BasketBall] v1.1/Animations/Basketball Motions_Generic/1470_JumpshotMA.fbx using Guid(6eded29987eb269448a6f6cbb67e5ba8) Importer(2089858483,b0f066a214c2f5e87bad3c948f4d605d) (ScriptedImporter) -> (artifact id: 'ad8503fdb1833b765ee8356f5015369e') in 0.0289037 seconds
Number of updated asset objects reloaded before import = 0Number of asset objects unloaded after import = 152

========================================================================
Received Import Request.
  Time since last request: 0.000031 seconds.
  path: Assets/Studio33 Interactive_[BasketBall] v1.1/Animations/Basketball Motions_Generic/602_LoosebahighLA.fbx
  artifactKey: Guid(e5c37ebda2d0fa344bf7b85ea7a5e43f) Importer(2089858483,b0f066a214c2f5e87bad3c948f4d605d)
Start importing Assets/Studio33 Interactive_[BasketBall] v1.1/Animations/Basketball Motions_Generic/602_LoosebahighLA.fbx using Guid(e5c37ebda2d0fa344bf7b85ea7a5e43f) Importer(2089858483,b0f066a214c2f5e87bad3c948f4d605d) (ScriptedImporter) -> (artifact id: '8f7b35b632a85b41d9c345aa4b36a459') in 0.0236482 seconds
Number of updated asset objects reloaded before import = 0Number of asset objects unloaded after import = 152

========================================================================
Received Import Request.
  Time since last request: 0.000039 seconds.
  path: Assets/Studio33 Interactive_[BasketBall] v1.1/Animations/Basketball Motions Humanoid/2079_DunkCA.fbx
  artifactKey: Guid(94fa7089de58f6f4eb9e9ed13090f9f6) Importer(2089858483,b0f066a214c2f5e87bad3c948f4d605d)
Start importing Assets/Studio33 Interactive_[BasketBall] v1.1/Animations/Basketball Motions Humanoid/2079_DunkCA.fbx using Guid(94fa7089de58f6f4eb9e9ed13090f9f6) Importer(2089858483,b0f066a214c2f5e87bad3c948f4d605d) (ScriptedImporter) -> (artifact id: 'd371a890120c0419a90c3e8bf7a79dad') in 0.0280068 seconds
Number of updated asset objects reloaded before import = 0Number of asset objects unloaded after import = 154

========================================================================
Received Import Request.
  Time since last request: 0.000032 seconds.
  path: Assets/Studio33 Interactive_[BasketBall] v1.1/Animations/Basketball Motions_Generic/1969_JumpshotUAFakeA.fbx
  artifactKey: Guid(ad88e2793903ef9489bce69c57fe79bb) Importer(2089858483,b0f066a214c2f5e87bad3c948f4d605d)
Start importing Assets/Studio33 Interactive_[BasketBall] v1.1/Animations/Basketball Motions_Generic/1969_JumpshotUAFakeA.fbx using Guid(ad88e2793903ef9489bce69c57fe79bb) Importer(2089858483,b0f066a214c2f5e87bad3c948f4d605d) (ScriptedImporter) -> (artifact id: '460d71d0dad193f894b6ede4ee71e88b') in 0.0310872 seconds
Number of updated asset objects reloaded before import = 0Number of asset objects unloaded after import = 152

========================================================================
Received Import Request.
  Time since last request: 0.000023 seconds.
  path: Assets/Studio33 Interactive_[BasketBall] v1.1/Animations/Basketball Motions Humanoid/1160_DunkCA.fbx
  artifactKey: Guid(e1a48b785ac9f594b989b161261e03e2) Importer(2089858483,b0f066a214c2f5e87bad3c948f4d605d)
Start importing Assets/Studio33 Interactive_[BasketBall] v1.1/Animations/Basketball Motions Humanoid/1160_DunkCA.fbx using Guid(e1a48b785ac9f594b989b161261e03e2) Importer(2089858483,b0f066a214c2f5e87bad3c948f4d605d) (ScriptedImporter) -> (artifact id: '0a020662b9719e097f7f9a0b3adcbdc8') in 0.028979 seconds
Number of updated asset objects reloaded before import = 0Number of asset objects unloaded after import = 154

========================================================================
Received Import Request.
  Time since last request: 0.000023 seconds.
  path: Assets/Studio33 Interactive_[BasketBall] v1.1/Animations/Basketball Motions_Generic/526_LayupCA.fbx
  artifactKey: Guid(a3751bb6fad2f62468ae7f56b7987dd7) Importer(2089858483,b0f066a214c2f5e87bad3c948f4d605d)
Start importing Assets/Studio33 Interactive_[BasketBall] v1.1/Animations/Basketball Motions_Generic/526_LayupCA.fbx using Guid(a3751bb6fad2f62468ae7f56b7987dd7) Importer(2089858483,b0f066a214c2f5e87bad3c948f4d605d) (ScriptedImporter) -> (artifact id: '3f29f5a5ab93646440bcd81453d0f03c') in 0.0242327 seconds
Number of updated asset objects reloaded before import = 0Number of asset objects unloaded after import = 152

========================================================================
Received Import Request.
  Time since last request: 0.000036 seconds.
  path: Assets/Studio33 Interactive_[BasketBall] v1.1/Animations/Basketball Motions_Generic/835_AlleyoopNpassRA.fbx
  artifactKey: Guid(48c2b3f37d9493b4d861599376379bb5) Importer(2089858483,b0f066a214c2f5e87bad3c948f4d605d)
Start importing Assets/Studio33 Interactive_[BasketBall] v1.1/Animations/Basketball Motions_Generic/835_AlleyoopNpassRA.fbx using Guid(48c2b3f37d9493b4d861599376379bb5) Importer(2089858483,b0f066a214c2f5e87bad3c948f4d605d) (ScriptedImporter) -> (artifact id: 'd047408e8b8c0a2b6ab857390859cb79') in 0.0258124 seconds
Number of updated asset objects reloaded before import = 0Number of asset objects unloaded after import = 152

========================================================================
Received Import Request.
  Time since last request: 0.000021 seconds.
  path: Assets/Studio33 Interactive_[BasketBall] v1.1/Animations/Basketball Motions Humanoid/945_Rebound B.fbx
  artifactKey: Guid(46bb1ef74ac6223408b649d674827c99) Importer(2089858483,b0f066a214c2f5e87bad3c948f4d605d)
Start importing Assets/Studio33 Interactive_[BasketBall] v1.1/Animations/Basketball Motions Humanoid/945_Rebound B.fbx using Guid(46bb1ef74ac6223408b649d674827c99) Importer(2089858483,b0f066a214c2f5e87bad3c948f4d605d) (ScriptedImporter) -> (artifact id: 'f8f6a19a910dd56ce4fe08d218aa9a5e') in 0.026745 seconds
Number of updated asset objects reloaded before import = 0Number of asset objects unloaded after import = 154

========================================================================
Received Import Request.
  Time since last request: 0.000029 seconds.
  path: Assets/Studio33 Interactive_[BasketBall] v1.1/Animations/Basketball Motions Humanoid/618_SlidingCA.fbx
  artifactKey: Guid(611eab6d1bdb33447b1eaaaee835b894) Importer(2089858483,b0f066a214c2f5e87bad3c948f4d605d)
Start importing Assets/Studio33 Interactive_[BasketBall] v1.1/Animations/Basketball Motions Humanoid/618_SlidingCA.fbx using Guid(611eab6d1bdb33447b1eaaaee835b894) Importer(2089858483,b0f066a214c2f5e87bad3c948f4d605d) (ScriptedImporter) -> (artifact id: '2e67c976fba894c58095cc9df9919e2f') in 0.0265412 seconds
Number of updated asset objects reloaded before import = 0Number of asset objects unloaded after import = 154

========================================================================
Received Import Request.
  Time since last request: 0.000023 seconds.
  path: Assets/Studio33 Interactive_[BasketBall] v1.1/Animations/Basketball Motions Humanoid/1691_JumpshotUFakeA.fbx
  artifactKey: Guid(2eda9c9372d17fd488d258b607f7cfa6) Importer(2089858483,b0f066a214c2f5e87bad3c948f4d605d)
Start importing Assets/Studio33 Interactive_[BasketBall] v1.1/Animations/Basketball Motions Humanoid/1691_JumpshotUFakeA.fbx using Guid(2eda9c9372d17fd488d258b607f7cfa6) Importer(2089858483,b0f066a214c2f5e87bad3c948f4d605d) (ScriptedImporter) -> (artifact id: 'fd0970f806d08c48398f1e2099ba2911') in 0.0251002 seconds
Number of updated asset objects reloaded before import = 0Number of asset objects unloaded after import = 154

========================================================================
Received Import Request.
  Time since last request: 0.000041 seconds.
  path: Assets/Studio33 Interactive_[BasketBall] v1.1/Animations/Basketball Motions_Generic/474_Dribbleright.fbx
  artifactKey: Guid(c93886af9f5c95b4aa5fcf769a2d6261) Importer(2089858483,b0f066a214c2f5e87bad3c948f4d605d)
Start importing Assets/Studio33 Interactive_[BasketBall] v1.1/Animations/Basketball Motions_Generic/474_Dribbleright.fbx using Guid(c93886af9f5c95b4aa5fcf769a2d6261) Importer(2089858483,b0f066a214c2f5e87bad3c948f4d605d) (ScriptedImporter) -> (artifact id: 'd39789959e9b5bbb6b6cc783d1fb4ba2') in 0.0210994 seconds
Number of updated asset objects reloaded before import = 0Number of asset objects unloaded after import = 152

========================================================================
Received Import Request.
  Time since last request: 0.000032 seconds.
  path: Assets/Studio33 Interactive_[BasketBall] v1.1/Animations/Basketball Motions_Generic/962_Rebound fC.fbx
  artifactKey: Guid(75936a5e57eb3384aa1694bb7ba5957a) Importer(2089858483,b0f066a214c2f5e87bad3c948f4d605d)
Start importing Assets/Studio33 Interactive_[BasketBall] v1.1/Animations/Basketball Motions_Generic/962_Rebound fC.fbx using Guid(75936a5e57eb3384aa1694bb7ba5957a) Importer(2089858483,b0f066a214c2f5e87bad3c948f4d605d) (ScriptedImporter) -> (artifact id: 'fce8d3256746a62d8a93229fa905213f') in 0.0245833 seconds
Number of updated asset objects reloaded before import = 0Number of asset objects unloaded after import = 152

========================================================================
Received Import Request.
  Time since last request: 0.000021 seconds.
  path: Assets/Studio33 Interactive_[BasketBall] v1.1/Animations/Basketball Motions_Generic/79_BlockingckpassLongFarLayupFFA.fbx
  artifactKey: Guid(e3808bb91b7c21b4aabc0ae34d70d597) Importer(2089858483,b0f066a214c2f5e87bad3c948f4d605d)
Start importing Assets/Studio33 Interactive_[BasketBall] v1.1/Animations/Basketball Motions_Generic/79_BlockingckpassLongFarLayupFFA.fbx using Guid(e3808bb91b7c21b4aabc0ae34d70d597) Importer(2089858483,b0f066a214c2f5e87bad3c948f4d605d) (ScriptedImporter) -> (artifact id: '73000aa499ddb16e07cfa214391c0b77') in 0.0242156 seconds
Number of updated asset objects reloaded before import = 0Number of asset objects unloaded after import = 152

========================================================================
Received Import Request.
  Time since last request: 0.000036 seconds.
  path: Assets/Studio33 Interactive_[BasketBall] v1.1/Animations/Basketball Motions Humanoid/876_PassifailOverFA.fbx
  artifactKey: Guid(60ab2e7dc4cfec745940936dc0107873) Importer(2089858483,b0f066a214c2f5e87bad3c948f4d605d)
Start importing Assets/Studio33 Interactive_[BasketBall] v1.1/Animations/Basketball Motions Humanoid/876_PassifailOverFA.fbx using Guid(60ab2e7dc4cfec745940936dc0107873) Importer(2089858483,b0f066a214c2f5e87bad3c948f4d605d) (ScriptedImporter) -> (artifact id: 'de8e2b03b97a3025b2ca4994b7a84ace') in 0.0271546 seconds
Number of updated asset objects reloaded before import = 0Number of asset objects unloaded after import = 154

========================================================================
Received Import Request.
  Time since last request: 0.000038 seconds.
  path: Assets/Studio33 Interactive_[BasketBall] v1.1/Animations/Basketball Motions_Generic/1505_AlleyoopSA.fbx
  artifactKey: Guid(978bab48097e3884491f3f926326db1a) Importer(2089858483,b0f066a214c2f5e87bad3c948f4d605d)
Start importing Assets/Studio33 Interactive_[BasketBall] v1.1/Animations/Basketball Motions_Generic/1505_AlleyoopSA.fbx using Guid(978bab48097e3884491f3f926326db1a) Importer(2089858483,b0f066a214c2f5e87bad3c948f4d605d) (ScriptedImporter) -> (artifact id: '2985dbce2abbda223298f19ada3d607e') in 0.0269942 seconds
Number of updated asset objects reloaded before import = 0Number of asset objects unloaded after import = 152

========================================================================
Received Import Request.
  Time since last request: 0.000025 seconds.
  path: Assets/Studio33 Interactive_[BasketBall] v1.1/Animations/Basketball Motions_Generic/1047_TappassTapFRB.fbx
  artifactKey: Guid(7519f58c0495d5446948c58699f98058) Importer(2089858483,b0f066a214c2f5e87bad3c948f4d605d)
Start importing Assets/Studio33 Interactive_[BasketBall] v1.1/Animations/Basketball Motions_Generic/1047_TappassTapFRB.fbx using Guid(7519f58c0495d5446948c58699f98058) Importer(2089858483,b0f066a214c2f5e87bad3c948f4d605d) (ScriptedImporter) -> (artifact id: '9528c0a1470b03664bcd55abe415cb6d') in 0.0253978 seconds
Number of updated asset objects reloaded before import = 0Number of asset objects unloaded after import = 152

========================================================================
Received Import Request.
  Time since last request: 0.000026 seconds.
  path: Assets/Studio33 Interactive_[BasketBall] v1.1/Animations/Basketball Motions Humanoid/1980_DunkRA.fbx
  artifactKey: Guid(1adaf9a33cafbb54bb2d5c5576f94013) Importer(2089858483,b0f066a214c2f5e87bad3c948f4d605d)
Start importing Assets/Studio33 Interactive_[BasketBall] v1.1/Animations/Basketball Motions Humanoid/1980_DunkRA.fbx using Guid(1adaf9a33cafbb54bb2d5c5576f94013) Importer(2089858483,b0f066a214c2f5e87bad3c948f4d605d) (ScriptedImporter) -> (artifact id: '16b8e0bb811fb4dabd0ab7df87204f80') in 0.0235084 seconds
Number of updated asset objects reloaded before import = 0Number of asset objects unloaded after import = 154

========================================================================
Received Import Request.
  Time since last request: 0.000029 seconds.
  path: Assets/Studio33 Interactive_[BasketBall] v1.1/Animations/Basketball Motions_Generic/804_Passileft.fbx
  artifactKey: Guid(af8841efff374fb468fb678e9a916d30) Importer(2089858483,b0f066a214c2f5e87bad3c948f4d605d)
Start importing Assets/Studio33 Interactive_[BasketBall] v1.1/Animations/Basketball Motions_Generic/804_Passileft.fbx using Guid(af8841efff374fb468fb678e9a916d30) Importer(2089858483,b0f066a214c2f5e87bad3c948f4d605d) (ScriptedImporter) -> (artifact id: '4f940a1d4d91ceac07b21f3a1fca307d') in 0.0232201 seconds
Number of updated asset objects reloaded before import = 0Number of asset objects unloaded after import = 152

========================================================================
Received Import Request.
  Time since last request: 0.000033 seconds.
  path: Assets/Studio33 Interactive_[BasketBall] v1.1/Animations/Basketball Motions_Generic/1241_LayupfakeLayupCA.fbx
  artifactKey: Guid(83a2f1a1c3c73d1489dfa524b71392a0) Importer(2089858483,b0f066a214c2f5e87bad3c948f4d605d)
Start importing Assets/Studio33 Interactive_[BasketBall] v1.1/Animations/Basketball Motions_Generic/1241_LayupfakeLayupCA.fbx using Guid(83a2f1a1c3c73d1489dfa524b71392a0) Importer(2089858483,b0f066a214c2f5e87bad3c948f4d605d) (ScriptedImporter) -> (artifact id: '1fedbd18bc703ea85390429033b17dfc') in 0.0246278 seconds
Number of updated asset objects reloaded before import = 0Number of asset objects unloaded after import = 152

========================================================================
Received Import Request.
  Time since last request: 0.000024 seconds.
  path: Assets/Studio33 Interactive_[BasketBall] v1.1/Animations/Basketball Motions Humanoid/238_BtlCrossoverWindupRL.fbx
  artifactKey: Guid(2b43e024ae7ba8546b017f0d7094fd28) Importer(2089858483,b0f066a214c2f5e87bad3c948f4d605d)
Start importing Assets/Studio33 Interactive_[BasketBall] v1.1/Animations/Basketball Motions Humanoid/238_BtlCrossoverWindupRL.fbx using Guid(2b43e024ae7ba8546b017f0d7094fd28) Importer(2089858483,b0f066a214c2f5e87bad3c948f4d605d) (ScriptedImporter) -> (artifact id: 'd3adca8d0fa8eb117dfdde0ef40a976f') in 0.0280532 seconds
Number of updated asset objects reloaded before import = 0Number of asset objects unloaded after import = 154

========================================================================
Received Import Request.
  Time since last request: 0.000026 seconds.
  path: Assets/Studio33 Interactive_[BasketBall] v1.1/Animations/Basketball Motions Humanoid/2156_Idrage.fbx
  artifactKey: Guid(4e11c08954d079249ba29b9fb75d52ba) Importer(2089858483,b0f066a214c2f5e87bad3c948f4d605d)
Start importing Assets/Studio33 Interactive_[BasketBall] v1.1/Animations/Basketball Motions Humanoid/2156_Idrage.fbx using Guid(4e11c08954d079249ba29b9fb75d52ba) Importer(2089858483,b0f066a214c2f5e87bad3c948f4d605d) (ScriptedImporter) -> (artifact id: '2a30a029a2e44c68324cc85b92b184d7') in 0.0256458 seconds
Number of updated asset objects reloaded before import = 0Number of asset objects unloaded after import = 154

========================================================================
Received Import Request.
  Time since last request: 0.000033 seconds.
  path: Assets/Studio33 Interactive_[BasketBall] v1.1/Animations/Basketball Motions Humanoid/172_BlockingckedBaA.fbx
  artifactKey: Guid(2ab1eace08875e941813260c3f2e0413) Importer(2089858483,b0f066a214c2f5e87bad3c948f4d605d)
Start importing Assets/Studio33 Interactive_[BasketBall] v1.1/Animations/Basketball Motions Humanoid/172_BlockingckedBaA.fbx using Guid(2ab1eace08875e941813260c3f2e0413) Importer(2089858483,b0f066a214c2f5e87bad3c948f4d605d) (ScriptedImporter) -> (artifact id: '0300a5d6036a1ac4bd1b02e10f0a2ad7') in 0.0257503 seconds
Number of updated asset objects reloaded before import = 0Number of asset objects unloaded after import = 154

========================================================================
Received Import Request.
  Time since last request: 0.000044 seconds.
  path: Assets/Studio33 Interactive_[BasketBall] v1.1/Animations/Basketball Motions Humanoid/1669_AlleyoopDclutchRightA.fbx
  artifactKey: Guid(65b3d77c2195b554c98b8ac1ad090d5d) Importer(2089858483,b0f066a214c2f5e87bad3c948f4d605d)
Start importing Assets/Studio33 Interactive_[BasketBall] v1.1/Animations/Basketball Motions Humanoid/1669_AlleyoopDclutchRightA.fbx using Guid(65b3d77c2195b554c98b8ac1ad090d5d) Importer(2089858483,b0f066a214c2f5e87bad3c948f4d605d) (ScriptedImporter) -> (artifact id: 'df29ba9f8238011815d0fee04eb6e070') in 0.031852 seconds
Number of updated asset objects reloaded before import = 0Number of asset objects unloaded after import = 154

========================================================================
Received Import Request.
  Time since last request: 0.000030 seconds.
  path: Assets/Studio33 Interactive_[BasketBall] v1.1/Animations/Basketball Motions_Generic/1417_TipiA.fbx
  artifactKey: Guid(239eb240ae93f1a40a8689fd0c1f5fd8) Importer(2089858483,b0f066a214c2f5e87bad3c948f4d605d)
Start importing Assets/Studio33 Interactive_[BasketBall] v1.1/Animations/Basketball Motions_Generic/1417_TipiA.fbx using Guid(239eb240ae93f1a40a8689fd0c1f5fd8) Importer(2089858483,b0f066a214c2f5e87bad3c948f4d605d) (ScriptedImporter) -> (artifact id: 'e0a6d867b702dd9ec36d793f0aefd864') in 0.0272329 seconds
Number of updated asset objects reloaded before import = 0Number of asset objects unloaded after import = 152

========================================================================
Received Import Request.
  Time since last request: 0.000027 seconds.
  path: Assets/Studio33 Interactive_[BasketBall] v1.1/Animations/Basketball Motions Humanoid/1092_ScreeescapeSidebaa.fbx
  artifactKey: Guid(522669bb051ab1e41a6cfb5b68dd69bb) Importer(2089858483,b0f066a214c2f5e87bad3c948f4d605d)
Start importing Assets/Studio33 Interactive_[BasketBall] v1.1/Animations/Basketball Motions Humanoid/1092_ScreeescapeSidebaa.fbx using Guid(522669bb051ab1e41a6cfb5b68dd69bb) Importer(2089858483,b0f066a214c2f5e87bad3c948f4d605d) (ScriptedImporter) -> (artifact id: '53c047c2fd2673d559cc351a72c43f3e') in 0.0293743 seconds
Number of updated asset objects reloaded before import = 0Number of asset objects unloaded after import = 154

========================================================================
Received Import Request.
  Time since last request: 0.000060 seconds.
  path: Assets/Studio33 Interactive_[BasketBall] v1.1/Animations/Basketball Motions Humanoid/142_CollisiohopstepRFaA.fbx
  artifactKey: Guid(6427fda13538e2b439438913924c19d1) Importer(2089858483,b0f066a214c2f5e87bad3c948f4d605d)
Start importing Assets/Studio33 Interactive_[BasketBall] v1.1/Animations/Basketball Motions Humanoid/142_CollisiohopstepRFaA.fbx using Guid(6427fda13538e2b439438913924c19d1) Importer(2089858483,b0f066a214c2f5e87bad3c948f4d605d) (ScriptedImporter) -> (artifact id: '333167cf6400424f16c041145535ea19') in 0.0313293 seconds
Number of updated asset objects reloaded before import = 0Number of asset objects unloaded after import = 154

========================================================================
Received Import Request.
  Time since last request: 0.000034 seconds.
  path: Assets/Studio33 Interactive_[BasketBall] v1.1/Animations/Basketball Motions_Generic/296_JabstepReadyA.fbx
  artifactKey: Guid(3e54b7628d238a746903119b0431a107) Importer(2089858483,b0f066a214c2f5e87bad3c948f4d605d)
Start importing Assets/Studio33 Interactive_[BasketBall] v1.1/Animations/Basketball Motions_Generic/296_JabstepReadyA.fbx using Guid(3e54b7628d238a746903119b0431a107) Importer(2089858483,b0f066a214c2f5e87bad3c948f4d605d) (ScriptedImporter) -> (artifact id: '886a235dfe9bbcc83c9a09dd6c8f7652') in 0.0263486 seconds
Number of updated asset objects reloaded before import = 0Number of asset objects unloaded after import = 152

========================================================================
Received Import Request.
  Time since last request: 0.000034 seconds.
  path: Assets/Studio33 Interactive_[BasketBall] v1.1/Animations/Basketball Motions Humanoid/1375_JumpshotPullupLA.fbx
  artifactKey: Guid(59ec9134181ad5748aa03156d4ca86fc) Importer(2089858483,b0f066a214c2f5e87bad3c948f4d605d)
Start importing Assets/Studio33 Interactive_[BasketBall] v1.1/Animations/Basketball Motions Humanoid/1375_JumpshotPullupLA.fbx using Guid(59ec9134181ad5748aa03156d4ca86fc) Importer(2089858483,b0f066a214c2f5e87bad3c948f4d605d) (ScriptedImporter) -> (artifact id: 'ac32b289fa9bff775b3c92aaeec7f1e5') in 0.0318998 seconds
Number of updated asset objects reloaded before import = 0Number of asset objects unloaded after import = 154

========================================================================
Received Import Request.
  Time since last request: 0.000031 seconds.
  path: Assets/Studio33 Interactive_[BasketBall] v1.1/Animations/Basketball Motions_Generic/155_BlockingckedFrontA.fbx
  artifactKey: Guid(13424185d697a5e48ba1a8f98638aca0) Importer(2089858483,b0f066a214c2f5e87bad3c948f4d605d)
Start importing Assets/Studio33 Interactive_[BasketBall] v1.1/Animations/Basketball Motions_Generic/155_BlockingckedFrontA.fbx using Guid(13424185d697a5e48ba1a8f98638aca0) Importer(2089858483,b0f066a214c2f5e87bad3c948f4d605d) (ScriptedImporter) -> (artifact id: 'b23f236131e183f2bd13c2012e531752') in 0.022866 seconds
Number of updated asset objects reloaded before import = 0Number of asset objects unloaded after import = 152

========================================================================
Received Import Request.
  Time since last request: 0.000033 seconds.
  path: Assets/Studio33 Interactive_[BasketBall] v1.1/Animations/Basketball Motions_Generic/1739_RrulayupCA.fbx
  artifactKey: Guid(1ab61da35a106734893a31ef8c811d97) Importer(2089858483,b0f066a214c2f5e87bad3c948f4d605d)
Start importing Assets/Studio33 Interactive_[BasketBall] v1.1/Animations/Basketball Motions_Generic/1739_RrulayupCA.fbx using Guid(1ab61da35a106734893a31ef8c811d97) Importer(2089858483,b0f066a214c2f5e87bad3c948f4d605d) (ScriptedImporter) -> (artifact id: '16f0e5c656995504c7e15321d0a45c7d') in 0.0291157 seconds
Number of updated asset objects reloaded before import = 0Number of asset objects unloaded after import = 152

========================================================================
Received Import Request.
  Time since last request: 0.000024 seconds.
  path: Assets/Studio33 Interactive_[BasketBall] v1.1/Animations/Basketball Motions_Generic/85_BlockingckpassShortJumpFFA.fbx
  artifactKey: Guid(dae108664cb9c3f4c9e9186ca4972fd7) Importer(2089858483,b0f066a214c2f5e87bad3c948f4d605d)
Start importing Assets/Studio33 Interactive_[BasketBall] v1.1/Animations/Basketball Motions_Generic/85_BlockingckpassShortJumpFFA.fbx using Guid(dae108664cb9c3f4c9e9186ca4972fd7) Importer(2089858483,b0f066a214c2f5e87bad3c948f4d605d) (ScriptedImporter) -> (artifact id: '154e80dec67524af0a0bddbbbb7e44d6') in 0.0302211 seconds
Number of updated asset objects reloaded before import = 0Number of asset objects unloaded after import = 152

========================================================================
Received Import Request.
  Time since last request: 0.000022 seconds.
  path: Assets/Studio33 Interactive_[BasketBall] v1.1/Animations/Basketball Motions_Generic/30_BlockingshortL.fbx
  artifactKey: Guid(c9ee51abb113a284fbc92316f3f5838b) Importer(2089858483,b0f066a214c2f5e87bad3c948f4d605d)
Start importing Assets/Studio33 Interactive_[BasketBall] v1.1/Animations/Basketball Motions_Generic/30_BlockingshortL.fbx using Guid(c9ee51abb113a284fbc92316f3f5838b) Importer(2089858483,b0f066a214c2f5e87bad3c948f4d605d) (ScriptedImporter) -> (artifact id: 'c76b725201b9879de7a50326d78cbdfa') in 0.0229571 seconds
Number of updated asset objects reloaded before import = 0Number of asset objects unloaded after import = 152

========================================================================
Received Import Request.
  Time since last request: 0.000038 seconds.
  path: Assets/Studio33 Interactive_[BasketBall] v1.1/Animations/Basketball Motions_Generic/272_CrossThRRRAC.fbx
  artifactKey: Guid(a9da322bb842b5645bacf2337e07bb17) Importer(2089858483,b0f066a214c2f5e87bad3c948f4d605d)
Start importing Assets/Studio33 Interactive_[BasketBall] v1.1/Animations/Basketball Motions_Generic/272_CrossThRRRAC.fbx using Guid(a9da322bb842b5645bacf2337e07bb17) Importer(2089858483,b0f066a214c2f5e87bad3c948f4d605d) (ScriptedImporter) -> (artifact id: '3e7aea9b2b299c179f1a956c9aec349e') in 0.0268519 seconds
Number of updated asset objects reloaded before import = 0Number of asset objects unloaded after import = 152

========================================================================
Received Import Request.
  Time since last request: 0.000035 seconds.
  path: Assets/Studio33 Interactive_[BasketBall] v1.1/Animations/Basketball Motions Humanoid/1608_JumpshotReadyFake.fbx
  artifactKey: Guid(a99a143efb7fe904bb6415009ad2b15c) Importer(2089858483,b0f066a214c2f5e87bad3c948f4d605d)
Start importing Assets/Studio33 Interactive_[BasketBall] v1.1/Animations/Basketball Motions Humanoid/1608_JumpshotReadyFake.fbx using Guid(a99a143efb7fe904bb6415009ad2b15c) Importer(2089858483,b0f066a214c2f5e87bad3c948f4d605d) (ScriptedImporter) -> (artifact id: 'e4c7d345b9266fe3e503a5d092a9deb5') in 0.0283526 seconds
Number of updated asset objects reloaded before import = 0Number of asset objects unloaded after import = 154

========================================================================
Received Import Request.
  Time since last request: 0.000019 seconds.
  path: Assets/Studio33 Interactive_[BasketBall] v1.1/Animations/Basketball Motions_Generic/773_NpassA.fbx
  artifactKey: Guid(e98997e4ee88b0b41a846831f4f571e7) Importer(2089858483,b0f066a214c2f5e87bad3c948f4d605d)
Start importing Assets/Studio33 Interactive_[BasketBall] v1.1/Animations/Basketball Motions_Generic/773_NpassA.fbx using Guid(e98997e4ee88b0b41a846831f4f571e7) Importer(2089858483,b0f066a214c2f5e87bad3c948f4d605d) (ScriptedImporter) -> (artifact id: '5e58258f90aa599972709ec8de6889d4') in 0.024959 seconds
Number of updated asset objects reloaded before import = 0Number of asset objects unloaded after import = 152

========================================================================
Received Import Request.
  Time since last request: 0.000023 seconds.
  path: Assets/Studio33 Interactive_[BasketBall] v1.1/Animations/Basketball Motions_Generic/1307_DunkRA.fbx
  artifactKey: Guid(e14ff3fd11d63c544ba86f34fb4029df) Importer(2089858483,b0f066a214c2f5e87bad3c948f4d605d)
Start importing Assets/Studio33 Interactive_[BasketBall] v1.1/Animations/Basketball Motions_Generic/1307_DunkRA.fbx using Guid(e14ff3fd11d63c544ba86f34fb4029df) Importer(2089858483,b0f066a214c2f5e87bad3c948f4d605d) (ScriptedImporter) -> (artifact id: 'ec1d0a7a10112e54b56e44297679c658') in 0.027321 seconds
Number of updated asset objects reloaded before import = 0Number of asset objects unloaded after import = 152

========================================================================
Received Import Request.
  Time since last request: 0.000023 seconds.
  path: Assets/Studio33 Interactive_[BasketBall] v1.1/Animations/Basketball Motions_Generic/1698_LayupRA.fbx
  artifactKey: Guid(b9ea02eaec3112645b0b73fe52977a97) Importer(2089858483,b0f066a214c2f5e87bad3c948f4d605d)
Start importing Assets/Studio33 Interactive_[BasketBall] v1.1/Animations/Basketball Motions_Generic/1698_LayupRA.fbx using Guid(b9ea02eaec3112645b0b73fe52977a97) Importer(2089858483,b0f066a214c2f5e87bad3c948f4d605d) (ScriptedImporter) -> (artifact id: '1afa7fc4bcc91c352ea158766308d29a') in 0.0280146 seconds
Number of updated asset objects reloaded before import = 0Number of asset objects unloaded after import = 152

========================================================================
Received Import Request.
  Time since last request: 0.000031 seconds.
  path: Assets/Studio33 Interactive_[BasketBall] v1.1/Animations/Basketball Motions Humanoid/20_BlockingckncatchLongNearLA.fbx
  artifactKey: Guid(835f02f67d1ddaf4bb2cdc1c61d0d842) Importer(2089858483,b0f066a214c2f5e87bad3c948f4d605d)
Start importing Assets/Studio33 Interactive_[BasketBall] v1.1/Animations/Basketball Motions Humanoid/20_BlockingckncatchLongNearLA.fbx using Guid(835f02f67d1ddaf4bb2cdc1c61d0d842) Importer(2089858483,b0f066a214c2f5e87bad3c948f4d605d) (ScriptedImporter) -> (artifact id: '1edefad8209fe611980dc4da35e7585b') in 0.0284085 seconds
Number of updated asset objects reloaded before import = 0Number of asset objects unloaded after import = 154

========================================================================
Received Import Request.
  Time since last request: 0.000023 seconds.
  path: Assets/Studio33 Interactive_[BasketBall] v1.1/Animations/Basketball Motions_Generic/2194_RotDefA.fbx
  artifactKey: Guid(d720f6119f074534595e79d91c6b55cc) Importer(2089858483,b0f066a214c2f5e87bad3c948f4d605d)
Start importing Assets/Studio33 Interactive_[BasketBall] v1.1/Animations/Basketball Motions_Generic/2194_RotDefA.fbx using Guid(d720f6119f074534595e79d91c6b55cc) Importer(2089858483,b0f066a214c2f5e87bad3c948f4d605d) (ScriptedImporter) -> (artifact id: 'bc2884d5178b169e2b7fad8800627b6c') in 0.0264419 seconds
Number of updated asset objects reloaded before import = 0Number of asset objects unloaded after import = 152

========================================================================
Received Import Request.
  Time since last request: 0.000023 seconds.
  path: Assets/Studio33 Interactive_[BasketBall] v1.1/Animations/Basketball Motions_Generic/207_PushPushedBaA.fbx
  artifactKey: Guid(cc1b7b692efb7eb46b8f48bbc3bdb947) Importer(2089858483,b0f066a214c2f5e87bad3c948f4d605d)
Start importing Assets/Studio33 Interactive_[BasketBall] v1.1/Animations/Basketball Motions_Generic/207_PushPushedBaA.fbx using Guid(cc1b7b692efb7eb46b8f48bbc3bdb947) Importer(2089858483,b0f066a214c2f5e87bad3c948f4d605d) (ScriptedImporter) -> (artifact id: 'dfce13b96393e36f40c8c206043cb5dc') in 0.0316515 seconds
Number of updated asset objects reloaded before import = 0Number of asset objects unloaded after import = 152

========================================================================
Received Import Request.
  Time since last request: 0.000032 seconds.
  path: Assets/Studio33 Interactive_[BasketBall] v1.1/Animations/Basketball Motions Humanoid/1320_DunkRA.fbx
  artifactKey: Guid(eb64c68aaa88b0b4b99dd57cf0d8736b) Importer(2089858483,b0f066a214c2f5e87bad3c948f4d605d)
Start importing Assets/Studio33 Interactive_[BasketBall] v1.1/Animations/Basketball Motions Humanoid/1320_DunkRA.fbx using Guid(eb64c68aaa88b0b4b99dd57cf0d8736b) Importer(2089858483,b0f066a214c2f5e87bad3c948f4d605d) (ScriptedImporter) -> (artifact id: '9ee2b392858656a0a5321783bb3ca9e0') in 0.0303642 seconds
Number of updated asset objects reloaded before import = 0Number of asset objects unloaded after import = 154

========================================================================
Received Import Request.
  Time since last request: 0.000036 seconds.
  path: Assets/Studio33 Interactive_[BasketBall] v1.1/Animations/Basketball Motions Humanoid/761_PassifA.fbx
  artifactKey: Guid(b295541270cac8a45ad7b045a67130c6) Importer(2089858483,b0f066a214c2f5e87bad3c948f4d605d)
Start importing Assets/Studio33 Interactive_[BasketBall] v1.1/Animations/Basketball Motions Humanoid/761_PassifA.fbx using Guid(b295541270cac8a45ad7b045a67130c6) Importer(2089858483,b0f066a214c2f5e87bad3c948f4d605d) (ScriptedImporter) -> (artifact id: '60c4ddf236b0899d4411fa19f7df9db3') in 0.0295624 seconds
Number of updated asset objects reloaded before import = 0Number of asset objects unloaded after import = 154

========================================================================
Received Import Request.
  Time since last request: 0.000028 seconds.
  path: Assets/Studio33 Interactive_[BasketBall] v1.1/Animations/Basketball Motions Humanoid/1420_TossShootA.fbx
  artifactKey: Guid(09375a7eea70dca4d9712222026ce2b0) Importer(2089858483,b0f066a214c2f5e87bad3c948f4d605d)
Start importing Assets/Studio33 Interactive_[BasketBall] v1.1/Animations/Basketball Motions Humanoid/1420_TossShootA.fbx using Guid(09375a7eea70dca4d9712222026ce2b0) Importer(2089858483,b0f066a214c2f5e87bad3c948f4d605d) (ScriptedImporter) -> (artifact id: '6983bb2d089f3f74cb39fd12cb791f53') in 0.0293597 seconds
Number of updated asset objects reloaded before import = 0Number of asset objects unloaded after import = 154

========================================================================
Received Import Request.
  Time since last request: 0.000021 seconds.
  path: Assets/Studio33 Interactive_[BasketBall] v1.1/Animations/Basketball Motions Humanoid/1104_Screebaa.fbx
  artifactKey: Guid(60c34d00dcf4485479add1f70a5f6fae) Importer(2089858483,b0f066a214c2f5e87bad3c948f4d605d)
Start importing Assets/Studio33 Interactive_[BasketBall] v1.1/Animations/Basketball Motions Humanoid/1104_Screebaa.fbx using Guid(60c34d00dcf4485479add1f70a5f6fae) Importer(2089858483,b0f066a214c2f5e87bad3c948f4d605d) (ScriptedImporter) -> (artifact id: '650b213ea689aacf707d90b8eae5856e') in 0.0294348 seconds
Number of updated asset objects reloaded before import = 0Number of asset objects unloaded after import = 154

========================================================================
Received Import Request.
  Time since last request: 0.000024 seconds.
  path: Assets/Studio33 Interactive_[BasketBall] v1.1/Animations/Basketball Motions Humanoid/2055_DunkCRevA.fbx
  artifactKey: Guid(41af58347ffe01d48a449bca366aee49) Importer(2089858483,b0f066a214c2f5e87bad3c948f4d605d)
Start importing Assets/Studio33 Interactive_[BasketBall] v1.1/Animations/Basketball Motions Humanoid/2055_DunkCRevA.fbx using Guid(41af58347ffe01d48a449bca366aee49) Importer(2089858483,b0f066a214c2f5e87bad3c948f4d605d) (ScriptedImporter) -> (artifact id: '002b8feae90e0554bea64deae83f0922') in 0.0307011 seconds
Number of updated asset objects reloaded before import = 0Number of asset objects unloaded after import = 154

========================================================================
Received Import Request.
  Time since last request: 0.000036 seconds.
  path: Assets/Studio33 Interactive_[BasketBall] v1.1/Animations/Basketball Motions Humanoid/1901_DunkRA.fbx
  artifactKey: Guid(62812436a3a2a424d92c1c1f7cc4c332) Importer(2089858483,b0f066a214c2f5e87bad3c948f4d605d)
Start importing Assets/Studio33 Interactive_[BasketBall] v1.1/Animations/Basketball Motions Humanoid/1901_DunkRA.fbx using Guid(62812436a3a2a424d92c1c1f7cc4c332) Importer(2089858483,b0f066a214c2f5e87bad3c948f4d605d) (ScriptedImporter) -> (artifact id: 'baed17a4ad15c069a6816dcd7f645954') in 0.0288113 seconds
Number of updated asset objects reloaded before import = 0Number of asset objects unloaded after import = 154

========================================================================
Received Import Request.
  Time since last request: 0.000023 seconds.
  path: Assets/Studio33 Interactive_[BasketBall] v1.1/Animations/Basketball Motions_Generic/341_JabstepLRA.fbx
  artifactKey: Guid(adf3917d61c83fa44a8a03ae49dffa34) Importer(2089858483,b0f066a214c2f5e87bad3c948f4d605d)
Start importing Assets/Studio33 Interactive_[BasketBall] v1.1/Animations/Basketball Motions_Generic/341_JabstepLRA.fbx using Guid(adf3917d61c83fa44a8a03ae49dffa34) Importer(2089858483,b0f066a214c2f5e87bad3c948f4d605d) (ScriptedImporter) -> (artifact id: '6c98dae28630dc39da04d636d30a5c57') in 0.0236927 seconds
Number of updated asset objects reloaded before import = 0Number of asset objects unloaded after import = 152

========================================================================
Received Import Request.
  Time since last request: 0.000020 seconds.
  path: Assets/Studio33 Interactive_[BasketBall] v1.1/Animations/Basketball Motions_Generic/522_SofttouchCA.fbx
  artifactKey: Guid(ab85c886ed66c9340a7acb11e94aac13) Importer(2089858483,b0f066a214c2f5e87bad3c948f4d605d)
Start importing Assets/Studio33 Interactive_[BasketBall] v1.1/Animations/Basketball Motions_Generic/522_SofttouchCA.fbx using Guid(ab85c886ed66c9340a7acb11e94aac13) Importer(2089858483,b0f066a214c2f5e87bad3c948f4d605d) (ScriptedImporter) -> (artifact id: '2d9abcd86861d860451e00cc8d7267ca') in 0.0416286 seconds
Number of updated asset objects reloaded before import = 0Number of asset objects unloaded after import = 152

========================================================================
Received Import Request.
  Time since last request: 0.000027 seconds.
  path: Assets/Studio33 Interactive_[BasketBall] v1.1/Animations/Basketball Motions Humanoid/41_BlockingckncatchLongFarLA.fbx
  artifactKey: Guid(65e036e1f23d3974294d6c3e59ebf5cc) Importer(2089858483,b0f066a214c2f5e87bad3c948f4d605d)
Start importing Assets/Studio33 Interactive_[BasketBall] v1.1/Animations/Basketball Motions Humanoid/41_BlockingckncatchLongFarLA.fbx using Guid(65e036e1f23d3974294d6c3e59ebf5cc) Importer(2089858483,b0f066a214c2f5e87bad3c948f4d605d) (ScriptedImporter) -> (artifact id: 'f7ba83e8f0c1ca833ef9f4e40a979806') in 0.0298899 seconds
Number of updated asset objects reloaded before import = 0Number of asset objects unloaded after import = 154

========================================================================
Received Import Request.
  Time since last request: 0.000062 seconds.
  path: Assets/Studio33 Interactive_[BasketBall] v1.1/Animations/Basketball Motions_Generic/1213_FakelayupCA.fbx
  artifactKey: Guid(c18c39eadba1fdf418177678d02595fc) Importer(2089858483,b0f066a214c2f5e87bad3c948f4d605d)
Start importing Assets/Studio33 Interactive_[BasketBall] v1.1/Animations/Basketball Motions_Generic/1213_FakelayupCA.fbx using Guid(c18c39eadba1fdf418177678d02595fc) Importer(2089858483,b0f066a214c2f5e87bad3c948f4d605d) (ScriptedImporter) -> (artifact id: 'db3f1b9d9bd323fc7ec29fc04eafa1b0') in 0.0228118 seconds
Number of updated asset objects reloaded before import = 0Number of asset objects unloaded after import = 152

========================================================================
Received Import Request.
  Time since last request: 0.000025 seconds.
  path: Assets/Studio33 Interactive_[BasketBall] v1.1/Animations/Basketball Motions Humanoid/1761_JumpshotReadyFake.fbx
  artifactKey: Guid(3dfc259a570c46b4ea549a5b7ab936d5) Importer(2089858483,b0f066a214c2f5e87bad3c948f4d605d)
Start importing Assets/Studio33 Interactive_[BasketBall] v1.1/Animations/Basketball Motions Humanoid/1761_JumpshotReadyFake.fbx using Guid(3dfc259a570c46b4ea549a5b7ab936d5) Importer(2089858483,b0f066a214c2f5e87bad3c948f4d605d) (ScriptedImporter) -> (artifact id: '027e54ae707e123a3eda0466d84bc058') in 0.0316309 seconds
Number of updated asset objects reloaded before import = 0Number of asset objects unloaded after import = 154

========================================================================
Received Import Request.
  Time since last request: 0.000020 seconds.
  path: Assets/Studio33 Interactive_[BasketBall] v1.1/Animations/Basketball Motions_Generic/764_PassinmissBadOverA.fbx
  artifactKey: Guid(fe33dde87fd54144db9c326fb5a47b6b) Importer(2089858483,b0f066a214c2f5e87bad3c948f4d605d)
Start importing Assets/Studio33 Interactive_[BasketBall] v1.1/Animations/Basketball Motions_Generic/764_PassinmissBadOverA.fbx using Guid(fe33dde87fd54144db9c326fb5a47b6b) Importer(2089858483,b0f066a214c2f5e87bad3c948f4d605d) (ScriptedImporter) -> (artifact id: '28ddd3d54a25d635d2bd7493ab714b73') in 0.025186 seconds
Number of updated asset objects reloaded before import = 0Number of asset objects unloaded after import = 152

========================================================================
Received Import Request.
  Time since last request: 0.000029 seconds.
  path: Assets/Studio33 Interactive_[BasketBall] v1.1/Animations/Basketball Motions_Generic/1930_DunkRA.fbx
  artifactKey: Guid(520c1afb83f7c0d4fb62a33810b8deac) Importer(2089858483,b0f066a214c2f5e87bad3c948f4d605d)
Start importing Assets/Studio33 Interactive_[BasketBall] v1.1/Animations/Basketball Motions_Generic/1930_DunkRA.fbx using Guid(520c1afb83f7c0d4fb62a33810b8deac) Importer(2089858483,b0f066a214c2f5e87bad3c948f4d605d) (ScriptedImporter) -> (artifact id: '016decc25f6c0cd798de6202df884b9f') in 0.0246829 seconds
Number of updated asset objects reloaded before import = 0Number of asset objects unloaded after import = 152

========================================================================
Received Import Request.
  Time since last request: 0.000035 seconds.
  path: Assets/Studio33 Interactive_[BasketBall] v1.1/Animations/Basketball Motions Humanoid/89_BlockingdashF.fbx
  artifactKey: Guid(aed84167af0606e4789cd43c8d2d598f) Importer(2089858483,b0f066a214c2f5e87bad3c948f4d605d)
Start importing Assets/Studio33 Interactive_[BasketBall] v1.1/Animations/Basketball Motions Humanoid/89_BlockingdashF.fbx using Guid(aed84167af0606e4789cd43c8d2d598f) Importer(2089858483,b0f066a214c2f5e87bad3c948f4d605d) (ScriptedImporter) -> (artifact id: 'e2965647528521a6a9c8dbd59a608db7') in 0.0276748 seconds
Number of updated asset objects reloaded before import = 0Number of asset objects unloaded after import = 154

========================================================================
Received Import Request.
  Time since last request: 0.000022 seconds.
  path: Assets/Studio33 Interactive_[BasketBall] v1.1/Animations/Basketball Motions Humanoid/1324_FadeawayFakeRA.fbx
  artifactKey: Guid(d37a796a2eaeaa64babd9df310b59517) Importer(2089858483,b0f066a214c2f5e87bad3c948f4d605d)
Start importing Assets/Studio33 Interactive_[BasketBall] v1.1/Animations/Basketball Motions Humanoid/1324_FadeawayFakeRA.fbx using Guid(d37a796a2eaeaa64babd9df310b59517) Importer(2089858483,b0f066a214c2f5e87bad3c948f4d605d) (ScriptedImporter) -> (artifact id: '17a3e26e1bd7191a31f1691dba78ca0f') in 0.0244501 seconds
Number of updated asset objects reloaded before import = 0Number of asset objects unloaded after import = 154

========================================================================
Received Import Request.
  Time since last request: 0.000023 seconds.
  path: Assets/Studio33 Interactive_[BasketBall] v1.1/Animations/Basketball Motions_Generic/1614_DunkCA.fbx
  artifactKey: Guid(0579c20c5bc954241b892f9dc8184373) Importer(2089858483,b0f066a214c2f5e87bad3c948f4d605d)
Start importing Assets/Studio33 Interactive_[BasketBall] v1.1/Animations/Basketball Motions_Generic/1614_DunkCA.fbx using Guid(0579c20c5bc954241b892f9dc8184373) Importer(2089858483,b0f066a214c2f5e87bad3c948f4d605d) (ScriptedImporter) -> (artifact id: '58b0053b717b7c201c985dfa94cd8101') in 0.0233857 seconds
Number of updated asset objects reloaded before import = 0Number of asset objects unloaded after import = 152

========================================================================
Received Import Request.
  Time since last request: 0.000040 seconds.
  path: Assets/Studio33 Interactive_[BasketBall] v1.1/Animations/Basketball Motions_Generic/506_Dribbleright.fbx
  artifactKey: Guid(4e9d04e865c2e67438b54a47f28549c3) Importer(2089858483,b0f066a214c2f5e87bad3c948f4d605d)
Start importing Assets/Studio33 Interactive_[BasketBall] v1.1/Animations/Basketball Motions_Generic/506_Dribbleright.fbx using Guid(4e9d04e865c2e67438b54a47f28549c3) Importer(2089858483,b0f066a214c2f5e87bad3c948f4d605d) (ScriptedImporter) -> (artifact id: 'bdf47c4c4057dde113cc665c4431dbb8') in 0.0240426 seconds
Number of updated asset objects reloaded before import = 0Number of asset objects unloaded after import = 152

========================================================================
Received Import Request.
  Time since last request: 0.000035 seconds.
  path: Assets/Studio33 Interactive_[BasketBall] v1.1/Animations/Basketball Motions_Generic/1616_JumpshotMA.fbx
  artifactKey: Guid(d85727acd30127e4081a84aaceee964b) Importer(2089858483,b0f066a214c2f5e87bad3c948f4d605d)
Start importing Assets/Studio33 Interactive_[BasketBall] v1.1/Animations/Basketball Motions_Generic/1616_JumpshotMA.fbx using Guid(d85727acd30127e4081a84aaceee964b) Importer(2089858483,b0f066a214c2f5e87bad3c948f4d605d) (ScriptedImporter) -> (artifact id: '5dc946f1c69325031aced4067dba72ea') in 0.0236955 seconds
Number of updated asset objects reloaded before import = 0Number of asset objects unloaded after import = 152

========================================================================
Received Import Request.
  Time since last request: 0.000021 seconds.
  path: Assets/Studio33 Interactive_[BasketBall] v1.1/Animations/Basketball Motions Humanoid/2015_DunkClutchRLeftA.fbx
  artifactKey: Guid(eae25b737ba63274db9f80d6e2b5300e) Importer(2089858483,b0f066a214c2f5e87bad3c948f4d605d)
Start importing Assets/Studio33 Interactive_[BasketBall] v1.1/Animations/Basketball Motions Humanoid/2015_DunkClutchRLeftA.fbx using Guid(eae25b737ba63274db9f80d6e2b5300e) Importer(2089858483,b0f066a214c2f5e87bad3c948f4d605d) (ScriptedImporter) -> (artifact id: '3e3b958f2b12cc6f03132eb179a71dcf') in 0.0247436 seconds
Number of updated asset objects reloaded before import = 0Number of asset objects unloaded after import = 154

========================================================================
Received Import Request.
  Time since last request: 0.000029 seconds.
  path: Assets/Studio33 Interactive_[BasketBall] v1.1/Animations/Basketball Motions Humanoid/2122_DclutchDunkRA.fbx
  artifactKey: Guid(74f0fc1299b970342817fd009c81d6e9) Importer(2089858483,b0f066a214c2f5e87bad3c948f4d605d)
Start importing Assets/Studio33 Interactive_[BasketBall] v1.1/Animations/Basketball Motions Humanoid/2122_DclutchDunkRA.fbx using Guid(74f0fc1299b970342817fd009c81d6e9) Importer(2089858483,b0f066a214c2f5e87bad3c948f4d605d) (ScriptedImporter) -> (artifact id: 'fa4db96804619927e1f0b87acb01dee2') in 0.0278419 seconds
Number of updated asset objects reloaded before import = 0Number of asset objects unloaded after import = 154

========================================================================
Received Import Request.
  Time since last request: 0.000033 seconds.
  path: Assets/Studio33 Interactive_[BasketBall] v1.1/Animations/Basketball Motions Humanoid/1917_DunkCA.fbx
  artifactKey: Guid(7e1dc16c968b4ab44af525c8ab5d94c0) Importer(2089858483,b0f066a214c2f5e87bad3c948f4d605d)
Start importing Assets/Studio33 Interactive_[BasketBall] v1.1/Animations/Basketball Motions Humanoid/1917_DunkCA.fbx using Guid(7e1dc16c968b4ab44af525c8ab5d94c0) Importer(2089858483,b0f066a214c2f5e87bad3c948f4d605d) (ScriptedImporter) -> (artifact id: 'dcb2d4e0ff987816281278ef6fef3c0e') in 0.0282225 seconds
Number of updated asset objects reloaded before import = 0Number of asset objects unloaded after import = 154

========================================================================
Received Import Request.
  Time since last request: 0.000037 seconds.
  path: Assets/Studio33 Interactive_[BasketBall] v1.1/Animations/Basketball Motions Humanoid/1658_FakelayupRA.fbx
  artifactKey: Guid(41e7610df7008eb4bb390ba4388b0e52) Importer(2089858483,b0f066a214c2f5e87bad3c948f4d605d)
Start importing Assets/Studio33 Interactive_[BasketBall] v1.1/Animations/Basketball Motions Humanoid/1658_FakelayupRA.fbx using Guid(41e7610df7008eb4bb390ba4388b0e52) Importer(2089858483,b0f066a214c2f5e87bad3c948f4d605d) (ScriptedImporter) -> (artifact id: '6be65c59246a2858fbff1a655492c9a6') in 0.0234717 seconds
Number of updated asset objects reloaded before import = 0Number of asset objects unloaded after import = 154

========================================================================
Received Import Request.
  Time since last request: 0.000027 seconds.
  path: Assets/Studio33 Interactive_[BasketBall] v1.1/Animations/Basketball Motions Humanoid/1906_JumpshotReadyFake.fbx
  artifactKey: Guid(26d07665a812010468dd91c7c92eec48) Importer(2089858483,b0f066a214c2f5e87bad3c948f4d605d)
Start importing Assets/Studio33 Interactive_[BasketBall] v1.1/Animations/Basketball Motions Humanoid/1906_JumpshotReadyFake.fbx using Guid(26d07665a812010468dd91c7c92eec48) Importer(2089858483,b0f066a214c2f5e87bad3c948f4d605d) (ScriptedImporter) -> (artifact id: 'fb6687259cdc32a18673c2d79d1a7648') in 0.0265989 seconds
Number of updated asset objects reloaded before import = 0Number of asset objects unloaded after import = 154

========================================================================
Received Import Request.
  Time since last request: 0.000024 seconds.
  path: Assets/Studio33 Interactive_[BasketBall] v1.1/Animations/Basketball Motions Humanoid/836_AlleyoopOverNpassA.fbx
  artifactKey: Guid(8cc52de0d504a8a4d9fef27827f5ae14) Importer(2089858483,b0f066a214c2f5e87bad3c948f4d605d)
Start importing Assets/Studio33 Interactive_[BasketBall] v1.1/Animations/Basketball Motions Humanoid/836_AlleyoopOverNpassA.fbx using Guid(8cc52de0d504a8a4d9fef27827f5ae14) Importer(2089858483,b0f066a214c2f5e87bad3c948f4d605d) (ScriptedImporter) -> (artifact id: '4c1ce4090b252648a373e744a49fb1d6') in 0.0268635 seconds
Number of updated asset objects reloaded before import = 0Number of asset objects unloaded after import = 154

========================================================================
Received Import Request.
  Time since last request: 0.000029 seconds.
  path: Assets/Studio33 Interactive_[BasketBall] v1.1/Animations/Basketball Motions_Generic/1281_DunkCA.fbx
  artifactKey: Guid(f90cc2b34763d294885f858359f291ef) Importer(2089858483,b0f066a214c2f5e87bad3c948f4d605d)
Start importing Assets/Studio33 Interactive_[BasketBall] v1.1/Animations/Basketball Motions_Generic/1281_DunkCA.fbx using Guid(f90cc2b34763d294885f858359f291ef) Importer(2089858483,b0f066a214c2f5e87bad3c948f4d605d) (ScriptedImporter) -> (artifact id: '6c9ee91212f4b529fb9a0fd507f8dc51') in 0.0261336 seconds
Number of updated asset objects reloaded before import = 0Number of asset objects unloaded after import = 152

========================================================================
Received Import Request.
  Time since last request: 0.000048 seconds.
  path: Assets/Studio33 Interactive_[BasketBall] v1.1/Animations/Basketball Motions Humanoid/918_QpostOverThRightFRA.fbx
  artifactKey: Guid(0bb6f5004a7d94a44a33d829fbed501c) Importer(2089858483,b0f066a214c2f5e87bad3c948f4d605d)
Start importing Assets/Studio33 Interactive_[BasketBall] v1.1/Animations/Basketball Motions Humanoid/918_QpostOverThRightFRA.fbx using Guid(0bb6f5004a7d94a44a33d829fbed501c) Importer(2089858483,b0f066a214c2f5e87bad3c948f4d605d) (ScriptedImporter) -> (artifact id: '276232a0d06eb541ab02abc7544595f7') in 0.0266594 seconds
Number of updated asset objects reloaded before import = 0Number of asset objects unloaded after import = 154

========================================================================
Received Import Request.
  Time since last request: 0.000024 seconds.
  path: Assets/Studio33 Interactive_[BasketBall] v1.1/Animations/Basketball Motions_Generic/1541_JumpshotPullupFA.fbx
  artifactKey: Guid(3e4835c519107aa40b76ac740cbf4929) Importer(2089858483,b0f066a214c2f5e87bad3c948f4d605d)
Start importing Assets/Studio33 Interactive_[BasketBall] v1.1/Animations/Basketball Motions_Generic/1541_JumpshotPullupFA.fbx using Guid(3e4835c519107aa40b76ac740cbf4929) Importer(2089858483,b0f066a214c2f5e87bad3c948f4d605d) (ScriptedImporter) -> (artifact id: 'bf962ef012c0d4a975f30741d5d00f91') in 0.0296025 seconds
Number of updated asset objects reloaded before import = 0Number of asset objects unloaded after import = 152

========================================================================
Received Import Request.
  Time since last request: 0.000051 seconds.
  path: Assets/Studio33 Interactive_[BasketBall] v1.1/Animations/Basketball Motions_Generic/1821_DunkRA.fbx
  artifactKey: Guid(bd36532513eb9ea4ea0357df0e989e7d) Importer(2089858483,b0f066a214c2f5e87bad3c948f4d605d)
Start importing Assets/Studio33 Interactive_[BasketBall] v1.1/Animations/Basketball Motions_Generic/1821_DunkRA.fbx using Guid(bd36532513eb9ea4ea0357df0e989e7d) Importer(2089858483,b0f066a214c2f5e87bad3c948f4d605d) (ScriptedImporter) -> (artifact id: '7178b07349cc63a4e5f30e5bfc0e301e') in 0.0280404 seconds
Number of updated asset objects reloaded before import = 0Number of asset objects unloaded after import = 152

========================================================================
Received Import Request.
  Time since last request: 0.000035 seconds.
  path: Assets/Studio33 Interactive_[BasketBall] v1.1/Animations/Basketball Motions Humanoid/1712_DunkCA.fbx
  artifactKey: Guid(f6de99620a1793a43b97f5cb5e1f8997) Importer(2089858483,b0f066a214c2f5e87bad3c948f4d605d)
Start importing Assets/Studio33 Interactive_[BasketBall] v1.1/Animations/Basketball Motions Humanoid/1712_DunkCA.fbx using Guid(f6de99620a1793a43b97f5cb5e1f8997) Importer(2089858483,b0f066a214c2f5e87bad3c948f4d605d) (ScriptedImporter) -> (artifact id: '0ca5cf9067d01822e25b679b3f918408') in 0.0250292 seconds
Number of updated asset objects reloaded before import = 0Number of asset objects unloaded after import = 154

========================================================================
Received Import Request.
  Time since last request: 0.000039 seconds.
  path: Assets/Studio33 Interactive_[BasketBall] v1.1/Animations/Basketball Motions Humanoid/1050_BackboardDestructioA.fbx
  artifactKey: Guid(8e60e531c8dfb274990560666489513c) Importer(2089858483,b0f066a214c2f5e87bad3c948f4d605d)
Start importing Assets/Studio33 Interactive_[BasketBall] v1.1/Animations/Basketball Motions Humanoid/1050_BackboardDestructioA.fbx using Guid(8e60e531c8dfb274990560666489513c) Importer(2089858483,b0f066a214c2f5e87bad3c948f4d605d) (ScriptedImporter) -> (artifact id: 'c90c1c308aab1ff0fa897fcf712caac7') in 0.0256241 seconds
Number of updated asset objects reloaded before import = 0Number of asset objects unloaded after import = 154

========================================================================
Received Import Request.
  Time since last request: 0.000027 seconds.
  path: Assets/Studio33 Interactive_[BasketBall] v1.1/Animations/Basketball Motions Humanoid/29_BlockingshortJumpF.fbx
  artifactKey: Guid(f672cd5fcb84c504dad05e074c223129) Importer(2089858483,b0f066a214c2f5e87bad3c948f4d605d)
Start importing Assets/Studio33 Interactive_[BasketBall] v1.1/Animations/Basketball Motions Humanoid/29_BlockingshortJumpF.fbx using Guid(f672cd5fcb84c504dad05e074c223129) Importer(2089858483,b0f066a214c2f5e87bad3c948f4d605d) (ScriptedImporter) -> (artifact id: 'a51f0941ba5055dcb798f65647056565') in 0.024721 seconds
Number of updated asset objects reloaded before import = 0Number of asset objects unloaded after import = 154

========================================================================
Received Import Request.
  Time since last request: 0.000028 seconds.
  path: Assets/Studio33 Interactive_[BasketBall] v1.1/Animations/Basketball Motions Humanoid/1372_JumpshotNomarkFakeA.fbx
  artifactKey: Guid(ec6b6de0789bc4949890be2be7a3e196) Importer(2089858483,b0f066a214c2f5e87bad3c948f4d605d)
Start importing Assets/Studio33 Interactive_[BasketBall] v1.1/Animations/Basketball Motions Humanoid/1372_JumpshotNomarkFakeA.fbx using Guid(ec6b6de0789bc4949890be2be7a3e196) Importer(2089858483,b0f066a214c2f5e87bad3c948f4d605d) (ScriptedImporter) -> (artifact id: '8abb745c730b0f81223cbc91b388f49e') in 0.0261727 seconds
Number of updated asset objects reloaded before import = 0Number of asset objects unloaded after import = 154

========================================================================
Received Import Request.
  Time since last request: 0.000030 seconds.
  path: Assets/Studio33 Interactive_[BasketBall] v1.1/Animations/Basketball Motions_Generic/324_CrossFakeStepRTrB.fbx
  artifactKey: Guid(3bd2e26467cc08c469bb6026fbabafd1) Importer(2089858483,b0f066a214c2f5e87bad3c948f4d605d)
Start importing Assets/Studio33 Interactive_[BasketBall] v1.1/Animations/Basketball Motions_Generic/324_CrossFakeStepRTrB.fbx using Guid(3bd2e26467cc08c469bb6026fbabafd1) Importer(2089858483,b0f066a214c2f5e87bad3c948f4d605d) (ScriptedImporter) -> (artifact id: '3095a1ab97e63b40ecbf845b82663715') in 0.0264492 seconds
Number of updated asset objects reloaded before import = 0Number of asset objects unloaded after import = 152

========================================================================
Received Import Request.
  Time since last request: 0.000035 seconds.
  path: Assets/Studio33 Interactive_[BasketBall] v1.1/Animations/Basketball Motions_Generic/1521_DclutchFBaA.fbx
  artifactKey: Guid(7d7e4e1029b458d4c88bb025689be2ca) Importer(2089858483,b0f066a214c2f5e87bad3c948f4d605d)
Start importing Assets/Studio33 Interactive_[BasketBall] v1.1/Animations/Basketball Motions_Generic/1521_DclutchFBaA.fbx using Guid(7d7e4e1029b458d4c88bb025689be2ca) Importer(2089858483,b0f066a214c2f5e87bad3c948f4d605d) (ScriptedImporter) -> (artifact id: '1fb9671b326317306a3445edfd0f2c68') in 0.0233517 seconds
Number of updated asset objects reloaded before import = 0Number of asset objects unloaded after import = 152

========================================================================
Received Import Request.
  Time since last request: 0.000027 seconds.
  path: Assets/Studio33 Interactive_[BasketBall] v1.1/Animations/Basketball Motions Humanoid/1757_DunkCA.fbx
  artifactKey: Guid(4519ef2c3c600b44db080a5012c125c8) Importer(2089858483,b0f066a214c2f5e87bad3c948f4d605d)
Start importing Assets/Studio33 Interactive_[BasketBall] v1.1/Animations/Basketball Motions Humanoid/1757_DunkCA.fbx using Guid(4519ef2c3c600b44db080a5012c125c8) Importer(2089858483,b0f066a214c2f5e87bad3c948f4d605d) (ScriptedImporter) -> (artifact id: '67b493f964f5d46dbaffacec633a8745') in 0.0263827 seconds
Number of updated asset objects reloaded before import = 0Number of asset objects unloaded after import = 154

========================================================================
Received Import Request.
  Time since last request: 0.000034 seconds.
  path: Assets/Studio33 Interactive_[BasketBall] v1.1/Animations/Basketball Motions Humanoid/309_SpinStepRevlayupFakeA.fbx
  artifactKey: Guid(8bdec2300b3def345b691520a082c9d0) Importer(2089858483,b0f066a214c2f5e87bad3c948f4d605d)
Start importing Assets/Studio33 Interactive_[BasketBall] v1.1/Animations/Basketball Motions Humanoid/309_SpinStepRevlayupFakeA.fbx using Guid(8bdec2300b3def345b691520a082c9d0) Importer(2089858483,b0f066a214c2f5e87bad3c948f4d605d) (ScriptedImporter) -> (artifact id: '294e33fa50b3af9636e834c6c846d593') in 0.0251046 seconds
Number of updated asset objects reloaded before import = 0Number of asset objects unloaded after import = 154

========================================================================
Received Import Request.
  Time since last request: 0.000030 seconds.
  path: Assets/Studio33 Interactive_[BasketBall] v1.1/Animations/Basketball Motions_Generic/980_Rebound fC.fbx
  artifactKey: Guid(11c1113abd89da34a93b42af4ce132ea) Importer(2089858483,b0f066a214c2f5e87bad3c948f4d605d)
Start importing Assets/Studio33 Interactive_[BasketBall] v1.1/Animations/Basketball Motions_Generic/980_Rebound fC.fbx using Guid(11c1113abd89da34a93b42af4ce132ea) Importer(2089858483,b0f066a214c2f5e87bad3c948f4d605d) (ScriptedImporter) -> (artifact id: '465b62935866fdcdb0c1232152125208') in 0.0242418 seconds
Number of updated asset objects reloaded before import = 0Number of asset objects unloaded after import = 152

========================================================================
Received Import Request.
  Time since last request: 0.000038 seconds.
  path: Assets/Studio33 Interactive_[BasketBall] v1.1/Animations/Basketball Motions_Generic/802_PassOverLA.fbx
  artifactKey: Guid(ace9f1eff01fcb7498e0c1c734cc24a4) Importer(2089858483,b0f066a214c2f5e87bad3c948f4d605d)
Start importing Assets/Studio33 Interactive_[BasketBall] v1.1/Animations/Basketball Motions_Generic/802_PassOverLA.fbx using Guid(ace9f1eff01fcb7498e0c1c734cc24a4) Importer(2089858483,b0f066a214c2f5e87bad3c948f4d605d) (ScriptedImporter) -> (artifact id: '95a8b0010d07f03f8b3e17e5c2751ff3') in 0.0235515 seconds
Number of updated asset objects reloaded before import = 0Number of asset objects unloaded after import = 152

========================================================================
Received Import Request.
  Time since last request: 0.000028 seconds.
  path: Assets/Studio33 Interactive_[BasketBall] v1.1/Animations/Basketball Motions_Generic/2154_StealdodgeA.fbx
  artifactKey: Guid(acb27d23533c9184eb5b64cb9ff282cb) Importer(2089858483,b0f066a214c2f5e87bad3c948f4d605d)
Start importing Assets/Studio33 Interactive_[BasketBall] v1.1/Animations/Basketball Motions_Generic/2154_StealdodgeA.fbx using Guid(acb27d23533c9184eb5b64cb9ff282cb) Importer(2089858483,b0f066a214c2f5e87bad3c948f4d605d) (ScriptedImporter) -> (artifact id: 'a96a1a7da35a6bdf316bc35dc1a4dc74') in 0.0279 seconds
Number of updated asset objects reloaded before import = 0Number of asset objects unloaded after import = 152

========================================================================
Received Import Request.
  Time since last request: 0.000021 seconds.
  path: Assets/Studio33 Interactive_[BasketBall] v1.1/Animations/Basketball Motions_Generic/711_PassChestLA.fbx
  artifactKey: Guid(ac630611a6cdfb74185266ced45593a8) Importer(2089858483,b0f066a214c2f5e87bad3c948f4d605d)
Start importing Assets/Studio33 Interactive_[BasketBall] v1.1/Animations/Basketball Motions_Generic/711_PassChestLA.fbx using Guid(ac630611a6cdfb74185266ced45593a8) Importer(2089858483,b0f066a214c2f5e87bad3c948f4d605d) (ScriptedImporter) -> (artifact id: '26efbf205e1aaadb0c704f0e17b53e42') in 0.0276729 seconds
Number of updated asset objects reloaded before import = 0Number of asset objects unloaded after import = 152

========================================================================
Received Import Request.
  Time since last request: 0.000023 seconds.
  path: Assets/Studio33 Interactive_[BasketBall] v1.1/Animations/Basketball Motions_Generic/606_LoosebamiddlA.fbx
  artifactKey: Guid(e0eedbfe43283214b86c7b4e2e0ff325) Importer(2089858483,b0f066a214c2f5e87bad3c948f4d605d)
Start importing Assets/Studio33 Interactive_[BasketBall] v1.1/Animations/Basketball Motions_Generic/606_LoosebamiddlA.fbx using Guid(e0eedbfe43283214b86c7b4e2e0ff325) Importer(2089858483,b0f066a214c2f5e87bad3c948f4d605d) (ScriptedImporter) -> (artifact id: 'd77f176bbf0a6b2a9d7927c3a848e662') in 0.0250362 seconds
Number of updated asset objects reloaded before import = 0Number of asset objects unloaded after import = 152

========================================================================
Received Import Request.
  Time since last request: 0.000034 seconds.
  path: Assets/Studio33 Interactive_[BasketBall] v1.1/Animations/Basketball Motions_Generic/1147_DunkCAC.fbx
  artifactKey: Guid(f80e72c99b408e6428d038e9d25bd0d3) Importer(2089858483,b0f066a214c2f5e87bad3c948f4d605d)
Start importing Assets/Studio33 Interactive_[BasketBall] v1.1/Animations/Basketball Motions_Generic/1147_DunkCAC.fbx using Guid(f80e72c99b408e6428d038e9d25bd0d3) Importer(2089858483,b0f066a214c2f5e87bad3c948f4d605d) (ScriptedImporter) -> (artifact id: '98489bf2821cb4e56d441f0b9938fc0c') in 0.0289005 seconds
Number of updated asset objects reloaded before import = 0Number of asset objects unloaded after import = 152

========================================================================
Received Import Request.
  Time since last request: 0.000026 seconds.
  path: Assets/Studio33 Interactive_[BasketBall] v1.1/Animations/Basketball Motions Humanoid/1358_JumpshotMFakeA.fbx
  artifactKey: Guid(bcdf436a90f3179408d48f7d37ddcb71) Importer(2089858483,b0f066a214c2f5e87bad3c948f4d605d)
Start importing Assets/Studio33 Interactive_[BasketBall] v1.1/Animations/Basketball Motions Humanoid/1358_JumpshotMFakeA.fbx using Guid(bcdf436a90f3179408d48f7d37ddcb71) Importer(2089858483,b0f066a214c2f5e87bad3c948f4d605d) (ScriptedImporter) -> (artifact id: 'df8b5c5bbfb7b5adfd11c2761959cb72') in 0.0306768 seconds
Number of updated asset objects reloaded before import = 0Number of asset objects unloaded after import = 154

========================================================================
Received Import Request.
  Time since last request: 0.000036 seconds.
  path: Assets/Studio33 Interactive_[BasketBall] v1.1/Animations/Basketball Motions_Generic/1567_LayupRA.fbx
  artifactKey: Guid(be6ddcb303508ac49b32543f5f5273d1) Importer(2089858483,b0f066a214c2f5e87bad3c948f4d605d)
Start importing Assets/Studio33 Interactive_[BasketBall] v1.1/Animations/Basketball Motions_Generic/1567_LayupRA.fbx using Guid(be6ddcb303508ac49b32543f5f5273d1) Importer(2089858483,b0f066a214c2f5e87bad3c948f4d605d) (ScriptedImporter) -> (artifact id: '6bffa9d467549e95cc5cb0bab263d69c') in 0.0267047 seconds
Number of updated asset objects reloaded before import = 0Number of asset objects unloaded after import = 152

========================================================================
Received Import Request.
  Time since last request: 0.000030 seconds.
  path: Assets/Studio33 Interactive_[BasketBall] v1.1/Animations/Basketball Motions Humanoid/890_PostPivotLeftRA.fbx
  artifactKey: Guid(221fe332beb5d304bbb7dfb89ee36508) Importer(2089858483,b0f066a214c2f5e87bad3c948f4d605d)
Start importing Assets/Studio33 Interactive_[BasketBall] v1.1/Animations/Basketball Motions Humanoid/890_PostPivotLeftRA.fbx using Guid(221fe332beb5d304bbb7dfb89ee36508) Importer(2089858483,b0f066a214c2f5e87bad3c948f4d605d) (ScriptedImporter) -> (artifact id: '38cba3438d55a1322960952f84b72d6c') in 0.0324136 seconds
Number of updated asset objects reloaded before import = 0Number of asset objects unloaded after import = 154

========================================================================
Received Import Request.
  Time since last request: 0.000041 seconds.
  path: Assets/Studio33 Interactive_[BasketBall] v1.1/Animations/Basketball Motions_Generic/2167_OffenceA.fbx
  artifactKey: Guid(ecf5cbf1ccc41114f8bdd2169c8df89e) Importer(2089858483,b0f066a214c2f5e87bad3c948f4d605d)
Start importing Assets/Studio33 Interactive_[BasketBall] v1.1/Animations/Basketball Motions_Generic/2167_OffenceA.fbx using Guid(ecf5cbf1ccc41114f8bdd2169c8df89e) Importer(2089858483,b0f066a214c2f5e87bad3c948f4d605d) (ScriptedImporter) -> (artifact id: 'c054ee4dcf411c8e3e8dbe6d6c9f188e') in 0.0270395 seconds
Number of updated asset objects reloaded before import = 0Number of asset objects unloaded after import = 152

========================================================================
Received Import Request.
  Time since last request: 0.000025 seconds.
  path: Assets/Studio33 Interactive_[BasketBall] v1.1/Animations/Basketball Motions Humanoid/1987_GgJumpshotMFakeA.fbx
  artifactKey: Guid(643304617ca3f9c41bb009f5252f4f0a) Importer(2089858483,b0f066a214c2f5e87bad3c948f4d605d)
Start importing Assets/Studio33 Interactive_[BasketBall] v1.1/Animations/Basketball Motions Humanoid/1987_GgJumpshotMFakeA.fbx using Guid(643304617ca3f9c41bb009f5252f4f0a) Importer(2089858483,b0f066a214c2f5e87bad3c948f4d605d) (ScriptedImporter) -> (artifact id: '1b1c774c20c64e1dd95493d021330177') in 0.0269395 seconds
Number of updated asset objects reloaded before import = 0Number of asset objects unloaded after import = 154

========================================================================
Received Import Request.
  Time since last request: 0.000019 seconds.
  path: Assets/Studio33 Interactive_[BasketBall] v1.1/Animations/Basketball Motions_Generic/664_Run.fbx
  artifactKey: Guid(a6f4d75975e352d4381309044ae8840a) Importer(2089858483,b0f066a214c2f5e87bad3c948f4d605d)
Start importing Assets/Studio33 Interactive_[BasketBall] v1.1/Animations/Basketball Motions_Generic/664_Run.fbx using Guid(a6f4d75975e352d4381309044ae8840a) Importer(2089858483,b0f066a214c2f5e87bad3c948f4d605d) (ScriptedImporter) -> (artifact id: '38a74f5381cbed5ee3e2147de9920a8d') in 0.0237141 seconds
Number of updated asset objects reloaded before import = 0Number of asset objects unloaded after import = 152

========================================================================
Received Import Request.
  Time since last request: 0.000038 seconds.
  path: Assets/Studio33 Interactive_[BasketBall] v1.1/Animations/Basketball Motions Humanoid/2030_JumpshotReadyFake.fbx
  artifactKey: Guid(6670df8e9684c934fa000739efa33831) Importer(2089858483,b0f066a214c2f5e87bad3c948f4d605d)
Start importing Assets/Studio33 Interactive_[BasketBall] v1.1/Animations/Basketball Motions Humanoid/2030_JumpshotReadyFake.fbx using Guid(6670df8e9684c934fa000739efa33831) Importer(2089858483,b0f066a214c2f5e87bad3c948f4d605d) (ScriptedImporter) -> (artifact id: '1d6b1834fbc306dee901002a753e2df4') in 0.0242445 seconds
Number of updated asset objects reloaded before import = 0Number of asset objects unloaded after import = 154

========================================================================
Received Import Request.
  Time since last request: 0.000042 seconds.
  path: Assets/Studio33 Interactive_[BasketBall] v1.1/Animations/Basketball Motions Humanoid/1945_DunkRA.fbx
  artifactKey: Guid(09a13430acec6d245b2fd86fcc06a808) Importer(2089858483,b0f066a214c2f5e87bad3c948f4d605d)
Start importing Assets/Studio33 Interactive_[BasketBall] v1.1/Animations/Basketball Motions Humanoid/1945_DunkRA.fbx using Guid(09a13430acec6d245b2fd86fcc06a808) Importer(2089858483,b0f066a214c2f5e87bad3c948f4d605d) (ScriptedImporter) -> (artifact id: '89f8187944e871e46707a3b170a4b8f9') in 0.0278172 seconds
Number of updated asset objects reloaded before import = 0Number of asset objects unloaded after import = 154

========================================================================
Received Import Request.
  Time since last request: 0.000024 seconds.
  path: Assets/Studio33 Interactive_[BasketBall] v1.1/Animations/Basketball Motions_Generic/754_PassShootfakepassL.fbx
  artifactKey: Guid(2d7b32a3b53fdac41b8eebe1918d01bf) Importer(2089858483,b0f066a214c2f5e87bad3c948f4d605d)
Start importing Assets/Studio33 Interactive_[BasketBall] v1.1/Animations/Basketball Motions_Generic/754_PassShootfakepassL.fbx using Guid(2d7b32a3b53fdac41b8eebe1918d01bf) Importer(2089858483,b0f066a214c2f5e87bad3c948f4d605d) (ScriptedImporter) -> (artifact id: 'e4d32590a1ad5fd5a02cf28f283f986c') in 0.024053 seconds
Number of updated asset objects reloaded before import = 0Number of asset objects unloaded after import = 152

========================================================================
Received Import Request.
  Time since last request: 0.000023 seconds.
  path: Assets/Studio33 Interactive_[BasketBall] v1.1/Animations/Basketball Motions_Generic/595_ShadowstealA.fbx
  artifactKey: Guid(2f0664df4751c584eb7ef5dd467b661b) Importer(2089858483,b0f066a214c2f5e87bad3c948f4d605d)
Start importing Assets/Studio33 Interactive_[BasketBall] v1.1/Animations/Basketball Motions_Generic/595_ShadowstealA.fbx using Guid(2f0664df4751c584eb7ef5dd467b661b) Importer(2089858483,b0f066a214c2f5e87bad3c948f4d605d) (ScriptedImporter) -> (artifact id: '0aa5b3e33089f13af5774a09e70632fd') in 0.0206442 seconds
Number of updated asset objects reloaded before import = 0Number of asset objects unloaded after import = 152

========================================================================
Received Import Request.
  Time since last request: 0.000025 seconds.
  path: Assets/Studio33 Interactive_[BasketBall] v1.1/Animations/Basketball Motions Humanoid/728_ShootpassJumpShortBaA.fbx
  artifactKey: Guid(9a1826de50c1ce446bad6018980ed617) Importer(2089858483,b0f066a214c2f5e87bad3c948f4d605d)
Start importing Assets/Studio33 Interactive_[BasketBall] v1.1/Animations/Basketball Motions Humanoid/728_ShootpassJumpShortBaA.fbx using Guid(9a1826de50c1ce446bad6018980ed617) Importer(2089858483,b0f066a214c2f5e87bad3c948f4d605d) (ScriptedImporter) -> (artifact id: '3fee01061b1036028150a3073663bd76') in 0.026599 seconds
Number of updated asset objects reloaded before import = 0Number of asset objects unloaded after import = 154

========================================================================
Received Import Request.
  Time since last request: 0.000025 seconds.
  path: Assets/Studio33 Interactive_[BasketBall] v1.1/Animations/Basketball Motions Humanoid/278_CrossoverStepbarLA.fbx
  artifactKey: Guid(9282a89bca9701546970b053c1860549) Importer(2089858483,b0f066a214c2f5e87bad3c948f4d605d)
Start importing Assets/Studio33 Interactive_[BasketBall] v1.1/Animations/Basketball Motions Humanoid/278_CrossoverStepbarLA.fbx using Guid(9282a89bca9701546970b053c1860549) Importer(2089858483,b0f066a214c2f5e87bad3c948f4d605d) (ScriptedImporter) -> (artifact id: 'e43a3ce737b9ad772c52c35cc68cb6f4') in 0.02139 seconds
Number of updated asset objects reloaded before import = 0Number of asset objects unloaded after import = 154

========================================================================
Received Import Request.
  Time since last request: 0.000028 seconds.
  path: Assets/Studio33 Interactive_[BasketBall] v1.1/Animations/Basketball Motions Humanoid/2105_DunkRA.fbx
  artifactKey: Guid(1fd6b797c2bd69c45959089ac6df80b4) Importer(2089858483,b0f066a214c2f5e87bad3c948f4d605d)
Start importing Assets/Studio33 Interactive_[BasketBall] v1.1/Animations/Basketball Motions Humanoid/2105_DunkRA.fbx using Guid(1fd6b797c2bd69c45959089ac6df80b4) Importer(2089858483,b0f066a214c2f5e87bad3c948f4d605d) (ScriptedImporter) -> (artifact id: '9874451dbccaab04b6e8459d9b73f5d3') in 0.0271142 seconds
Number of updated asset objects reloaded before import = 0Number of asset objects unloaded after import = 154

========================================================================
Received Import Request.
  Time since last request: 0.000024 seconds.
  path: Assets/Studio33 Interactive_[BasketBall] v1.1/Animations/Basketball Motions Humanoid/1196_DunkRA.fbx
  artifactKey: Guid(822ca06b9a8e0a34eb80fba0a3c7d973) Importer(2089858483,b0f066a214c2f5e87bad3c948f4d605d)
Start importing Assets/Studio33 Interactive_[BasketBall] v1.1/Animations/Basketball Motions Humanoid/1196_DunkRA.fbx using Guid(822ca06b9a8e0a34eb80fba0a3c7d973) Importer(2089858483,b0f066a214c2f5e87bad3c948f4d605d) (ScriptedImporter) -> (artifact id: 'daf2edc95d660708c57a2f4d436cf376') in 0.0264647 seconds
Number of updated asset objects reloaded before import = 0Number of asset objects unloaded after import = 154

========================================================================
Received Import Request.
  Time since last request: 0.000025 seconds.
  path: Assets/Studio33 Interactive_[BasketBall] v1.1/Animations/Basketball Motions_Generic/373_CrossFakeTurrTrB.fbx
  artifactKey: Guid(83306c05d03478044b9f62327ed80507) Importer(2089858483,b0f066a214c2f5e87bad3c948f4d605d)
Start importing Assets/Studio33 Interactive_[BasketBall] v1.1/Animations/Basketball Motions_Generic/373_CrossFakeTurrTrB.fbx using Guid(83306c05d03478044b9f62327ed80507) Importer(2089858483,b0f066a214c2f5e87bad3c948f4d605d) (ScriptedImporter) -> (artifact id: '338bc35c50876cba1fb548acbe1aa506') in 0.0279265 seconds
Number of updated asset objects reloaded before import = 0Number of asset objects unloaded after import = 152

========================================================================
Received Import Request.
  Time since last request: 0.000036 seconds.
  path: Assets/Studio33 Interactive_[BasketBall] v1.1/Animations/Basketball Motions_Generic/952_Rebound rB.fbx
  artifactKey: Guid(f8aebe89d5f09614690ba3cf8d6d7caa) Importer(2089858483,b0f066a214c2f5e87bad3c948f4d605d)
Start importing Assets/Studio33 Interactive_[BasketBall] v1.1/Animations/Basketball Motions_Generic/952_Rebound rB.fbx using Guid(f8aebe89d5f09614690ba3cf8d6d7caa) Importer(2089858483,b0f066a214c2f5e87bad3c948f4d605d) (ScriptedImporter) -> (artifact id: '2e195acda06d75dffa47d3a8d1057edf') in 0.0227481 seconds
Number of updated asset objects reloaded before import = 0Number of asset objects unloaded after import = 152

========================================================================
Received Import Request.
  Time since last request: 0.000023 seconds.
  path: Assets/Studio33 Interactive_[BasketBall] v1.1/33_basket ball test animations/player/Back_number/Back_number_B/Back_number_B_c03.png
  artifactKey: Guid(e7fdd52217067a649be145ab0b825dbe) Importer(2089858483,b0f066a214c2f5e87bad3c948f4d605d)
Start importing Assets/Studio33 Interactive_[BasketBall] v1.1/33_basket ball test animations/player/Back_number/Back_number_B/Back_number_B_c03.png using Guid(e7fdd52217067a649be145ab0b825dbe) Importer(2089858483,b0f066a214c2f5e87bad3c948f4d605d) (ScriptedImporter) -> (artifact id: '8b9bdaa51c72eb72fa928a2b1bc4edb1') in 0.0154423 seconds
Number of updated asset objects reloaded before import = 0Number of asset objects unloaded after import = 1

========================================================================
Received Import Request.
  Time since last request: 0.000024 seconds.
  path: Assets/Studio33 Interactive_[BasketBall] v1.1/Animations/Basketball Motions Humanoid/969_ChipoutA.fbx
  artifactKey: Guid(0631da96c4f531c4ba007891e193728a) Importer(2089858483,b0f066a214c2f5e87bad3c948f4d605d)
Start importing Assets/Studio33 Interactive_[BasketBall] v1.1/Animations/Basketball Motions Humanoid/969_ChipoutA.fbx using Guid(0631da96c4f531c4ba007891e193728a) Importer(2089858483,b0f066a214c2f5e87bad3c948f4d605d) (ScriptedImporter) -> (artifact id: '5c13ccc4b1582a11906282083c8c9555') in 0.0291995 seconds
Number of updated asset objects reloaded before import = 0Number of asset objects unloaded after import = 154

========================================================================
Received Import Request.
  Time since last request: 0.000033 seconds.
  path: Assets/Studio33 Interactive_[BasketBall] v1.1/Animations/Basketball Motions_Generic/869_PassinmissBadTravellingA.fbx
  artifactKey: Guid(27679d6b52ad5114f9554eb363a329db) Importer(2089858483,b0f066a214c2f5e87bad3c948f4d605d)
Start importing Assets/Studio33 Interactive_[BasketBall] v1.1/Animations/Basketball Motions_Generic/869_PassinmissBadTravellingA.fbx using Guid(27679d6b52ad5114f9554eb363a329db) Importer(2089858483,b0f066a214c2f5e87bad3c948f4d605d) (ScriptedImporter) -> (artifact id: 'f8f583ceeef36e3b2789fc13342ac06b') in 0.0256159 seconds
Number of updated asset objects reloaded before import = 0Number of asset objects unloaded after import = 152

========================================================================
Received Import Request.
  Time since last request: 0.000037 seconds.
  path: Assets/Studio33 Interactive_[BasketBall] v1.1/Animations/Basketball Motions Humanoid/713_PassKifA.fbx
  artifactKey: Guid(e191341e2f385454593c32ddc1ec271c) Importer(2089858483,b0f066a214c2f5e87bad3c948f4d605d)
Start importing Assets/Studio33 Interactive_[BasketBall] v1.1/Animations/Basketball Motions Humanoid/713_PassKifA.fbx using Guid(e191341e2f385454593c32ddc1ec271c) Importer(2089858483,b0f066a214c2f5e87bad3c948f4d605d) (ScriptedImporter) -> (artifact id: '61ee6ce661dd938df427dd69a98ce806') in 0.0202573 seconds
Number of updated asset objects reloaded before import = 0Number of asset objects unloaded after import = 154

========================================================================
Received Import Request.
  Time since last request: 0.000033 seconds.
  path: Assets/Studio33 Interactive_[BasketBall] v1.1/Animations/Basketball Motions Humanoid/2134_JumpshotMFakeA.fbx
  artifactKey: Guid(184ac72cbc3df45438814944d7a72ba6) Importer(2089858483,b0f066a214c2f5e87bad3c948f4d605d)
Start importing Assets/Studio33 Interactive_[BasketBall] v1.1/Animations/Basketball Motions Humanoid/2134_JumpshotMFakeA.fbx using Guid(184ac72cbc3df45438814944d7a72ba6) Importer(2089858483,b0f066a214c2f5e87bad3c948f4d605d) (ScriptedImporter) -> (artifact id: 'e7032c39814f7789b5d73690e6934adc') in 0.0278163 seconds
Number of updated asset objects reloaded before import = 0Number of asset objects unloaded after import = 154

========================================================================
Received Import Request.
  Time since last request: 0.000021 seconds.
  path: Assets/Studio33 Interactive_[BasketBall] v1.1/Animations/Basketball Motions_Generic/974_Rebound B.fbx
  artifactKey: Guid(4744d623de17b96479c4eb6cdec02c60) Importer(2089858483,b0f066a214c2f5e87bad3c948f4d605d)
Start importing Assets/Studio33 Interactive_[BasketBall] v1.1/Animations/Basketball Motions_Generic/974_Rebound B.fbx using Guid(4744d623de17b96479c4eb6cdec02c60) Importer(2089858483,b0f066a214c2f5e87bad3c948f4d605d) (ScriptedImporter) -> (artifact id: '0ed370a990fa502c6be83e8deb54c91e') in 0.0265235 seconds
Number of updated asset objects reloaded before import = 0Number of asset objects unloaded after import = 152

========================================================================
Received Import Request.
  Time since last request: 0.000027 seconds.
  path: Assets/Studio33 Interactive_[BasketBall] v1.1/Animations/Basketball Motions_Generic/1700_LayupRevCA.fbx
  artifactKey: Guid(a1fb2dec22a462942b6c9aefb678d72a) Importer(2089858483,b0f066a214c2f5e87bad3c948f4d605d)
Start importing Assets/Studio33 Interactive_[BasketBall] v1.1/Animations/Basketball Motions_Generic/1700_LayupRevCA.fbx using Guid(a1fb2dec22a462942b6c9aefb678d72a) Importer(2089858483,b0f066a214c2f5e87bad3c948f4d605d) (ScriptedImporter) -> (artifact id: '37286c55728b1665ee50f4240ea47748') in 0.0240282 seconds
Number of updated asset objects reloaded before import = 0Number of asset objects unloaded after import = 152

========================================================================
Received Import Request.
  Time since last request: 0.000031 seconds.
  path: Assets/Studio33 Interactive_[BasketBall] v1.1/Animations/Basketball Motions_Generic/873_PassreqBaA.fbx
  artifactKey: Guid(c61c3b6f3418c204ea2dca091c8106dc) Importer(2089858483,b0f066a214c2f5e87bad3c948f4d605d)
Start importing Assets/Studio33 Interactive_[BasketBall] v1.1/Animations/Basketball Motions_Generic/873_PassreqBaA.fbx using Guid(c61c3b6f3418c204ea2dca091c8106dc) Importer(2089858483,b0f066a214c2f5e87bad3c948f4d605d) (ScriptedImporter) -> (artifact id: '420f0ee9c77500aad43687694e51a691') in 0.0224829 seconds
Number of updated asset objects reloaded before import = 0Number of asset objects unloaded after import = 152

========================================================================
Received Import Request.
  Time since last request: 0.000030 seconds.
  path: Assets/Studio33 Interactive_[BasketBall] v1.1/Animations/Basketball Motions Humanoid/1007_Rebound B.fbx
  artifactKey: Guid(252ffd612328c8847be07ca998dc6dd9) Importer(2089858483,b0f066a214c2f5e87bad3c948f4d605d)
Start importing Assets/Studio33 Interactive_[BasketBall] v1.1/Animations/Basketball Motions Humanoid/1007_Rebound B.fbx using Guid(252ffd612328c8847be07ca998dc6dd9) Importer(2089858483,b0f066a214c2f5e87bad3c948f4d605d) (ScriptedImporter) -> (artifact id: 'd1b839a6514b60f1225e8cac77b8fe6f') in 0.0347795 seconds
Number of updated asset objects reloaded before import = 0Number of asset objects unloaded after import = 154

========================================================================
Received Import Request.
  Time since last request: 0.000027 seconds.
  path: Assets/Studio33 Interactive_[BasketBall] v1.1/Animations/Basketball Motions_Generic/820_PassfakeChestA.fbx
  artifactKey: Guid(f5e55c2afdee6d2468a2a4d18765f86b) Importer(2089858483,b0f066a214c2f5e87bad3c948f4d605d)
Start importing Assets/Studio33 Interactive_[BasketBall] v1.1/Animations/Basketball Motions_Generic/820_PassfakeChestA.fbx using Guid(f5e55c2afdee6d2468a2a4d18765f86b) Importer(2089858483,b0f066a214c2f5e87bad3c948f4d605d) (ScriptedImporter) -> (artifact id: 'c47a6a6b66429af8c28bbfd5520e0495') in 0.0256968 seconds
Number of updated asset objects reloaded before import = 0Number of asset objects unloaded after import = 152

========================================================================
Received Import Request.
  Time since last request: 0.000038 seconds.
  path: Assets/Studio33 Interactive_[BasketBall] v1.1/Animations/Basketball Motions Humanoid/2022_DunkClutchRLeftA.fbx
  artifactKey: Guid(c20acfe57deb0d74ebae47c6c8b8dd36) Importer(2089858483,b0f066a214c2f5e87bad3c948f4d605d)
Start importing Assets/Studio33 Interactive_[BasketBall] v1.1/Animations/Basketball Motions Humanoid/2022_DunkClutchRLeftA.fbx using Guid(c20acfe57deb0d74ebae47c6c8b8dd36) Importer(2089858483,b0f066a214c2f5e87bad3c948f4d605d) (ScriptedImporter) -> (artifact id: '92ce3b82f66a259158b6ab7803d39be8') in 0.0264541 seconds
Number of updated asset objects reloaded before import = 0Number of asset objects unloaded after import = 154

========================================================================
Received Import Request.
  Time since last request: 0.000056 seconds.
  path: Assets/Studio33 Interactive_[BasketBall] v1.1/Animations/Basketball Motions Humanoid/1263_AlleyoopDclutchFRightA.fbx
  artifactKey: Guid(aafcaae73ba5aa8459fc11a41e76865c) Importer(2089858483,b0f066a214c2f5e87bad3c948f4d605d)
Start importing Assets/Studio33 Interactive_[BasketBall] v1.1/Animations/Basketball Motions Humanoid/1263_AlleyoopDclutchFRightA.fbx using Guid(aafcaae73ba5aa8459fc11a41e76865c) Importer(2089858483,b0f066a214c2f5e87bad3c948f4d605d) (ScriptedImporter) -> (artifact id: '039b20bb9d8bba0061b46aa2df8481fe') in 0.03017 seconds
Number of updated asset objects reloaded before import = 0Number of asset objects unloaded after import = 154

========================================================================
Received Import Request.
  Time since last request: 0.000023 seconds.
  path: Assets/Studio33 Interactive_[BasketBall] v1.1/Animations/Basketball Motions_Generic/823_PassifA.fbx
  artifactKey: Guid(5de12252d27dd4a4a9fbe666a4727636) Importer(2089858483,b0f066a214c2f5e87bad3c948f4d605d)
Start importing Assets/Studio33 Interactive_[BasketBall] v1.1/Animations/Basketball Motions_Generic/823_PassifA.fbx using Guid(5de12252d27dd4a4a9fbe666a4727636) Importer(2089858483,b0f066a214c2f5e87bad3c948f4d605d) (ScriptedImporter) -> (artifact id: '593d77f137ecd79444c741ce4e7e7942') in 0.0231841 seconds
Number of updated asset objects reloaded before import = 0Number of asset objects unloaded after import = 152

========================================================================
Received Import Request.
  Time since last request: 0.000023 seconds.
  path: Assets/Studio33 Interactive_[BasketBall] v1.1/Animations/Basketball Motions Humanoid/560_QuickpointReadyFake.fbx
  artifactKey: Guid(a81caa7d9b9b92249b0c25c987868b78) Importer(2089858483,b0f066a214c2f5e87bad3c948f4d605d)
Start importing Assets/Studio33 Interactive_[BasketBall] v1.1/Animations/Basketball Motions Humanoid/560_QuickpointReadyFake.fbx using Guid(a81caa7d9b9b92249b0c25c987868b78) Importer(2089858483,b0f066a214c2f5e87bad3c948f4d605d) (ScriptedImporter) -> (artifact id: '5a6a8e54e6559043450ac6d84a8ac18b') in 0.026811 seconds
Number of updated asset objects reloaded before import = 0Number of asset objects unloaded after import = 154

========================================================================
Received Import Request.
  Time since last request: 0.000030 seconds.
  path: Assets/Studio33 Interactive_[BasketBall] v1.1/Animations/Basketball Motions_Generic/192_InsideTackholdA.fbx
  artifactKey: Guid(1a3bb63d349eae84d9cd17b1bd2bdac3) Importer(2089858483,b0f066a214c2f5e87bad3c948f4d605d)
Start importing Assets/Studio33 Interactive_[BasketBall] v1.1/Animations/Basketball Motions_Generic/192_InsideTackholdA.fbx using Guid(1a3bb63d349eae84d9cd17b1bd2bdac3) Importer(2089858483,b0f066a214c2f5e87bad3c948f4d605d) (ScriptedImporter) -> (artifact id: '422468a0b3691ec029f176231ba367bb') in 0.0255953 seconds
Number of updated asset objects reloaded before import = 0Number of asset objects unloaded after import = 152

========================================================================
Received Import Request.
  Time since last request: 0.000046 seconds.
  path: Assets/Studio33 Interactive_[BasketBall] v1.1/Animations/Basketball Motions Humanoid/1483_AlleyoopRLA.fbx
  artifactKey: Guid(4ea2af7471f7bf742af2d62ffff45df4) Importer(2089858483,b0f066a214c2f5e87bad3c948f4d605d)
Start importing Assets/Studio33 Interactive_[BasketBall] v1.1/Animations/Basketball Motions Humanoid/1483_AlleyoopRLA.fbx using Guid(4ea2af7471f7bf742af2d62ffff45df4) Importer(2089858483,b0f066a214c2f5e87bad3c948f4d605d) (ScriptedImporter) -> (artifact id: 'a9574d654cf5fd913f9b9c6ed793b36a') in 0.0239757 seconds
Number of updated asset objects reloaded before import = 0Number of asset objects unloaded after import = 154

========================================================================
Received Import Request.
  Time since last request: 0.000025 seconds.
  path: Assets/Studio33 Interactive_[BasketBall] v1.1/Animations/Basketball Motions_Generic/915_QpostOverThRightLA.fbx
  artifactKey: Guid(e6d2ef75bb91d9544913c74dac8bb032) Importer(2089858483,b0f066a214c2f5e87bad3c948f4d605d)
Start importing Assets/Studio33 Interactive_[BasketBall] v1.1/Animations/Basketball Motions_Generic/915_QpostOverThRightLA.fbx using Guid(e6d2ef75bb91d9544913c74dac8bb032) Importer(2089858483,b0f066a214c2f5e87bad3c948f4d605d) (ScriptedImporter) -> (artifact id: '022e6837089d0a55f50a85ae32beae18') in 0.0249176 seconds
Number of updated asset objects reloaded before import = 0Number of asset objects unloaded after import = 152

========================================================================
Received Import Request.
  Time since last request: 0.000025 seconds.
  path: Assets/Studio33 Interactive_[BasketBall] v1.1/Animations/Basketball Motions_Generic/1139_AlleyoopRLA.fbx
  artifactKey: Guid(56188b42b42e14343adf750259ee6ee3) Importer(2089858483,b0f066a214c2f5e87bad3c948f4d605d)
Start importing Assets/Studio33 Interactive_[BasketBall] v1.1/Animations/Basketball Motions_Generic/1139_AlleyoopRLA.fbx using Guid(56188b42b42e14343adf750259ee6ee3) Importer(2089858483,b0f066a214c2f5e87bad3c948f4d605d) (ScriptedImporter) -> (artifact id: 'aefcbf368cd86447266ad24a0d827adf') in 0.0248108 seconds
Number of updated asset objects reloaded before import = 0Number of asset objects unloaded after import = 152

========================================================================
Received Import Request.
  Time since last request: 0.000026 seconds.
  path: Assets/Studio33 Interactive_[BasketBall] v1.1/Animations/Basketball Motions_Generic/1418_TipicA.fbx
  artifactKey: Guid(883a7049e4321cf4cb15db4749c95429) Importer(2089858483,b0f066a214c2f5e87bad3c948f4d605d)
Start importing Assets/Studio33 Interactive_[BasketBall] v1.1/Animations/Basketball Motions_Generic/1418_TipicA.fbx using Guid(883a7049e4321cf4cb15db4749c95429) Importer(2089858483,b0f066a214c2f5e87bad3c948f4d605d) (ScriptedImporter) -> (artifact id: 'e8d8561e88c46212ebb1c8b84c89fb95') in 0.0234983 seconds
Number of updated asset objects reloaded before import = 0Number of asset objects unloaded after import = 152

========================================================================
Received Import Request.
  Time since last request: 0.000110 seconds.
  path: Assets/Studio33 Interactive_[BasketBall] v1.1/Animations/Basketball Motions Humanoid/1329_JumpshotCAA.fbx
  artifactKey: Guid(c8d9bddf4faafa541bf6b2ad20803cbf) Importer(2089858483,b0f066a214c2f5e87bad3c948f4d605d)
Start importing Assets/Studio33 Interactive_[BasketBall] v1.1/Animations/Basketball Motions Humanoid/1329_JumpshotCAA.fbx using Guid(c8d9bddf4faafa541bf6b2ad20803cbf) Importer(2089858483,b0f066a214c2f5e87bad3c948f4d605d) (ScriptedImporter) -> (artifact id: '5f47f793f86baa17a348941e7928c27e') in 0.022698 seconds
Number of updated asset objects reloaded before import = 0Number of asset objects unloaded after import = 154

========================================================================
Received Import Request.
  Time since last request: 0.000024 seconds.
  path: Assets/Studio33 Interactive_[BasketBall] v1.1/Animations/Basketball Motions Humanoid/790_PassfakeBasebaA.fbx
  artifactKey: Guid(f3297b37685283348b7895d4d67fa765) Importer(2089858483,b0f066a214c2f5e87bad3c948f4d605d)
Start importing Assets/Studio33 Interactive_[BasketBall] v1.1/Animations/Basketball Motions Humanoid/790_PassfakeBasebaA.fbx using Guid(f3297b37685283348b7895d4d67fa765) Importer(2089858483,b0f066a214c2f5e87bad3c948f4d605d) (ScriptedImporter) -> (artifact id: 'ef7d7bb3e37fba96632a5a44a8d2f74d') in 0.0293873 seconds
Number of updated asset objects reloaded before import = 0Number of asset objects unloaded after import = 154

========================================================================
Received Import Request.
  Time since last request: 0.000030 seconds.
  path: Assets/Studio33 Interactive_[BasketBall] v1.1/Animations/Basketball Motions_Generic/113_Shadowblolong.fbx
  artifactKey: Guid(7f9ba1ef72d80f3489be4ab82b249a60) Importer(2089858483,b0f066a214c2f5e87bad3c948f4d605d)
Start importing Assets/Studio33 Interactive_[BasketBall] v1.1/Animations/Basketball Motions_Generic/113_Shadowblolong.fbx using Guid(7f9ba1ef72d80f3489be4ab82b249a60) Importer(2089858483,b0f066a214c2f5e87bad3c948f4d605d) (ScriptedImporter) -> (artifact id: '41af11bcc6c6df5ed18b12b7317a56b1') in 0.021247 seconds
Number of updated asset objects reloaded before import = 0Number of asset objects unloaded after import = 152

========================================================================
Received Import Request.
  Time since last request: 0.000029 seconds.
  path: Assets/Studio33 Interactive_[BasketBall] v1.1/Animations/Basketball Motions_Generic/139_PostPushFrontA.fbx
  artifactKey: Guid(f3ac574c4ac445e47926a9cd06693335) Importer(2089858483,b0f066a214c2f5e87bad3c948f4d605d)
Start importing Assets/Studio33 Interactive_[BasketBall] v1.1/Animations/Basketball Motions_Generic/139_PostPushFrontA.fbx using Guid(f3ac574c4ac445e47926a9cd06693335) Importer(2089858483,b0f066a214c2f5e87bad3c948f4d605d) (ScriptedImporter) -> (artifact id: '2a2cc48f88f1826746107810216154d9') in 0.0241739 seconds
Number of updated asset objects reloaded before import = 0Number of asset objects unloaded after import = 152

========================================================================
Received Import Request.
  Time since last request: 0.000045 seconds.
  path: Assets/Studio33 Interactive_[BasketBall] v1.1/Animations/Basketball Motions_Generic/106_BlockingshortLayupF.fbx
  artifactKey: Guid(5c0ed40bc9d7dbe469e0bc4b00f45840) Importer(2089858483,b0f066a214c2f5e87bad3c948f4d605d)
Start importing Assets/Studio33 Interactive_[BasketBall] v1.1/Animations/Basketball Motions_Generic/106_BlockingshortLayupF.fbx using Guid(5c0ed40bc9d7dbe469e0bc4b00f45840) Importer(2089858483,b0f066a214c2f5e87bad3c948f4d605d) (ScriptedImporter) -> (artifact id: '5b7a076207db41b6f2a79376526b1736') in 0.023693 seconds
Number of updated asset objects reloaded before import = 0Number of asset objects unloaded after import = 152

========================================================================
Received Import Request.
  Time since last request: 0.000022 seconds.
  path: Assets/Studio33 Interactive_[BasketBall] v1.1/Animations/Basketball Motions_Generic/529_BehindshootMFakeA.fbx
  artifactKey: Guid(3312dbb1cfbe6804498139db16d7b429) Importer(2089858483,b0f066a214c2f5e87bad3c948f4d605d)
Start importing Assets/Studio33 Interactive_[BasketBall] v1.1/Animations/Basketball Motions_Generic/529_BehindshootMFakeA.fbx using Guid(3312dbb1cfbe6804498139db16d7b429) Importer(2089858483,b0f066a214c2f5e87bad3c948f4d605d) (ScriptedImporter) -> (artifact id: 'e6a7ee287488716e0dfafbedcf4b2beb') in 0.0234988 seconds
Number of updated asset objects reloaded before import = 0Number of asset objects unloaded after import = 152

========================================================================
Received Import Request.
  Time since last request: 0.000030 seconds.
  path: Assets/Studio33 Interactive_[BasketBall] v1.1/33_basket ball test animations/player/basketballPlayer.prefab
  artifactKey: Guid(63e6e0db063f790428c3e7e96279c080) Importer(2089858483,b0f066a214c2f5e87bad3c948f4d605d)
Start importing Assets/Studio33 Interactive_[BasketBall] v1.1/33_basket ball test animations/player/basketballPlayer.prefab using Guid(63e6e0db063f790428c3e7e96279c080) Importer(2089858483,b0f066a214c2f5e87bad3c948f4d605d) (ScriptedImporter) -> (artifact id: '049b74a095b386b9623e05056f7729f1') in 0.0212504 seconds
Number of updated asset objects reloaded before import = 0Number of asset objects unloaded after import = 306

========================================================================
Received Import Request.
  Time since last request: 0.000026 seconds.
  path: Assets/Studio33 Interactive_[BasketBall] v1.1/Animations/Basketball Motions_Generic/1318_DunkRA.fbx
  artifactKey: Guid(071028b80eae5a44c82526377c211a31) Importer(2089858483,b0f066a214c2f5e87bad3c948f4d605d)
Start importing Assets/Studio33 Interactive_[BasketBall] v1.1/Animations/Basketball Motions_Generic/1318_DunkRA.fbx using Guid(071028b80eae5a44c82526377c211a31) Importer(2089858483,b0f066a214c2f5e87bad3c948f4d605d) (ScriptedImporter) -> (artifact id: '26855176cd1841dcd0a6aeeb462a0c6f') in 0.025292 seconds
Number of updated asset objects reloaded before import = 0Number of asset objects unloaded after import = 152

========================================================================
Received Import Request.
  Time since last request: 0.000035 seconds.
  path: Assets/Studio33 Interactive_[BasketBall] v1.1/Animations/Basketball Motions Humanoid/262_CrossFakeThLRLA.fbx
  artifactKey: Guid(cf932c93334119d4b8920823e4fd9e4f) Importer(2089858483,b0f066a214c2f5e87bad3c948f4d605d)
Start importing Assets/Studio33 Interactive_[BasketBall] v1.1/Animations/Basketball Motions Humanoid/262_CrossFakeThLRLA.fbx using Guid(cf932c93334119d4b8920823e4fd9e4f) Importer(2089858483,b0f066a214c2f5e87bad3c948f4d605d) (ScriptedImporter) -> (artifact id: '7299b6a8bed6a63265fa776b46c50e16') in 0.024857 seconds
Number of updated asset objects reloaded before import = 0Number of asset objects unloaded after import = 154

========================================================================
Received Import Request.
  Time since last request: 0.000029 seconds.
  path: Assets/Studio33 Interactive_[BasketBall] v1.1/Animations/Basketball Motions_Generic/1184_DunkRA.fbx
  artifactKey: Guid(88c6a708e33ac5e4abbb2f179b95da19) Importer(2089858483,b0f066a214c2f5e87bad3c948f4d605d)
Start importing Assets/Studio33 Interactive_[BasketBall] v1.1/Animations/Basketball Motions_Generic/1184_DunkRA.fbx using Guid(88c6a708e33ac5e4abbb2f179b95da19) Importer(2089858483,b0f066a214c2f5e87bad3c948f4d605d) (ScriptedImporter) -> (artifact id: '967ab4dc9348d23cdc7dd7f2e62ba324') in 0.0278998 seconds
Number of updated asset objects reloaded before import = 0Number of asset objects unloaded after import = 152

========================================================================
Received Import Request.
  Time since last request: 0.000024 seconds.
  path: Assets/Studio33 Interactive_[BasketBall] v1.1/Animations/Basketball Motions Humanoid/1958_JumpshotCAA.fbx
  artifactKey: Guid(22a6bfb74365c07459de08b0b0926193) Importer(2089858483,b0f066a214c2f5e87bad3c948f4d605d)
Start importing Assets/Studio33 Interactive_[BasketBall] v1.1/Animations/Basketball Motions Humanoid/1958_JumpshotCAA.fbx using Guid(22a6bfb74365c07459de08b0b0926193) Importer(2089858483,b0f066a214c2f5e87bad3c948f4d605d) (ScriptedImporter) -> (artifact id: 'cc434c4c119f1691247d00662a213582') in 0.0280841 seconds
Number of updated asset objects reloaded before import = 0Number of asset objects unloaded after import = 154

========================================================================
Received Import Request.
  Time since last request: 0.000030 seconds.
  path: Assets/Studio33 Interactive_[BasketBall] v1.1/Animations/Basketball Motions_Generic/2206_UpperstealA.fbx
  artifactKey: Guid(864dbc8c4c716d9438faf063f0159979) Importer(2089858483,b0f066a214c2f5e87bad3c948f4d605d)
Start importing Assets/Studio33 Interactive_[BasketBall] v1.1/Animations/Basketball Motions_Generic/2206_UpperstealA.fbx using Guid(864dbc8c4c716d9438faf063f0159979) Importer(2089858483,b0f066a214c2f5e87bad3c948f4d605d) (ScriptedImporter) -> (artifact id: '9b1b40a539fbec45d5b3462128cd9741') in 0.0293539 seconds
Number of updated asset objects reloaded before import = 0Number of asset objects unloaded after import = 152

========================================================================
Received Import Request.
  Time since last request: 0.000043 seconds.
  path: Assets/Studio33 Interactive_[BasketBall] v1.1/Animations/Basketball Motions_Generic/1641_TurbafakeA.fbx
  artifactKey: Guid(786ca54881395e34d8f9fdf06c96bf46) Importer(2089858483,b0f066a214c2f5e87bad3c948f4d605d)
Start importing Assets/Studio33 Interactive_[BasketBall] v1.1/Animations/Basketball Motions_Generic/1641_TurbafakeA.fbx using Guid(786ca54881395e34d8f9fdf06c96bf46) Importer(2089858483,b0f066a214c2f5e87bad3c948f4d605d) (ScriptedImporter) -> (artifact id: 'd5ed262dd9bc5a12bc5d7321a5358b67') in 0.0244102 seconds
Number of updated asset objects reloaded before import = 0Number of asset objects unloaded after import = 152

========================================================================
Received Import Request.
  Time since last request: 0.000026 seconds.
  path: Assets/Studio33 Interactive_[BasketBall] v1.1/Animations/Basketball Motions_Generic/2156_Idrage.fbx
  artifactKey: Guid(e78b8d0b816a87f4485b69fa75f2a7d1) Importer(2089858483,b0f066a214c2f5e87bad3c948f4d605d)
Start importing Assets/Studio33 Interactive_[BasketBall] v1.1/Animations/Basketball Motions_Generic/2156_Idrage.fbx using Guid(e78b8d0b816a87f4485b69fa75f2a7d1) Importer(2089858483,b0f066a214c2f5e87bad3c948f4d605d) (ScriptedImporter) -> (artifact id: 'b52393102e62b3ffc4c4ae8f6c10ef65') in 0.0236471 seconds
Number of updated asset objects reloaded before import = 0Number of asset objects unloaded after import = 152

========================================================================
Received Import Request.
  Time since last request: 0.000028 seconds.
  path: Assets/Studio33 Interactive_[BasketBall] v1.1/Animations/Basketball Motions Humanoid/1038_TappassTapRA.fbx
  artifactKey: Guid(cc93f96ff3866ae44926b14c3da45541) Importer(2089858483,b0f066a214c2f5e87bad3c948f4d605d)
Start importing Assets/Studio33 Interactive_[BasketBall] v1.1/Animations/Basketball Motions Humanoid/1038_TappassTapRA.fbx using Guid(cc93f96ff3866ae44926b14c3da45541) Importer(2089858483,b0f066a214c2f5e87bad3c948f4d605d) (ScriptedImporter) -> (artifact id: '69a58204db8ffd7b7e284b97b36a8480') in 0.0262587 seconds
Number of updated asset objects reloaded before import = 0Number of asset objects unloaded after import = 154

========================================================================
Received Import Request.
  Time since last request: 0.000028 seconds.
  path: Assets/Studio33 Interactive_[BasketBall] v1.1/Animations/Basketball Motions_Generic/633_DivpassRA.fbx
  artifactKey: Guid(38aaebb5c775af8449775977d9222d11) Importer(2089858483,b0f066a214c2f5e87bad3c948f4d605d)
Start importing Assets/Studio33 Interactive_[BasketBall] v1.1/Animations/Basketball Motions_Generic/633_DivpassRA.fbx using Guid(38aaebb5c775af8449775977d9222d11) Importer(2089858483,b0f066a214c2f5e87bad3c948f4d605d) (ScriptedImporter) -> (artifact id: 'dd0ffd321b25d3a495632c00e4c09f05') in 0.0239721 seconds
Number of updated asset objects reloaded before import = 0Number of asset objects unloaded after import = 152

========================================================================
Received Import Request.
  Time since last request: 0.000033 seconds.
  path: Assets/Studio33 Interactive_[BasketBall] v1.1/Animations/Basketball Motions Humanoid/981_Rebound fC.fbx
  artifactKey: Guid(130b0fd10f3e4ed4db9eb545c057e636) Importer(2089858483,b0f066a214c2f5e87bad3c948f4d605d)
Start importing Assets/Studio33 Interactive_[BasketBall] v1.1/Animations/Basketball Motions Humanoid/981_Rebound fC.fbx using Guid(130b0fd10f3e4ed4db9eb545c057e636) Importer(2089858483,b0f066a214c2f5e87bad3c948f4d605d) (ScriptedImporter) -> (artifact id: '269d374cf75cf6468c8faba0abf4c9f0') in 0.0243814 seconds
Number of updated asset objects reloaded before import = 0Number of asset objects unloaded after import = 154

========================================================================
Received Import Request.
  Time since last request: 0.000021 seconds.
  path: Assets/Studio33 Interactive_[BasketBall] v1.1/Animations/Basketball Motions_Generic/2151_PivotLFA.fbx
  artifactKey: Guid(c947199dbc4243149bfc5e312a0eef4e) Importer(2089858483,b0f066a214c2f5e87bad3c948f4d605d)
Start importing Assets/Studio33 Interactive_[BasketBall] v1.1/Animations/Basketball Motions_Generic/2151_PivotLFA.fbx using Guid(c947199dbc4243149bfc5e312a0eef4e) Importer(2089858483,b0f066a214c2f5e87bad3c948f4d605d) (ScriptedImporter) -> (artifact id: '01e364083ddac1a9f4d13ba18a5a5a71') in 0.0263565 seconds
Number of updated asset objects reloaded before import = 0Number of asset objects unloaded after import = 152

========================================================================
Received Import Request.
  Time since last request: 0.000023 seconds.
  path: Assets/Studio33 Interactive_[BasketBall] v1.1/Animations/Basketball Motions_Generic/161_MovePushedBa.fbx
  artifactKey: Guid(e0c167d35c0760a49a4b91f6a20e5e27) Importer(2089858483,b0f066a214c2f5e87bad3c948f4d605d)
Start importing Assets/Studio33 Interactive_[BasketBall] v1.1/Animations/Basketball Motions_Generic/161_MovePushedBa.fbx using Guid(e0c167d35c0760a49a4b91f6a20e5e27) Importer(2089858483,b0f066a214c2f5e87bad3c948f4d605d) (ScriptedImporter) -> (artifact id: '74c26ba075573a6e6605c295e4db94c7') in 0.0238911 seconds
Number of updated asset objects reloaded before import = 0Number of asset objects unloaded after import = 152

========================================================================
Received Import Request.
  Time since last request: 0.000027 seconds.
  path: Assets/Studio33 Interactive_[BasketBall] v1.1/Animations/Basketball Motions_Generic/62_BlockinglongNearL.fbx
  artifactKey: Guid(2cde0e3b97a25474384dfefa597c5d21) Importer(2089858483,b0f066a214c2f5e87bad3c948f4d605d)
Start importing Assets/Studio33 Interactive_[BasketBall] v1.1/Animations/Basketball Motions_Generic/62_BlockinglongNearL.fbx using Guid(2cde0e3b97a25474384dfefa597c5d21) Importer(2089858483,b0f066a214c2f5e87bad3c948f4d605d) (ScriptedImporter) -> (artifact id: '6be3aea28908b6a164901da13e1477b5') in 0.0268978 seconds
Number of updated asset objects reloaded before import = 0Number of asset objects unloaded after import = 152

========================================================================
Received Import Request.
  Time since last request: 0.000042 seconds.
  path: Assets/Studio33 Interactive_[BasketBall] v1.1/Animations/Basketball Motions_Generic/210_Driveiblo.fbx
  artifactKey: Guid(7a07e15bde06774499c9bc5a67af2255) Importer(2089858483,b0f066a214c2f5e87bad3c948f4d605d)
Start importing Assets/Studio33 Interactive_[BasketBall] v1.1/Animations/Basketball Motions_Generic/210_Driveiblo.fbx using Guid(7a07e15bde06774499c9bc5a67af2255) Importer(2089858483,b0f066a214c2f5e87bad3c948f4d605d) (ScriptedImporter) -> (artifact id: '2dc58d4429739227d9d64090a47585a5') in 0.0242666 seconds
Number of updated asset objects reloaded before import = 0Number of asset objects unloaded after import = 152

========================================================================
Received Import Request.
  Time since last request: 0.000035 seconds.
  path: Assets/Studio33 Interactive_[BasketBall] v1.1/Animations/Basketball Motions Humanoid/941_ChipoutA.fbx
  artifactKey: Guid(f2d14957f6e2b654ebfe8a119373796c) Importer(2089858483,b0f066a214c2f5e87bad3c948f4d605d)
Start importing Assets/Studio33 Interactive_[BasketBall] v1.1/Animations/Basketball Motions Humanoid/941_ChipoutA.fbx using Guid(f2d14957f6e2b654ebfe8a119373796c) Importer(2089858483,b0f066a214c2f5e87bad3c948f4d605d) (ScriptedImporter) -> (artifact id: 'd406a215bfc5c94bfd9e04e721a0457c') in 0.02814 seconds
Number of updated asset objects reloaded before import = 0Number of asset objects unloaded after import = 154

========================================================================
Received Import Request.
  Time since last request: 0.000024 seconds.
  path: Assets/Studio33 Interactive_[BasketBall] v1.1/Animations/Basketball Motions_Generic/1794_DunkCA.fbx
  artifactKey: Guid(e20ccd0fcf2675940acf3e157f051d8d) Importer(2089858483,b0f066a214c2f5e87bad3c948f4d605d)
Start importing Assets/Studio33 Interactive_[BasketBall] v1.1/Animations/Basketball Motions_Generic/1794_DunkCA.fbx using Guid(e20ccd0fcf2675940acf3e157f051d8d) Importer(2089858483,b0f066a214c2f5e87bad3c948f4d605d) (ScriptedImporter) -> (artifact id: '79ee051dd4ea3b83af853a2f0ede317d') in 0.0260543 seconds
Number of updated asset objects reloaded before import = 0Number of asset objects unloaded after import = 152

========================================================================
Received Import Request.
  Time since last request: 0.000033 seconds.
  path: Assets/Studio33 Interactive_[BasketBall] v1.1/Animations/Basketball Motions_Generic/1510_AlleyoopDclutchRightA.fbx
  artifactKey: Guid(67c8928b6b4fb1d469a111b71e18443a) Importer(2089858483,b0f066a214c2f5e87bad3c948f4d605d)
Start importing Assets/Studio33 Interactive_[BasketBall] v1.1/Animations/Basketball Motions_Generic/1510_AlleyoopDclutchRightA.fbx using Guid(67c8928b6b4fb1d469a111b71e18443a) Importer(2089858483,b0f066a214c2f5e87bad3c948f4d605d) (ScriptedImporter) -> (artifact id: '5a620ce074ecc5ace792a361f7cd1dfb') in 0.0235933 seconds
Number of updated asset objects reloaded before import = 0Number of asset objects unloaded after import = 152

========================================================================
Received Import Request.
  Time since last request: 0.000037 seconds.
  path: Assets/Studio33 Interactive_[BasketBall] v1.1/Animations/Basketball Motions Humanoid/348_TurnstepFLA.fbx
  artifactKey: Guid(b16893c76abbfbf4dac682590609753f) Importer(2089858483,b0f066a214c2f5e87bad3c948f4d605d)
Start importing Assets/Studio33 Interactive_[BasketBall] v1.1/Animations/Basketball Motions Humanoid/348_TurnstepFLA.fbx using Guid(b16893c76abbfbf4dac682590609753f) Importer(2089858483,b0f066a214c2f5e87bad3c948f4d605d) (ScriptedImporter) -> (artifact id: '122d3c9c4538b87a50a4ab1beb815e00') in 0.0263812 seconds
Number of updated asset objects reloaded before import = 0Number of asset objects unloaded after import = 154

========================================================================
Received Import Request.
  Time since last request: 0.000031 seconds.
  path: Assets/Studio33 Interactive_[BasketBall] v1.1/Animations/Basketball Motions_Generic/1018_Rebound fB.fbx
  artifactKey: Guid(206a26c3ad0efcd4583a99548fd68ae4) Importer(2089858483,b0f066a214c2f5e87bad3c948f4d605d)
Start importing Assets/Studio33 Interactive_[BasketBall] v1.1/Animations/Basketball Motions_Generic/1018_Rebound fB.fbx using Guid(206a26c3ad0efcd4583a99548fd68ae4) Importer(2089858483,b0f066a214c2f5e87bad3c948f4d605d) (ScriptedImporter) -> (artifact id: 'bf4e99b3ffd3efc3df146a7d6b1a9454') in 0.0269092 seconds
Number of updated asset objects reloaded before import = 0Number of asset objects unloaded after import = 152

========================================================================
Received Import Request.
  Time since last request: 0.000022 seconds.
  path: Assets/Studio33 Interactive_[BasketBall] v1.1/Animations/Basketball Motions Humanoid/340_JabstepLLA.fbx
  artifactKey: Guid(c3e8075dbbc2fd04d97246a555953da9) Importer(2089858483,b0f066a214c2f5e87bad3c948f4d605d)
Start importing Assets/Studio33 Interactive_[BasketBall] v1.1/Animations/Basketball Motions Humanoid/340_JabstepLLA.fbx using Guid(c3e8075dbbc2fd04d97246a555953da9) Importer(2089858483,b0f066a214c2f5e87bad3c948f4d605d) (ScriptedImporter) -> (artifact id: 'db19baea7cf8e2ee4b27df662c4c174e') in 0.0261397 seconds
Number of updated asset objects reloaded before import = 0Number of asset objects unloaded after import = 154

========================================================================
Received Import Request.
  Time since last request: 0.000025 seconds.
  path: Assets/Studio33 Interactive_[BasketBall] v1.1/Animations/Basketball Motions Humanoid/85_BlockingckpassShortJumpFFA.fbx
  artifactKey: Guid(2c20e33fa78ffd34ca2a5874dbc9cd80) Importer(2089858483,b0f066a214c2f5e87bad3c948f4d605d)
Start importing Assets/Studio33 Interactive_[BasketBall] v1.1/Animations/Basketball Motions Humanoid/85_BlockingckpassShortJumpFFA.fbx using Guid(2c20e33fa78ffd34ca2a5874dbc9cd80) Importer(2089858483,b0f066a214c2f5e87bad3c948f4d605d) (ScriptedImporter) -> (artifact id: 'ffd49efba52103578ec4a4dd1612008f') in 0.0300063 seconds
Number of updated asset objects reloaded before import = 0Number of asset objects unloaded after import = 154

========================================================================
Received Import Request.
  Time since last request: 0.000080 seconds.
  path: Assets/Studio33 Interactive_[BasketBall] v1.1/Animations/Basketball Motions Humanoid/1133_AlleyoopDclutchFRightA.fbx
  artifactKey: Guid(db58bd9421bbd9846940e3058ff6cee6) Importer(2089858483,b0f066a214c2f5e87bad3c948f4d605d)
Start importing Assets/Studio33 Interactive_[BasketBall] v1.1/Animations/Basketball Motions Humanoid/1133_AlleyoopDclutchFRightA.fbx using Guid(db58bd9421bbd9846940e3058ff6cee6) Importer(2089858483,b0f066a214c2f5e87bad3c948f4d605d) (ScriptedImporter) -> (artifact id: 'db9abcd59c65b4b0f7991423fb48b5e6') in 0.0284127 seconds
Number of updated asset objects reloaded before import = 0Number of asset objects unloaded after import = 154

========================================================================
Received Import Request.
  Time since last request: 0.000029 seconds.
  path: Assets/Studio33 Interactive_[BasketBall] v1.1/Animations/Basketball Motions Humanoid/1281_DunkCA.fbx
  artifactKey: Guid(4bb04c63cf09d5a47ac4d006a6c6ea73) Importer(2089858483,b0f066a214c2f5e87bad3c948f4d605d)
Start importing Assets/Studio33 Interactive_[BasketBall] v1.1/Animations/Basketball Motions Humanoid/1281_DunkCA.fbx using Guid(4bb04c63cf09d5a47ac4d006a6c6ea73) Importer(2089858483,b0f066a214c2f5e87bad3c948f4d605d) (ScriptedImporter) -> (artifact id: 'e5273f76497a5378faf5fdedb416a46d') in 0.0339348 seconds
Number of updated asset objects reloaded before import = 0Number of asset objects unloaded after import = 154

========================================================================
Received Import Request.
  Time since last request: 0.000035 seconds.
  path: Assets/Studio33 Interactive_[BasketBall] v1.1/Animations/Basketball Motions Humanoid/440_FrontDenyA.fbx
  artifactKey: Guid(2d98ffa15298bbd45bb9f882ebe437e0) Importer(2089858483,b0f066a214c2f5e87bad3c948f4d605d)
Start importing Assets/Studio33 Interactive_[BasketBall] v1.1/Animations/Basketball Motions Humanoid/440_FrontDenyA.fbx using Guid(2d98ffa15298bbd45bb9f882ebe437e0) Importer(2089858483,b0f066a214c2f5e87bad3c948f4d605d) (ScriptedImporter) -> (artifact id: 'a0e3fbba445effaac154a27b5239b1ac') in 0.0329724 seconds
Number of updated asset objects reloaded before import = 0Number of asset objects unloaded after import = 154

========================================================================
Received Import Request.
  Time since last request: 0.000092 seconds.
  path: Assets/Studio33 Interactive_[BasketBall] v1.1/Animations/Basketball Motions_Generic/2051_DunkRA.fbx
  artifactKey: Guid(2d79fb6d11f0c1644a19d7ace8354f19) Importer(2089858483,b0f066a214c2f5e87bad3c948f4d605d)
Start importing Assets/Studio33 Interactive_[BasketBall] v1.1/Animations/Basketball Motions_Generic/2051_DunkRA.fbx using Guid(2d79fb6d11f0c1644a19d7ace8354f19) Importer(2089858483,b0f066a214c2f5e87bad3c948f4d605d) (ScriptedImporter) -> (artifact id: '2858ccb2501822bfe3f99e0e6890aa26') in 0.0291103 seconds
Number of updated asset objects reloaded before import = 0Number of asset objects unloaded after import = 152

========================================================================
Received Import Request.
  Time since last request: 0.000049 seconds.
  path: Assets/Studio33 Interactive_[BasketBall] v1.1/Animations/Basketball Motions_Generic/1234_LayupfakeDclutchRRightA.fbx
  artifactKey: Guid(c1dadd37848d1434c9d0b6d90c27a074) Importer(2089858483,b0f066a214c2f5e87bad3c948f4d605d)
Start importing Assets/Studio33 Interactive_[BasketBall] v1.1/Animations/Basketball Motions_Generic/1234_LayupfakeDclutchRRightA.fbx using Guid(c1dadd37848d1434c9d0b6d90c27a074) Importer(2089858483,b0f066a214c2f5e87bad3c948f4d605d) (ScriptedImporter) -> (artifact id: '5b9426145cb6a3eaba24de8e97ab895d') in 0.0336277 seconds
Number of updated asset objects reloaded before import = 0Number of asset objects unloaded after import = 152

========================================================================
Received Import Request.
  Time since last request: 0.000040 seconds.
  path: Assets/Studio33 Interactive_[BasketBall] v1.1/Animations/Basketball Motions Humanoid/1466_DunkCA.fbx
  artifactKey: Guid(059eb04326afea34199ad991e327b3fb) Importer(2089858483,b0f066a214c2f5e87bad3c948f4d605d)
Start importing Assets/Studio33 Interactive_[BasketBall] v1.1/Animations/Basketball Motions Humanoid/1466_DunkCA.fbx using Guid(059eb04326afea34199ad991e327b3fb) Importer(2089858483,b0f066a214c2f5e87bad3c948f4d605d) (ScriptedImporter) -> (artifact id: 'cb3ce949d3341ea98a4c99723790fae2') in 0.0366066 seconds
Number of updated asset objects reloaded before import = 0Number of asset objects unloaded after import = 154

========================================================================
Received Import Request.
  Time since last request: 0.000038 seconds.
  path: Assets/Studio33 Interactive_[BasketBall] v1.1/Animations/Basketball Motions Humanoid/200_MovePushedFront.fbx
  artifactKey: Guid(df54bbc781586f8418676fafb8073625) Importer(2089858483,b0f066a214c2f5e87bad3c948f4d605d)
Start importing Assets/Studio33 Interactive_[BasketBall] v1.1/Animations/Basketball Motions Humanoid/200_MovePushedFront.fbx using Guid(df54bbc781586f8418676fafb8073625) Importer(2089858483,b0f066a214c2f5e87bad3c948f4d605d) (ScriptedImporter) -> (artifact id: '79a9f6523d3c009d9f69a72de1a92d92') in 0.0276029 seconds
Number of updated asset objects reloaded before import = 0Number of asset objects unloaded after import = 154

========================================================================
Received Import Request.
  Time since last request: 0.000023 seconds.
  path: Assets/Studio33 Interactive_[BasketBall] v1.1/Animations/Basketball Motions_Generic/1795_DunkCA.fbx
  artifactKey: Guid(f2ee626b8ad4d964788df454380b53a3) Importer(2089858483,b0f066a214c2f5e87bad3c948f4d605d)
Start importing Assets/Studio33 Interactive_[BasketBall] v1.1/Animations/Basketball Motions_Generic/1795_DunkCA.fbx using Guid(f2ee626b8ad4d964788df454380b53a3) Importer(2089858483,b0f066a214c2f5e87bad3c948f4d605d) (ScriptedImporter) -> (artifact id: 'cbfc0f4c7807ede1a4b31d1fdcf27308') in 0.0273683 seconds
Number of updated asset objects reloaded before import = 0Number of asset objects unloaded after import = 152

========================================================================
Received Import Request.
  Time since last request: 0.000026 seconds.
  path: Assets/Studio33 Interactive_[BasketBall] v1.1/Animations/Basketball Motions_Generic/1199_DunkRA.fbx
  artifactKey: Guid(e4de8d890aaf261489e4e38cea0a7c40) Importer(2089858483,b0f066a214c2f5e87bad3c948f4d605d)
Start importing Assets/Studio33 Interactive_[BasketBall] v1.1/Animations/Basketball Motions_Generic/1199_DunkRA.fbx using Guid(e4de8d890aaf261489e4e38cea0a7c40) Importer(2089858483,b0f066a214c2f5e87bad3c948f4d605d) (ScriptedImporter) -> (artifact id: '91572b23a0be5016e14603d5aa261b3c') in 0.0300846 seconds
Number of updated asset objects reloaded before import = 0Number of asset objects unloaded after import = 152

========================================================================
Received Import Request.
  Time since last request: 0.000028 seconds.
  path: Assets/Studio33 Interactive_[BasketBall] v1.1/Animations/Basketball Motions_Generic/671_Run.fbx
  artifactKey: Guid(acc5a899e606be44494397b2076c7fff) Importer(2089858483,b0f066a214c2f5e87bad3c948f4d605d)
Start importing Assets/Studio33 Interactive_[BasketBall] v1.1/Animations/Basketball Motions_Generic/671_Run.fbx using Guid(acc5a899e606be44494397b2076c7fff) Importer(2089858483,b0f066a214c2f5e87bad3c948f4d605d) (ScriptedImporter) -> (artifact id: 'f0766c321a4f4b8cc6b19ec366ae3975') in 0.0263436 seconds
Number of updated asset objects reloaded before import = 0Number of asset objects unloaded after import = 152

========================================================================
Received Import Request.
  Time since last request: 0.000032 seconds.
  path: Assets/Studio33 Interactive_[BasketBall] v1.1/Animations/Basketball Motions Humanoid/698_NpassFA.fbx
  artifactKey: Guid(c2644c0342b8bb8449e9697098a4d082) Importer(2089858483,b0f066a214c2f5e87bad3c948f4d605d)
Start importing Assets/Studio33 Interactive_[BasketBall] v1.1/Animations/Basketball Motions Humanoid/698_NpassFA.fbx using Guid(c2644c0342b8bb8449e9697098a4d082) Importer(2089858483,b0f066a214c2f5e87bad3c948f4d605d) (ScriptedImporter) -> (artifact id: 'c5d5dfbea64b5378cc8859e349255acd') in 0.0258461 seconds
Number of updated asset objects reloaded before import = 0Number of asset objects unloaded after import = 154

========================================================================
Received Import Request.
  Time since last request: 0.000026 seconds.
  path: Assets/Studio33 Interactive_[BasketBall] v1.1/33_basket ball test animations/player/Back_number/Back_number_R/Rack_number_R_c14.png
  artifactKey: Guid(b6bca9b9516695a469ddd8f1929dd51c) Importer(2089858483,b0f066a214c2f5e87bad3c948f4d605d)
Start importing Assets/Studio33 Interactive_[BasketBall] v1.1/33_basket ball test animations/player/Back_number/Back_number_R/Rack_number_R_c14.png using Guid(b6bca9b9516695a469ddd8f1929dd51c) Importer(2089858483,b0f066a214c2f5e87bad3c948f4d605d) (ScriptedImporter) -> (artifact id: 'ab6234fa122e2cbe17070ce6fb8a3b9f') in 0.0185214 seconds
Number of updated asset objects reloaded before import = 0Number of asset objects unloaded after import = 1

========================================================================
Received Import Request.
  Time since last request: 0.000021 seconds.
  path: Assets/Studio33 Interactive_[BasketBall] v1.1/Animations/Basketball Motions Humanoid/2096_DunkShoulderCA.fbx
  artifactKey: Guid(82bd4305ebd776544bd17d2c381cabe0) Importer(2089858483,b0f066a214c2f5e87bad3c948f4d605d)
Start importing Assets/Studio33 Interactive_[BasketBall] v1.1/Animations/Basketball Motions Humanoid/2096_DunkShoulderCA.fbx using Guid(82bd4305ebd776544bd17d2c381cabe0) Importer(2089858483,b0f066a214c2f5e87bad3c948f4d605d) (ScriptedImporter) -> (artifact id: 'e0026831d7d79ebb24cabee3d41d5fdf') in 0.0259107 seconds
Number of updated asset objects reloaded before import = 0Number of asset objects unloaded after import = 154

========================================================================
Received Import Request.
  Time since last request: 0.000037 seconds.
  path: Assets/Studio33 Interactive_[BasketBall] v1.1/Animations/Basketball Motions Humanoid/1633_AlleyoopRSA.fbx
  artifactKey: Guid(f522b3ea9637b8b4197efc3c1eb4d868) Importer(2089858483,b0f066a214c2f5e87bad3c948f4d605d)
Start importing Assets/Studio33 Interactive_[BasketBall] v1.1/Animations/Basketball Motions Humanoid/1633_AlleyoopRSA.fbx using Guid(f522b3ea9637b8b4197efc3c1eb4d868) Importer(2089858483,b0f066a214c2f5e87bad3c948f4d605d) (ScriptedImporter) -> (artifact id: '1ca3aa28a3cf4133bffe03faa5ea2109') in 0.0288183 seconds
Number of updated asset objects reloaded before import = 0Number of asset objects unloaded after import = 154

========================================================================
Received Import Request.
  Time since last request: 0.000050 seconds.
  path: Assets/Studio33 Interactive_[BasketBall] v1.1/Animations/Basketball Motions_Generic/1545_JumpshotUAA.fbx
  artifactKey: Guid(4663faa12e83d7b43a72f77934bf19a2) Importer(2089858483,b0f066a214c2f5e87bad3c948f4d605d)
Start importing Assets/Studio33 Interactive_[BasketBall] v1.1/Animations/Basketball Motions_Generic/1545_JumpshotUAA.fbx using Guid(4663faa12e83d7b43a72f77934bf19a2) Importer(2089858483,b0f066a214c2f5e87bad3c948f4d605d) (ScriptedImporter) -> (artifact id: '8860af55e1176ed012bd0e81cf2373aa') in 0.0228077 seconds
Number of updated asset objects reloaded before import = 0Number of asset objects unloaded after import = 152

========================================================================
Received Import Request.
  Time since last request: 0.000037 seconds.
  path: Assets/Studio33 Interactive_[BasketBall] v1.1/Animations/Basketball Motions_Generic/396_CutirLA.fbx
  artifactKey: Guid(675e448623a746f4daeef5282d1c176e) Importer(2089858483,b0f066a214c2f5e87bad3c948f4d605d)
Start importing Assets/Studio33 Interactive_[BasketBall] v1.1/Animations/Basketball Motions_Generic/396_CutirLA.fbx using Guid(675e448623a746f4daeef5282d1c176e) Importer(2089858483,b0f066a214c2f5e87bad3c948f4d605d) (ScriptedImporter) -> (artifact id: 'ed3ea5d1e40a78379f272941f8467631') in 0.0240358 seconds
Number of updated asset objects reloaded before import = 0Number of asset objects unloaded after import = 152

========================================================================
Received Import Request.
  Time since last request: 0.000024 seconds.
  path: Assets/Studio33 Interactive_[BasketBall] v1.1/Animations/Basketball Motions Humanoid/1224_LayupCA.fbx
  artifactKey: Guid(6eb6e63522be9bc4dbd35aaf114a3158) Importer(2089858483,b0f066a214c2f5e87bad3c948f4d605d)
Start importing Assets/Studio33 Interactive_[BasketBall] v1.1/Animations/Basketball Motions Humanoid/1224_LayupCA.fbx using Guid(6eb6e63522be9bc4dbd35aaf114a3158) Importer(2089858483,b0f066a214c2f5e87bad3c948f4d605d) (ScriptedImporter) -> (artifact id: '0d0bab71c056a0da27c3081ca85c1e18') in 0.025618 seconds
Number of updated asset objects reloaded before import = 0Number of asset objects unloaded after import = 154

========================================================================
Received Import Request.
  Time since last request: 0.000036 seconds.
  path: Assets/Studio33 Interactive_[BasketBall] v1.1/Animations/Basketball Motions_Generic/792_AlleyooppassRA.fbx
  artifactKey: Guid(9c2bf373976021f40954002714b3e812) Importer(2089858483,b0f066a214c2f5e87bad3c948f4d605d)
Start importing Assets/Studio33 Interactive_[BasketBall] v1.1/Animations/Basketball Motions_Generic/792_AlleyooppassRA.fbx using Guid(9c2bf373976021f40954002714b3e812) Importer(2089858483,b0f066a214c2f5e87bad3c948f4d605d) (ScriptedImporter) -> (artifact id: '5a06811b8f7648b82b8d95adf67ca2c1') in 0.0255837 seconds
Number of updated asset objects reloaded before import = 0Number of asset objects unloaded after import = 152

========================================================================
Received Import Request.
  Time since last request: 0.000049 seconds.
  path: Assets/Studio33 Interactive_[BasketBall] v1.1/Animations/Basketball Motions Humanoid/1437_JumpshotReadyFake.fbx
  artifactKey: Guid(db7e1b77c21a11c45bb0b718623c1afc) Importer(2089858483,b0f066a214c2f5e87bad3c948f4d605d)
Start importing Assets/Studio33 Interactive_[BasketBall] v1.1/Animations/Basketball Motions Humanoid/1437_JumpshotReadyFake.fbx using Guid(db7e1b77c21a11c45bb0b718623c1afc) Importer(2089858483,b0f066a214c2f5e87bad3c948f4d605d) (ScriptedImporter) -> (artifact id: '46c1123cf6f33fc909650625a9cbe86e') in 0.0278119 seconds
Number of updated asset objects reloaded before import = 0Number of asset objects unloaded after import = 154

========================================================================
Received Import Request.
  Time since last request: 0.000029 seconds.
  path: Assets/Studio33 Interactive_[BasketBall] v1.1/Animations/Basketball Motions Humanoid/1459_DunkCA.fbx
  artifactKey: Guid(71d749f429bbea5489f34bf01a94d30a) Importer(2089858483,b0f066a214c2f5e87bad3c948f4d605d)
Start importing Assets/Studio33 Interactive_[BasketBall] v1.1/Animations/Basketball Motions Humanoid/1459_DunkCA.fbx using Guid(71d749f429bbea5489f34bf01a94d30a) Importer(2089858483,b0f066a214c2f5e87bad3c948f4d605d) (ScriptedImporter) -> (artifact id: '16a1b7cc46d98a7d5d22665048983914') in 0.027506 seconds
Number of updated asset objects reloaded before import = 0Number of asset objects unloaded after import = 154

========================================================================
Received Import Request.
  Time since last request: 0.000031 seconds.
  path: Assets/Studio33 Interactive_[BasketBall] v1.1/Animations/Basketball Motions_Generic/1461_DunkCA.fbx
  artifactKey: Guid(29814caf9738a82479b2e79369979951) Importer(2089858483,b0f066a214c2f5e87bad3c948f4d605d)
Start importing Assets/Studio33 Interactive_[BasketBall] v1.1/Animations/Basketball Motions_Generic/1461_DunkCA.fbx using Guid(29814caf9738a82479b2e79369979951) Importer(2089858483,b0f066a214c2f5e87bad3c948f4d605d) (ScriptedImporter) -> (artifact id: '01879116bf15ad2ee81f16118588709f') in 0.0262579 seconds
Number of updated asset objects reloaded before import = 0Number of asset objects unloaded after import = 152

========================================================================
Received Import Request.
  Time since last request: 0.000035 seconds.
  path: Assets/Studio33 Interactive_[BasketBall] v1.1/Animations/Basketball Motions_Generic/51_BlockingckncatchLongNearFA.fbx
  artifactKey: Guid(babbb9c08d449cd4697ffa06f7d952d7) Importer(2089858483,b0f066a214c2f5e87bad3c948f4d605d)
Start importing Assets/Studio33 Interactive_[BasketBall] v1.1/Animations/Basketball Motions_Generic/51_BlockingckncatchLongNearFA.fbx using Guid(babbb9c08d449cd4697ffa06f7d952d7) Importer(2089858483,b0f066a214c2f5e87bad3c948f4d605d) (ScriptedImporter) -> (artifact id: 'a45b8081022ed13aedac43bf6d786de4') in 0.0292663 seconds
Number of updated asset objects reloaded before import = 0Number of asset objects unloaded after import = 152

========================================================================
Received Import Request.
  Time since last request: 0.000033 seconds.
  path: Assets/Studio33 Interactive_[BasketBall] v1.1/Animations/Basketball Motions Humanoid/724_PassioverLA.fbx
  artifactKey: Guid(2d4eb6b693fdf944faed79fd2652e4f3) Importer(2089858483,b0f066a214c2f5e87bad3c948f4d605d)
Start importing Assets/Studio33 Interactive_[BasketBall] v1.1/Animations/Basketball Motions Humanoid/724_PassioverLA.fbx using Guid(2d4eb6b693fdf944faed79fd2652e4f3) Importer(2089858483,b0f066a214c2f5e87bad3c948f4d605d) (ScriptedImporter) -> (artifact id: 'af18af98d8456576c5e8ffa625689a0a') in 0.0251414 seconds
Number of updated asset objects reloaded before import = 0Number of asset objects unloaded after import = 154

========================================================================
Received Import Request.
  Time since last request: 0.000030 seconds.
  path: Assets/Studio33 Interactive_[BasketBall] v1.1/Animations/Basketball Motions Humanoid/65_BlockingshortL.fbx
  artifactKey: Guid(4b72bd0a95f28e14e9985ab7227707fa) Importer(2089858483,b0f066a214c2f5e87bad3c948f4d605d)
Start importing Assets/Studio33 Interactive_[BasketBall] v1.1/Animations/Basketball Motions Humanoid/65_BlockingshortL.fbx using Guid(4b72bd0a95f28e14e9985ab7227707fa) Importer(2089858483,b0f066a214c2f5e87bad3c948f4d605d) (ScriptedImporter) -> (artifact id: 'ace07fa4271cdbe47c026ecf990bdc91') in 0.0267374 seconds
Number of updated asset objects reloaded before import = 0Number of asset objects unloaded after import = 154

========================================================================
Received Import Request.
  Time since last request: 0.000021 seconds.
  path: Assets/Studio33 Interactive_[BasketBall] v1.1/Animations/Basketball Motions_Generic/262_CrossFakeThLRLA.fbx
  artifactKey: Guid(d98c0dbad7aa43d44b2000434f8d4153) Importer(2089858483,b0f066a214c2f5e87bad3c948f4d605d)
Start importing Assets/Studio33 Interactive_[BasketBall] v1.1/Animations/Basketball Motions_Generic/262_CrossFakeThLRLA.fbx using Guid(d98c0dbad7aa43d44b2000434f8d4153) Importer(2089858483,b0f066a214c2f5e87bad3c948f4d605d) (ScriptedImporter) -> (artifact id: '161ea2447b6a0e4252a3ba6724f21f00') in 0.030387 seconds
Number of updated asset objects reloaded before import = 0Number of asset objects unloaded after import = 152

========================================================================
Received Import Request.
  Time since last request: 0.000026 seconds.
  path: Assets/Studio33 Interactive_[BasketBall] v1.1/Animations/Basketball Motions_Generic/2033_DunkCA.fbx
  artifactKey: Guid(bd569d04ed7d2f148934113d3400195d) Importer(2089858483,b0f066a214c2f5e87bad3c948f4d605d)
Start importing Assets/Studio33 Interactive_[BasketBall] v1.1/Animations/Basketball Motions_Generic/2033_DunkCA.fbx using Guid(bd569d04ed7d2f148934113d3400195d) Importer(2089858483,b0f066a214c2f5e87bad3c948f4d605d) (ScriptedImporter) -> (artifact id: '9fbcc892bf2753694803001666700d24') in 0.0267682 seconds
Number of updated asset objects reloaded before import = 0Number of asset objects unloaded after import = 152

========================================================================
Received Import Request.
  Time since last request: 0.000039 seconds.
  path: Assets/Studio33 Interactive_[BasketBall] v1.1/Animations/Basketball Motions Humanoid/395_PassioffballcutA.fbx
  artifactKey: Guid(cdae25d6aca4d08428ef1b9f16a7e1c0) Importer(2089858483,b0f066a214c2f5e87bad3c948f4d605d)
Start importing Assets/Studio33 Interactive_[BasketBall] v1.1/Animations/Basketball Motions Humanoid/395_PassioffballcutA.fbx using Guid(cdae25d6aca4d08428ef1b9f16a7e1c0) Importer(2089858483,b0f066a214c2f5e87bad3c948f4d605d) (ScriptedImporter) -> (artifact id: 'b5a7f56681a7b6d64e34862671c950ca') in 0.0261626 seconds
Number of updated asset objects reloaded before import = 0Number of asset objects unloaded after import = 154

========================================================================
Received Import Request.
  Time since last request: 0.000027 seconds.
  path: Assets/Studio33 Interactive_[BasketBall] v1.1/Animations/Basketball Motions_Generic/1119_DunkCA.fbx
  artifactKey: Guid(45242f3a3d746b94db82bb5653bf484c) Importer(2089858483,b0f066a214c2f5e87bad3c948f4d605d)
Start importing Assets/Studio33 Interactive_[BasketBall] v1.1/Animations/Basketball Motions_Generic/1119_DunkCA.fbx using Guid(45242f3a3d746b94db82bb5653bf484c) Importer(2089858483,b0f066a214c2f5e87bad3c948f4d605d) (ScriptedImporter) -> (artifact id: '3fae063845dc5efa450a60b11ab9244e') in 0.0287995 seconds
Number of updated asset objects reloaded before import = 0Number of asset objects unloaded after import = 152

========================================================================
Received Import Request.
  Time since last request: 0.000031 seconds.
  path: Assets/Studio33 Interactive_[BasketBall] v1.1/Animations/Basketball Motions Humanoid/1075_ScreefalingRightA.fbx
  artifactKey: Guid(bc433ae24420b7b48bd9f4beb31e1d1e) Importer(2089858483,b0f066a214c2f5e87bad3c948f4d605d)
Start importing Assets/Studio33 Interactive_[BasketBall] v1.1/Animations/Basketball Motions Humanoid/1075_ScreefalingRightA.fbx using Guid(bc433ae24420b7b48bd9f4beb31e1d1e) Importer(2089858483,b0f066a214c2f5e87bad3c948f4d605d) (ScriptedImporter) -> (artifact id: 'b00b5468aa236e71f681dd07184569cf') in 0.0261608 seconds
Number of updated asset objects reloaded before import = 0Number of asset objects unloaded after import = 154

========================================================================
Received Import Request.
  Time since last request: 0.000028 seconds.
  path: Assets/Studio33 Interactive_[BasketBall] v1.1/Animations/Basketball Motions Humanoid/49_BlockingckncatchLongFarLA.fbx
  artifactKey: Guid(3bfa7caeddb7fb049842571276fdcd92) Importer(2089858483,b0f066a214c2f5e87bad3c948f4d605d)
Start importing Assets/Studio33 Interactive_[BasketBall] v1.1/Animations/Basketball Motions Humanoid/49_BlockingckncatchLongFarLA.fbx using Guid(3bfa7caeddb7fb049842571276fdcd92) Importer(2089858483,b0f066a214c2f5e87bad3c948f4d605d) (ScriptedImporter) -> (artifact id: 'd04923265a0a0bc90ed32ddd58d9adc1') in 0.0273557 seconds
Number of updated asset objects reloaded before import = 0Number of asset objects unloaded after import = 154

========================================================================
Received Import Request.
  Time since last request: 0.000034 seconds.
  path: Assets/Studio33 Interactive_[BasketBall] v1.1/Animations/Basketball Motions_Generic/1514_AlleyoopDclutchRRightA.fbx
  artifactKey: Guid(e9d9bc608b57ee14188b09b47d7027c7) Importer(2089858483,b0f066a214c2f5e87bad3c948f4d605d)
Start importing Assets/Studio33 Interactive_[BasketBall] v1.1/Animations/Basketball Motions_Generic/1514_AlleyoopDclutchRRightA.fbx using Guid(e9d9bc608b57ee14188b09b47d7027c7) Importer(2089858483,b0f066a214c2f5e87bad3c948f4d605d) (ScriptedImporter) -> (artifact id: '23b07b2defdc90ab478ec834c817c1d5') in 0.0320336 seconds
Number of updated asset objects reloaded before import = 0Number of asset objects unloaded after import = 152

========================================================================
Received Import Request.
  Time since last request: 0.000024 seconds.
  path: Assets/Studio33 Interactive_[BasketBall] v1.1/Animations/Basketball Motions Humanoid/2026_JumpshotMFakeA.fbx
  artifactKey: Guid(fbd229a5f0443474793d1f82391146b4) Importer(2089858483,b0f066a214c2f5e87bad3c948f4d605d)
Start importing Assets/Studio33 Interactive_[BasketBall] v1.1/Animations/Basketball Motions Humanoid/2026_JumpshotMFakeA.fbx using Guid(fbd229a5f0443474793d1f82391146b4) Importer(2089858483,b0f066a214c2f5e87bad3c948f4d605d) (ScriptedImporter) -> (artifact id: 'a574a1f1bddbfc19bd8bc2a594685a6d') in 0.0237679 seconds
Number of updated asset objects reloaded before import = 0Number of asset objects unloaded after import = 154

========================================================================
Received Import Request.
  Time since last request: 0.000023 seconds.
  path: Assets/Studio33 Interactive_[BasketBall] v1.1/Animations/Basketball Motions Humanoid/1708_TurbafakeA.fbx
  artifactKey: Guid(2680dee2e823207489b830894de733ea) Importer(2089858483,b0f066a214c2f5e87bad3c948f4d605d)
Start importing Assets/Studio33 Interactive_[BasketBall] v1.1/Animations/Basketball Motions Humanoid/1708_TurbafakeA.fbx using Guid(2680dee2e823207489b830894de733ea) Importer(2089858483,b0f066a214c2f5e87bad3c948f4d605d) (ScriptedImporter) -> (artifact id: '7445cc92a7c45a5a8b041b11dadf0737') in 0.0271327 seconds
Number of updated asset objects reloaded before import = 0Number of asset objects unloaded after import = 154

========================================================================
Received Import Request.
  Time since last request: 0.000030 seconds.
  path: Assets/Studio33 Interactive_[BasketBall] v1.1/Animations/Basketball Motions Humanoid/2144_Dribbleright.fbx
  artifactKey: Guid(e758563b6d8ecfa459ba1671fc993d17) Importer(2089858483,b0f066a214c2f5e87bad3c948f4d605d)
Start importing Assets/Studio33 Interactive_[BasketBall] v1.1/Animations/Basketball Motions Humanoid/2144_Dribbleright.fbx using Guid(e758563b6d8ecfa459ba1671fc993d17) Importer(2089858483,b0f066a214c2f5e87bad3c948f4d605d) (ScriptedImporter) -> (artifact id: '2e862da9943967b4c66048743f2de33e') in 0.0272521 seconds
Number of updated asset objects reloaded before import = 0Number of asset objects unloaded after import = 154

========================================================================
Received Import Request.
  Time since last request: 0.000040 seconds.
  path: Assets/Studio33 Interactive_[BasketBall] v1.1/Animations/Basketball Motions_Generic/411_DefenceLeftA.fbx
  artifactKey: Guid(1f9df38e10458ed488ef634b855030b8) Importer(2089858483,b0f066a214c2f5e87bad3c948f4d605d)
Start importing Assets/Studio33 Interactive_[BasketBall] v1.1/Animations/Basketball Motions_Generic/411_DefenceLeftA.fbx using Guid(1f9df38e10458ed488ef634b855030b8) Importer(2089858483,b0f066a214c2f5e87bad3c948f4d605d) (ScriptedImporter) -> (artifact id: 'e8c5a0be3512b626d26ae785eaa3b786') in 0.0249801 seconds
Number of updated asset objects reloaded before import = 0Number of asset objects unloaded after import = 152

========================================================================
Received Import Request.
  Time since last request: 0.000038 seconds.
  path: Assets/Studio33 Interactive_[BasketBall] v1.1/Animations/Basketball Motions Humanoid/798_PassKifA.fbx
  artifactKey: Guid(4e1036853db6c884eb0abef54af4d590) Importer(2089858483,b0f066a214c2f5e87bad3c948f4d605d)
Start importing Assets/Studio33 Interactive_[BasketBall] v1.1/Animations/Basketball Motions Humanoid/798_PassKifA.fbx using Guid(4e1036853db6c884eb0abef54af4d590) Importer(2089858483,b0f066a214c2f5e87bad3c948f4d605d) (ScriptedImporter) -> (artifact id: '5cde0ee04f50c0f0a30974ea70870705') in 0.032935 seconds
Number of updated asset objects reloaded before import = 0Number of asset objects unloaded after import = 154

========================================================================
Received Import Request.
  Time since last request: 0.000031 seconds.
  path: Assets/Studio33 Interactive_[BasketBall] v1.1/Animations/Basketball Motions Humanoid/1476_FakelayupRA.fbx
  artifactKey: Guid(067ea2662e2de844497f6a7b59130492) Importer(2089858483,b0f066a214c2f5e87bad3c948f4d605d)
Start importing Assets/Studio33 Interactive_[BasketBall] v1.1/Animations/Basketball Motions Humanoid/1476_FakelayupRA.fbx using Guid(067ea2662e2de844497f6a7b59130492) Importer(2089858483,b0f066a214c2f5e87bad3c948f4d605d) (ScriptedImporter) -> (artifact id: '65e0667567ac8fb370a877d7863a9db7') in 0.0330578 seconds
Number of updated asset objects reloaded before import = 0Number of asset objects unloaded after import = 154

========================================================================
Received Import Request.
  Time since last request: 0.000041 seconds.
  path: Assets/Studio33 Interactive_[BasketBall] v1.1/Animations/Basketball Motions_Generic/1678_DunkRAC.fbx
  artifactKey: Guid(8cf688e08b76c5c4cb49c74e56203fac) Importer(2089858483,b0f066a214c2f5e87bad3c948f4d605d)
Start importing Assets/Studio33 Interactive_[BasketBall] v1.1/Animations/Basketball Motions_Generic/1678_DunkRAC.fbx using Guid(8cf688e08b76c5c4cb49c74e56203fac) Importer(2089858483,b0f066a214c2f5e87bad3c948f4d605d) (ScriptedImporter) -> (artifact id: 'd45841ee7026ee5dbd6ac1c8e16183eb') in 0.0288961 seconds
Number of updated asset objects reloaded before import = 0Number of asset objects unloaded after import = 152

========================================================================
Received Import Request.
  Time since last request: 0.000041 seconds.
  path: Assets/Studio33 Interactive_[BasketBall] v1.1/Animations/Basketball Motions Humanoid/296_JabstepReadyA.fbx
  artifactKey: Guid(70ccce4f0fdf5384a86f90e39ac5d67e) Importer(2089858483,b0f066a214c2f5e87bad3c948f4d605d)
Start importing Assets/Studio33 Interactive_[BasketBall] v1.1/Animations/Basketball Motions Humanoid/296_JabstepReadyA.fbx using Guid(70ccce4f0fdf5384a86f90e39ac5d67e) Importer(2089858483,b0f066a214c2f5e87bad3c948f4d605d) (ScriptedImporter) -> (artifact id: 'd93565432e89e17cb496142f5c865b9b') in 0.0316583 seconds
Number of updated asset objects reloaded before import = 0Number of asset objects unloaded after import = 154

========================================================================
Received Import Request.
  Time since last request: 0.000027 seconds.
  path: Assets/Studio33 Interactive_[BasketBall] v1.1/Animations/Basketball Motions Humanoid/1163_DunkCA.fbx
  artifactKey: Guid(99e4a61270854dd43ab63f032f7618b3) Importer(2089858483,b0f066a214c2f5e87bad3c948f4d605d)
Start importing Assets/Studio33 Interactive_[BasketBall] v1.1/Animations/Basketball Motions Humanoid/1163_DunkCA.fbx using Guid(99e4a61270854dd43ab63f032f7618b3) Importer(2089858483,b0f066a214c2f5e87bad3c948f4d605d) (ScriptedImporter) -> (artifact id: '1bef79ece77403b69af97e4c77fd4e29') in 0.027629 seconds
Number of updated asset objects reloaded before import = 0Number of asset objects unloaded after import = 154

========================================================================
Received Import Request.
  Time since last request: 0.000027 seconds.
  path: Assets/Studio33 Interactive_[BasketBall] v1.1/Animations/Basketball Motions Humanoid/938_ChipoutAA.fbx
  artifactKey: Guid(cb673204f9faf8e449e9320a3fff454e) Importer(2089858483,b0f066a214c2f5e87bad3c948f4d605d)
Start importing Assets/Studio33 Interactive_[BasketBall] v1.1/Animations/Basketball Motions Humanoid/938_ChipoutAA.fbx using Guid(cb673204f9faf8e449e9320a3fff454e) Importer(2089858483,b0f066a214c2f5e87bad3c948f4d605d) (ScriptedImporter) -> (artifact id: 'bfbab9129a49dd73514d814bf20d2892') in 0.0268597 seconds
Number of updated asset objects reloaded before import = 0Number of asset objects unloaded after import = 154

========================================================================
Received Import Request.
  Time since last request: 0.000034 seconds.
  path: Assets/Studio33 Interactive_[BasketBall] v1.1/Animations/Basketball Motions Humanoid/645_Run.fbx
  artifactKey: Guid(ef89a29c5de026445ac013a89b76a0fe) Importer(2089858483,b0f066a214c2f5e87bad3c948f4d605d)
Start importing Assets/Studio33 Interactive_[BasketBall] v1.1/Animations/Basketball Motions Humanoid/645_Run.fbx using Guid(ef89a29c5de026445ac013a89b76a0fe) Importer(2089858483,b0f066a214c2f5e87bad3c948f4d605d) (ScriptedImporter) -> (artifact id: '0017030f91bc35777ab94acb0706ed61') in 0.0302306 seconds
Number of updated asset objects reloaded before import = 0Number of asset objects unloaded after import = 154

========================================================================
Received Import Request.
  Time since last request: 0.000048 seconds.
  path: Assets/Studio33 Interactive_[BasketBall] v1.1/Animations/Basketball Motions_Generic/1801_DunkCA.fbx
  artifactKey: Guid(cc481fd99fc5b974790474e64a489fb2) Importer(2089858483,b0f066a214c2f5e87bad3c948f4d605d)
Start importing Assets/Studio33 Interactive_[BasketBall] v1.1/Animations/Basketball Motions_Generic/1801_DunkCA.fbx using Guid(cc481fd99fc5b974790474e64a489fb2) Importer(2089858483,b0f066a214c2f5e87bad3c948f4d605d) (ScriptedImporter) -> (artifact id: 'a39693e3b6087fdeff464a6458b81181') in 0.0267208 seconds
Number of updated asset objects reloaded before import = 0Number of asset objects unloaded after import = 152

========================================================================
Received Import Request.
  Time since last request: 0.000030 seconds.
  path: Assets/Studio33 Interactive_[BasketBall] v1.1/Animations/Basketball Motions Humanoid/246_CrossBaDribblele.fbx
  artifactKey: Guid(2cbc90be131a0344ea72458237a8131b) Importer(2089858483,b0f066a214c2f5e87bad3c948f4d605d)
Start importing Assets/Studio33 Interactive_[BasketBall] v1.1/Animations/Basketball Motions Humanoid/246_CrossBaDribblele.fbx using Guid(2cbc90be131a0344ea72458237a8131b) Importer(2089858483,b0f066a214c2f5e87bad3c948f4d605d) (ScriptedImporter) -> (artifact id: '4b3f2f59c9a98153d657be903f97e003') in 0.0288871 seconds
Number of updated asset objects reloaded before import = 0Number of asset objects unloaded after import = 154

========================================================================
Received Import Request.
  Time since last request: 0.000025 seconds.
  path: Assets/Studio33 Interactive_[BasketBall] v1.1/Animations/Basketball Motions Humanoid/376_SpinStepFadeawayFakeLA.fbx
  artifactKey: Guid(c933b1286c5b99446b282c7ec56d1bca) Importer(2089858483,b0f066a214c2f5e87bad3c948f4d605d)
Start importing Assets/Studio33 Interactive_[BasketBall] v1.1/Animations/Basketball Motions Humanoid/376_SpinStepFadeawayFakeLA.fbx using Guid(c933b1286c5b99446b282c7ec56d1bca) Importer(2089858483,b0f066a214c2f5e87bad3c948f4d605d) (ScriptedImporter) -> (artifact id: '2a01a2c30d5a402f81f463be0019fcad') in 0.0311612 seconds
Number of updated asset objects reloaded before import = 0Number of asset objects unloaded after import = 154

========================================================================
Received Import Request.
  Time since last request: 0.000036 seconds.
  path: Assets/Studio33 Interactive_[BasketBall] v1.1/Animations/Basketball Motions_Generic/1653_DunkRAC.fbx
  artifactKey: Guid(428f43d7174ad9040aaaec6f3a04246e) Importer(2089858483,b0f066a214c2f5e87bad3c948f4d605d)
Start importing Assets/Studio33 Interactive_[BasketBall] v1.1/Animations/Basketball Motions_Generic/1653_DunkRAC.fbx using Guid(428f43d7174ad9040aaaec6f3a04246e) Importer(2089858483,b0f066a214c2f5e87bad3c948f4d605d) (ScriptedImporter) -> (artifact id: 'fa9242622a9ffd09e45456d30412b0f9') in 0.0283906 seconds
Number of updated asset objects reloaded before import = 0Number of asset objects unloaded after import = 152

========================================================================
Received Import Request.
  Time since last request: 0.000075 seconds.
  path: Assets/Studio33 Interactive_[BasketBall] v1.1/33_basket ball test animations/player/Back_number/Back_number_W/Back_number_W_c20.png
  artifactKey: Guid(def7015c60da2b240b866601c93d8d86) Importer(2089858483,b0f066a214c2f5e87bad3c948f4d605d)
Start importing Assets/Studio33 Interactive_[BasketBall] v1.1/33_basket ball test animations/player/Back_number/Back_number_W/Back_number_W_c20.png using Guid(def7015c60da2b240b866601c93d8d86) Importer(2089858483,b0f066a214c2f5e87bad3c948f4d605d) (ScriptedImporter) -> (artifact id: '810e39e88a3de921d922098585210e12') in 0.0177694 seconds
Number of updated asset objects reloaded before import = 0Number of asset objects unloaded after import = 1

========================================================================
Received Import Request.
  Time since last request: 0.000030 seconds.
  path: Assets/Studio33 Interactive_[BasketBall] v1.1/Animations/Basketball Motions Humanoid/17_BlockingckncatchLongFarLA.fbx
  artifactKey: Guid(e9645c68b57f01b4083e908ac615812f) Importer(2089858483,b0f066a214c2f5e87bad3c948f4d605d)
Start importing Assets/Studio33 Interactive_[BasketBall] v1.1/Animations/Basketball Motions Humanoid/17_BlockingckncatchLongFarLA.fbx using Guid(e9645c68b57f01b4083e908ac615812f) Importer(2089858483,b0f066a214c2f5e87bad3c948f4d605d) (ScriptedImporter) -> (artifact id: '5021de639c8de7031b8fe4b7a2f8c196') in 0.0280902 seconds
Number of updated asset objects reloaded before import = 0Number of asset objects unloaded after import = 154

========================================================================
Received Import Request.
  Time since last request: 0.000028 seconds.
  path: Assets/Studio33 Interactive_[BasketBall] v1.1/Animations/Basketball Motions Humanoid/1137_AlleyoopRLA.fbx
  artifactKey: Guid(d7ace74654a227744981b60f6cbb9e9d) Importer(2089858483,b0f066a214c2f5e87bad3c948f4d605d)
Start importing Assets/Studio33 Interactive_[BasketBall] v1.1/Animations/Basketball Motions Humanoid/1137_AlleyoopRLA.fbx using Guid(d7ace74654a227744981b60f6cbb9e9d) Importer(2089858483,b0f066a214c2f5e87bad3c948f4d605d) (ScriptedImporter) -> (artifact id: '01f5fbb89cd928ac5a13e5bbc446ff89') in 0.0305347 seconds
Number of updated asset objects reloaded before import = 0Number of asset objects unloaded after import = 154

========================================================================
Received Import Request.
  Time since last request: 0.000037 seconds.
  path: Assets/Studio33 Interactive_[BasketBall] v1.1/Animations/Basketball Motions_Generic/572_OverintA.fbx
  artifactKey: Guid(25e3d83a134fd7d4ca99d78b25962d38) Importer(2089858483,b0f066a214c2f5e87bad3c948f4d605d)
Start importing Assets/Studio33 Interactive_[BasketBall] v1.1/Animations/Basketball Motions_Generic/572_OverintA.fbx using Guid(25e3d83a134fd7d4ca99d78b25962d38) Importer(2089858483,b0f066a214c2f5e87bad3c948f4d605d) (ScriptedImporter) -> (artifact id: 'a17c47acd1e2deeebfe3a2ddad61be98') in 0.0268646 seconds
Number of updated asset objects reloaded before import = 0Number of asset objects unloaded after import = 152

========================================================================
Received Import Request.
  Time since last request: 0.000035 seconds.
  path: Assets/Studio33 Interactive_[BasketBall] v1.1/Animations/Basketball Motions_Generic/1168_DunkCA.fbx
  artifactKey: Guid(e201428948fe6cb4fa2c5312b1d34c6c) Importer(2089858483,b0f066a214c2f5e87bad3c948f4d605d)
Start importing Assets/Studio33 Interactive_[BasketBall] v1.1/Animations/Basketball Motions_Generic/1168_DunkCA.fbx using Guid(e201428948fe6cb4fa2c5312b1d34c6c) Importer(2089858483,b0f066a214c2f5e87bad3c948f4d605d) (ScriptedImporter) -> (artifact id: '56e6efa1c46dd6ce4e4444767c1a5d0c') in 0.0328611 seconds
Number of updated asset objects reloaded before import = 0Number of asset objects unloaded after import = 152

========================================================================
Received Import Request.
  Time since last request: 0.000029 seconds.
  path: Assets/Studio33 Interactive_[BasketBall] v1.1/Animations/Basketball Motions_Generic/744_PassBadA.fbx
  artifactKey: Guid(69f1220f18175374982a9065b0fb8610) Importer(2089858483,b0f066a214c2f5e87bad3c948f4d605d)
Start importing Assets/Studio33 Interactive_[BasketBall] v1.1/Animations/Basketball Motions_Generic/744_PassBadA.fbx using Guid(69f1220f18175374982a9065b0fb8610) Importer(2089858483,b0f066a214c2f5e87bad3c948f4d605d) (ScriptedImporter) -> (artifact id: 'e97a3bdf98e578ab4e4bd4dacfa4cf29') in 0.028683 seconds
Number of updated asset objects reloaded before import = 0Number of asset objects unloaded after import = 152

========================================================================
Received Import Request.
  Time since last request: 0.000024 seconds.
  path: Assets/Studio33 Interactive_[BasketBall] v1.1/Animations/Basketball Motions Humanoid/2043_DunkCA.fbx
  artifactKey: Guid(0bf7167eeac0bfa488351c62a2dd9376) Importer(2089858483,b0f066a214c2f5e87bad3c948f4d605d)
Start importing Assets/Studio33 Interactive_[BasketBall] v1.1/Animations/Basketball Motions Humanoid/2043_DunkCA.fbx using Guid(0bf7167eeac0bfa488351c62a2dd9376) Importer(2089858483,b0f066a214c2f5e87bad3c948f4d605d) (ScriptedImporter) -> (artifact id: 'f44941167bf78e8de03ec60739556db7') in 0.0303481 seconds
Number of updated asset objects reloaded before import = 0Number of asset objects unloaded after import = 154

========================================================================
Received Import Request.
  Time since last request: 0.000031 seconds.
  path: Assets/Studio33 Interactive_[BasketBall] v1.1/Animations/Basketball Motions Humanoid/435_DefenceFrontAC.fbx
  artifactKey: Guid(6001739a1b50ca24381164fa4b82adee) Importer(2089858483,b0f066a214c2f5e87bad3c948f4d605d)
Start importing Assets/Studio33 Interactive_[BasketBall] v1.1/Animations/Basketball Motions Humanoid/435_DefenceFrontAC.fbx using Guid(6001739a1b50ca24381164fa4b82adee) Importer(2089858483,b0f066a214c2f5e87bad3c948f4d605d) (ScriptedImporter) -> (artifact id: 'ecb12b97ddb00b6bf1dc7fc43f7ea637') in 0.0292565 seconds
Number of updated asset objects reloaded before import = 0Number of asset objects unloaded after import = 154

========================================================================
Received Import Request.
  Time since last request: 0.000040 seconds.
  path: Assets/Studio33 Interactive_[BasketBall] v1.1/Animations/Basketball Motions Humanoid/1316_DunkRA.fbx
  artifactKey: Guid(e598c4fc1917ef043b643f72c4538807) Importer(2089858483,b0f066a214c2f5e87bad3c948f4d605d)
Start importing Assets/Studio33 Interactive_[BasketBall] v1.1/Animations/Basketball Motions Humanoid/1316_DunkRA.fbx using Guid(e598c4fc1917ef043b643f72c4538807) Importer(2089858483,b0f066a214c2f5e87bad3c948f4d605d) (ScriptedImporter) -> (artifact id: '0fa6226c447f59d8ed78f10af92e9a4e') in 0.0340447 seconds
Number of updated asset objects reloaded before import = 0Number of asset objects unloaded after import = 154

========================================================================
Received Import Request.
  Time since last request: 0.000023 seconds.
  path: Assets/Studio33 Interactive_[BasketBall] v1.1/Animations/Basketball Motions_Generic/1092_ScreeescapeSidebaa.fbx
  artifactKey: Guid(c402800e8970c0f439ef4f741f07fa27) Importer(2089858483,b0f066a214c2f5e87bad3c948f4d605d)
Start importing Assets/Studio33 Interactive_[BasketBall] v1.1/Animations/Basketball Motions_Generic/1092_ScreeescapeSidebaa.fbx using Guid(c402800e8970c0f439ef4f741f07fa27) Importer(2089858483,b0f066a214c2f5e87bad3c948f4d605d) (ScriptedImporter) -> (artifact id: '14077cfe872b8f2a7235fa3d3faf2669') in 0.0357321 seconds
Number of updated asset objects reloaded before import = 0Number of asset objects unloaded after import = 152

========================================================================
Received Import Request.
  Time since last request: 0.000037 seconds.
  path: Assets/Studio33 Interactive_[BasketBall] v1.1/Animations/Basketball Motions Humanoid/100_BlockinglongNearL.fbx
  artifactKey: Guid(0280fe165580316469119b5379a1504d) Importer(2089858483,b0f066a214c2f5e87bad3c948f4d605d)
Start importing Assets/Studio33 Interactive_[BasketBall] v1.1/Animations/Basketball Motions Humanoid/100_BlockinglongNearL.fbx using Guid(0280fe165580316469119b5379a1504d) Importer(2089858483,b0f066a214c2f5e87bad3c948f4d605d) (ScriptedImporter) -> (artifact id: 'df55d2991a9c6865300cc90b9ed4822e') in 0.0318531 seconds
Number of updated asset objects reloaded before import = 0Number of asset objects unloaded after import = 154

========================================================================
Received Import Request.
  Time since last request: 0.000038 seconds.
  path: Assets/Studio33 Interactive_[BasketBall] v1.1/Animations/Basketball Motions Humanoid/243_CrazystepA.fbx
  artifactKey: Guid(fda3883deb3c4954ab1f12dfccd8aae3) Importer(2089858483,b0f066a214c2f5e87bad3c948f4d605d)
Start importing Assets/Studio33 Interactive_[BasketBall] v1.1/Animations/Basketball Motions Humanoid/243_CrazystepA.fbx using Guid(fda3883deb3c4954ab1f12dfccd8aae3) Importer(2089858483,b0f066a214c2f5e87bad3c948f4d605d) (ScriptedImporter) -> (artifact id: 'b5e4bc57c55e4c6472065ac2c94a6e5d') in 0.0278053 seconds
Number of updated asset objects reloaded before import = 0Number of asset objects unloaded after import = 154

========================================================================
Received Import Request.
  Time since last request: 0.000036 seconds.
  path: Assets/Studio33 Interactive_[BasketBall] v1.1/Animations/Basketball Motions Humanoid/66_BlockingshortLayupF.fbx
  artifactKey: Guid(f6a3939568fe1964c83f49ee226040e9) Importer(2089858483,b0f066a214c2f5e87bad3c948f4d605d)
Start importing Assets/Studio33 Interactive_[BasketBall] v1.1/Animations/Basketball Motions Humanoid/66_BlockingshortLayupF.fbx using Guid(f6a3939568fe1964c83f49ee226040e9) Importer(2089858483,b0f066a214c2f5e87bad3c948f4d605d) (ScriptedImporter) -> (artifact id: '7123f13b59d8a1ae16db713b40e82dbc') in 0.0332169 seconds
Number of updated asset objects reloaded before import = 0Number of asset objects unloaded after import = 154

========================================================================
Received Import Request.
  Time since last request: 0.000030 seconds.
  path: Assets/Studio33 Interactive_[BasketBall] v1.1/Animations/Basketball Motions Humanoid/569_OverintA.fbx
  artifactKey: Guid(369d8d5bf1f78fd41ac42288343eaff6) Importer(2089858483,b0f066a214c2f5e87bad3c948f4d605d)
Start importing Assets/Studio33 Interactive_[BasketBall] v1.1/Animations/Basketball Motions Humanoid/569_OverintA.fbx using Guid(369d8d5bf1f78fd41ac42288343eaff6) Importer(2089858483,b0f066a214c2f5e87bad3c948f4d605d) (ScriptedImporter) -> (artifact id: '317f31f6f146b2e47b44def2d51a2de1') in 0.0305969 seconds
Number of updated asset objects reloaded before import = 0Number of asset objects unloaded after import = 154

========================================================================
Received Import Request.
  Time since last request: 0.000032 seconds.
  path: Assets/Studio33 Interactive_[BasketBall] v1.1/Animations/Basketball Motions Humanoid/896_PostTurfadeawayLAC.fbx
  artifactKey: Guid(359240e3e3513ec4ea566047c8658c48) Importer(2089858483,b0f066a214c2f5e87bad3c948f4d605d)
Start importing Assets/Studio33 Interactive_[BasketBall] v1.1/Animations/Basketball Motions Humanoid/896_PostTurfadeawayLAC.fbx using Guid(359240e3e3513ec4ea566047c8658c48) Importer(2089858483,b0f066a214c2f5e87bad3c948f4d605d) (ScriptedImporter) -> (artifact id: '277da943bc3ebef8615b6b483aa58119') in 0.0235276 seconds
Number of updated asset objects reloaded before import = 0Number of asset objects unloaded after import = 154

========================================================================
Received Import Request.
  Time since last request: 0.000042 seconds.
  path: Assets/Studio33 Interactive_[BasketBall] v1.1/Animations/Basketball Motions_Generic/1080_ScreerightA.fbx
  artifactKey: Guid(83b3a1d5f9d1af84e9bacb9bad6706bc) Importer(2089858483,b0f066a214c2f5e87bad3c948f4d605d)
Start importing Assets/Studio33 Interactive_[BasketBall] v1.1/Animations/Basketball Motions_Generic/1080_ScreerightA.fbx using Guid(83b3a1d5f9d1af84e9bacb9bad6706bc) Importer(2089858483,b0f066a214c2f5e87bad3c948f4d605d) (ScriptedImporter) -> (artifact id: '6b0cc74a4d1a87462f1f11f175859aa0') in 0.0256582 seconds
Number of updated asset objects reloaded before import = 0Number of asset objects unloaded after import = 152

========================================================================
Received Import Request.
  Time since last request: 0.000030 seconds.
  path: Assets/Studio33 Interactive_[BasketBall] v1.1/Animations/Basketball Motions Humanoid/1213_FakelayupCA.fbx
  artifactKey: Guid(350066aa9a88bd34e8a4b785ba0ea947) Importer(2089858483,b0f066a214c2f5e87bad3c948f4d605d)
Start importing Assets/Studio33 Interactive_[BasketBall] v1.1/Animations/Basketball Motions Humanoid/1213_FakelayupCA.fbx using Guid(350066aa9a88bd34e8a4b785ba0ea947) Importer(2089858483,b0f066a214c2f5e87bad3c948f4d605d) (ScriptedImporter) -> (artifact id: '13f0e9825b395d4f47ec34a9d0ad0f8f') in 0.0293172 seconds
Number of updated asset objects reloaded before import = 0Number of asset objects unloaded after import = 154

========================================================================
Received Import Request.
  Time since last request: 0.000032 seconds.
  path: Assets/Studio33 Interactive_[BasketBall] v1.1/Animations/Basketball Motions_Generic/1481_AlleyoopDclutchRRightA.fbx
  artifactKey: Guid(e8241a5f6663c5c4a8fab0cc601289a5) Importer(2089858483,b0f066a214c2f5e87bad3c948f4d605d)
Start importing Assets/Studio33 Interactive_[BasketBall] v1.1/Animations/Basketball Motions_Generic/1481_AlleyoopDclutchRRightA.fbx using Guid(e8241a5f6663c5c4a8fab0cc601289a5) Importer(2089858483,b0f066a214c2f5e87bad3c948f4d605d) (ScriptedImporter) -> (artifact id: 'fde8380cdbacd8c5c46db12e1cf66295') in 0.0281356 seconds
Number of updated asset objects reloaded before import = 0Number of asset objects unloaded after import = 152

========================================================================
Received Import Request.
  Time since last request: 0.000027 seconds.
  path: Assets/Studio33 Interactive_[BasketBall] v1.1/Animations/Basketball Motions Humanoid/1857_DunkCA.fbx
  artifactKey: Guid(706e9a68c8946674dbe1cf1cdf289b2d) Importer(2089858483,b0f066a214c2f5e87bad3c948f4d605d)
Start importing Assets/Studio33 Interactive_[BasketBall] v1.1/Animations/Basketball Motions Humanoid/1857_DunkCA.fbx using Guid(706e9a68c8946674dbe1cf1cdf289b2d) Importer(2089858483,b0f066a214c2f5e87bad3c948f4d605d) (ScriptedImporter) -> (artifact id: '02bcdbc75098b89a6807451d128eba47') in 0.0254251 seconds
Number of updated asset objects reloaded before import = 0Number of asset objects unloaded after import = 154

========================================================================
Received Import Request.
  Time since last request: 0.000048 seconds.
  path: Assets/Studio33 Interactive_[BasketBall] v1.1/Animations/Basketball Motions_Generic/1539_JumpshotCCA.fbx
  artifactKey: Guid(c755d7c2dea5f8b49ba7712d3fc61e3f) Importer(2089858483,b0f066a214c2f5e87bad3c948f4d605d)
Start importing Assets/Studio33 Interactive_[BasketBall] v1.1/Animations/Basketball Motions_Generic/1539_JumpshotCCA.fbx using Guid(c755d7c2dea5f8b49ba7712d3fc61e3f) Importer(2089858483,b0f066a214c2f5e87bad3c948f4d605d) (ScriptedImporter) -> (artifact id: '1d7e1283f5d1e4b7db27308b2e779aaa') in 0.0288792 seconds
Number of updated asset objects reloaded before import = 0Number of asset objects unloaded after import = 152

========================================================================
Received Import Request.
  Time since last request: 0.000057 seconds.
  path: Assets/Studio33 Interactive_[BasketBall] v1.1/Animations/Basketball Motions_Generic/1390_JumpshotReadyFake.fbx
  artifactKey: Guid(59527600bbfc6e74aa93fdabe93c0d1f) Importer(2089858483,b0f066a214c2f5e87bad3c948f4d605d)
Start importing Assets/Studio33 Interactive_[BasketBall] v1.1/Animations/Basketball Motions_Generic/1390_JumpshotReadyFake.fbx using Guid(59527600bbfc6e74aa93fdabe93c0d1f) Importer(2089858483,b0f066a214c2f5e87bad3c948f4d605d) (ScriptedImporter) -> (artifact id: '0220e883d1618ff37a9b5f5625a5c4af') in 0.0251312 seconds
Number of updated asset objects reloaded before import = 0Number of asset objects unloaded after import = 152

========================================================================
Received Import Request.
  Time since last request: 0.000023 seconds.
  path: Assets/Studio33 Interactive_[BasketBall] v1.1/Animations/Basketball Motions_Generic/519_KisstherimCA.fbx
  artifactKey: Guid(a9652a64ae41d1b4bbe39893b1baa330) Importer(2089858483,b0f066a214c2f5e87bad3c948f4d605d)
Start importing Assets/Studio33 Interactive_[BasketBall] v1.1/Animations/Basketball Motions_Generic/519_KisstherimCA.fbx using Guid(a9652a64ae41d1b4bbe39893b1baa330) Importer(2089858483,b0f066a214c2f5e87bad3c948f4d605d) (ScriptedImporter) -> (artifact id: '52e0734846ddba59b5ced84fac930382') in 0.0242256 seconds
Number of updated asset objects reloaded before import = 0Number of asset objects unloaded after import = 152

========================================================================
Received Import Request.
  Time since last request: 0.000024 seconds.
  path: Assets/Studio33 Interactive_[BasketBall] v1.1/Animations/Basketball Motions_Generic/970_Rebound B.fbx
  artifactKey: Guid(b9d1fdb01ee492e4daaac53167e30510) Importer(2089858483,b0f066a214c2f5e87bad3c948f4d605d)
Start importing Assets/Studio33 Interactive_[BasketBall] v1.1/Animations/Basketball Motions_Generic/970_Rebound B.fbx using Guid(b9d1fdb01ee492e4daaac53167e30510) Importer(2089858483,b0f066a214c2f5e87bad3c948f4d605d) (ScriptedImporter) -> (artifact id: '8f443514b28a4c7baef000b913e6dee7') in 0.0259169 seconds
Number of updated asset objects reloaded before import = 0Number of asset objects unloaded after import = 152

========================================================================
Received Import Request.
  Time since last request: 0.000037 seconds.
  path: Assets/Studio33 Interactive_[BasketBall] v1.1/Animations/Basketball Motions Humanoid/862_PassOverA.fbx
  artifactKey: Guid(db144b3d1d57fb14db4564ac55d97802) Importer(2089858483,b0f066a214c2f5e87bad3c948f4d605d)
Start importing Assets/Studio33 Interactive_[BasketBall] v1.1/Animations/Basketball Motions Humanoid/862_PassOverA.fbx using Guid(db144b3d1d57fb14db4564ac55d97802) Importer(2089858483,b0f066a214c2f5e87bad3c948f4d605d) (ScriptedImporter) -> (artifact id: '4372144868d85fde7476cff5280c540d') in 0.0265093 seconds
Number of updated asset objects reloaded before import = 0Number of asset objects unloaded after import = 154

========================================================================
Received Import Request.
  Time since last request: 0.000035 seconds.
  path: Assets/Studio33 Interactive_[BasketBall] v1.1/Animations/Basketball Motions Humanoid/1870_DunkRA.fbx
  artifactKey: Guid(581e4faae68761c48bd5f738aafd1810) Importer(2089858483,b0f066a214c2f5e87bad3c948f4d605d)
Start importing Assets/Studio33 Interactive_[BasketBall] v1.1/Animations/Basketball Motions Humanoid/1870_DunkRA.fbx using Guid(581e4faae68761c48bd5f738aafd1810) Importer(2089858483,b0f066a214c2f5e87bad3c948f4d605d) (ScriptedImporter) -> (artifact id: '0822fdc8a211431144819e4f70b4b8aa') in 0.0305739 seconds
Number of updated asset objects reloaded before import = 0Number of asset objects unloaded after import = 154

========================================================================
Received Import Request.
  Time since last request: 0.000036 seconds.
  path: Assets/Studio33 Interactive_[BasketBall] v1.1/Animations/Basketball Motions Humanoid/1664_LayupRevCA.fbx
  artifactKey: Guid(564a650c95e07094dbf6516465271e6e) Importer(2089858483,b0f066a214c2f5e87bad3c948f4d605d)
Start importing Assets/Studio33 Interactive_[BasketBall] v1.1/Animations/Basketball Motions Humanoid/1664_LayupRevCA.fbx using Guid(564a650c95e07094dbf6516465271e6e) Importer(2089858483,b0f066a214c2f5e87bad3c948f4d605d) (ScriptedImporter) -> (artifact id: '9e2bb1bb0ff270a215ddfa38b6379ccb') in 0.0242587 seconds
Number of updated asset objects reloaded before import = 0Number of asset objects unloaded after import = 154

========================================================================
Received Import Request.
  Time since last request: 0.000043 seconds.
  path: Assets/Studio33 Interactive_[BasketBall] v1.1/Animations/Basketball Motions_Generic/1683_JumpshotCAFakeA.fbx
  artifactKey: Guid(db84aee92ae6a8242a5de356cd0a0847) Importer(2089858483,b0f066a214c2f5e87bad3c948f4d605d)
Start importing Assets/Studio33 Interactive_[BasketBall] v1.1/Animations/Basketball Motions_Generic/1683_JumpshotCAFakeA.fbx using Guid(db84aee92ae6a8242a5de356cd0a0847) Importer(2089858483,b0f066a214c2f5e87bad3c948f4d605d) (ScriptedImporter) -> (artifact id: '970622911d34489388c83756a93a99fb') in 0.0259576 seconds
Number of updated asset objects reloaded before import = 0Number of asset objects unloaded after import = 152

========================================================================
Received Import Request.
  Time since last request: 0.000053 seconds.
  path: Assets/Studio33 Interactive_[BasketBall] v1.1/Animations/Basketball Motions_Generic/330_CrossThQuirA.fbx
  artifactKey: Guid(ec98be66b2b41064bb227a833396ec2a) Importer(2089858483,b0f066a214c2f5e87bad3c948f4d605d)
Start importing Assets/Studio33 Interactive_[BasketBall] v1.1/Animations/Basketball Motions_Generic/330_CrossThQuirA.fbx using Guid(ec98be66b2b41064bb227a833396ec2a) Importer(2089858483,b0f066a214c2f5e87bad3c948f4d605d) (ScriptedImporter) -> (artifact id: '4513e1a18bf0a49439a7c84c809a0013') in 0.0279688 seconds
Number of updated asset objects reloaded before import = 0Number of asset objects unloaded after import = 152

========================================================================
Received Import Request.
  Time since last request: 0.000061 seconds.
  path: Assets/Studio33 Interactive_[BasketBall] v1.1/Animations/Basketball Motions Humanoid/414_FrontDenyFA.fbx
  artifactKey: Guid(6d57c6ed95befa6498565490ae037fbc) Importer(2089858483,b0f066a214c2f5e87bad3c948f4d605d)
Start importing Assets/Studio33 Interactive_[BasketBall] v1.1/Animations/Basketball Motions Humanoid/414_FrontDenyFA.fbx using Guid(6d57c6ed95befa6498565490ae037fbc) Importer(2089858483,b0f066a214c2f5e87bad3c948f4d605d) (ScriptedImporter) -> (artifact id: 'd93d2500f82868fb7bc32453f57d63e8') in 0.0263869 seconds
Number of updated asset objects reloaded before import = 0Number of asset objects unloaded after import = 154

========================================================================
Received Import Request.
  Time since last request: 0.000024 seconds.
  path: Assets/Studio33 Interactive_[BasketBall] v1.1/33_basket ball test animations/player/Studio33_basketball_c05.png
  artifactKey: Guid(bb804e0bca893ed44a883f41c7603572) Importer(2089858483,b0f066a214c2f5e87bad3c948f4d605d)
Start importing Assets/Studio33 Interactive_[BasketBall] v1.1/33_basket ball test animations/player/Studio33_basketball_c05.png using Guid(bb804e0bca893ed44a883f41c7603572) Importer(2089858483,b0f066a214c2f5e87bad3c948f4d605d) (ScriptedImporter) -> (artifact id: 'd37b58c5bd5f904c7b90ef0288ea8bb6') in 0.0211364 seconds
Number of updated asset objects reloaded before import = 0Number of asset objects unloaded after import = 1

========================================================================
Received Import Request.
  Time since last request: 0.000023 seconds.
  path: Assets/Studio33 Interactive_[BasketBall] v1.1/Animations/Basketball Motions Humanoid/1369_JumpshotMFakeA.fbx
  artifactKey: Guid(20910c5fd4984eb4284d6e14b0fe204f) Importer(2089858483,b0f066a214c2f5e87bad3c948f4d605d)
Start importing Assets/Studio33 Interactive_[BasketBall] v1.1/Animations/Basketball Motions Humanoid/1369_JumpshotMFakeA.fbx using Guid(20910c5fd4984eb4284d6e14b0fe204f) Importer(2089858483,b0f066a214c2f5e87bad3c948f4d605d) (ScriptedImporter) -> (artifact id: '77b7c31ca448037c4f5ff7e729e268d6') in 0.0296939 seconds
Number of updated asset objects reloaded before import = 0Number of asset objects unloaded after import = 154

========================================================================
Received Import Request.
  Time since last request: 0.000041 seconds.
  path: Assets/Studio33 Interactive_[BasketBall] v1.1/Animations/Basketball Motions_Generic/644_Run.fbx
  artifactKey: Guid(c1d6a1d8f6360dc4982214a40bec9a26) Importer(2089858483,b0f066a214c2f5e87bad3c948f4d605d)
Start importing Assets/Studio33 Interactive_[BasketBall] v1.1/Animations/Basketball Motions_Generic/644_Run.fbx using Guid(c1d6a1d8f6360dc4982214a40bec9a26) Importer(2089858483,b0f066a214c2f5e87bad3c948f4d605d) (ScriptedImporter) -> (artifact id: '6b42f3c24139066bb6cc839b1f657e1b') in 0.024236 seconds
Number of updated asset objects reloaded before import = 0Number of asset objects unloaded after import = 152

========================================================================
Received Import Request.
  Time since last request: 0.000021 seconds.
  path: Assets/Studio33 Interactive_[BasketBall] v1.1/Animations/Basketball Motions Humanoid/845_PassOverA.fbx
  artifactKey: Guid(27438e88329ebcb499c51559251fd0a3) Importer(2089858483,b0f066a214c2f5e87bad3c948f4d605d)
Start importing Assets/Studio33 Interactive_[BasketBall] v1.1/Animations/Basketball Motions Humanoid/845_PassOverA.fbx using Guid(27438e88329ebcb499c51559251fd0a3) Importer(2089858483,b0f066a214c2f5e87bad3c948f4d605d) (ScriptedImporter) -> (artifact id: 'ba0a90c7303452104c56a71e274e84e9') in 0.0291586 seconds
Number of updated asset objects reloaded before import = 0Number of asset objects unloaded after import = 154

========================================================================
Received Import Request.
  Time since last request: 0.000039 seconds.
  path: Assets/Studio33 Interactive_[BasketBall] v1.1/Animations/Basketball Motions_Generic/1519_AlleyoopRevSA.fbx
  artifactKey: Guid(fe8608d8021f4e7439616d3691b050bf) Importer(2089858483,b0f066a214c2f5e87bad3c948f4d605d)
Start importing Assets/Studio33 Interactive_[BasketBall] v1.1/Animations/Basketball Motions_Generic/1519_AlleyoopRevSA.fbx using Guid(fe8608d8021f4e7439616d3691b050bf) Importer(2089858483,b0f066a214c2f5e87bad3c948f4d605d) (ScriptedImporter) -> (artifact id: 'a710c4e8d42f082b5aacd785228b9d48') in 0.0284307 seconds
Number of updated asset objects reloaded before import = 0Number of asset objects unloaded after import = 152

========================================================================
Received Import Request.
  Time since last request: 0.000027 seconds.
  path: Assets/Studio33 Interactive_[BasketBall] v1.1/Animations/Basketball Motions Humanoid/1054_SceneEntHome.fbx
  artifactKey: Guid(136514719eea3fe438afefaefbb21619) Importer(2089858483,b0f066a214c2f5e87bad3c948f4d605d)
Start importing Assets/Studio33 Interactive_[BasketBall] v1.1/Animations/Basketball Motions Humanoid/1054_SceneEntHome.fbx using Guid(136514719eea3fe438afefaefbb21619) Importer(2089858483,b0f066a214c2f5e87bad3c948f4d605d) (ScriptedImporter) -> (artifact id: '818df805c5b79279697042d1cad7fd49') in 0.0293128 seconds
Number of updated asset objects reloaded before import = 0Number of asset objects unloaded after import = 154

========================================================================
Received Import Request.
  Time since last request: 0.000042 seconds.
  path: Assets/Studio33 Interactive_[BasketBall] v1.1/Animations/Basketball Motions Humanoid/1452_DunkCA.fbx
  artifactKey: Guid(28e2e3f78fba08542b3b90ce7f9248ab) Importer(2089858483,b0f066a214c2f5e87bad3c948f4d605d)
Start importing Assets/Studio33 Interactive_[BasketBall] v1.1/Animations/Basketball Motions Humanoid/1452_DunkCA.fbx using Guid(28e2e3f78fba08542b3b90ce7f9248ab) Importer(2089858483,b0f066a214c2f5e87bad3c948f4d605d) (ScriptedImporter) -> (artifact id: 'fe12e49137685baa4617577ec4cd3dee') in 0.0288979 seconds
Number of updated asset objects reloaded before import = 0Number of asset objects unloaded after import = 154

========================================================================
Received Import Request.
  Time since last request: 0.000021 seconds.
  path: Assets/Studio33 Interactive_[BasketBall] v1.1/Animations/Basketball Motions_Generic/71_BlockingckncatchLongFarLA.fbx
  artifactKey: Guid(91b90b92aeba47a4a823b62e4ee3ac10) Importer(2089858483,b0f066a214c2f5e87bad3c948f4d605d)
Start importing Assets/Studio33 Interactive_[BasketBall] v1.1/Animations/Basketball Motions_Generic/71_BlockingckncatchLongFarLA.fbx using Guid(91b90b92aeba47a4a823b62e4ee3ac10) Importer(2089858483,b0f066a214c2f5e87bad3c948f4d605d) (ScriptedImporter) -> (artifact id: '3d4f04f99215d10d4ab1512a9d9c185f') in 0.0305202 seconds
Number of updated asset objects reloaded before import = 0Number of asset objects unloaded after import = 152

========================================================================
Received Import Request.
  Time since last request: 0.000023 seconds.
  path: Assets/Studio33 Interactive_[BasketBall] v1.1/Animations/Basketball Motions Humanoid/1057_SceneEntHome.fbx
  artifactKey: Guid(5c7f3537bf6597346a0bc43756d393f5) Importer(2089858483,b0f066a214c2f5e87bad3c948f4d605d)
Start importing Assets/Studio33 Interactive_[BasketBall] v1.1/Animations/Basketball Motions Humanoid/1057_SceneEntHome.fbx using Guid(5c7f3537bf6597346a0bc43756d393f5) Importer(2089858483,b0f066a214c2f5e87bad3c948f4d605d) (ScriptedImporter) -> (artifact id: '4977995591bde7dc34025192c89c43ab') in 0.0327174 seconds
Number of updated asset objects reloaded before import = 0Number of asset objects unloaded after import = 154

========================================================================
Received Import Request.
  Time since last request: 0.000031 seconds.
  path: Assets/Studio33 Interactive_[BasketBall] v1.1/Animations/Basketball Motions_Generic/870_AlleyooppassreqBaA.fbx
  artifactKey: Guid(b0423aab56d38e74f9e9e6e472566974) Importer(2089858483,b0f066a214c2f5e87bad3c948f4d605d)
Start importing Assets/Studio33 Interactive_[BasketBall] v1.1/Animations/Basketball Motions_Generic/870_AlleyooppassreqBaA.fbx using Guid(b0423aab56d38e74f9e9e6e472566974) Importer(2089858483,b0f066a214c2f5e87bad3c948f4d605d) (ScriptedImporter) -> (artifact id: '01008cde022c6a56011bf7a4b6b4e2bb') in 0.0288667 seconds
Number of updated asset objects reloaded before import = 0Number of asset objects unloaded after import = 152

========================================================================
Received Import Request.
  Time since last request: 0.000034 seconds.
  path: Assets/Studio33 Interactive_[BasketBall] v1.1/Animations/Basketball Motions_Generic/470_ChangeRightRA.fbx
  artifactKey: Guid(6a87336208cdc254d8d33d5d57e404fe) Importer(2089858483,b0f066a214c2f5e87bad3c948f4d605d)
Start importing Assets/Studio33 Interactive_[BasketBall] v1.1/Animations/Basketball Motions_Generic/470_ChangeRightRA.fbx using Guid(6a87336208cdc254d8d33d5d57e404fe) Importer(2089858483,b0f066a214c2f5e87bad3c948f4d605d) (ScriptedImporter) -> (artifact id: '5b65e872da951ec08c6cfb4bbdf859a6') in 0.0219457 seconds
Number of updated asset objects reloaded before import = 0Number of asset objects unloaded after import = 152

========================================================================
Received Import Request.
  Time since last request: 0.000027 seconds.
  path: Assets/Studio33 Interactive_[BasketBall] v1.1/Animations/Basketball Motions Humanoid/737_AlleyooppassCA.fbx
  artifactKey: Guid(bd3755885b6f7794aa4cb4a960ce4aad) Importer(2089858483,b0f066a214c2f5e87bad3c948f4d605d)
Start importing Assets/Studio33 Interactive_[BasketBall] v1.1/Animations/Basketball Motions Humanoid/737_AlleyooppassCA.fbx using Guid(bd3755885b6f7794aa4cb4a960ce4aad) Importer(2089858483,b0f066a214c2f5e87bad3c948f4d605d) (ScriptedImporter) -> (artifact id: '65484b9fa2500a31794e7d55c50e3bfc') in 0.0281478 seconds
Number of updated asset objects reloaded before import = 0Number of asset objects unloaded after import = 154

========================================================================
Received Import Request.
  Time since last request: 0.000018 seconds.
  path: Assets/Studio33 Interactive_[BasketBall] v1.1/Animations/Basketball Motions_Generic/248_CrossFakeShammgodRL.fbx
  artifactKey: Guid(1eab12c34192f7f48b6d0b9f8b97a3c6) Importer(2089858483,b0f066a214c2f5e87bad3c948f4d605d)
Start importing Assets/Studio33 Interactive_[BasketBall] v1.1/Animations/Basketball Motions_Generic/248_CrossFakeShammgodRL.fbx using Guid(1eab12c34192f7f48b6d0b9f8b97a3c6) Importer(2089858483,b0f066a214c2f5e87bad3c948f4d605d) (ScriptedImporter) -> (artifact id: 'ec398be970e87880b5ff4ab141879bf0') in 0.0255837 seconds
Number of updated asset objects reloaded before import = 0Number of asset objects unloaded after import = 152

========================================================================
Received Import Request.
  Time since last request: 0.000029 seconds.
  path: Assets/Studio33 Interactive_[BasketBall] v1.1/Animations/Basketball Motions Humanoid/125_ReboundAndBoxOutBaa.fbx
  artifactKey: Guid(e91af10c6290e864d86be6394e077441) Importer(2089858483,b0f066a214c2f5e87bad3c948f4d605d)
Start importing Assets/Studio33 Interactive_[BasketBall] v1.1/Animations/Basketball Motions Humanoid/125_ReboundAndBoxOutBaa.fbx using Guid(e91af10c6290e864d86be6394e077441) Importer(2089858483,b0f066a214c2f5e87bad3c948f4d605d) (ScriptedImporter) -> (artifact id: 'e9030b66af8c2325fede42e3e35936fd') in 0.0263455 seconds
Number of updated asset objects reloaded before import = 0Number of asset objects unloaded after import = 154

========================================================================
Received Import Request.
  Time since last request: 0.000051 seconds.
  path: Assets/Studio33 Interactive_[BasketBall] v1.1/Animations/Basketball Motions Humanoid/1616_JumpshotMA.fbx
  artifactKey: Guid(8291ad2a6ea03d44b96095ba3917c2e1) Importer(2089858483,b0f066a214c2f5e87bad3c948f4d605d)
Start importing Assets/Studio33 Interactive_[BasketBall] v1.1/Animations/Basketball Motions Humanoid/1616_JumpshotMA.fbx using Guid(8291ad2a6ea03d44b96095ba3917c2e1) Importer(2089858483,b0f066a214c2f5e87bad3c948f4d605d) (ScriptedImporter) -> (artifact id: '769fca46f09645d388709eea83124fcc') in 0.0276092 seconds
Number of updated asset objects reloaded before import = 0Number of asset objects unloaded after import = 154

========================================================================
Received Import Request.
  Time since last request: 0.000021 seconds.
  path: Assets/Studio33 Interactive_[BasketBall] v1.1/Animations/Basketball Motions_Generic/2145_Dribbleright.fbx
  artifactKey: Guid(00dc83f5ef7abb24c904ef81ff93ae4a) Importer(2089858483,b0f066a214c2f5e87bad3c948f4d605d)
Start importing Assets/Studio33 Interactive_[BasketBall] v1.1/Animations/Basketball Motions_Generic/2145_Dribbleright.fbx using Guid(00dc83f5ef7abb24c904ef81ff93ae4a) Importer(2089858483,b0f066a214c2f5e87bad3c948f4d605d) (ScriptedImporter) -> (artifact id: '1dc9cd1bb74f0a09e8e0c98a6235faac') in 0.0256831 seconds
Number of updated asset objects reloaded before import = 0Number of asset objects unloaded after import = 152

========================================================================
Received Import Request.
  Time since last request: 0.000038 seconds.
  path: Assets/Studio33 Interactive_[BasketBall] v1.1/Animations/Basketball Motions Humanoid/2217_JumpshotReadyFake.fbx
  artifactKey: Guid(90c199b010fed3340a03540c15056c75) Importer(2089858483,b0f066a214c2f5e87bad3c948f4d605d)
Start importing Assets/Studio33 Interactive_[BasketBall] v1.1/Animations/Basketball Motions Humanoid/2217_JumpshotReadyFake.fbx using Guid(90c199b010fed3340a03540c15056c75) Importer(2089858483,b0f066a214c2f5e87bad3c948f4d605d) (ScriptedImporter) -> (artifact id: 'bafd54667671ba927342a6f7ef98d74c') in 0.0229811 seconds
Number of updated asset objects reloaded before import = 0Number of asset objects unloaded after import = 154

========================================================================
Received Import Request.
  Time since last request: 0.000023 seconds.
  path: Assets/Studio33 Interactive_[BasketBall] v1.1/Animations/Basketball Motions Humanoid/427_MarkQuistepB.fbx
  artifactKey: Guid(3f10e369c1a36a84585cb0613fbbc297) Importer(2089858483,b0f066a214c2f5e87bad3c948f4d605d)
Start importing Assets/Studio33 Interactive_[BasketBall] v1.1/Animations/Basketball Motions Humanoid/427_MarkQuistepB.fbx using Guid(3f10e369c1a36a84585cb0613fbbc297) Importer(2089858483,b0f066a214c2f5e87bad3c948f4d605d) (ScriptedImporter) -> (artifact id: '9fef04425aae2ba2238074b302a2aa2d') in 0.02579 seconds
Number of updated asset objects reloaded before import = 0Number of asset objects unloaded after import = 154

========================================================================
Received Import Request.
  Time since last request: 0.000041 seconds.
  path: Assets/Studio33 Interactive_[BasketBall] v1.1/Animations/Basketball Motions Humanoid/1424_TurfrontFakeA.fbx
  artifactKey: Guid(29c1d258bd8ff2747943d6670bc09e84) Importer(2089858483,b0f066a214c2f5e87bad3c948f4d605d)
Start importing Assets/Studio33 Interactive_[BasketBall] v1.1/Animations/Basketball Motions Humanoid/1424_TurfrontFakeA.fbx using Guid(29c1d258bd8ff2747943d6670bc09e84) Importer(2089858483,b0f066a214c2f5e87bad3c948f4d605d) (ScriptedImporter) -> (artifact id: '12377d7fec3f9d0b1140c55754022586') in 0.024986 seconds
Number of updated asset objects reloaded before import = 0Number of asset objects unloaded after import = 154

========================================================================
Received Import Request.
  Time since last request: 0.000024 seconds.
  path: Assets/Studio33 Interactive_[BasketBall] v1.1/Animations/Basketball Motions Humanoid/1500_LayupCA.fbx
  artifactKey: Guid(15ca0cf14bd5f584ab22e738906cecc1) Importer(2089858483,b0f066a214c2f5e87bad3c948f4d605d)
Start importing Assets/Studio33 Interactive_[BasketBall] v1.1/Animations/Basketball Motions Humanoid/1500_LayupCA.fbx using Guid(15ca0cf14bd5f584ab22e738906cecc1) Importer(2089858483,b0f066a214c2f5e87bad3c948f4d605d) (ScriptedImporter) -> (artifact id: 'e06fd950bfff4522821dcfb5b9bf8da8') in 0.0260973 seconds
Number of updated asset objects reloaded before import = 0Number of asset objects unloaded after import = 154

========================================================================
Received Import Request.
  Time since last request: 0.000104 seconds.
  path: Assets/Studio33 Interactive_[BasketBall] v1.1/Animations/Basketball Motions_Generic/1585_DunkRB.fbx
  artifactKey: Guid(22e48e64f3c8fe34dbe2aee0fba9e7a2) Importer(2089858483,b0f066a214c2f5e87bad3c948f4d605d)
Start importing Assets/Studio33 Interactive_[BasketBall] v1.1/Animations/Basketball Motions_Generic/1585_DunkRB.fbx using Guid(22e48e64f3c8fe34dbe2aee0fba9e7a2) Importer(2089858483,b0f066a214c2f5e87bad3c948f4d605d) (ScriptedImporter) -> (artifact id: '8f9dff307519590c50cb310d1ddf5859') in 0.0268155 seconds
Number of updated asset objects reloaded before import = 0Number of asset objects unloaded after import = 152

========================================================================
Received Import Request.
  Time since last request: 0.000020 seconds.
  path: Assets/Studio33 Interactive_[BasketBall] v1.1/Animations/Basketball Motions Humanoid/458_MarkDelayR.fbx
  artifactKey: Guid(7b166bd59c07af74a930fe6fb324a7db) Importer(2089858483,b0f066a214c2f5e87bad3c948f4d605d)
Start importing Assets/Studio33 Interactive_[BasketBall] v1.1/Animations/Basketball Motions Humanoid/458_MarkDelayR.fbx using Guid(7b166bd59c07af74a930fe6fb324a7db) Importer(2089858483,b0f066a214c2f5e87bad3c948f4d605d) (ScriptedImporter) -> (artifact id: '29ff315043ac98c97b898ec00211a0c4') in 0.027616 seconds
Number of updated asset objects reloaded before import = 0Number of asset objects unloaded after import = 154

========================================================================
Received Import Request.
  Time since last request: 0.000037 seconds.
  path: Assets/Studio33 Interactive_[BasketBall] v1.1/Animations/Basketball Motions_Generic/247_CrossFakeBehirL.fbx
  artifactKey: Guid(4911caf8582355b4ea5ba40e5355871e) Importer(2089858483,b0f066a214c2f5e87bad3c948f4d605d)
Start importing Assets/Studio33 Interactive_[BasketBall] v1.1/Animations/Basketball Motions_Generic/247_CrossFakeBehirL.fbx using Guid(4911caf8582355b4ea5ba40e5355871e) Importer(2089858483,b0f066a214c2f5e87bad3c948f4d605d) (ScriptedImporter) -> (artifact id: 'fe916df2f6bbc482dea59cd0f44e6c4b') in 0.0230981 seconds
Number of updated asset objects reloaded before import = 0Number of asset objects unloaded after import = 152

========================================================================
Received Import Request.
  Time since last request: 0.000032 seconds.
  path: Assets/Studio33 Interactive_[BasketBall] v1.1/Animations/Basketball Motions Humanoid/516_DunkCA.fbx
  artifactKey: Guid(f1eb15f358e555948951ffac80233d2a) Importer(2089858483,b0f066a214c2f5e87bad3c948f4d605d)
Start importing Assets/Studio33 Interactive_[BasketBall] v1.1/Animations/Basketball Motions Humanoid/516_DunkCA.fbx using Guid(f1eb15f358e555948951ffac80233d2a) Importer(2089858483,b0f066a214c2f5e87bad3c948f4d605d) (ScriptedImporter) -> (artifact id: '87399ed7e5d1664d10379792fe7ba9a7') in 0.0253608 seconds
Number of updated asset objects reloaded before import = 0Number of asset objects unloaded after import = 154

========================================================================
Received Import Request.
  Time since last request: 0.000017 seconds.
  path: Assets/Studio33 Interactive_[BasketBall] v1.1/Animations/Basketball Motions Humanoid/2104_DunkCA.fbx
  artifactKey: Guid(94b69d9dcde716f48b523ab61c9a62fd) Importer(2089858483,b0f066a214c2f5e87bad3c948f4d605d)
Start importing Assets/Studio33 Interactive_[BasketBall] v1.1/Animations/Basketball Motions Humanoid/2104_DunkCA.fbx using Guid(94b69d9dcde716f48b523ab61c9a62fd) Importer(2089858483,b0f066a214c2f5e87bad3c948f4d605d) (ScriptedImporter) -> (artifact id: 'b9acbabfc8d219bac2c4147ed84599f5') in 0.0278546 seconds
Number of updated asset objects reloaded before import = 0Number of asset objects unloaded after import = 154

========================================================================
Received Import Request.
  Time since last request: 0.000039 seconds.
  path: Assets/Studio33 Interactive_[BasketBall] v1.1/Animations/Basketball Motions Humanoid/3_PostBackingpushedA.fbx
  artifactKey: Guid(afaa79cd415355f49aa685ea652bbd2f) Importer(2089858483,b0f066a214c2f5e87bad3c948f4d605d)
Start importing Assets/Studio33 Interactive_[BasketBall] v1.1/Animations/Basketball Motions Humanoid/3_PostBackingpushedA.fbx using Guid(afaa79cd415355f49aa685ea652bbd2f) Importer(2089858483,b0f066a214c2f5e87bad3c948f4d605d) (ScriptedImporter) -> (artifact id: 'cda620547d5647de2cbc558279d9a6b0') in 0.028843 seconds
Number of updated asset objects reloaded before import = 0Number of asset objects unloaded after import = 154

========================================================================
Received Import Request.
  Time since last request: 0.000033 seconds.
  path: Assets/Studio33 Interactive_[BasketBall] v1.1/Animations/Basketball Motions_Generic/1367_JumpshotMFakeA.fbx
  artifactKey: Guid(0261c11287ca15741ba405ea223c1f57) Importer(2089858483,b0f066a214c2f5e87bad3c948f4d605d)
Start importing Assets/Studio33 Interactive_[BasketBall] v1.1/Animations/Basketball Motions_Generic/1367_JumpshotMFakeA.fbx using Guid(0261c11287ca15741ba405ea223c1f57) Importer(2089858483,b0f066a214c2f5e87bad3c948f4d605d) (ScriptedImporter) -> (artifact id: 'fd40698ba6cc40daaeb54c89ef13944a') in 0.0272094 seconds
Number of updated asset objects reloaded before import = 0Number of asset objects unloaded after import = 152

========================================================================
Received Import Request.
  Time since last request: 0.000021 seconds.
  path: Assets/Studio33 Interactive_[BasketBall] v1.1/Animations/Basketball Motions Humanoid/513_RruDribbleleright.fbx
  artifactKey: Guid(5be5d6845290d0c4ca9fc29e18ec7345) Importer(2089858483,b0f066a214c2f5e87bad3c948f4d605d)
Start importing Assets/Studio33 Interactive_[BasketBall] v1.1/Animations/Basketball Motions Humanoid/513_RruDribbleleright.fbx using Guid(5be5d6845290d0c4ca9fc29e18ec7345) Importer(2089858483,b0f066a214c2f5e87bad3c948f4d605d) (ScriptedImporter) -> (artifact id: '21872732bfe1a172076800c535f7a06c') in 0.0274247 seconds
Number of updated asset objects reloaded before import = 0Number of asset objects unloaded after import = 154

========================================================================
Received Import Request.
  Time since last request: 0.000029 seconds.
  path: Assets/Studio33 Interactive_[BasketBall] v1.1/Animations/Basketball Motions Humanoid/659_Run.fbx
  artifactKey: Guid(bb2812a41200c0f4dbc6d3537bafc7d1) Importer(2089858483,b0f066a214c2f5e87bad3c948f4d605d)
Start importing Assets/Studio33 Interactive_[BasketBall] v1.1/Animations/Basketball Motions Humanoid/659_Run.fbx using Guid(bb2812a41200c0f4dbc6d3537bafc7d1) Importer(2089858483,b0f066a214c2f5e87bad3c948f4d605d) (ScriptedImporter) -> (artifact id: '7eb0478d98605145f2abc44c567385c3') in 0.0304024 seconds
Number of updated asset objects reloaded before import = 0Number of asset objects unloaded after import = 154

========================================================================
Received Import Request.
  Time since last request: 0.000031 seconds.
  path: Assets/Studio33 Interactive_[BasketBall] v1.1/Animations/Basketball Motions Humanoid/1306_DunkRAG.fbx
  artifactKey: Guid(699f6bd21c87952439acf5b19626dda6) Importer(2089858483,b0f066a214c2f5e87bad3c948f4d605d)
Start importing Assets/Studio33 Interactive_[BasketBall] v1.1/Animations/Basketball Motions Humanoid/1306_DunkRAG.fbx using Guid(699f6bd21c87952439acf5b19626dda6) Importer(2089858483,b0f066a214c2f5e87bad3c948f4d605d) (ScriptedImporter) -> (artifact id: '676bf8f054b154d8b35280826b2fe55a') in 0.026665 seconds
Number of updated asset objects reloaded before import = 0Number of asset objects unloaded after import = 154

========================================================================
Received Import Request.
  Time since last request: 0.000037 seconds.
  path: Assets/Studio33 Interactive_[BasketBall] v1.1/Animations/Basketball Motions Humanoid/502_Dribbleright.fbx
  artifactKey: Guid(023a2d260cf2cb141baaf2f1dd2e2ba5) Importer(2089858483,b0f066a214c2f5e87bad3c948f4d605d)
Start importing Assets/Studio33 Interactive_[BasketBall] v1.1/Animations/Basketball Motions Humanoid/502_Dribbleright.fbx using Guid(023a2d260cf2cb141baaf2f1dd2e2ba5) Importer(2089858483,b0f066a214c2f5e87bad3c948f4d605d) (ScriptedImporter) -> (artifact id: 'f63da3dac07aa066044428b83bb43dfc') in 0.0235915 seconds
Number of updated asset objects reloaded before import = 0Number of asset objects unloaded after import = 154

========================================================================
Received Import Request.
  Time since last request: 0.000028 seconds.
  path: Assets/Studio33 Interactive_[BasketBall] v1.1/Animations/Basketball Motions_Generic/1906_JumpshotReadyFake.fbx
  artifactKey: Guid(e589deb54e5f26d458de4cc473b3ef19) Importer(2089858483,b0f066a214c2f5e87bad3c948f4d605d)
Start importing Assets/Studio33 Interactive_[BasketBall] v1.1/Animations/Basketball Motions_Generic/1906_JumpshotReadyFake.fbx using Guid(e589deb54e5f26d458de4cc473b3ef19) Importer(2089858483,b0f066a214c2f5e87bad3c948f4d605d) (ScriptedImporter) -> (artifact id: 'c47fad949a87d559476333d2aaa00f44') in 0.0245347 seconds
Number of updated asset objects reloaded before import = 0Number of asset objects unloaded after import = 152

========================================================================
Received Import Request.
  Time since last request: 0.000022 seconds.
  path: Assets/Studio33 Interactive_[BasketBall] v1.1/Animations/Basketball Motions Humanoid/307_SpinStepRRA.fbx
  artifactKey: Guid(b219b4a5054a07d45947ecce6a574834) Importer(2089858483,b0f066a214c2f5e87bad3c948f4d605d)
Start importing Assets/Studio33 Interactive_[BasketBall] v1.1/Animations/Basketball Motions Humanoid/307_SpinStepRRA.fbx using Guid(b219b4a5054a07d45947ecce6a574834) Importer(2089858483,b0f066a214c2f5e87bad3c948f4d605d) (ScriptedImporter) -> (artifact id: '23c885560c29cb45e2c33ae532422791') in 0.029382 seconds
Number of updated asset objects reloaded before import = 0Number of asset objects unloaded after import = 154

========================================================================
Received Import Request.
  Time since last request: 0.000025 seconds.
  path: Assets/Studio33 Interactive_[BasketBall] v1.1/Animations/Basketball Motions Humanoid/1795_DunkCA.fbx
  artifactKey: Guid(05c1ac47805551c479aa465b8e44e070) Importer(2089858483,b0f066a214c2f5e87bad3c948f4d605d)
Start importing Assets/Studio33 Interactive_[BasketBall] v1.1/Animations/Basketball Motions Humanoid/1795_DunkCA.fbx using Guid(05c1ac47805551c479aa465b8e44e070) Importer(2089858483,b0f066a214c2f5e87bad3c948f4d605d) (ScriptedImporter) -> (artifact id: '0be48b448bc2ba2c8c7ccd5cf7927311') in 0.0248179 seconds
Number of updated asset objects reloaded before import = 0Number of asset objects unloaded after import = 154

========================================================================
Received Import Request.
  Time since last request: 0.000031 seconds.
  path: Assets/Studio33 Interactive_[BasketBall] v1.1/Animations/Basketball Motions Humanoid/655_DashStop.fbx
  artifactKey: Guid(8b94ba3d0c646f94296a511a485cdadc) Importer(2089858483,b0f066a214c2f5e87bad3c948f4d605d)
Start importing Assets/Studio33 Interactive_[BasketBall] v1.1/Animations/Basketball Motions Humanoid/655_DashStop.fbx using Guid(8b94ba3d0c646f94296a511a485cdadc) Importer(2089858483,b0f066a214c2f5e87bad3c948f4d605d) (ScriptedImporter) -> (artifact id: 'e51a58628dd7971726c92ddeb44530aa') in 0.0282489 seconds
Number of updated asset objects reloaded before import = 0Number of asset objects unloaded after import = 154

========================================================================
Received Import Request.
  Time since last request: 0.000022 seconds.
  path: Assets/Studio33 Interactive_[BasketBall] v1.1/Animations/Basketball Motions_Generic/1811_DunkRAG.fbx
  artifactKey: Guid(ecec00b248018ed4d8fb5f9fdd6206f3) Importer(2089858483,b0f066a214c2f5e87bad3c948f4d605d)
Start importing Assets/Studio33 Interactive_[BasketBall] v1.1/Animations/Basketball Motions_Generic/1811_DunkRAG.fbx using Guid(ecec00b248018ed4d8fb5f9fdd6206f3) Importer(2089858483,b0f066a214c2f5e87bad3c948f4d605d) (ScriptedImporter) -> (artifact id: '294e66d6df78a7014488e2d71e8f2f07') in 0.0280384 seconds
Number of updated asset objects reloaded before import = 0Number of asset objects unloaded after import = 152

========================================================================
Received Import Request.
  Time since last request: 0.000035 seconds.
  path: Assets/Studio33 Interactive_[BasketBall] v1.1/Animations/Basketball Motions Humanoid/1389_JumpshotReadyFake.fbx
  artifactKey: Guid(4c7cdae1fef6aca469f76d56dcbc2ef4) Importer(2089858483,b0f066a214c2f5e87bad3c948f4d605d)
Start importing Assets/Studio33 Interactive_[BasketBall] v1.1/Animations/Basketball Motions Humanoid/1389_JumpshotReadyFake.fbx using Guid(4c7cdae1fef6aca469f76d56dcbc2ef4) Importer(2089858483,b0f066a214c2f5e87bad3c948f4d605d) (ScriptedImporter) -> (artifact id: '35e6c85ed3ccf049e7e70103be7cad99') in 0.0261574 seconds
Number of updated asset objects reloaded before import = 0Number of asset objects unloaded after import = 154

========================================================================
Received Import Request.
  Time since last request: 0.000029 seconds.
  path: Assets/Studio33 Interactive_[BasketBall] v1.1/Animations/Basketball Motions_Generic/1354_JumpshotMFakeA.fbx
  artifactKey: Guid(47e4f204b4bd88c4ea5b5ac6e5dfbc99) Importer(2089858483,b0f066a214c2f5e87bad3c948f4d605d)
Start importing Assets/Studio33 Interactive_[BasketBall] v1.1/Animations/Basketball Motions_Generic/1354_JumpshotMFakeA.fbx using Guid(47e4f204b4bd88c4ea5b5ac6e5dfbc99) Importer(2089858483,b0f066a214c2f5e87bad3c948f4d605d) (ScriptedImporter) -> (artifact id: 'd12ef052f8738b31126a55c9985693b3') in 0.0238356 seconds
Number of updated asset objects reloaded before import = 0Number of asset objects unloaded after import = 152

========================================================================
Received Import Request.
  Time since last request: 0.000047 seconds.
  path: Assets/Studio33 Interactive_[BasketBall] v1.1/Animations/Basketball Motions Humanoid/914_QpostNormalThRightFRA.fbx
  artifactKey: Guid(88617364d823ea34e9139f506202c7b4) Importer(2089858483,b0f066a214c2f5e87bad3c948f4d605d)
Start importing Assets/Studio33 Interactive_[BasketBall] v1.1/Animations/Basketball Motions Humanoid/914_QpostNormalThRightFRA.fbx using Guid(88617364d823ea34e9139f506202c7b4) Importer(2089858483,b0f066a214c2f5e87bad3c948f4d605d) (ScriptedImporter) -> (artifact id: '55988bfea1bf07c8fc5c5de03cac4014') in 0.0294237 seconds
Number of updated asset objects reloaded before import = 0Number of asset objects unloaded after import = 154

========================================================================
Received Import Request.
  Time since last request: 0.000034 seconds.
  path: Assets/Studio33 Interactive_[BasketBall] v1.1/Animations/Basketball Motions_Generic/733_ShootpassLayupLongRightA.fbx
  artifactKey: Guid(223c8d5671d33d148a0b74d6ff5d56b8) Importer(2089858483,b0f066a214c2f5e87bad3c948f4d605d)
Start importing Assets/Studio33 Interactive_[BasketBall] v1.1/Animations/Basketball Motions_Generic/733_ShootpassLayupLongRightA.fbx using Guid(223c8d5671d33d148a0b74d6ff5d56b8) Importer(2089858483,b0f066a214c2f5e87bad3c948f4d605d) (ScriptedImporter) -> (artifact id: 'cff78d1e90cef9f677a2b8bc731c99bc') in 0.0229523 seconds
Number of updated asset objects reloaded before import = 0Number of asset objects unloaded after import = 152

========================================================================
Received Import Request.
  Time since last request: 0.000034 seconds.
  path: Assets/Studio33 Interactive_[BasketBall] v1.1/Animations/Basketball Motions_Generic/1528_DunkCRevA.fbx
  artifactKey: Guid(ea74add6557f5b2409f332c1d524e505) Importer(2089858483,b0f066a214c2f5e87bad3c948f4d605d)
Start importing Assets/Studio33 Interactive_[BasketBall] v1.1/Animations/Basketball Motions_Generic/1528_DunkCRevA.fbx using Guid(ea74add6557f5b2409f332c1d524e505) Importer(2089858483,b0f066a214c2f5e87bad3c948f4d605d) (ScriptedImporter) -> (artifact id: '02c7c1736a6cea152ce92f8dc744141c') in 0.0254353 seconds
Number of updated asset objects reloaded before import = 0Number of asset objects unloaded after import = 152

========================================================================
Received Import Request.
  Time since last request: 0.000042 seconds.
  path: Assets/Studio33 Interactive_[BasketBall] v1.1/Animations/Basketball Motions_Generic/219_CrossEurostepLayupL.fbx
  artifactKey: Guid(9f3207ff849dffd449d17cfcc2113063) Importer(2089858483,b0f066a214c2f5e87bad3c948f4d605d)
Start importing Assets/Studio33 Interactive_[BasketBall] v1.1/Animations/Basketball Motions_Generic/219_CrossEurostepLayupL.fbx using Guid(9f3207ff849dffd449d17cfcc2113063) Importer(2089858483,b0f066a214c2f5e87bad3c948f4d605d) (ScriptedImporter) -> (artifact id: '45d9b00ef1f1a9b40b475772879634ed') in 0.0270982 seconds
Number of updated asset objects reloaded before import = 0Number of asset objects unloaded after import = 152

========================================================================
Received Import Request.
  Time since last request: 0.000039 seconds.
  path: Assets/Studio33 Interactive_[BasketBall] v1.1/Animations/Basketball Motions_Generic/1624_JumpshotMFakeA.fbx
  artifactKey: Guid(3039e1fadfdc54f46ba79eb415f767f5) Importer(2089858483,b0f066a214c2f5e87bad3c948f4d605d)
Start importing Assets/Studio33 Interactive_[BasketBall] v1.1/Animations/Basketball Motions_Generic/1624_JumpshotMFakeA.fbx using Guid(3039e1fadfdc54f46ba79eb415f767f5) Importer(2089858483,b0f066a214c2f5e87bad3c948f4d605d) (ScriptedImporter) -> (artifact id: 'b7706a6e9fb57f6b6d176593173cf7e3') in 0.0257344 seconds
Number of updated asset objects reloaded before import = 0Number of asset objects unloaded after import = 152

========================================================================
Received Import Request.
  Time since last request: 0.000061 seconds.
  path: Assets/Studio33 Interactive_[BasketBall] v1.1/Animations/Basketball Motions Humanoid/1661_LayupRA.fbx
  artifactKey: Guid(45da6c0d9cd36314cabec9a33a591ce8) Importer(2089858483,b0f066a214c2f5e87bad3c948f4d605d)
Start importing Assets/Studio33 Interactive_[BasketBall] v1.1/Animations/Basketball Motions Humanoid/1661_LayupRA.fbx using Guid(45da6c0d9cd36314cabec9a33a591ce8) Importer(2089858483,b0f066a214c2f5e87bad3c948f4d605d) (ScriptedImporter) -> (artifact id: 'd2769c68760fbc0e7af30e54fa5d8f73') in 0.025423 seconds
Number of updated asset objects reloaded before import = 0Number of asset objects unloaded after import = 154

========================================================================
Received Import Request.
  Time since last request: 0.000028 seconds.
  path: Assets/Studio33 Interactive_[BasketBall] v1.1/Animations/Basketball Motions Humanoid/1741_RstajumpshotMA.fbx
  artifactKey: Guid(5cca587bfef126e4da8a057fd4623637) Importer(2089858483,b0f066a214c2f5e87bad3c948f4d605d)
Start importing Assets/Studio33 Interactive_[BasketBall] v1.1/Animations/Basketball Motions Humanoid/1741_RstajumpshotMA.fbx using Guid(5cca587bfef126e4da8a057fd4623637) Importer(2089858483,b0f066a214c2f5e87bad3c948f4d605d) (ScriptedImporter) -> (artifact id: 'e360bb63e37b47ac7ac54010848f1b38') in 0.0256632 seconds
Number of updated asset objects reloaded before import = 0Number of asset objects unloaded after import = 154

========================================================================
Received Import Request.
  Time since last request: 0.000039 seconds.
  path: Assets/Studio33 Interactive_[BasketBall] v1.1/Animations/Basketball Motions Humanoid/991_Rebound rB.fbx
  artifactKey: Guid(d41924f92b542974b97169b243cad86b) Importer(2089858483,b0f066a214c2f5e87bad3c948f4d605d)
Start importing Assets/Studio33 Interactive_[BasketBall] v1.1/Animations/Basketball Motions Humanoid/991_Rebound rB.fbx using Guid(d41924f92b542974b97169b243cad86b) Importer(2089858483,b0f066a214c2f5e87bad3c948f4d605d) (ScriptedImporter) -> (artifact id: '98986a6c0510f6eb0f972bbd120e3646') in 0.0255728 seconds
Number of updated asset objects reloaded before import = 0Number of asset objects unloaded after import = 154

========================================================================
Received Import Request.
  Time since last request: 0.000041 seconds.
  path: Assets/Studio33 Interactive_[BasketBall] v1.1/Animations/Basketball Motions_Generic/1305_DunkRAC.fbx
  artifactKey: Guid(12848c692c8960c439adc2ba6324de5b) Importer(2089858483,b0f066a214c2f5e87bad3c948f4d605d)
Start importing Assets/Studio33 Interactive_[BasketBall] v1.1/Animations/Basketball Motions_Generic/1305_DunkRAC.fbx using Guid(12848c692c8960c439adc2ba6324de5b) Importer(2089858483,b0f066a214c2f5e87bad3c948f4d605d) (ScriptedImporter) -> (artifact id: 'aff80082e446a4cc8c5f95dfe905a16a') in 0.0312701 seconds
Number of updated asset objects reloaded before import = 0Number of asset objects unloaded after import = 152

========================================================================
Received Import Request.
  Time since last request: 0.000022 seconds.
  path: Assets/Studio33 Interactive_[BasketBall] v1.1/Animations/Basketball Motions_Generic/94_BlockinglongFarL.fbx
  artifactKey: Guid(5a6d9d48131e36a42958d36799893bcb) Importer(2089858483,b0f066a214c2f5e87bad3c948f4d605d)
Start importing Assets/Studio33 Interactive_[BasketBall] v1.1/Animations/Basketball Motions_Generic/94_BlockinglongFarL.fbx using Guid(5a6d9d48131e36a42958d36799893bcb) Importer(2089858483,b0f066a214c2f5e87bad3c948f4d605d) (ScriptedImporter) -> (artifact id: '0a7680a3fdbf4cd966564d11454ae4d8') in 0.0292268 seconds
Number of updated asset objects reloaded before import = 0Number of asset objects unloaded after import = 152

========================================================================
Received Import Request.
  Time since last request: 0.000031 seconds.
  path: Assets/Studio33 Interactive_[BasketBall] v1.1/Animations/Basketball Motions_Generic/1613_DunkRA.fbx
  artifactKey: Guid(2819c15f0c75bcc409626679485b4301) Importer(2089858483,b0f066a214c2f5e87bad3c948f4d605d)
Start importing Assets/Studio33 Interactive_[BasketBall] v1.1/Animations/Basketball Motions_Generic/1613_DunkRA.fbx using Guid(2819c15f0c75bcc409626679485b4301) Importer(2089858483,b0f066a214c2f5e87bad3c948f4d605d) (ScriptedImporter) -> (artifact id: '4f3142597d067b0ca0fbf7008812967c') in 0.0288971 seconds
Number of updated asset objects reloaded before import = 0Number of asset objects unloaded after import = 152

========================================================================
Received Import Request.
  Time since last request: 0.000032 seconds.
  path: Assets/Studio33 Interactive_[BasketBall] v1.1/Animations/Basketball Motions Humanoid/859_PassKiA.fbx
  artifactKey: Guid(a1b61a3fd8e15d546bf412375c84cbdc) Importer(2089858483,b0f066a214c2f5e87bad3c948f4d605d)
Start importing Assets/Studio33 Interactive_[BasketBall] v1.1/Animations/Basketball Motions Humanoid/859_PassKiA.fbx using Guid(a1b61a3fd8e15d546bf412375c84cbdc) Importer(2089858483,b0f066a214c2f5e87bad3c948f4d605d) (ScriptedImporter) -> (artifact id: 'bfde2f984434dd8628468f29be31312d') in 0.0275063 seconds
Number of updated asset objects reloaded before import = 0Number of asset objects unloaded after import = 154

========================================================================
Received Import Request.
  Time since last request: 0.000034 seconds.
  path: Assets/Studio33 Interactive_[BasketBall] v1.1/Animations/Basketball Motions Humanoid/1894_BjDunkMeteorCA.fbx
  artifactKey: Guid(fc63b8c0165db914cada33b1fb3b4344) Importer(2089858483,b0f066a214c2f5e87bad3c948f4d605d)
Start importing Assets/Studio33 Interactive_[BasketBall] v1.1/Animations/Basketball Motions Humanoid/1894_BjDunkMeteorCA.fbx using Guid(fc63b8c0165db914cada33b1fb3b4344) Importer(2089858483,b0f066a214c2f5e87bad3c948f4d605d) (ScriptedImporter) -> (artifact id: 'a738990b2604f9caa3a502d672acd731') in 0.0382171 seconds
Number of updated asset objects reloaded before import = 0Number of asset objects unloaded after import = 154

========================================================================
Received Import Request.
  Time since last request: 0.000024 seconds.
  path: Assets/Studio33 Interactive_[BasketBall] v1.1/Animations/Basketball Motions Humanoid/1297_DunkCA.fbx
  artifactKey: Guid(c06645472a6bbdb41961c1c4a4871182) Importer(2089858483,b0f066a214c2f5e87bad3c948f4d605d)
Start importing Assets/Studio33 Interactive_[BasketBall] v1.1/Animations/Basketball Motions Humanoid/1297_DunkCA.fbx using Guid(c06645472a6bbdb41961c1c4a4871182) Importer(2089858483,b0f066a214c2f5e87bad3c948f4d605d) (ScriptedImporter) -> (artifact id: '6d14f242c19caabd29274b4d6e3bfa6b') in 0.0307281 seconds
Number of updated asset objects reloaded before import = 0Number of asset objects unloaded after import = 154

========================================================================
Received Import Request.
  Time since last request: 0.000030 seconds.
  path: Assets/Studio33 Interactive_[BasketBall] v1.1/Animations/Basketball Motions_Generic/2097_JumpshotMA.fbx
  artifactKey: Guid(6c403f2b983ac974a8db46fb18815da3) Importer(2089858483,b0f066a214c2f5e87bad3c948f4d605d)
Start importing Assets/Studio33 Interactive_[BasketBall] v1.1/Animations/Basketball Motions_Generic/2097_JumpshotMA.fbx using Guid(6c403f2b983ac974a8db46fb18815da3) Importer(2089858483,b0f066a214c2f5e87bad3c948f4d605d) (ScriptedImporter) -> (artifact id: 'aec84ac2aef4372581c778b93151d8d0') in 0.0261904 seconds
Number of updated asset objects reloaded before import = 0Number of asset objects unloaded after import = 152

========================================================================
Received Import Request.
  Time since last request: 0.000023 seconds.
  path: Assets/Studio33 Interactive_[BasketBall] v1.1/Animations/Basketball Motions Humanoid/10_PostBackingStepA.fbx
  artifactKey: Guid(a56fe485dacd0474e8803f4d37b18eac) Importer(2089858483,b0f066a214c2f5e87bad3c948f4d605d)
Start importing Assets/Studio33 Interactive_[BasketBall] v1.1/Animations/Basketball Motions Humanoid/10_PostBackingStepA.fbx using Guid(a56fe485dacd0474e8803f4d37b18eac) Importer(2089858483,b0f066a214c2f5e87bad3c948f4d605d) (ScriptedImporter) -> (artifact id: '48619af097deffb7f90df90c36a529f3') in 0.0270931 seconds
Number of updated asset objects reloaded before import = 0Number of asset objects unloaded after import = 154

========================================================================
Received Import Request.
  Time since last request: 0.000034 seconds.
  path: Assets/Studio33 Interactive_[BasketBall] v1.1/Animations/Basketball Motions_Generic/325_CrossFakeStepRTrC.fbx
  artifactKey: Guid(c12aa8a5de82bfe438a49cd7620e9d5c) Importer(2089858483,b0f066a214c2f5e87bad3c948f4d605d)
Start importing Assets/Studio33 Interactive_[BasketBall] v1.1/Animations/Basketball Motions_Generic/325_CrossFakeStepRTrC.fbx using Guid(c12aa8a5de82bfe438a49cd7620e9d5c) Importer(2089858483,b0f066a214c2f5e87bad3c948f4d605d) (ScriptedImporter) -> (artifact id: '79eb432a00bb5604e1e8ec424626e5b3') in 0.0295277 seconds
Number of updated asset objects reloaded before import = 0Number of asset objects unloaded after import = 152

========================================================================
Received Import Request.
  Time since last request: 0.000023 seconds.
  path: Assets/Studio33 Interactive_[BasketBall] v1.1/Animations/Basketball Motions Humanoid/989_Rebound rC.fbx
  artifactKey: Guid(4becedf7e25e92e4289ddfb472e30d43) Importer(2089858483,b0f066a214c2f5e87bad3c948f4d605d)
Start importing Assets/Studio33 Interactive_[BasketBall] v1.1/Animations/Basketball Motions Humanoid/989_Rebound rC.fbx using Guid(4becedf7e25e92e4289ddfb472e30d43) Importer(2089858483,b0f066a214c2f5e87bad3c948f4d605d) (ScriptedImporter) -> (artifact id: '6b685cde565c48d819a507de41cfd3f2') in 0.0263232 seconds
Number of updated asset objects reloaded before import = 0Number of asset objects unloaded after import = 154

========================================================================
Received Import Request.
  Time since last request: 0.000029 seconds.
  path: Assets/Studio33 Interactive_[BasketBall] v1.1/Animations/Basketball Motions_Generic/578_StealpassRA.fbx
  artifactKey: Guid(48a8a3439e342f74fa61d9f1df4a676b) Importer(2089858483,b0f066a214c2f5e87bad3c948f4d605d)
Start importing Assets/Studio33 Interactive_[BasketBall] v1.1/Animations/Basketball Motions_Generic/578_StealpassRA.fbx using Guid(48a8a3439e342f74fa61d9f1df4a676b) Importer(2089858483,b0f066a214c2f5e87bad3c948f4d605d) (ScriptedImporter) -> (artifact id: 'f7b08752678cfa7475724174061ab17c') in 0.0245356 seconds
Number of updated asset objects reloaded before import = 0Number of asset objects unloaded after import = 152

========================================================================
Received Import Request.
  Time since last request: 0.000022 seconds.
  path: Assets/Studio33 Interactive_[BasketBall] v1.1/Animations/Basketball Motions_Generic/1372_JumpshotNomarkFakeA.fbx
  artifactKey: Guid(63c2a077193759a489f1a0c10dda41c7) Importer(2089858483,b0f066a214c2f5e87bad3c948f4d605d)
Start importing Assets/Studio33 Interactive_[BasketBall] v1.1/Animations/Basketball Motions_Generic/1372_JumpshotNomarkFakeA.fbx using Guid(63c2a077193759a489f1a0c10dda41c7) Importer(2089858483,b0f066a214c2f5e87bad3c948f4d605d) (ScriptedImporter) -> (artifact id: 'dbe2b256ca25a338d7d14dc0dc488e47') in 0.0297394 seconds
Number of updated asset objects reloaded before import = 0Number of asset objects unloaded after import = 152

========================================================================
Received Import Request.
  Time since last request: 0.000038 seconds.
  path: Assets/Studio33 Interactive_[BasketBall] v1.1/Animations/Basketball Motions Humanoid/1175_DunkCA.fbx
  artifactKey: Guid(c919e8b9ab473d34796c0256c968bbec) Importer(2089858483,b0f066a214c2f5e87bad3c948f4d605d)
Start importing Assets/Studio33 Interactive_[BasketBall] v1.1/Animations/Basketball Motions Humanoid/1175_DunkCA.fbx using Guid(c919e8b9ab473d34796c0256c968bbec) Importer(2089858483,b0f066a214c2f5e87bad3c948f4d605d) (ScriptedImporter) -> (artifact id: '70592ef61e986b5f8112668bbe45d525') in 0.0274303 seconds
Number of updated asset objects reloaded before import = 0Number of asset objects unloaded after import = 154

========================================================================
Received Import Request.
  Time since last request: 0.000018 seconds.
  path: Assets/Studio33 Interactive_[BasketBall] v1.1/Animations/Basketball Motions_Generic/1329_JumpshotCAA.fbx
  artifactKey: Guid(7319352539498774b9ad329664b1b573) Importer(2089858483,b0f066a214c2f5e87bad3c948f4d605d)
Start importing Assets/Studio33 Interactive_[BasketBall] v1.1/Animations/Basketball Motions_Generic/1329_JumpshotCAA.fbx using Guid(7319352539498774b9ad329664b1b573) Importer(2089858483,b0f066a214c2f5e87bad3c948f4d605d) (ScriptedImporter) -> (artifact id: '5ed5a0ce1612afe91ed8fd2d55470fa4') in 0.0226468 seconds
Number of updated asset objects reloaded before import = 0Number of asset objects unloaded after import = 152

========================================================================
Received Import Request.
  Time since last request: 0.000017 seconds.
  path: Assets/Studio33 Interactive_[BasketBall] v1.1/Animations/Basketball Motions_Generic/1110_ScreeillegalR.fbx
  artifactKey: Guid(fcb9e90adc4c8024d9c2f91239744ca1) Importer(2089858483,b0f066a214c2f5e87bad3c948f4d605d)
Start importing Assets/Studio33 Interactive_[BasketBall] v1.1/Animations/Basketball Motions_Generic/1110_ScreeillegalR.fbx using Guid(fcb9e90adc4c8024d9c2f91239744ca1) Importer(2089858483,b0f066a214c2f5e87bad3c948f4d605d) (ScriptedImporter) -> (artifact id: '22a2d7eb9f4db604c301ff2aec3a09fa') in 0.0237646 seconds
Number of updated asset objects reloaded before import = 0Number of asset objects unloaded after import = 152

========================================================================
Received Import Request.
  Time since last request: 0.000023 seconds.
  path: Assets/Studio33 Interactive_[BasketBall] v1.1/Animations/Basketball Motions Humanoid/638_DivCFailA.fbx
  artifactKey: Guid(e0e68072a59f8f34e9ac7b9b2a85047a) Importer(2089858483,b0f066a214c2f5e87bad3c948f4d605d)
Start importing Assets/Studio33 Interactive_[BasketBall] v1.1/Animations/Basketball Motions Humanoid/638_DivCFailA.fbx using Guid(e0e68072a59f8f34e9ac7b9b2a85047a) Importer(2089858483,b0f066a214c2f5e87bad3c948f4d605d) (ScriptedImporter) -> (artifact id: '4b6fb485c07f22f12dbb8e50ced0ee76') in 0.0261263 seconds
Number of updated asset objects reloaded before import = 0Number of asset objects unloaded after import = 154

========================================================================
Received Import Request.
  Time since last request: 0.000034 seconds.
  path: Assets/Studio33 Interactive_[BasketBall] v1.1/Animations/Basketball Motions Humanoid/76_BlockingckncatchShortLA.fbx
  artifactKey: Guid(a6d8a03d9fa059640a89d40ae7432ff8) Importer(2089858483,b0f066a214c2f5e87bad3c948f4d605d)
Start importing Assets/Studio33 Interactive_[BasketBall] v1.1/Animations/Basketball Motions Humanoid/76_BlockingckncatchShortLA.fbx using Guid(a6d8a03d9fa059640a89d40ae7432ff8) Importer(2089858483,b0f066a214c2f5e87bad3c948f4d605d) (ScriptedImporter) -> (artifact id: 'b530f9026af2c068da5b200bb69079ba') in 0.0247082 seconds
Number of updated asset objects reloaded before import = 0Number of asset objects unloaded after import = 154

========================================================================
Received Import Request.
  Time since last request: 0.000025 seconds.
  path: Assets/Studio33 Interactive_[BasketBall] v1.1/Animations/Basketball Motions Humanoid/1775_DunkCA.fbx
  artifactKey: Guid(353ec5b9d44209243b0c6e97d0591abe) Importer(2089858483,b0f066a214c2f5e87bad3c948f4d605d)
Start importing Assets/Studio33 Interactive_[BasketBall] v1.1/Animations/Basketball Motions Humanoid/1775_DunkCA.fbx using Guid(353ec5b9d44209243b0c6e97d0591abe) Importer(2089858483,b0f066a214c2f5e87bad3c948f4d605d) (ScriptedImporter) -> (artifact id: 'f402e7ee995c0a3e027c0627eaff7fda') in 0.0285461 seconds
Number of updated asset objects reloaded before import = 0Number of asset objects unloaded after import = 154

========================================================================
Received Import Request.
  Time since last request: 0.000023 seconds.
  path: Assets/Studio33 Interactive_[BasketBall] v1.1/Animations/Basketball Motions Humanoid/374_CrossFakeTurrTrC.fbx
  artifactKey: Guid(36c3a0ca31e5f334ca580061d74684ea) Importer(2089858483,b0f066a214c2f5e87bad3c948f4d605d)
Start importing Assets/Studio33 Interactive_[BasketBall] v1.1/Animations/Basketball Motions Humanoid/374_CrossFakeTurrTrC.fbx using Guid(36c3a0ca31e5f334ca580061d74684ea) Importer(2089858483,b0f066a214c2f5e87bad3c948f4d605d) (ScriptedImporter) -> (artifact id: '212871b72a6829fcc85b6c15c322cac2') in 0.03046 seconds
Number of updated asset objects reloaded before import = 0Number of asset objects unloaded after import = 154

========================================================================
Received Import Request.
  Time since last request: 0.000024 seconds.
  path: Assets/Studio33 Interactive_[BasketBall] v1.1/Animations/Basketball Motions Humanoid/1085_ScreereadyA.fbx
  artifactKey: Guid(3c1356b90a2a18b429159d642e8fcd14) Importer(2089858483,b0f066a214c2f5e87bad3c948f4d605d)
Start importing Assets/Studio33 Interactive_[BasketBall] v1.1/Animations/Basketball Motions Humanoid/1085_ScreereadyA.fbx using Guid(3c1356b90a2a18b429159d642e8fcd14) Importer(2089858483,b0f066a214c2f5e87bad3c948f4d605d) (ScriptedImporter) -> (artifact id: 'f4641f0f87dcceeee60ef16909f64a91') in 0.026554 seconds
Number of updated asset objects reloaded before import = 0Number of asset objects unloaded after import = 154

========================================================================
Received Import Request.
  Time since last request: 0.000043 seconds.
  path: Assets/Studio33 Interactive_[BasketBall] v1.1/Animations/Basketball Motions Humanoid/1529_DunkRA.fbx
  artifactKey: Guid(0ba2930eca1aeee4a9747599d1537807) Importer(2089858483,b0f066a214c2f5e87bad3c948f4d605d)
Start importing Assets/Studio33 Interactive_[BasketBall] v1.1/Animations/Basketball Motions Humanoid/1529_DunkRA.fbx using Guid(0ba2930eca1aeee4a9747599d1537807) Importer(2089858483,b0f066a214c2f5e87bad3c948f4d605d) (ScriptedImporter) -> (artifact id: 'a1d8389db1e5f5f7924eb1f11cf83f34') in 0.0267574 seconds
Number of updated asset objects reloaded before import = 0Number of asset objects unloaded after import = 154

========================================================================
Received Import Request.
  Time since last request: 0.000021 seconds.
  path: Assets/Studio33 Interactive_[BasketBall] v1.1/Animations/Basketball Motions Humanoid/2020_DunkClutchFLeftA.fbx
  artifactKey: Guid(d52f45f584a5e6b48a0e3ddc46f3fc56) Importer(2089858483,b0f066a214c2f5e87bad3c948f4d605d)
Start importing Assets/Studio33 Interactive_[BasketBall] v1.1/Animations/Basketball Motions Humanoid/2020_DunkClutchFLeftA.fbx using Guid(d52f45f584a5e6b48a0e3ddc46f3fc56) Importer(2089858483,b0f066a214c2f5e87bad3c948f4d605d) (ScriptedImporter) -> (artifact id: 'db1bf1868b3409f43c2b3b0824b6eeae') in 0.0291925 seconds
Number of updated asset objects reloaded before import = 0Number of asset objects unloaded after import = 154

========================================================================
Received Import Request.
  Time since last request: 0.000033 seconds.
  path: Assets/Studio33 Interactive_[BasketBall] v1.1/Animations/Basketball Motions_Generic/2175_Dribbleright.fbx
  artifactKey: Guid(4d2efc4fcbacd544fbce2b2f1a399f49) Importer(2089858483,b0f066a214c2f5e87bad3c948f4d605d)
Start importing Assets/Studio33 Interactive_[BasketBall] v1.1/Animations/Basketball Motions_Generic/2175_Dribbleright.fbx using Guid(4d2efc4fcbacd544fbce2b2f1a399f49) Importer(2089858483,b0f066a214c2f5e87bad3c948f4d605d) (ScriptedImporter) -> (artifact id: '70099d80da8bdf238e71131bc4347e1e') in 0.0264305 seconds
Number of updated asset objects reloaded before import = 0Number of asset objects unloaded after import = 152

========================================================================
Received Import Request.
  Time since last request: 0.000039 seconds.
  path: Assets/Studio33 Interactive_[BasketBall] v1.1/Animations/Basketball Motions Humanoid/207_PushPushedBaA.fbx
  artifactKey: Guid(726083f69dd1a7f4192d9e356a9011cc) Importer(2089858483,b0f066a214c2f5e87bad3c948f4d605d)
Start importing Assets/Studio33 Interactive_[BasketBall] v1.1/Animations/Basketball Motions Humanoid/207_PushPushedBaA.fbx using Guid(726083f69dd1a7f4192d9e356a9011cc) Importer(2089858483,b0f066a214c2f5e87bad3c948f4d605d) (ScriptedImporter) -> (artifact id: '2ff6f0ad44f663fa415ed630e4848d12') in 0.0300283 seconds
Number of updated asset objects reloaded before import = 0Number of asset objects unloaded after import = 154

========================================================================
Received Import Request.
  Time since last request: 0.000042 seconds.
  path: Assets/Studio33 Interactive_[BasketBall] v1.1/Animations/Basketball Motions Humanoid/235_BtlCrossoverThRLeft.fbx
  artifactKey: Guid(fb9b20119f80f424baf5745896735518) Importer(2089858483,b0f066a214c2f5e87bad3c948f4d605d)
Start importing Assets/Studio33 Interactive_[BasketBall] v1.1/Animations/Basketball Motions Humanoid/235_BtlCrossoverThRLeft.fbx using Guid(fb9b20119f80f424baf5745896735518) Importer(2089858483,b0f066a214c2f5e87bad3c948f4d605d) (ScriptedImporter) -> (artifact id: '0a735cc19095a4e8a49b09b544d06417') in 0.0393457 seconds
Number of updated asset objects reloaded before import = 0Number of asset objects unloaded after import = 154

========================================================================
Received Import Request.
  Time since last request: 0.000026 seconds.
  path: Assets/Studio33 Interactive_[BasketBall] v1.1/Animations/Basketball Motions Humanoid/2075_JumpshotUA.fbx
  artifactKey: Guid(b1ed7141990cff24ba5b6f218dc75483) Importer(2089858483,b0f066a214c2f5e87bad3c948f4d605d)
Start importing Assets/Studio33 Interactive_[BasketBall] v1.1/Animations/Basketball Motions Humanoid/2075_JumpshotUA.fbx using Guid(b1ed7141990cff24ba5b6f218dc75483) Importer(2089858483,b0f066a214c2f5e87bad3c948f4d605d) (ScriptedImporter) -> (artifact id: 'd8cf6ec5dc5e4376036455ed127a061f') in 0.0285079 seconds
Number of updated asset objects reloaded before import = 0Number of asset objects unloaded after import = 154

========================================================================
Received Import Request.
  Time since last request: 0.000026 seconds.
  path: Assets/Studio33 Interactive_[BasketBall] v1.1/Animations/Basketball Motions Humanoid/1013_Rebound C.fbx
  artifactKey: Guid(85b7a4261a043cd409f2a230010a9c71) Importer(2089858483,b0f066a214c2f5e87bad3c948f4d605d)
Start importing Assets/Studio33 Interactive_[BasketBall] v1.1/Animations/Basketball Motions Humanoid/1013_Rebound C.fbx using Guid(85b7a4261a043cd409f2a230010a9c71) Importer(2089858483,b0f066a214c2f5e87bad3c948f4d605d) (ScriptedImporter) -> (artifact id: 'fefbd8cead9030e8daf48ecb2d52223d') in 0.0311506 seconds
Number of updated asset objects reloaded before import = 0Number of asset objects unloaded after import = 154

========================================================================
Received Import Request.
  Time since last request: 0.000038 seconds.
  path: Assets/Studio33 Interactive_[BasketBall] v1.1/Animations/Basketball Motions Humanoid/1592_DunkClutchFLeftA.fbx
  artifactKey: Guid(86c2d41f50195e54786eb844dcd06f32) Importer(2089858483,b0f066a214c2f5e87bad3c948f4d605d)
Start importing Assets/Studio33 Interactive_[BasketBall] v1.1/Animations/Basketball Motions Humanoid/1592_DunkClutchFLeftA.fbx using Guid(86c2d41f50195e54786eb844dcd06f32) Importer(2089858483,b0f066a214c2f5e87bad3c948f4d605d) (ScriptedImporter) -> (artifact id: 'c2e13d9773333a086556cc90df4a32d4') in 0.0279757 seconds
Number of updated asset objects reloaded before import = 0Number of asset objects unloaded after import = 154

========================================================================
Received Import Request.
  Time since last request: 0.000019 seconds.
  path: Assets/Studio33 Interactive_[BasketBall] v1.1/Animations/Basketball Motions Humanoid/602_LoosebahighLA.fbx
  artifactKey: Guid(6dbc1552e31f41e4faa094fc6ee88173) Importer(2089858483,b0f066a214c2f5e87bad3c948f4d605d)
Start importing Assets/Studio33 Interactive_[BasketBall] v1.1/Animations/Basketball Motions Humanoid/602_LoosebahighLA.fbx using Guid(6dbc1552e31f41e4faa094fc6ee88173) Importer(2089858483,b0f066a214c2f5e87bad3c948f4d605d) (ScriptedImporter) -> (artifact id: 'e75c33275d3900a409845692cb473c9b') in 0.0253573 seconds
Number of updated asset objects reloaded before import = 0Number of asset objects unloaded after import = 154

========================================================================
Received Import Request.
  Time since last request: 0.000027 seconds.
  path: Assets/Studio33 Interactive_[BasketBall] v1.1/Animations/Basketball Motions_Generic/234_BtlCrossoverBtl.fbx
  artifactKey: Guid(b3f325f7bf3219249b1467e2c127500c) Importer(2089858483,b0f066a214c2f5e87bad3c948f4d605d)
Start importing Assets/Studio33 Interactive_[BasketBall] v1.1/Animations/Basketball Motions_Generic/234_BtlCrossoverBtl.fbx using Guid(b3f325f7bf3219249b1467e2c127500c) Importer(2089858483,b0f066a214c2f5e87bad3c948f4d605d) (ScriptedImporter) -> (artifact id: '7df1f88407712390ca47845dc49ed8d3') in 0.0268225 seconds
Number of updated asset objects reloaded before import = 0Number of asset objects unloaded after import = 152

========================================================================
Received Import Request.
  Time since last request: 0.000026 seconds.
  path: Assets/Studio33 Interactive_[BasketBall] v1.1/33_basket ball test animations/player/Back_number/Back_number_B/Back_number_B_c20.png
  artifactKey: Guid(1808f9cb48917744a8faefe6a370767d) Importer(2089858483,b0f066a214c2f5e87bad3c948f4d605d)
Start importing Assets/Studio33 Interactive_[BasketBall] v1.1/33_basket ball test animations/player/Back_number/Back_number_B/Back_number_B_c20.png using Guid(1808f9cb48917744a8faefe6a370767d) Importer(2089858483,b0f066a214c2f5e87bad3c948f4d605d) (ScriptedImporter) -> (artifact id: 'f5be54acc314688680bb3e48776d9d91') in 0.0190005 seconds
Number of updated asset objects reloaded before import = 0Number of asset objects unloaded after import = 1

========================================================================
Received Import Request.
  Time since last request: 0.000043 seconds.
  path: Assets/Studio33 Interactive_[BasketBall] v1.1/Animations/Basketball Motions Humanoid/1287_DunkCA.fbx
  artifactKey: Guid(755b7ff974b4ecf409a0641a6d4419f2) Importer(2089858483,b0f066a214c2f5e87bad3c948f4d605d)
Start importing Assets/Studio33 Interactive_[BasketBall] v1.1/Animations/Basketball Motions Humanoid/1287_DunkCA.fbx using Guid(755b7ff974b4ecf409a0641a6d4419f2) Importer(2089858483,b0f066a214c2f5e87bad3c948f4d605d) (ScriptedImporter) -> (artifact id: '9b3fa7469346655ac214f6fa23bc283f') in 0.0555155 seconds
Number of updated asset objects reloaded before import = 0Number of asset objects unloaded after import = 154

========================================================================
Received Import Request.
  Time since last request: 0.000030 seconds.
  path: Assets/Studio33 Interactive_[BasketBall] v1.1/Animations/Basketball Motions_Generic/1681_HookRA.fbx
  artifactKey: Guid(e715c2189c144e940a6cffcf8d4c223c) Importer(2089858483,b0f066a214c2f5e87bad3c948f4d605d)
Start importing Assets/Studio33 Interactive_[BasketBall] v1.1/Animations/Basketball Motions_Generic/1681_HookRA.fbx using Guid(e715c2189c144e940a6cffcf8d4c223c) Importer(2089858483,b0f066a214c2f5e87bad3c948f4d605d) (ScriptedImporter) -> (artifact id: 'f578c4f31d922a1d1f66b3eb9185e39a') in 0.0226348 seconds
Number of updated asset objects reloaded before import = 0Number of asset objects unloaded after import = 152

========================================================================
Received Import Request.
  Time since last request: 0.000028 seconds.
  path: Assets/Studio33 Interactive_[BasketBall] v1.1/Animations/Basketball Motions_Generic/620_SlidingpassA.fbx
  artifactKey: Guid(7d7eb1d66c442b04f967b7d0dab18625) Importer(2089858483,b0f066a214c2f5e87bad3c948f4d605d)
Start importing Assets/Studio33 Interactive_[BasketBall] v1.1/Animations/Basketball Motions_Generic/620_SlidingpassA.fbx using Guid(7d7eb1d66c442b04f967b7d0dab18625) Importer(2089858483,b0f066a214c2f5e87bad3c948f4d605d) (ScriptedImporter) -> (artifact id: 'fc51964b5a145a79dfe955350818e060') in 0.0251944 seconds
Number of updated asset objects reloaded before import = 0Number of asset objects unloaded after import = 152

========================================================================
Received Import Request.
  Time since last request: 0.000035 seconds.
  path: Assets/Studio33 Interactive_[BasketBall] v1.1/Animations/Basketball Motions Humanoid/819_PassOverA.fbx
  artifactKey: Guid(90c0d15bab01339479f50e3e92bc3546) Importer(2089858483,b0f066a214c2f5e87bad3c948f4d605d)
Start importing Assets/Studio33 Interactive_[BasketBall] v1.1/Animations/Basketball Motions Humanoid/819_PassOverA.fbx using Guid(90c0d15bab01339479f50e3e92bc3546) Importer(2089858483,b0f066a214c2f5e87bad3c948f4d605d) (ScriptedImporter) -> (artifact id: 'ec0dfa27062dc2ed827ee034a6b0251c') in 0.0271108 seconds
Number of updated asset objects reloaded before import = 0Number of asset objects unloaded after import = 154

========================================================================
Received Import Request.
  Time since last request: 0.000025 seconds.
  path: Assets/Studio33 Interactive_[BasketBall] v1.1/Animations/Basketball Motions_Generic/1642_TurbashootA.fbx
  artifactKey: Guid(5a6d3acdd22332044adc13253c828196) Importer(2089858483,b0f066a214c2f5e87bad3c948f4d605d)
Start importing Assets/Studio33 Interactive_[BasketBall] v1.1/Animations/Basketball Motions_Generic/1642_TurbashootA.fbx using Guid(5a6d3acdd22332044adc13253c828196) Importer(2089858483,b0f066a214c2f5e87bad3c948f4d605d) (ScriptedImporter) -> (artifact id: '63f3648ba9890a2caeed49368f74775f') in 0.0275108 seconds
Number of updated asset objects reloaded before import = 0Number of asset objects unloaded after import = 152

========================================================================
Received Import Request.
  Time since last request: 0.000026 seconds.
  path: Assets/Studio33 Interactive_[BasketBall] v1.1/Animations/Basketball Motions_Generic/500_Dribbleright.fbx
  artifactKey: Guid(dcfdde039968b5745a7324f634adb9e4) Importer(2089858483,b0f066a214c2f5e87bad3c948f4d605d)
Start importing Assets/Studio33 Interactive_[BasketBall] v1.1/Animations/Basketball Motions_Generic/500_Dribbleright.fbx using Guid(dcfdde039968b5745a7324f634adb9e4) Importer(2089858483,b0f066a214c2f5e87bad3c948f4d605d) (ScriptedImporter) -> (artifact id: 'bf52be17654793ce93065ecbe910daa3') in 0.0240443 seconds
Number of updated asset objects reloaded before import = 0Number of asset objects unloaded after import = 152

========================================================================
Received Import Request.
  Time since last request: 0.000025 seconds.
  path: Assets/Studio33 Interactive_[BasketBall] v1.1/Animations/Basketball Motions Humanoid/475_DribblestartDashC.fbx
  artifactKey: Guid(ca9cd465848e9d946a38bb8fb17db864) Importer(2089858483,b0f066a214c2f5e87bad3c948f4d605d)
Start importing Assets/Studio33 Interactive_[BasketBall] v1.1/Animations/Basketball Motions Humanoid/475_DribblestartDashC.fbx using Guid(ca9cd465848e9d946a38bb8fb17db864) Importer(2089858483,b0f066a214c2f5e87bad3c948f4d605d) (ScriptedImporter) -> (artifact id: 'd21a05abdaf585bcf907276d9b3c33f8') in 0.0258161 seconds
Number of updated asset objects reloaded before import = 0Number of asset objects unloaded after import = 154

========================================================================
Received Import Request.
  Time since last request: 0.000034 seconds.
  path: Assets/Studio33 Interactive_[BasketBall] v1.1/Animations/Basketball Motions Humanoid/908_QpostOverThRightFRA.fbx
  artifactKey: Guid(53524ded753045740a44709b8c5a3ee9) Importer(2089858483,b0f066a214c2f5e87bad3c948f4d605d)
Start importing Assets/Studio33 Interactive_[BasketBall] v1.1/Animations/Basketball Motions Humanoid/908_QpostOverThRightFRA.fbx using Guid(53524ded753045740a44709b8c5a3ee9) Importer(2089858483,b0f066a214c2f5e87bad3c948f4d605d) (ScriptedImporter) -> (artifact id: '4541c14082a0f131bbd6e63cf07047ef') in 0.0306062 seconds
Number of updated asset objects reloaded before import = 0Number of asset objects unloaded after import = 154

========================================================================
Received Import Request.
  Time since last request: 0.000019 seconds.
  path: Assets/Studio33 Interactive_[BasketBall] v1.1/Animations/Basketball Motions Humanoid/2050_DunkCA.fbx
  artifactKey: Guid(990589f50bc9f144483bb3af614d97f2) Importer(2089858483,b0f066a214c2f5e87bad3c948f4d605d)
Start importing Assets/Studio33 Interactive_[BasketBall] v1.1/Animations/Basketball Motions Humanoid/2050_DunkCA.fbx using Guid(990589f50bc9f144483bb3af614d97f2) Importer(2089858483,b0f066a214c2f5e87bad3c948f4d605d) (ScriptedImporter) -> (artifact id: '8411403eed8ad5f8b05c77a255a4da8f') in 0.030119 seconds
Number of updated asset objects reloaded before import = 0Number of asset objects unloaded after import = 154

========================================================================
Received Import Request.
  Time since last request: 0.000027 seconds.
  path: Assets/Studio33 Interactive_[BasketBall] v1.1/Animations/Basketball Motions_Generic/1187_DunkRA.fbx
  artifactKey: Guid(cf47cb93bd29d8a429858296b20709ec) Importer(2089858483,b0f066a214c2f5e87bad3c948f4d605d)
Start importing Assets/Studio33 Interactive_[BasketBall] v1.1/Animations/Basketball Motions_Generic/1187_DunkRA.fbx using Guid(cf47cb93bd29d8a429858296b20709ec) Importer(2089858483,b0f066a214c2f5e87bad3c948f4d605d) (ScriptedImporter) -> (artifact id: '6f845bbd43a1ad106d5632ee59dbe38a') in 0.0236541 seconds
Number of updated asset objects reloaded before import = 0Number of asset objects unloaded after import = 152

========================================================================
Received Import Request.
  Time since last request: 0.000031 seconds.
  path: Assets/Studio33 Interactive_[BasketBall] v1.1/Animations/Basketball Motions_Generic/12_PostBackingpushedA.fbx
  artifactKey: Guid(0cfd6a729c9a56c4d8710bc4cdacdff8) Importer(2089858483,b0f066a214c2f5e87bad3c948f4d605d)
Start importing Assets/Studio33 Interactive_[BasketBall] v1.1/Animations/Basketball Motions_Generic/12_PostBackingpushedA.fbx using Guid(0cfd6a729c9a56c4d8710bc4cdacdff8) Importer(2089858483,b0f066a214c2f5e87bad3c948f4d605d) (ScriptedImporter) -> (artifact id: 'bd02ef1b694676f2cec4963a6cba67b8') in 0.0263301 seconds
Number of updated asset objects reloaded before import = 0Number of asset objects unloaded after import = 152

========================================================================
Received Import Request.
  Time since last request: 0.000044 seconds.
  path: Assets/Studio33 Interactive_[BasketBall] v1.1/Animations/Basketball Motions_Generic/2186_PivotLFA.fbx
  artifactKey: Guid(906b5ba6dc6d26644af58b4b9cc45447) Importer(2089858483,b0f066a214c2f5e87bad3c948f4d605d)
Start importing Assets/Studio33 Interactive_[BasketBall] v1.1/Animations/Basketball Motions_Generic/2186_PivotLFA.fbx using Guid(906b5ba6dc6d26644af58b4b9cc45447) Importer(2089858483,b0f066a214c2f5e87bad3c948f4d605d) (ScriptedImporter) -> (artifact id: '086191efbcdfb517003fbc0ffeefb027') in 0.0243178 seconds
Number of updated asset objects reloaded before import = 0Number of asset objects unloaded after import = 152

========================================================================
Received Import Request.
  Time since last request: 0.000036 seconds.
  path: Assets/Studio33 Interactive_[BasketBall] v1.1/Animations/Basketball Motions Humanoid/1248_LongNfloaterF.fbx
  artifactKey: Guid(e0a48faebd53e4744b3a121fbe397721) Importer(2089858483,b0f066a214c2f5e87bad3c948f4d605d)
Start importing Assets/Studio33 Interactive_[BasketBall] v1.1/Animations/Basketball Motions Humanoid/1248_LongNfloaterF.fbx using Guid(e0a48faebd53e4744b3a121fbe397721) Importer(2089858483,b0f066a214c2f5e87bad3c948f4d605d) (ScriptedImporter) -> (artifact id: 'c931dfd969c667ccb34309cd079d667e') in 0.0255296 seconds
Number of updated asset objects reloaded before import = 0Number of asset objects unloaded after import = 154

========================================================================
Received Import Request.
  Time since last request: 0.000027 seconds.
  path: Assets/Studio33 Interactive_[BasketBall] v1.1/Animations/Basketball Motions Humanoid/1620_DunkRA.fbx
  artifactKey: Guid(dc147efbb53b01443b6ef2a9c250ad33) Importer(2089858483,b0f066a214c2f5e87bad3c948f4d605d)
Start importing Assets/Studio33 Interactive_[BasketBall] v1.1/Animations/Basketball Motions Humanoid/1620_DunkRA.fbx using Guid(dc147efbb53b01443b6ef2a9c250ad33) Importer(2089858483,b0f066a214c2f5e87bad3c948f4d605d) (ScriptedImporter) -> (artifact id: 'b4a955285b7f868ba6d45cf361d6b22e') in 0.0275334 seconds
Number of updated asset objects reloaded before import = 0Number of asset objects unloaded after import = 154

========================================================================
Received Import Request.
  Time since last request: 0.000034 seconds.
  path: Assets/Studio33 Interactive_[BasketBall] v1.1/Animations/Basketball Motions Humanoid/1383_JumpshotReadyFake.fbx
  artifactKey: Guid(2aaa640f7b20fe047a5dc6248490a5fd) Importer(2089858483,b0f066a214c2f5e87bad3c948f4d605d)
Start importing Assets/Studio33 Interactive_[BasketBall] v1.1/Animations/Basketball Motions Humanoid/1383_JumpshotReadyFake.fbx using Guid(2aaa640f7b20fe047a5dc6248490a5fd) Importer(2089858483,b0f066a214c2f5e87bad3c948f4d605d) (ScriptedImporter) -> (artifact id: 'd180046e41c53fd3005296331a1c5221') in 0.025728 seconds
Number of updated asset objects reloaded before import = 0Number of asset objects unloaded after import = 154

========================================================================
Received Import Request.
  Time since last request: 0.000047 seconds.
  path: Assets/Studio33 Interactive_[BasketBall] v1.1/Animations/Basketball Motions_Generic/1283_DunkCAG.fbx
  artifactKey: Guid(e95a5d6fc8a267f429eecc558a495921) Importer(2089858483,b0f066a214c2f5e87bad3c948f4d605d)
Start importing Assets/Studio33 Interactive_[BasketBall] v1.1/Animations/Basketball Motions_Generic/1283_DunkCAG.fbx using Guid(e95a5d6fc8a267f429eecc558a495921) Importer(2089858483,b0f066a214c2f5e87bad3c948f4d605d) (ScriptedImporter) -> (artifact id: 'bf0b3c41c560d5447a85cf8328133744') in 0.0279307 seconds
Number of updated asset objects reloaded before import = 0Number of asset objects unloaded after import = 152

========================================================================
Received Import Request.
  Time since last request: 0.000029 seconds.
  path: Assets/Studio33 Interactive_[BasketBall] v1.1/Animations/Basketball Motions_Generic/1790_DunkCA.fbx
  artifactKey: Guid(fcb42a62c7a9d33489eda1fdd68f47df) Importer(2089858483,b0f066a214c2f5e87bad3c948f4d605d)
Start importing Assets/Studio33 Interactive_[BasketBall] v1.1/Animations/Basketball Motions_Generic/1790_DunkCA.fbx using Guid(fcb42a62c7a9d33489eda1fdd68f47df) Importer(2089858483,b0f066a214c2f5e87bad3c948f4d605d) (ScriptedImporter) -> (artifact id: '249fd2a1a1a7df41b7c4777964ea56c9') in 0.0276832 seconds
Number of updated asset objects reloaded before import = 0Number of asset objects unloaded after import = 152

========================================================================
Received Import Request.
  Time since last request: 0.000030 seconds.
  path: Assets/Studio33 Interactive_[BasketBall] v1.1/Animations/Basketball Motions_Generic/456_SideDenyRA.fbx
  artifactKey: Guid(1b7c4acd21cc5184f9fc07900c7d7ae9) Importer(2089858483,b0f066a214c2f5e87bad3c948f4d605d)
Start importing Assets/Studio33 Interactive_[BasketBall] v1.1/Animations/Basketball Motions_Generic/456_SideDenyRA.fbx using Guid(1b7c4acd21cc5184f9fc07900c7d7ae9) Importer(2089858483,b0f066a214c2f5e87bad3c948f4d605d) (ScriptedImporter) -> (artifact id: '52f2774f6641dbc741821e163a228cd3') in 0.0288883 seconds
Number of updated asset objects reloaded before import = 0Number of asset objects unloaded after import = 152

========================================================================
Received Import Request.
  Time since last request: 0.000041 seconds.
  path: Assets/Studio33 Interactive_[BasketBall] v1.1/Animations/Basketball Motions Humanoid/1445_DunkRA.fbx
  artifactKey: Guid(67aac037c875b794892d295b0ed303a2) Importer(2089858483,b0f066a214c2f5e87bad3c948f4d605d)
Start importing Assets/Studio33 Interactive_[BasketBall] v1.1/Animations/Basketball Motions Humanoid/1445_DunkRA.fbx using Guid(67aac037c875b794892d295b0ed303a2) Importer(2089858483,b0f066a214c2f5e87bad3c948f4d605d) (ScriptedImporter) -> (artifact id: '285ee22741ce8db8fb9d7c324727d13a') in 0.0308554 seconds
Number of updated asset objects reloaded before import = 0Number of asset objects unloaded after import = 154

========================================================================
Received Import Request.
  Time since last request: 0.000044 seconds.
  path: Assets/Studio33 Interactive_[BasketBall] v1.1/Animations/Basketball Motions Humanoid/961_Rebound fB.fbx
  artifactKey: Guid(028a0b90769104742bb66e67015164af) Importer(2089858483,b0f066a214c2f5e87bad3c948f4d605d)
Start importing Assets/Studio33 Interactive_[BasketBall] v1.1/Animations/Basketball Motions Humanoid/961_Rebound fB.fbx using Guid(028a0b90769104742bb66e67015164af) Importer(2089858483,b0f066a214c2f5e87bad3c948f4d605d) (ScriptedImporter) -> (artifact id: 'ab0dba95e8b0bafdf693912b00d7c9d6') in 0.0260385 seconds
Number of updated asset objects reloaded before import = 0Number of asset objects unloaded after import = 154

========================================================================
Received Import Request.
  Time since last request: 0.000028 seconds.
  path: Assets/Studio33 Interactive_[BasketBall] v1.1/Animations/Basketball Motions Humanoid/1842_DunkCAG.fbx
  artifactKey: Guid(a34a66e975036df42baf9e445e95fc0e) Importer(2089858483,b0f066a214c2f5e87bad3c948f4d605d)
Start importing Assets/Studio33 Interactive_[BasketBall] v1.1/Animations/Basketball Motions Humanoid/1842_DunkCAG.fbx using Guid(a34a66e975036df42baf9e445e95fc0e) Importer(2089858483,b0f066a214c2f5e87bad3c948f4d605d) (ScriptedImporter) -> (artifact id: 'd5fb51f5aae5a156d07820ce7cc47254') in 0.0281817 seconds
Number of updated asset objects reloaded before import = 0Number of asset objects unloaded after import = 154

========================================================================
Received Import Request.
  Time since last request: 0.000033 seconds.
  path: Assets/Studio33 Interactive_[BasketBall] v1.1/Animations/Basketball Motions_Generic/1894_BjDunkMeteorCA.fbx
  artifactKey: Guid(7e946556ba600684a8a725853c608576) Importer(2089858483,b0f066a214c2f5e87bad3c948f4d605d)
Start importing Assets/Studio33 Interactive_[BasketBall] v1.1/Animations/Basketball Motions_Generic/1894_BjDunkMeteorCA.fbx using Guid(7e946556ba600684a8a725853c608576) Importer(2089858483,b0f066a214c2f5e87bad3c948f4d605d) (ScriptedImporter) -> (artifact id: '6d9f3b16a700418bd74eab2e8993a4b9') in 0.0262987 seconds
Number of updated asset objects reloaded before import = 0Number of asset objects unloaded after import = 152

========================================================================
Received Import Request.
  Time since last request: 0.000026 seconds.
  path: Assets/Studio33 Interactive_[BasketBall] v1.1/Animations/Basketball Motions Humanoid/276_CrossThSLRLA.fbx
  artifactKey: Guid(4df8405810189c0418a275f46e55a290) Importer(2089858483,b0f066a214c2f5e87bad3c948f4d605d)
Start importing Assets/Studio33 Interactive_[BasketBall] v1.1/Animations/Basketball Motions Humanoid/276_CrossThSLRLA.fbx using Guid(4df8405810189c0418a275f46e55a290) Importer(2089858483,b0f066a214c2f5e87bad3c948f4d605d) (ScriptedImporter) -> (artifact id: '3a94631750465c92b6fd02ed7e6bc803') in 0.0269871 seconds
Number of updated asset objects reloaded before import = 0Number of asset objects unloaded after import = 154

========================================================================
Received Import Request.
  Time since last request: 0.000046 seconds.
  path: Assets/Studio33 Interactive_[BasketBall] v1.1/Scenes/BasketBall.unity
  artifactKey: Guid(6fe51e70a34e7bc45b90a223cc00f877) Importer(2089858483,b0f066a214c2f5e87bad3c948f4d605d)
Start importing Assets/Studio33 Interactive_[BasketBall] v1.1/Scenes/BasketBall.unity using Guid(6fe51e70a34e7bc45b90a223cc00f877) Importer(2089858483,b0f066a214c2f5e87bad3c948f4d605d) (ScriptedImporter) -> (artifact id: '1726797bb7c81c946b1afd837beee4db') in 0.0106746 seconds
Number of updated asset objects reloaded before import = 0Number of asset objects unloaded after import = 1

========================================================================
Received Import Request.
  Time since last request: 0.000024 seconds.
  path: Assets/Studio33 Interactive_[BasketBall] v1.1/Animations/Basketball Motions_Generic/2085_MkJumpshotMFakeA.fbx
  artifactKey: Guid(62fcfc4db32447146ac3e8feaac7da7f) Importer(2089858483,b0f066a214c2f5e87bad3c948f4d605d)
Start importing Assets/Studio33 Interactive_[BasketBall] v1.1/Animations/Basketball Motions_Generic/2085_MkJumpshotMFakeA.fbx using Guid(62fcfc4db32447146ac3e8feaac7da7f) Importer(2089858483,b0f066a214c2f5e87bad3c948f4d605d) (ScriptedImporter) -> (artifact id: '9cfcc89ca669bd3f1ce2a475ffeb96c8') in 0.0266053 seconds
Number of updated asset objects reloaded before import = 0Number of asset objects unloaded after import = 152

========================================================================
Received Import Request.
  Time since last request: 0.000030 seconds.
  path: Assets/Studio33 Interactive_[BasketBall] v1.1/Animations/Basketball Motions Humanoid/1035_TappassTapFB.fbx
  artifactKey: Guid(1274a3b6137c7b34aa42b9253befaa87) Importer(2089858483,b0f066a214c2f5e87bad3c948f4d605d)
Start importing Assets/Studio33 Interactive_[BasketBall] v1.1/Animations/Basketball Motions Humanoid/1035_TappassTapFB.fbx using Guid(1274a3b6137c7b34aa42b9253befaa87) Importer(2089858483,b0f066a214c2f5e87bad3c948f4d605d) (ScriptedImporter) -> (artifact id: '584a86f42d9d039d53bdcddd5760f827') in 0.0275995 seconds
Number of updated asset objects reloaded before import = 0Number of asset objects unloaded after import = 154

========================================================================
Received Import Request.
  Time since last request: 0.000036 seconds.
  path: Assets/Studio33 Interactive_[BasketBall] v1.1/Animations/Basketball Motions_Generic/1263_AlleyoopDclutchFRightA.fbx
  artifactKey: Guid(716be795d2e7f8e4bbcbe395a66044ae) Importer(2089858483,b0f066a214c2f5e87bad3c948f4d605d)
Start importing Assets/Studio33 Interactive_[BasketBall] v1.1/Animations/Basketball Motions_Generic/1263_AlleyoopDclutchFRightA.fbx using Guid(716be795d2e7f8e4bbcbe395a66044ae) Importer(2089858483,b0f066a214c2f5e87bad3c948f4d605d) (ScriptedImporter) -> (artifact id: '839440648f07a25733678fd34f56c79a') in 0.0248301 seconds
Number of updated asset objects reloaded before import = 0Number of asset objects unloaded after import = 152

========================================================================
Received Import Request.
  Time since last request: 0.000042 seconds.
  path: Assets/Studio33 Interactive_[BasketBall] v1.1/Animations/Basketball Motions_Generic/755_PassShootfakepassR.fbx
  artifactKey: Guid(6b89b0f78e153ac4ebcc6903b20e1986) Importer(2089858483,b0f066a214c2f5e87bad3c948f4d605d)
Start importing Assets/Studio33 Interactive_[BasketBall] v1.1/Animations/Basketball Motions_Generic/755_PassShootfakepassR.fbx using Guid(6b89b0f78e153ac4ebcc6903b20e1986) Importer(2089858483,b0f066a214c2f5e87bad3c948f4d605d) (ScriptedImporter) -> (artifact id: '489fa9e4474f0247e5fbea7c79aed39f') in 0.0273305 seconds
Number of updated asset objects reloaded before import = 0Number of asset objects unloaded after import = 152

========================================================================
Received Import Request.
  Time since last request: 0.000028 seconds.
  path: Assets/Studio33 Interactive_[BasketBall] v1.1/Animations/Basketball Motions_Generic/1285_DunkCAC.fbx
  artifactKey: Guid(28a21e53d30551042a066f23b16bd580) Importer(2089858483,b0f066a214c2f5e87bad3c948f4d605d)
Start importing Assets/Studio33 Interactive_[BasketBall] v1.1/Animations/Basketball Motions_Generic/1285_DunkCAC.fbx using Guid(28a21e53d30551042a066f23b16bd580) Importer(2089858483,b0f066a214c2f5e87bad3c948f4d605d) (ScriptedImporter) -> (artifact id: 'e108cf495af4a0e44ad8b74db7bcb9a6') in 0.0261156 seconds
Number of updated asset objects reloaded before import = 0Number of asset objects unloaded after import = 152

========================================================================
Received Import Request.
  Time since last request: 0.000023 seconds.
  path: Assets/Studio33 Interactive_[BasketBall] v1.1/Animations/Basketball Motions_Generic/1492_DunkCRevA.fbx
  artifactKey: Guid(92521169efde97342a0e5123fed543db) Importer(2089858483,b0f066a214c2f5e87bad3c948f4d605d)
Start importing Assets/Studio33 Interactive_[BasketBall] v1.1/Animations/Basketball Motions_Generic/1492_DunkCRevA.fbx using Guid(92521169efde97342a0e5123fed543db) Importer(2089858483,b0f066a214c2f5e87bad3c948f4d605d) (ScriptedImporter) -> (artifact id: '8d225cbeea9b54158a883ac6d6d4baf9') in 0.0307748 seconds
Number of updated asset objects reloaded before import = 0Number of asset objects unloaded after import = 152

========================================================================
Received Import Request.
  Time since last request: 0.000044 seconds.
  path: Assets/Studio33 Interactive_[BasketBall] v1.1/Animations/Basketball Motions_Generic/1057_SceneEntHome.fbx
  artifactKey: Guid(bec5ed0b62032d749b7d1377a2a11264) Importer(2089858483,b0f066a214c2f5e87bad3c948f4d605d)
Start importing Assets/Studio33 Interactive_[BasketBall] v1.1/Animations/Basketball Motions_Generic/1057_SceneEntHome.fbx using Guid(bec5ed0b62032d749b7d1377a2a11264) Importer(2089858483,b0f066a214c2f5e87bad3c948f4d605d) (ScriptedImporter) -> (artifact id: 'bbf2dea4138bd3d0c66a91731540af52') in 0.0253495 seconds
Number of updated asset objects reloaded before import = 0Number of asset objects unloaded after import = 152

========================================================================
Received Import Request.
  Time since last request: 0.000040 seconds.
  path: Assets/Studio33 Interactive_[BasketBall] v1.1/Animations/Basketball Motions Humanoid/786_ShootpassLayupShortBaA.fbx
  artifactKey: Guid(eba30bcfd3cd1574882b95f546245b31) Importer(2089858483,b0f066a214c2f5e87bad3c948f4d605d)
Start importing Assets/Studio33 Interactive_[BasketBall] v1.1/Animations/Basketball Motions Humanoid/786_ShootpassLayupShortBaA.fbx using Guid(eba30bcfd3cd1574882b95f546245b31) Importer(2089858483,b0f066a214c2f5e87bad3c948f4d605d) (ScriptedImporter) -> (artifact id: 'b17a7f7c70c565b89181b1bd64df51c0') in 0.0274217 seconds
Number of updated asset objects reloaded before import = 0Number of asset objects unloaded after import = 154

========================================================================
Received Import Request.
  Time since last request: 0.000039 seconds.
  path: Assets/Studio33 Interactive_[BasketBall] v1.1/Animations/Basketball Motions_Generic/38_BlockingshortL.fbx
  artifactKey: Guid(52cb60da8c1b48445b2ffbef5c3b19d8) Importer(2089858483,b0f066a214c2f5e87bad3c948f4d605d)
Start importing Assets/Studio33 Interactive_[BasketBall] v1.1/Animations/Basketball Motions_Generic/38_BlockingshortL.fbx using Guid(52cb60da8c1b48445b2ffbef5c3b19d8) Importer(2089858483,b0f066a214c2f5e87bad3c948f4d605d) (ScriptedImporter) -> (artifact id: '9acc2e362a6f243c90f3e759f68efb9b') in 0.0264511 seconds
Number of updated asset objects reloaded before import = 0Number of asset objects unloaded after import = 152

========================================================================
Received Import Request.
  Time since last request: 0.000027 seconds.
  path: Assets/Studio33 Interactive_[BasketBall] v1.1/Animations/Basketball Motions_Generic/893_PostThRightLA.fbx
  artifactKey: Guid(bcb14325aaafa2e4191d86559f457156) Importer(2089858483,b0f066a214c2f5e87bad3c948f4d605d)
Start importing Assets/Studio33 Interactive_[BasketBall] v1.1/Animations/Basketball Motions_Generic/893_PostThRightLA.fbx using Guid(bcb14325aaafa2e4191d86559f457156) Importer(2089858483,b0f066a214c2f5e87bad3c948f4d605d) (ScriptedImporter) -> (artifact id: '6621591c63252da12caa6619cf0d2fba') in 0.031063 seconds
Number of updated asset objects reloaded before import = 0Number of asset objects unloaded after import = 152

========================================================================
Received Import Request.
  Time since last request: 0.000034 seconds.
  path: Assets/Studio33 Interactive_[BasketBall] v1.1/33_basket ball test animations/player/e0513=RnM run col trav r 2 a.fbx
  artifactKey: Guid(0180bbe8d3427f743ae62e20ed5c83b9) Importer(2089858483,b0f066a214c2f5e87bad3c948f4d605d)
Start importing Assets/Studio33 Interactive_[BasketBall] v1.1/33_basket ball test animations/player/e0513=RnM run col trav r 2 a.fbx using Guid(0180bbe8d3427f743ae62e20ed5c83b9) Importer(2089858483,b0f066a214c2f5e87bad3c948f4d605d) (ScriptedImporter) -> (artifact id: '7559eccf4ef17053dc5d2938fffe545c') in 0.0266709 seconds
Number of updated asset objects reloaded before import = 0Number of asset objects unloaded after import = 150

========================================================================
Received Import Request.
  Time since last request: 0.000040 seconds.
  path: Assets/Studio33 Interactive_[BasketBall] v1.1/Animations/Basketball Motions_Generic/1599_DunkRB.fbx
  artifactKey: Guid(478fa225ad46d3e44adec22c1487c7cf) Importer(2089858483,b0f066a214c2f5e87bad3c948f4d605d)
Start importing Assets/Studio33 Interactive_[BasketBall] v1.1/Animations/Basketball Motions_Generic/1599_DunkRB.fbx using Guid(478fa225ad46d3e44adec22c1487c7cf) Importer(2089858483,b0f066a214c2f5e87bad3c948f4d605d) (ScriptedImporter) -> (artifact id: '8265748a079fb43cadc5556c00dc2b4c') in 0.0288197 seconds
Number of updated asset objects reloaded before import = 0Number of asset objects unloaded after import = 152

========================================================================
Received Import Request.
  Time since last request: 0.000030 seconds.
  path: Assets/Studio33 Interactive_[BasketBall] v1.1/Animations/Basketball Motions_Generic/441_FrontDenyFA.fbx
  artifactKey: Guid(d5f0b9a71c95d4343a5e81873cc62390) Importer(2089858483,b0f066a214c2f5e87bad3c948f4d605d)
Start importing Assets/Studio33 Interactive_[BasketBall] v1.1/Animations/Basketball Motions_Generic/441_FrontDenyFA.fbx using Guid(d5f0b9a71c95d4343a5e81873cc62390) Importer(2089858483,b0f066a214c2f5e87bad3c948f4d605d) (ScriptedImporter) -> (artifact id: 'b773de598ea6e80c4cbec2934e8f0312') in 0.0210711 seconds
Number of updated asset objects reloaded before import = 0Number of asset objects unloaded after import = 152

========================================================================
Received Import Request.
  Time since last request: 0.000026 seconds.
  path: Assets/Studio33 Interactive_[BasketBall] v1.1/Animations/Basketball Motions Humanoid/1931_DunkCA.fbx
  artifactKey: Guid(588baf1f8b7d20446b4ef6f8955b44a1) Importer(2089858483,b0f066a214c2f5e87bad3c948f4d605d)
Start importing Assets/Studio33 Interactive_[BasketBall] v1.1/Animations/Basketball Motions Humanoid/1931_DunkCA.fbx using Guid(588baf1f8b7d20446b4ef6f8955b44a1) Importer(2089858483,b0f066a214c2f5e87bad3c948f4d605d) (ScriptedImporter) -> (artifact id: 'dbfb8577a2c5cab588724930f557fb50') in 0.0294908 seconds
Number of updated asset objects reloaded before import = 0Number of asset objects unloaded after import = 154

========================================================================
Received Import Request.
  Time since last request: 0.000030 seconds.
  path: Assets/Studio33 Interactive_[BasketBall] v1.1/Animations/Basketball Motions Humanoid/454_MarkSideStifL.fbx
  artifactKey: Guid(abc8da0ade64c754caeffb11e863baa6) Importer(2089858483,b0f066a214c2f5e87bad3c948f4d605d)
Start importing Assets/Studio33 Interactive_[BasketBall] v1.1/Animations/Basketball Motions Humanoid/454_MarkSideStifL.fbx using Guid(abc8da0ade64c754caeffb11e863baa6) Importer(2089858483,b0f066a214c2f5e87bad3c948f4d605d) (ScriptedImporter) -> (artifact id: '0caba3ddb597098092969c6444a3c42d') in 0.022281 seconds
Number of updated asset objects reloaded before import = 0Number of asset objects unloaded after import = 154

========================================================================
Received Import Request.
  Time since last request: 0.000032 seconds.
  path: Assets/Studio33 Interactive_[BasketBall] v1.1/Animations/Basketball Motions Humanoid/666_SonicShRtF.fbx
  artifactKey: Guid(207ea2a93efd24a44a1de1133f32aca2) Importer(2089858483,b0f066a214c2f5e87bad3c948f4d605d)
Start importing Assets/Studio33 Interactive_[BasketBall] v1.1/Animations/Basketball Motions Humanoid/666_SonicShRtF.fbx using Guid(207ea2a93efd24a44a1de1133f32aca2) Importer(2089858483,b0f066a214c2f5e87bad3c948f4d605d) (ScriptedImporter) -> (artifact id: '3955128e5ff990a59c6192060e140d83') in 0.025654 seconds
Number of updated asset objects reloaded before import = 0Number of asset objects unloaded after import = 154

========================================================================
Received Import Request.
  Time since last request: 0.000027 seconds.
  path: Assets/Studio33 Interactive_[BasketBall] v1.1/Animations/Basketball Motions_Generic/1621_DunkCA.fbx
  artifactKey: Guid(7058035476dd37641bb9a491decd3d9f) Importer(2089858483,b0f066a214c2f5e87bad3c948f4d605d)
Start importing Assets/Studio33 Interactive_[BasketBall] v1.1/Animations/Basketball Motions_Generic/1621_DunkCA.fbx using Guid(7058035476dd37641bb9a491decd3d9f) Importer(2089858483,b0f066a214c2f5e87bad3c948f4d605d) (ScriptedImporter) -> (artifact id: '8592938a69dfc377b666e3d9242e42fd') in 0.0278152 seconds
Number of updated asset objects reloaded before import = 0Number of asset objects unloaded after import = 152

========================================================================
Received Import Request.
  Time since last request: 0.000029 seconds.
  path: Assets/Studio33 Interactive_[BasketBall] v1.1/Animations/Basketball Motions Humanoid/549_ThlayupCA.fbx
  artifactKey: Guid(969d1b34146fc264c89a3be34baf6b3b) Importer(2089858483,b0f066a214c2f5e87bad3c948f4d605d)
Start importing Assets/Studio33 Interactive_[BasketBall] v1.1/Animations/Basketball Motions Humanoid/549_ThlayupCA.fbx using Guid(969d1b34146fc264c89a3be34baf6b3b) Importer(2089858483,b0f066a214c2f5e87bad3c948f4d605d) (ScriptedImporter) -> (artifact id: '03803369f6cc5938eb2cb8da8458849a') in 0.0266795 seconds
Number of updated asset objects reloaded before import = 0Number of asset objects unloaded after import = 154

========================================================================
Received Import Request.
  Time since last request: 0.000023 seconds.
  path: Assets/Studio33 Interactive_[BasketBall] v1.1/33_basket ball test animations/player/Back_number/Back_number_Y/Back_number_B_c15.png
  artifactKey: Guid(c86dc64cf309bdd438ab8e1191252fd1) Importer(2089858483,b0f066a214c2f5e87bad3c948f4d605d)
Start importing Assets/Studio33 Interactive_[BasketBall] v1.1/33_basket ball test animations/player/Back_number/Back_number_Y/Back_number_B_c15.png using Guid(c86dc64cf309bdd438ab8e1191252fd1) Importer(2089858483,b0f066a214c2f5e87bad3c948f4d605d) (ScriptedImporter) -> (artifact id: '89461e01f721efcab9bf20a885bdc7f0') in 0.0175376 seconds
Number of updated asset objects reloaded before import = 0Number of asset objects unloaded after import = 1

========================================================================
Received Import Request.
  Time since last request: 0.000036 seconds.
  path: Assets/Studio33 Interactive_[BasketBall] v1.1/Animations/Basketball Motions_Generic/220_CrossEurostepLayupL.fbx
  artifactKey: Guid(269194aec061e7d4ebc5bb74ea219e6d) Importer(2089858483,b0f066a214c2f5e87bad3c948f4d605d)
Start importing Assets/Studio33 Interactive_[BasketBall] v1.1/Animations/Basketball Motions_Generic/220_CrossEurostepLayupL.fbx using Guid(269194aec061e7d4ebc5bb74ea219e6d) Importer(2089858483,b0f066a214c2f5e87bad3c948f4d605d) (ScriptedImporter) -> (artifact id: '8e2552c91353c7e377e2ce0441840a68') in 0.0256297 seconds
Number of updated asset objects reloaded before import = 0Number of asset objects unloaded after import = 152

========================================================================
Received Import Request.
  Time since last request: 0.000023 seconds.
  path: Assets/Studio33 Interactive_[BasketBall] v1.1/Animations/Basketball Motions_Generic/1042_TappassTapFFA.fbx
  artifactKey: Guid(ebb06637b0c911640bf0789853936839) Importer(2089858483,b0f066a214c2f5e87bad3c948f4d605d)
Start importing Assets/Studio33 Interactive_[BasketBall] v1.1/Animations/Basketball Motions_Generic/1042_TappassTapFFA.fbx using Guid(ebb06637b0c911640bf0789853936839) Importer(2089858483,b0f066a214c2f5e87bad3c948f4d605d) (ScriptedImporter) -> (artifact id: 'f40e50a987809082a471a33a26370bf0') in 0.0257974 seconds
Number of updated asset objects reloaded before import = 0Number of asset objects unloaded after import = 152

========================================================================
Received Import Request.
  Time since last request: 0.000032 seconds.
  path: Assets/Studio33 Interactive_[BasketBall] v1.1/Animations/Basketball Motions Humanoid/160_AirBigRightA.fbx
  artifactKey: Guid(9b0c1d9a9860cd546ad1bc1fdc3eb3b6) Importer(2089858483,b0f066a214c2f5e87bad3c948f4d605d)
Start importing Assets/Studio33 Interactive_[BasketBall] v1.1/Animations/Basketball Motions Humanoid/160_AirBigRightA.fbx using Guid(9b0c1d9a9860cd546ad1bc1fdc3eb3b6) Importer(2089858483,b0f066a214c2f5e87bad3c948f4d605d) (ScriptedImporter) -> (artifact id: 'fb7444ead493f8828485b62a19d589e0') in 0.0367717 seconds
Number of updated asset objects reloaded before import = 0Number of asset objects unloaded after import = 154

========================================================================
Received Import Request.
  Time since last request: 0.000026 seconds.
  path: Assets/Studio33 Interactive_[BasketBall] v1.1/Animations/Basketball Motions_Generic/340_JabstepLLA.fbx
  artifactKey: Guid(bbcacc4c0e66b8146b689b82896805fb) Importer(2089858483,b0f066a214c2f5e87bad3c948f4d605d)
Start importing Assets/Studio33 Interactive_[BasketBall] v1.1/Animations/Basketball Motions_Generic/340_JabstepLLA.fbx using Guid(bbcacc4c0e66b8146b689b82896805fb) Importer(2089858483,b0f066a214c2f5e87bad3c948f4d605d) (ScriptedImporter) -> (artifact id: '8254787b5d8e144d4f37319f16e7f9d4') in 0.0241504 seconds
Number of updated asset objects reloaded before import = 0Number of asset objects unloaded after import = 152

========================================================================
Received Import Request.
  Time since last request: 0.000034 seconds.
  path: Assets/Studio33 Interactive_[BasketBall] v1.1/Animations/Basketball Motions Humanoid/32_BlockinglongFarJumpF.fbx
  artifactKey: Guid(1fbb2b78ebae50d488a666b7aafedcb3) Importer(2089858483,b0f066a214c2f5e87bad3c948f4d605d)
Start importing Assets/Studio33 Interactive_[BasketBall] v1.1/Animations/Basketball Motions Humanoid/32_BlockinglongFarJumpF.fbx using Guid(1fbb2b78ebae50d488a666b7aafedcb3) Importer(2089858483,b0f066a214c2f5e87bad3c948f4d605d) (ScriptedImporter) -> (artifact id: '3f05f7ab6b6cdb3ed3ca2e6f2706f44b') in 0.0237415 seconds
Number of updated asset objects reloaded before import = 0Number of asset objects unloaded after import = 154

========================================================================
Received Import Request.
  Time since last request: 0.000026 seconds.
  path: Assets/Studio33 Interactive_[BasketBall] v1.1/Animations/Basketball Motions_Generic/366_CrossEurostepLongA.fbx
  artifactKey: Guid(a2db1c2e4973e764d8b48893761b704b) Importer(2089858483,b0f066a214c2f5e87bad3c948f4d605d)
Start importing Assets/Studio33 Interactive_[BasketBall] v1.1/Animations/Basketball Motions_Generic/366_CrossEurostepLongA.fbx using Guid(a2db1c2e4973e764d8b48893761b704b) Importer(2089858483,b0f066a214c2f5e87bad3c948f4d605d) (ScriptedImporter) -> (artifact id: '143802f5e91938eb7019cdaa4c0d0a77') in 0.023161 seconds
Number of updated asset objects reloaded before import = 0Number of asset objects unloaded after import = 152

========================================================================
Received Import Request.
  Time since last request: 0.000030 seconds.
  path: Assets/Studio33 Interactive_[BasketBall] v1.1/Animations/Basketball Motions_Generic/142_CollisiohopstepRFaA.fbx
  artifactKey: Guid(a7f2fbcaf77eaaf498c60f105ade01b8) Importer(2089858483,b0f066a214c2f5e87bad3c948f4d605d)
Start importing Assets/Studio33 Interactive_[BasketBall] v1.1/Animations/Basketball Motions_Generic/142_CollisiohopstepRFaA.fbx using Guid(a7f2fbcaf77eaaf498c60f105ade01b8) Importer(2089858483,b0f066a214c2f5e87bad3c948f4d605d) (ScriptedImporter) -> (artifact id: 'a7346927808aea83cd58c2994d250e54') in 0.0248731 seconds
Number of updated asset objects reloaded before import = 0Number of asset objects unloaded after import = 152

========================================================================
Received Import Request.
  Time since last request: 0.000029 seconds.
  path: Assets/Studio33 Interactive_[BasketBall] v1.1/Animations/Basketball Motions Humanoid/1543_JumpshotPullupRA.fbx
  artifactKey: Guid(2b521522830823a488aaee05c62276bc) Importer(2089858483,b0f066a214c2f5e87bad3c948f4d605d)
Start importing Assets/Studio33 Interactive_[BasketBall] v1.1/Animations/Basketball Motions Humanoid/1543_JumpshotPullupRA.fbx using Guid(2b521522830823a488aaee05c62276bc) Importer(2089858483,b0f066a214c2f5e87bad3c948f4d605d) (ScriptedImporter) -> (artifact id: '1355364de77e2659bc2e6ada29088ecd') in 0.0255954 seconds
Number of updated asset objects reloaded before import = 0Number of asset objects unloaded after import = 154

========================================================================
Received Import Request.
  Time since last request: 0.000081 seconds.
  path: Assets/Studio33 Interactive_[BasketBall] v1.1/Animations/Basketball Motions Humanoid/457_FrontDenyA.fbx
  artifactKey: Guid(f7f90c29de7b8bc40857b5651dfa1820) Importer(2089858483,b0f066a214c2f5e87bad3c948f4d605d)
Start importing Assets/Studio33 Interactive_[BasketBall] v1.1/Animations/Basketball Motions Humanoid/457_FrontDenyA.fbx using Guid(f7f90c29de7b8bc40857b5651dfa1820) Importer(2089858483,b0f066a214c2f5e87bad3c948f4d605d) (ScriptedImporter) -> (artifact id: '2fd5ac92a22f2c34be1cd18dbbc7fd8b') in 0.0258817 seconds
Number of updated asset objects reloaded before import = 0Number of asset objects unloaded after import = 154

========================================================================
Received Import Request.
  Time since last request: 0.000022 seconds.
  path: Assets/Studio33 Interactive_[BasketBall] v1.1/Animations/Basketball Motions Humanoid/1438_LayupCA.fbx
  artifactKey: Guid(332642e9d3c9c1d48a911188a145f5c4) Importer(2089858483,b0f066a214c2f5e87bad3c948f4d605d)
Start importing Assets/Studio33 Interactive_[BasketBall] v1.1/Animations/Basketball Motions Humanoid/1438_LayupCA.fbx using Guid(332642e9d3c9c1d48a911188a145f5c4) Importer(2089858483,b0f066a214c2f5e87bad3c948f4d605d) (ScriptedImporter) -> (artifact id: '9276635ccb149c4105affbeef068e5f9') in 0.0271246 seconds
Number of updated asset objects reloaded before import = 0Number of asset objects unloaded after import = 154

========================================================================
Received Import Request.
  Time since last request: 0.000021 seconds.
  path: Assets/Studio33 Interactive_[BasketBall] v1.1/Animations/Basketball Motions Humanoid/30_BlockingshortL.fbx
  artifactKey: Guid(af1aef0bfd9cd47458709a14a6ef39fb) Importer(2089858483,b0f066a214c2f5e87bad3c948f4d605d)
Start importing Assets/Studio33 Interactive_[BasketBall] v1.1/Animations/Basketball Motions Humanoid/30_BlockingshortL.fbx using Guid(af1aef0bfd9cd47458709a14a6ef39fb) Importer(2089858483,b0f066a214c2f5e87bad3c948f4d605d) (ScriptedImporter) -> (artifact id: '97c98a69d729d09bac909f5f43a713d8') in 0.0248725 seconds
Number of updated asset objects reloaded before import = 0Number of asset objects unloaded after import = 154

========================================================================
Received Import Request.
  Time since last request: 0.000027 seconds.
  path: Assets/Studio33 Interactive_[BasketBall] v1.1/Animations/Basketball Motions_Generic/1682_JumpshotCAA.fbx
  artifactKey: Guid(1bce188ce68bd8445a4a708f272bf53c) Importer(2089858483,b0f066a214c2f5e87bad3c948f4d605d)
Start importing Assets/Studio33 Interactive_[BasketBall] v1.1/Animations/Basketball Motions_Generic/1682_JumpshotCAA.fbx using Guid(1bce188ce68bd8445a4a708f272bf53c) Importer(2089858483,b0f066a214c2f5e87bad3c948f4d605d) (ScriptedImporter) -> (artifact id: '1dd558fa5dd7bf60e5557f135ae04bdc') in 0.0234279 seconds
Number of updated asset objects reloaded before import = 0Number of asset objects unloaded after import = 152

========================================================================
Received Import Request.
  Time since last request: 0.000043 seconds.
  path: Assets/Studio33 Interactive_[BasketBall] v1.1/Animations/Basketball Motions Humanoid/1219_JumpshotDriftLA.fbx
  artifactKey: Guid(a89800d70d057024892c00fd4dc7aa05) Importer(2089858483,b0f066a214c2f5e87bad3c948f4d605d)
Start importing Assets/Studio33 Interactive_[BasketBall] v1.1/Animations/Basketball Motions Humanoid/1219_JumpshotDriftLA.fbx using Guid(a89800d70d057024892c00fd4dc7aa05) Importer(2089858483,b0f066a214c2f5e87bad3c948f4d605d) (ScriptedImporter) -> (artifact id: '9513f67fb56adfa12afd1b0bd72c4c9e') in 0.0326228 seconds
Number of updated asset objects reloaded before import = 0Number of asset objects unloaded after import = 154

========================================================================
Received Import Request.
  Time since last request: 0.000027 seconds.
  path: Assets/Studio33 Interactive_[BasketBall] v1.1/Animations/Basketball Motions_Generic/2056_DunkRRevA.fbx
  artifactKey: Guid(628e6b4e56097344ab873f95651527f8) Importer(2089858483,b0f066a214c2f5e87bad3c948f4d605d)
Start importing Assets/Studio33 Interactive_[BasketBall] v1.1/Animations/Basketball Motions_Generic/2056_DunkRRevA.fbx using Guid(628e6b4e56097344ab873f95651527f8) Importer(2089858483,b0f066a214c2f5e87bad3c948f4d605d) (ScriptedImporter) -> (artifact id: 'ff080419c579108c646eadc90245e132') in 0.0272248 seconds
Number of updated asset objects reloaded before import = 0Number of asset objects unloaded after import = 152

========================================================================
Received Import Request.
  Time since last request: 0.000025 seconds.
  path: Assets/Studio33 Interactive_[BasketBall] v1.1/Animations/Basketball Motions_Generic/151_StopRA.fbx
  artifactKey: Guid(89d1e5afe12a914479ee35033a4d9807) Importer(2089858483,b0f066a214c2f5e87bad3c948f4d605d)
Start importing Assets/Studio33 Interactive_[BasketBall] v1.1/Animations/Basketball Motions_Generic/151_StopRA.fbx using Guid(89d1e5afe12a914479ee35033a4d9807) Importer(2089858483,b0f066a214c2f5e87bad3c948f4d605d) (ScriptedImporter) -> (artifact id: '5aafd0726850f43e937379068c20962b') in 0.023914 seconds
Number of updated asset objects reloaded before import = 0Number of asset objects unloaded after import = 152

========================================================================
Received Import Request.
  Time since last request: 0.000034 seconds.
  path: Assets/Studio33 Interactive_[BasketBall] v1.1/Animations/Basketball Motions Humanoid/1755_DunkCA.fbx
  artifactKey: Guid(b7f11a3cc094cf547bc4b296ad6ebe24) Importer(2089858483,b0f066a214c2f5e87bad3c948f4d605d)
Start importing Assets/Studio33 Interactive_[BasketBall] v1.1/Animations/Basketball Motions Humanoid/1755_DunkCA.fbx using Guid(b7f11a3cc094cf547bc4b296ad6ebe24) Importer(2089858483,b0f066a214c2f5e87bad3c948f4d605d) (ScriptedImporter) -> (artifact id: '7124609f42431a0e79eb341df34cec96') in 0.0267182 seconds
Number of updated asset objects reloaded before import = 0Number of asset objects unloaded after import = 154

========================================================================
Received Import Request.
  Time since last request: 0.000045 seconds.
  path: Assets/Studio33 Interactive_[BasketBall] v1.1/Animations/Basketball Motions Humanoid/809_PostBackingpassKiA.fbx
  artifactKey: Guid(36f0a0d6683ba354783244f30cbd24ec) Importer(2089858483,b0f066a214c2f5e87bad3c948f4d605d)
Start importing Assets/Studio33 Interactive_[BasketBall] v1.1/Animations/Basketball Motions Humanoid/809_PostBackingpassKiA.fbx using Guid(36f0a0d6683ba354783244f30cbd24ec) Importer(2089858483,b0f066a214c2f5e87bad3c948f4d605d) (ScriptedImporter) -> (artifact id: '91c7cee8a037ed41d7233a8becd5e4d0') in 0.0333919 seconds
Number of updated asset objects reloaded before import = 0Number of asset objects unloaded after import = 154

========================================================================
Received Import Request.
  Time since last request: 0.000025 seconds.
  path: Assets/Studio33 Interactive_[BasketBall] v1.1/Animations/Basketball Motions_Generic/821_PassibadA.fbx
  artifactKey: Guid(897558dd905191d4cbfbf93645c9b296) Importer(2089858483,b0f066a214c2f5e87bad3c948f4d605d)
Start importing Assets/Studio33 Interactive_[BasketBall] v1.1/Animations/Basketball Motions_Generic/821_PassibadA.fbx using Guid(897558dd905191d4cbfbf93645c9b296) Importer(2089858483,b0f066a214c2f5e87bad3c948f4d605d) (ScriptedImporter) -> (artifact id: '6b3e80daeed948adbd82d144b9356e07') in 0.0250103 seconds
Number of updated asset objects reloaded before import = 0Number of asset objects unloaded after import = 152

========================================================================
Received Import Request.
  Time since last request: 0.000033 seconds.
  path: Assets/Studio33 Interactive_[BasketBall] v1.1/Animations/Basketball Motions Humanoid/1407_LayupRevRA.fbx
  artifactKey: Guid(eb38a885939ffb245b5cba52b9c38c07) Importer(2089858483,b0f066a214c2f5e87bad3c948f4d605d)
Start importing Assets/Studio33 Interactive_[BasketBall] v1.1/Animations/Basketball Motions Humanoid/1407_LayupRevRA.fbx using Guid(eb38a885939ffb245b5cba52b9c38c07) Importer(2089858483,b0f066a214c2f5e87bad3c948f4d605d) (ScriptedImporter) -> (artifact id: '908f5ad8419f729f637f4ee8041f11ea') in 0.0285842 seconds
Number of updated asset objects reloaded before import = 0Number of asset objects unloaded after import = 154

========================================================================
Received Import Request.
  Time since last request: 0.000034 seconds.
  path: Assets/Studio33 Interactive_[BasketBall] v1.1/Animations/Basketball Motions Humanoid/623_SlidingCFailA.fbx
  artifactKey: Guid(4a6f905e157838346b25b86235c63e6f) Importer(2089858483,b0f066a214c2f5e87bad3c948f4d605d)
Start importing Assets/Studio33 Interactive_[BasketBall] v1.1/Animations/Basketball Motions Humanoid/623_SlidingCFailA.fbx using Guid(4a6f905e157838346b25b86235c63e6f) Importer(2089858483,b0f066a214c2f5e87bad3c948f4d605d) (ScriptedImporter) -> (artifact id: '79dda299d91998204fe11cd06c880d9d') in 0.0310906 seconds
Number of updated asset objects reloaded before import = 0Number of asset objects unloaded after import = 154

========================================================================
Received Import Request.
  Time since last request: 0.000033 seconds.
  path: Assets/Studio33 Interactive_[BasketBall] v1.1/Animations/Basketball Motions Humanoid/1170_DunkCA.fbx
  artifactKey: Guid(24cda0ac4bc992440a7518dc9b2ca351) Importer(2089858483,b0f066a214c2f5e87bad3c948f4d605d)
Start importing Assets/Studio33 Interactive_[BasketBall] v1.1/Animations/Basketball Motions Humanoid/1170_DunkCA.fbx using Guid(24cda0ac4bc992440a7518dc9b2ca351) Importer(2089858483,b0f066a214c2f5e87bad3c948f4d605d) (ScriptedImporter) -> (artifact id: '55bc799b90e2556231836e3273950b75') in 0.0282187 seconds
Number of updated asset objects reloaded before import = 0Number of asset objects unloaded after import = 154

========================================================================
Received Import Request.
  Time since last request: 0.000023 seconds.
  path: Assets/Studio33 Interactive_[BasketBall] v1.1/Animations/Basketball Motions_Generic/588_OverintA.fbx
  artifactKey: Guid(ac0b2f38116387744966f7c109042e0d) Importer(2089858483,b0f066a214c2f5e87bad3c948f4d605d)
Start importing Assets/Studio33 Interactive_[BasketBall] v1.1/Animations/Basketball Motions_Generic/588_OverintA.fbx using Guid(ac0b2f38116387744966f7c109042e0d) Importer(2089858483,b0f066a214c2f5e87bad3c948f4d605d) (ScriptedImporter) -> (artifact id: '9e0461100c2c3b6e43aa392f3345b6e0') in 0.0261084 seconds
Number of updated asset objects reloaded before import = 0Number of asset objects unloaded after import = 152

========================================================================
Received Import Request.
  Time since last request: 0.000027 seconds.
  path: Assets/Studio33 Interactive_[BasketBall] v1.1/Animations/Basketball Motions_Generic/1045_TappassTapFLB.fbx
  artifactKey: Guid(7df78b5d6af16be49bdd3ec93004c8f5) Importer(2089858483,b0f066a214c2f5e87bad3c948f4d605d)
Start importing Assets/Studio33 Interactive_[BasketBall] v1.1/Animations/Basketball Motions_Generic/1045_TappassTapFLB.fbx using Guid(7df78b5d6af16be49bdd3ec93004c8f5) Importer(2089858483,b0f066a214c2f5e87bad3c948f4d605d) (ScriptedImporter) -> (artifact id: 'ad611d942fe221aab3167c84c2184d38') in 0.0264191 seconds
Number of updated asset objects reloaded before import = 0Number of asset objects unloaded after import = 152

========================================================================
Received Import Request.
  Time since last request: 0.000028 seconds.
  path: Assets/Studio33 Interactive_[BasketBall] v1.1/Animations/Basketball Motions Humanoid/2206_UpperstealA.fbx
  artifactKey: Guid(51edaae48b78fa04883ca5b39b163ca5) Importer(2089858483,b0f066a214c2f5e87bad3c948f4d605d)
Start importing Assets/Studio33 Interactive_[BasketBall] v1.1/Animations/Basketball Motions Humanoid/2206_UpperstealA.fbx using Guid(51edaae48b78fa04883ca5b39b163ca5) Importer(2089858483,b0f066a214c2f5e87bad3c948f4d605d) (ScriptedImporter) -> (artifact id: '8d7e1a2e37eca509659fcdb1cc075082') in 0.0257913 seconds
Number of updated asset objects reloaded before import = 0Number of asset objects unloaded after import = 154

========================================================================
Received Import Request.
  Time since last request: 0.000034 seconds.
  path: Assets/Studio33 Interactive_[BasketBall] v1.1/Animations/Basketball Motions_Generic/1174_DunkCA.fbx
  artifactKey: Guid(426f5b20d8e4ae440bda8495ec8daf48) Importer(2089858483,b0f066a214c2f5e87bad3c948f4d605d)
Start importing Assets/Studio33 Interactive_[BasketBall] v1.1/Animations/Basketball Motions_Generic/1174_DunkCA.fbx using Guid(426f5b20d8e4ae440bda8495ec8daf48) Importer(2089858483,b0f066a214c2f5e87bad3c948f4d605d) (ScriptedImporter) -> (artifact id: '671266eacad0e82c3ce0a25ff192876a') in 0.0244938 seconds
Number of updated asset objects reloaded before import = 0Number of asset objects unloaded after import = 152

========================================================================
Received Import Request.
  Time since last request: 0.000025 seconds.
  path: Assets/Studio33 Interactive_[BasketBall] v1.1/Animations/Basketball Motions_Generic/82_BlockingckpassLongNearFFA.fbx
  artifactKey: Guid(e06a6f7eeff77ef45b087f3d2c9127ca) Importer(2089858483,b0f066a214c2f5e87bad3c948f4d605d)
Start importing Assets/Studio33 Interactive_[BasketBall] v1.1/Animations/Basketball Motions_Generic/82_BlockingckpassLongNearFFA.fbx using Guid(e06a6f7eeff77ef45b087f3d2c9127ca) Importer(2089858483,b0f066a214c2f5e87bad3c948f4d605d) (ScriptedImporter) -> (artifact id: '263014a93ebe9e938d4f7565fbb5534f') in 0.0258629 seconds
Number of updated asset objects reloaded before import = 0Number of asset objects unloaded after import = 152

========================================================================
Received Import Request.
  Time since last request: 0.000023 seconds.
  path: Assets/Studio33 Interactive_[BasketBall] v1.1/Animations/Basketball Motions_Generic/208_PushPushedFrontA.fbx
  artifactKey: Guid(fefa3b62cf160064ab7b54ecb602225e) Importer(2089858483,b0f066a214c2f5e87bad3c948f4d605d)
Start importing Assets/Studio33 Interactive_[BasketBall] v1.1/Animations/Basketball Motions_Generic/208_PushPushedFrontA.fbx using Guid(fefa3b62cf160064ab7b54ecb602225e) Importer(2089858483,b0f066a214c2f5e87bad3c948f4d605d) (ScriptedImporter) -> (artifact id: 'a99c7b7527e209fca6b8f0f0f1c65648') in 0.0245319 seconds
Number of updated asset objects reloaded before import = 0Number of asset objects unloaded after import = 152

========================================================================
Received Import Request.
  Time since last request: 0.000022 seconds.
  path: Assets/Studio33 Interactive_[BasketBall] v1.1/Animations/Basketball Motions_Generic/239_BtlCrossoverWindupRR.fbx
  artifactKey: Guid(a24f3c3160de27f4690d788a4170e7d1) Importer(2089858483,b0f066a214c2f5e87bad3c948f4d605d)
Start importing Assets/Studio33 Interactive_[BasketBall] v1.1/Animations/Basketball Motions_Generic/239_BtlCrossoverWindupRR.fbx using Guid(a24f3c3160de27f4690d788a4170e7d1) Importer(2089858483,b0f066a214c2f5e87bad3c948f4d605d) (ScriptedImporter) -> (artifact id: 'f1dd9a0a210b1f4400b070bd2530d858') in 0.023659 seconds
Number of updated asset objects reloaded before import = 0Number of asset objects unloaded after import = 152

========================================================================
Received Import Request.
  Time since last request: 0.000039 seconds.
  path: Assets/Studio33 Interactive_[BasketBall] v1.1/Animations/Basketball Motions Humanoid/1145_DclutchRRightA.fbx
  artifactKey: Guid(de16414eb9f1c2a49a8e9b0390b8df86) Importer(2089858483,b0f066a214c2f5e87bad3c948f4d605d)
Start importing Assets/Studio33 Interactive_[BasketBall] v1.1/Animations/Basketball Motions Humanoid/1145_DclutchRRightA.fbx using Guid(de16414eb9f1c2a49a8e9b0390b8df86) Importer(2089858483,b0f066a214c2f5e87bad3c948f4d605d) (ScriptedImporter) -> (artifact id: '956c0e02c0b82e69d89f76d1ea8fbec3') in 0.0229744 seconds
Number of updated asset objects reloaded before import = 0Number of asset objects unloaded after import = 154

========================================================================
Received Import Request.
  Time since last request: 0.000022 seconds.
  path: Assets/Studio33 Interactive_[BasketBall] v1.1/Animations/Basketball Motions Humanoid/1514_AlleyoopDclutchRRightA.fbx
  artifactKey: Guid(23e56899a8f2cf14ba417161effdd68e) Importer(2089858483,b0f066a214c2f5e87bad3c948f4d605d)
Start importing Assets/Studio33 Interactive_[BasketBall] v1.1/Animations/Basketball Motions Humanoid/1514_AlleyoopDclutchRRightA.fbx using Guid(23e56899a8f2cf14ba417161effdd68e) Importer(2089858483,b0f066a214c2f5e87bad3c948f4d605d) (ScriptedImporter) -> (artifact id: '17e7dc0ac901521d0b16dcc4d47bb041') in 0.0297824 seconds
Number of updated asset objects reloaded before import = 0Number of asset objects unloaded after import = 154

========================================================================
Received Import Request.
  Time since last request: 0.000022 seconds.
  path: Assets/Studio33 Interactive_[BasketBall] v1.1
  artifactKey: Guid(b5a1aecdb0f69ea46882986a67be298c) Importer(2089858483,b0f066a214c2f5e87bad3c948f4d605d)
Start importing Assets/Studio33 Interactive_[BasketBall] v1.1 using Guid(b5a1aecdb0f69ea46882986a67be298c) Importer(2089858483,b0f066a214c2f5e87bad3c948f4d605d) (ScriptedImporter) -> (artifact id: '55cba5fb13fc868dc70deb6bd8290ba8') in 0.0109417 seconds
Number of updated asset objects reloaded before import = 0Number of asset objects unloaded after import = 1

========================================================================
Received Import Request.
  Time since last request: 0.000030 seconds.
  path: Assets/Studio33 Interactive_[BasketBall] v1.1/Animations/Basketball Motions_Generic/1974_DunkCA.fbx
  artifactKey: Guid(2a9e67dc53f700043821c3e7057f8109) Importer(2089858483,b0f066a214c2f5e87bad3c948f4d605d)
Start importing Assets/Studio33 Interactive_[BasketBall] v1.1/Animations/Basketball Motions_Generic/1974_DunkCA.fbx using Guid(2a9e67dc53f700043821c3e7057f8109) Importer(2089858483,b0f066a214c2f5e87bad3c948f4d605d) (ScriptedImporter) -> (artifact id: '40f69926d41df306458085eb9b8aff97') in 0.0254032 seconds
Number of updated asset objects reloaded before import = 0Number of asset objects unloaded after import = 152

========================================================================
Received Import Request.
  Time since last request: 0.000041 seconds.
  path: Assets/Studio33 Interactive_[BasketBall] v1.1/Animations/Basketball Motions Humanoid/67_BlockingshortLayupF.fbx
  artifactKey: Guid(3972203a07ce9b745ba221d08f76b5b5) Importer(2089858483,b0f066a214c2f5e87bad3c948f4d605d)
Start importing Assets/Studio33 Interactive_[BasketBall] v1.1/Animations/Basketball Motions Humanoid/67_BlockingshortLayupF.fbx using Guid(3972203a07ce9b745ba221d08f76b5b5) Importer(2089858483,b0f066a214c2f5e87bad3c948f4d605d) (ScriptedImporter) -> (artifact id: '322275fe6b7bf9c9d1fa20b66c397e16') in 0.0226402 seconds
Number of updated asset objects reloaded before import = 0Number of asset objects unloaded after import = 154

========================================================================
Received Import Request.
  Time since last request: 0.000023 seconds.
  path: Assets/Studio33 Interactive_[BasketBall] v1.1/Animations/Basketball Motions_Generic/2143_JumpshotReadyFake.fbx
  artifactKey: Guid(06cfb5c1a0ef31542b395dcb365a555f) Importer(2089858483,b0f066a214c2f5e87bad3c948f4d605d)
Start importing Assets/Studio33 Interactive_[BasketBall] v1.1/Animations/Basketball Motions_Generic/2143_JumpshotReadyFake.fbx using Guid(06cfb5c1a0ef31542b395dcb365a555f) Importer(2089858483,b0f066a214c2f5e87bad3c948f4d605d) (ScriptedImporter) -> (artifact id: 'b7dd6f44e98ab39c2f848ad0b9cfcd7c') in 0.024063 seconds
Number of updated asset objects reloaded before import = 0Number of asset objects unloaded after import = 152

========================================================================
Received Import Request.
  Time since last request: 0.000021 seconds.
  path: Assets/Studio33 Interactive_[BasketBall] v1.1/Animations/Basketball Motions Humanoid/1988_GgJumpshotReadyFake.fbx
  artifactKey: Guid(ab8c033d1a0ab004e8649ad8846315ea) Importer(2089858483,b0f066a214c2f5e87bad3c948f4d605d)
Start importing Assets/Studio33 Interactive_[BasketBall] v1.1/Animations/Basketball Motions Humanoid/1988_GgJumpshotReadyFake.fbx using Guid(ab8c033d1a0ab004e8649ad8846315ea) Importer(2089858483,b0f066a214c2f5e87bad3c948f4d605d) (ScriptedImporter) -> (artifact id: 'c8243da83c621529075d32cbbcfd5d6c') in 0.0276106 seconds
Number of updated asset objects reloaded before import = 0Number of asset objects unloaded after import = 154

========================================================================
Received Import Request.
  Time since last request: 0.000027 seconds.
  path: Assets/Studio33 Interactive_[BasketBall] v1.1/Animations/Basketball Motions_Generic/702_OverNpassRA.fbx
  artifactKey: Guid(e87cd3e8c0b12b549a279edb23a67d7d) Importer(2089858483,b0f066a214c2f5e87bad3c948f4d605d)
Start importing Assets/Studio33 Interactive_[BasketBall] v1.1/Animations/Basketball Motions_Generic/702_OverNpassRA.fbx using Guid(e87cd3e8c0b12b549a279edb23a67d7d) Importer(2089858483,b0f066a214c2f5e87bad3c948f4d605d) (ScriptedImporter) -> (artifact id: '2f5c8e6fcc72cfce5b246f2693f5ea0f') in 0.0248258 seconds
Number of updated asset objects reloaded before import = 0Number of asset objects unloaded after import = 152

========================================================================
Received Import Request.
  Time since last request: 0.000056 seconds.
  path: Assets/Studio33 Interactive_[BasketBall] v1.1/Animations/Basketball Motions Humanoid/844_PassKirA.fbx
  artifactKey: Guid(7390755404f60aa42a8d1da3faa17180) Importer(2089858483,b0f066a214c2f5e87bad3c948f4d605d)
Start importing Assets/Studio33 Interactive_[BasketBall] v1.1/Animations/Basketball Motions Humanoid/844_PassKirA.fbx using Guid(7390755404f60aa42a8d1da3faa17180) Importer(2089858483,b0f066a214c2f5e87bad3c948f4d605d) (ScriptedImporter) -> (artifact id: '7f0d14d401eb08dd4f4aab29db0f0121') in 0.0294482 seconds
Number of updated asset objects reloaded before import = 0Number of asset objects unloaded after import = 154

========================================================================
Received Import Request.
  Time since last request: 0.000027 seconds.
  path: Assets/Studio33 Interactive_[BasketBall] v1.1/Animations/Basketball Motions Humanoid/1250_ScoopshotRA.fbx
  artifactKey: Guid(7347c8b9811c97540a8367cb57609fcb) Importer(2089858483,b0f066a214c2f5e87bad3c948f4d605d)
Start importing Assets/Studio33 Interactive_[BasketBall] v1.1/Animations/Basketball Motions Humanoid/1250_ScoopshotRA.fbx using Guid(7347c8b9811c97540a8367cb57609fcb) Importer(2089858483,b0f066a214c2f5e87bad3c948f4d605d) (ScriptedImporter) -> (artifact id: '7b7caf84d0fa5c684cecbc3597552f01') in 0.035287 seconds
Number of updated asset objects reloaded before import = 0Number of asset objects unloaded after import = 154

========================================================================
Received Import Request.
  Time since last request: 0.000039 seconds.
  path: Assets/Studio33 Interactive_[BasketBall] v1.1/Animations/Basketball Motions Humanoid/977_Rebound C.fbx
  artifactKey: Guid(5194eba52c46c784fb718e5048d703a9) Importer(2089858483,b0f066a214c2f5e87bad3c948f4d605d)
Start importing Assets/Studio33 Interactive_[BasketBall] v1.1/Animations/Basketball Motions Humanoid/977_Rebound C.fbx using Guid(5194eba52c46c784fb718e5048d703a9) Importer(2089858483,b0f066a214c2f5e87bad3c948f4d605d) (ScriptedImporter) -> (artifact id: 'efc9ab1a9236fa76c3c2683242de3d9b') in 0.0378232 seconds
Number of updated asset objects reloaded before import = 0Number of asset objects unloaded after import = 154

========================================================================
Received Import Request.
  Time since last request: 0.000056 seconds.
  path: Assets/Studio33 Interactive_[BasketBall] v1.1/Animations/Basketball Motions_Generic/2131_JumpshotMA.fbx
  artifactKey: Guid(df708e9c0f9f42e46bebf7e8680a4b20) Importer(2089858483,b0f066a214c2f5e87bad3c948f4d605d)
Start importing Assets/Studio33 Interactive_[BasketBall] v1.1/Animations/Basketball Motions_Generic/2131_JumpshotMA.fbx using Guid(df708e9c0f9f42e46bebf7e8680a4b20) Importer(2089858483,b0f066a214c2f5e87bad3c948f4d605d) (ScriptedImporter) -> (artifact id: 'e2f56c657cbd5fc0b3c0b2929dcef6e5') in 0.03355 seconds
Number of updated asset objects reloaded before import = 0Number of asset objects unloaded after import = 152

========================================================================
Received Import Request.
  Time since last request: 0.000027 seconds.
  path: Assets/Studio33 Interactive_[BasketBall] v1.1/Animations/Basketball Motions Humanoid/373_CrossFakeTurrTrB.fbx
  artifactKey: Guid(c771e2b060010ec4f8444c3dbf94d985) Importer(2089858483,b0f066a214c2f5e87bad3c948f4d605d)
Start importing Assets/Studio33 Interactive_[BasketBall] v1.1/Animations/Basketball Motions Humanoid/373_CrossFakeTurrTrB.fbx using Guid(c771e2b060010ec4f8444c3dbf94d985) Importer(2089858483,b0f066a214c2f5e87bad3c948f4d605d) (ScriptedImporter) -> (artifact id: '722d3ad30693e14ca5e441c092362efb') in 0.0309994 seconds
Number of updated asset objects reloaded before import = 0Number of asset objects unloaded after import = 154

========================================================================
Received Import Request.
  Time since last request: 0.000030 seconds.
  path: Assets/Studio33 Interactive_[BasketBall] v1.1/Animations/Basketball Motions Humanoid/242_CrazylegR.fbx
  artifactKey: Guid(3eaaa1b930cd52e459c6c195cfe64874) Importer(2089858483,b0f066a214c2f5e87bad3c948f4d605d)
Start importing Assets/Studio33 Interactive_[BasketBall] v1.1/Animations/Basketball Motions Humanoid/242_CrazylegR.fbx using Guid(3eaaa1b930cd52e459c6c195cfe64874) Importer(2089858483,b0f066a214c2f5e87bad3c948f4d605d) (ScriptedImporter) -> (artifact id: '3fe747fa3684f0fbb756600b6be0a36f') in 0.0294761 seconds
Number of updated asset objects reloaded before import = 0Number of asset objects unloaded after import = 154

========================================================================
Received Import Request.
  Time since last request: 0.000041 seconds.
  path: Assets/Studio33 Interactive_[BasketBall] v1.1/Animations/Basketball Motions Humanoid/5_PostBackingStepA.fbx
  artifactKey: Guid(af0ad44f89160974ea4d7c676df7b796) Importer(2089858483,b0f066a214c2f5e87bad3c948f4d605d)
Start importing Assets/Studio33 Interactive_[BasketBall] v1.1/Animations/Basketball Motions Humanoid/5_PostBackingStepA.fbx using Guid(af0ad44f89160974ea4d7c676df7b796) Importer(2089858483,b0f066a214c2f5e87bad3c948f4d605d) (ScriptedImporter) -> (artifact id: 'cb04953bb1157bcef07ae4eca6c03be4') in 0.0263492 seconds
Number of updated asset objects reloaded before import = 0Number of asset objects unloaded after import = 154

========================================================================
Received Import Request.
  Time since last request: 0.000019 seconds.
  path: Assets/Studio33 Interactive_[BasketBall] v1.1/Animations/Basketball Motions Humanoid/1869_DunkRA.fbx
  artifactKey: Guid(47f53d3c6df549842b8c7e0798bf1622) Importer(2089858483,b0f066a214c2f5e87bad3c948f4d605d)
Start importing Assets/Studio33 Interactive_[BasketBall] v1.1/Animations/Basketball Motions Humanoid/1869_DunkRA.fbx using Guid(47f53d3c6df549842b8c7e0798bf1622) Importer(2089858483,b0f066a214c2f5e87bad3c948f4d605d) (ScriptedImporter) -> (artifact id: '8de5a3b096e2624179d2035b44decace') in 0.0290477 seconds
Number of updated asset objects reloaded before import = 0Number of asset objects unloaded after import = 154

========================================================================
Received Import Request.
  Time since last request: 0.000024 seconds.
  path: Assets/Studio33 Interactive_[BasketBall] v1.1/Animations/Basketball Motions_Generic/487_Dribbleright.fbx
  artifactKey: Guid(7c99edb8322a66c46a5c00484a37b181) Importer(2089858483,b0f066a214c2f5e87bad3c948f4d605d)
Start importing Assets/Studio33 Interactive_[BasketBall] v1.1/Animations/Basketball Motions_Generic/487_Dribbleright.fbx using Guid(7c99edb8322a66c46a5c00484a37b181) Importer(2089858483,b0f066a214c2f5e87bad3c948f4d605d) (ScriptedImporter) -> (artifact id: '16f238147f3824d356d0dc56cad3e4f5') in 0.0290737 seconds
Number of updated asset objects reloaded before import = 0Number of asset objects unloaded after import = 152

========================================================================
Received Import Request.
  Time since last request: 0.000030 seconds.
  path: Assets/Studio33 Interactive_[BasketBall] v1.1/Animations/Basketball Motions Humanoid/1921_JumpshotMA.fbx
  artifactKey: Guid(f5a54f8df0adbe44aa6c6c5ccabce525) Importer(2089858483,b0f066a214c2f5e87bad3c948f4d605d)
Start importing Assets/Studio33 Interactive_[BasketBall] v1.1/Animations/Basketball Motions Humanoid/1921_JumpshotMA.fbx using Guid(f5a54f8df0adbe44aa6c6c5ccabce525) Importer(2089858483,b0f066a214c2f5e87bad3c948f4d605d) (ScriptedImporter) -> (artifact id: '4ea00f2b0576ef6eb5a44847989aedce') in 0.028669 seconds
Number of updated asset objects reloaded before import = 0Number of asset objects unloaded after import = 154

========================================================================
Received Import Request.
  Time since last request: 0.000030 seconds.
  path: Assets/Studio33 Interactive_[BasketBall] v1.1/Animations/Basketball Motions Humanoid/1771_BlockingckedDunkLeftA.fbx
  artifactKey: Guid(2c0adaf894411af458a8c6707cd37f57) Importer(2089858483,b0f066a214c2f5e87bad3c948f4d605d)
Start importing Assets/Studio33 Interactive_[BasketBall] v1.1/Animations/Basketball Motions Humanoid/1771_BlockingckedDunkLeftA.fbx using Guid(2c0adaf894411af458a8c6707cd37f57) Importer(2089858483,b0f066a214c2f5e87bad3c948f4d605d) (ScriptedImporter) -> (artifact id: '4fb4b6e86bafa7a3561ffe97f6c35b44') in 0.0261391 seconds
Number of updated asset objects reloaded before import = 0Number of asset objects unloaded after import = 154

========================================================================
Received Import Request.
  Time since last request: 0.000022 seconds.
  path: Assets/Studio33 Interactive_[BasketBall] v1.1/Animations/Basketball Motions_Generic/544_SpikeshootMA.fbx
  artifactKey: Guid(23f90090b0996f24fb782a69f35aaed0) Importer(2089858483,b0f066a214c2f5e87bad3c948f4d605d)
Start importing Assets/Studio33 Interactive_[BasketBall] v1.1/Animations/Basketball Motions_Generic/544_SpikeshootMA.fbx using Guid(23f90090b0996f24fb782a69f35aaed0) Importer(2089858483,b0f066a214c2f5e87bad3c948f4d605d) (ScriptedImporter) -> (artifact id: '9819de038801f90b6a6c66d8c59eaa5a') in 0.0303137 seconds
Number of updated asset objects reloaded before import = 0Number of asset objects unloaded after import = 152

========================================================================
Received Import Request.
  Time since last request: 0.000023 seconds.
  path: Assets/Studio33 Interactive_[BasketBall] v1.1/Animations/Basketball Motions_Generic/437_DefenceLeftAC.fbx
  artifactKey: Guid(40c7addb2f7c8db4bbf4ea42f91177f6) Importer(2089858483,b0f066a214c2f5e87bad3c948f4d605d)
Start importing Assets/Studio33 Interactive_[BasketBall] v1.1/Animations/Basketball Motions_Generic/437_DefenceLeftAC.fbx using Guid(40c7addb2f7c8db4bbf4ea42f91177f6) Importer(2089858483,b0f066a214c2f5e87bad3c948f4d605d) (ScriptedImporter) -> (artifact id: 'ae8a0f34fd0a8ebbc311a27561c21adf') in 0.0237303 seconds
Number of updated asset objects reloaded before import = 0Number of asset objects unloaded after import = 152

========================================================================
Received Import Request.
  Time since last request: 0.000034 seconds.
  path: Assets/Studio33 Interactive_[BasketBall] v1.1/Animations/Basketball Motions_Generic/1832_DunkRA.fbx
  artifactKey: Guid(75317a66781e8a94d81fb610c74e3b9b) Importer(2089858483,b0f066a214c2f5e87bad3c948f4d605d)
Start importing Assets/Studio33 Interactive_[BasketBall] v1.1/Animations/Basketball Motions_Generic/1832_DunkRA.fbx using Guid(75317a66781e8a94d81fb610c74e3b9b) Importer(2089858483,b0f066a214c2f5e87bad3c948f4d605d) (ScriptedImporter) -> (artifact id: '25c6c3b9886dd38964d52e38148cd16e') in 0.0270075 seconds
Number of updated asset objects reloaded before import = 0Number of asset objects unloaded after import = 152

========================================================================
Received Import Request.
  Time since last request: 0.000034 seconds.
  path: Assets/Studio33 Interactive_[BasketBall] v1.1/Animations/Basketball Motions Humanoid/2006_MassiveFakeA.fbx
  artifactKey: Guid(ab4abddc079a0044d869c7dc649ad55b) Importer(2089858483,b0f066a214c2f5e87bad3c948f4d605d)
Start importing Assets/Studio33 Interactive_[BasketBall] v1.1/Animations/Basketball Motions Humanoid/2006_MassiveFakeA.fbx using Guid(ab4abddc079a0044d869c7dc649ad55b) Importer(2089858483,b0f066a214c2f5e87bad3c948f4d605d) (ScriptedImporter) -> (artifact id: '570b7d35d070349643d6f574bc734e47') in 0.0248739 seconds
Number of updated asset objects reloaded before import = 0Number of asset objects unloaded after import = 154

========================================================================
Received Import Request.
  Time since last request: 0.000019 seconds.
  path: Assets/Studio33 Interactive_[BasketBall] v1.1/Animations/Basketball Motions Humanoid/280_CrossoverThRLeft.fbx
  artifactKey: Guid(04f592a98aab1b54189342d2c4f9c1f1) Importer(2089858483,b0f066a214c2f5e87bad3c948f4d605d)
Start importing Assets/Studio33 Interactive_[BasketBall] v1.1/Animations/Basketball Motions Humanoid/280_CrossoverThRLeft.fbx using Guid(04f592a98aab1b54189342d2c4f9c1f1) Importer(2089858483,b0f066a214c2f5e87bad3c948f4d605d) (ScriptedImporter) -> (artifact id: '5e92992d96d24210a6b173485ee333d2') in 0.0321819 seconds
Number of updated asset objects reloaded before import = 0Number of asset objects unloaded after import = 154

========================================================================
Received Import Request.
  Time since last request: 0.000040 seconds.
  path: Assets/Studio33 Interactive_[BasketBall] v1.1/Animations/Basketball Motions Humanoid/1103_Screetwostep.fbx
  artifactKey: Guid(86168dd24a764874193dce55e910c2b7) Importer(2089858483,b0f066a214c2f5e87bad3c948f4d605d)
Start importing Assets/Studio33 Interactive_[BasketBall] v1.1/Animations/Basketball Motions Humanoid/1103_Screetwostep.fbx using Guid(86168dd24a764874193dce55e910c2b7) Importer(2089858483,b0f066a214c2f5e87bad3c948f4d605d) (ScriptedImporter) -> (artifact id: 'd4566ef8a8f149727eacf69f207f67b8') in 0.0266245 seconds
Number of updated asset objects reloaded before import = 0Number of asset objects unloaded after import = 154

========================================================================
Received Import Request.
  Time since last request: 0.000035 seconds.
  path: Assets/Studio33 Interactive_[BasketBall] v1.1/Animations/Basketball Motions Humanoid/1594_DunkClutchFRightA.fbx
  artifactKey: Guid(a72c991d2862e5d4598b3ef3bc0bbf8c) Importer(2089858483,b0f066a214c2f5e87bad3c948f4d605d)
Start importing Assets/Studio33 Interactive_[BasketBall] v1.1/Animations/Basketball Motions Humanoid/1594_DunkClutchFRightA.fbx using Guid(a72c991d2862e5d4598b3ef3bc0bbf8c) Importer(2089858483,b0f066a214c2f5e87bad3c948f4d605d) (ScriptedImporter) -> (artifact id: '8f2a662538399ad8155f8219609c9369') in 0.0243392 seconds
Number of updated asset objects reloaded before import = 0Number of asset objects unloaded after import = 154

========================================================================
Received Import Request.
  Time since last request: 0.000040 seconds.
  path: Assets/Studio33 Interactive_[BasketBall] v1.1/Animations/Basketball Motions Humanoid/2176_GameA.fbx
  artifactKey: Guid(2b2c75aec320ba64a90d9e6a8beea270) Importer(2089858483,b0f066a214c2f5e87bad3c948f4d605d)
Start importing Assets/Studio33 Interactive_[BasketBall] v1.1/Animations/Basketball Motions Humanoid/2176_GameA.fbx using Guid(2b2c75aec320ba64a90d9e6a8beea270) Importer(2089858483,b0f066a214c2f5e87bad3c948f4d605d) (ScriptedImporter) -> (artifact id: '42858330e2531989371c50aab25a1fa2') in 0.0319215 seconds
Number of updated asset objects reloaded before import = 0Number of asset objects unloaded after import = 154

========================================================================
Received Import Request.
  Time since last request: 0.000024 seconds.
  path: Assets/Studio33 Interactive_[BasketBall] v1.1/Animations/Basketball Motions_Generic/757_PassfakeChestA.fbx
  artifactKey: Guid(44ca2831cc45cf84cbc9f3c3ffcdea31) Importer(2089858483,b0f066a214c2f5e87bad3c948f4d605d)
Start importing Assets/Studio33 Interactive_[BasketBall] v1.1/Animations/Basketball Motions_Generic/757_PassfakeChestA.fbx using Guid(44ca2831cc45cf84cbc9f3c3ffcdea31) Importer(2089858483,b0f066a214c2f5e87bad3c948f4d605d) (ScriptedImporter) -> (artifact id: '774b648971e509fe769adab99f44f619') in 0.0263708 seconds
Number of updated asset objects reloaded before import = 0Number of asset objects unloaded after import = 152

========================================================================
Received Import Request.
  Time since last request: 0.000027 seconds.
  path: Assets/Studio33 Interactive_[BasketBall] v1.1/Animations/Basketball Motions Humanoid/370_CrossFakeSideStepbarR.fbx
  artifactKey: Guid(1b611415d47314f4b8b48af676400c95) Importer(2089858483,b0f066a214c2f5e87bad3c948f4d605d)
Start importing Assets/Studio33 Interactive_[BasketBall] v1.1/Animations/Basketball Motions Humanoid/370_CrossFakeSideStepbarR.fbx using Guid(1b611415d47314f4b8b48af676400c95) Importer(2089858483,b0f066a214c2f5e87bad3c948f4d605d) (ScriptedImporter) -> (artifact id: '32d6ea45e3b144d43036908b000d30f3') in 0.0311843 seconds
Number of updated asset objects reloaded before import = 0Number of asset objects unloaded after import = 154

========================================================================
Received Import Request.
  Time since last request: 0.000029 seconds.
  path: Assets/Studio33 Interactive_[BasketBall] v1.1/Animations/Basketball Motions_Generic/141_CollisiohopstepFFaA.fbx
  artifactKey: Guid(cb1ffb08f8404e646afa9390eda1dbe2) Importer(2089858483,b0f066a214c2f5e87bad3c948f4d605d)
Start importing Assets/Studio33 Interactive_[BasketBall] v1.1/Animations/Basketball Motions_Generic/141_CollisiohopstepFFaA.fbx using Guid(cb1ffb08f8404e646afa9390eda1dbe2) Importer(2089858483,b0f066a214c2f5e87bad3c948f4d605d) (ScriptedImporter) -> (artifact id: '892ddbbaa11a6c331add3007bfb12c4a') in 0.0265606 seconds
Number of updated asset objects reloaded before import = 0Number of asset objects unloaded after import = 152

========================================================================
Received Import Request.
  Time since last request: 0.000034 seconds.
  path: Assets/Studio33 Interactive_[BasketBall] v1.1/Animations/Basketball Motions_Generic/605_LoosebamiddA.fbx
  artifactKey: Guid(6d5b5e5bf9e48c84e9976e14ad19a20b) Importer(2089858483,b0f066a214c2f5e87bad3c948f4d605d)
Start importing Assets/Studio33 Interactive_[BasketBall] v1.1/Animations/Basketball Motions_Generic/605_LoosebamiddA.fbx using Guid(6d5b5e5bf9e48c84e9976e14ad19a20b) Importer(2089858483,b0f066a214c2f5e87bad3c948f4d605d) (ScriptedImporter) -> (artifact id: '5c8379e4e6f76bb42c9b74625433479d') in 0.023856 seconds
Number of updated asset objects reloaded before import = 0Number of asset objects unloaded after import = 152

========================================================================
Received Import Request.
  Time since last request: 0.000022 seconds.
  path: Assets/Studio33 Interactive_[BasketBall] v1.1/Animations/Basketball Motions Humanoid/383_SpinStepLayupShortA.fbx
  artifactKey: Guid(1ded5a0c77733ae44870495ac1043355) Importer(2089858483,b0f066a214c2f5e87bad3c948f4d605d)
Start importing Assets/Studio33 Interactive_[BasketBall] v1.1/Animations/Basketball Motions Humanoid/383_SpinStepLayupShortA.fbx using Guid(1ded5a0c77733ae44870495ac1043355) Importer(2089858483,b0f066a214c2f5e87bad3c948f4d605d) (ScriptedImporter) -> (artifact id: 'e0c79f734db7a1cd2d5d44532dcfd70c') in 0.0303756 seconds
Number of updated asset objects reloaded before import = 0Number of asset objects unloaded after import = 154

========================================================================
Received Import Request.
  Time since last request: 0.000019 seconds.
  path: Assets/Studio33 Interactive_[BasketBall] v1.1/Animations/Basketball Motions_Generic/2130_JumpshotReadyFake.fbx
  artifactKey: Guid(417c6ce38796f9f4fb7717b2d90e2fb1) Importer(2089858483,b0f066a214c2f5e87bad3c948f4d605d)
Start importing Assets/Studio33 Interactive_[BasketBall] v1.1/Animations/Basketball Motions_Generic/2130_JumpshotReadyFake.fbx using Guid(417c6ce38796f9f4fb7717b2d90e2fb1) Importer(2089858483,b0f066a214c2f5e87bad3c948f4d605d) (ScriptedImporter) -> (artifact id: 'a59071469b83ae19b1b66f0c05f922db') in 0.02565 seconds
Number of updated asset objects reloaded before import = 0Number of asset objects unloaded after import = 152

========================================================================
Received Import Request.
  Time since last request: 0.000032 seconds.
  path: Assets/Studio33 Interactive_[BasketBall] v1.1/Animations/Basketball Motions_Generic/1662_LayupRA.fbx
  artifactKey: Guid(dded078fd43aad94cb7ccf9c555848e7) Importer(2089858483,b0f066a214c2f5e87bad3c948f4d605d)
Start importing Assets/Studio33 Interactive_[BasketBall] v1.1/Animations/Basketball Motions_Generic/1662_LayupRA.fbx using Guid(dded078fd43aad94cb7ccf9c555848e7) Importer(2089858483,b0f066a214c2f5e87bad3c948f4d605d) (ScriptedImporter) -> (artifact id: '898979a261b723b55ea1ca03d7c60c4e') in 0.0244487 seconds
Number of updated asset objects reloaded before import = 0Number of asset objects unloaded after import = 152

========================================================================
Received Import Request.
  Time since last request: 0.000036 seconds.
  path: Assets/Studio33 Interactive_[BasketBall] v1.1/Animations/Basketball Motions Humanoid/211_Falldowa.fbx
  artifactKey: Guid(749fc556ff940e84684fc946e75a8814) Importer(2089858483,b0f066a214c2f5e87bad3c948f4d605d)
Start importing Assets/Studio33 Interactive_[BasketBall] v1.1/Animations/Basketball Motions Humanoid/211_Falldowa.fbx using Guid(749fc556ff940e84684fc946e75a8814) Importer(2089858483,b0f066a214c2f5e87bad3c948f4d605d) (ScriptedImporter) -> (artifact id: '5794dbcfcaee8899c177d0429d261c51') in 0.0286801 seconds
Number of updated asset objects reloaded before import = 0Number of asset objects unloaded after import = 154

========================================================================
Received Import Request.
  Time since last request: 0.000019 seconds.
  path: Assets/Studio33 Interactive_[BasketBall] v1.1/Animations/Basketball Motions Humanoid/261_CrossFakeThLRLA.fbx
  artifactKey: Guid(c562b46826c628f488c2cb088812a64c) Importer(2089858483,b0f066a214c2f5e87bad3c948f4d605d)
Start importing Assets/Studio33 Interactive_[BasketBall] v1.1/Animations/Basketball Motions Humanoid/261_CrossFakeThLRLA.fbx using Guid(c562b46826c628f488c2cb088812a64c) Importer(2089858483,b0f066a214c2f5e87bad3c948f4d605d) (ScriptedImporter) -> (artifact id: '9aced5ed34ab6fdc9d5c1b382350dec0') in 0.0224394 seconds
Number of updated asset objects reloaded before import = 0Number of asset objects unloaded after import = 154

========================================================================
Received Import Request.
  Time since last request: 0.000018 seconds.
  path: Assets/Studio33 Interactive_[BasketBall] v1.1/Animations/Basketball Motions_Generic/1358_JumpshotMFakeA.fbx
  artifactKey: Guid(30d2e7b3e8ebd724f858f896ee807c7f) Importer(2089858483,b0f066a214c2f5e87bad3c948f4d605d)
Start importing Assets/Studio33 Interactive_[BasketBall] v1.1/Animations/Basketball Motions_Generic/1358_JumpshotMFakeA.fbx using Guid(30d2e7b3e8ebd724f858f896ee807c7f) Importer(2089858483,b0f066a214c2f5e87bad3c948f4d605d) (ScriptedImporter) -> (artifact id: '2676e5426b9fbf7870d38025d6b48612') in 0.0217907 seconds
Number of updated asset objects reloaded before import = 0Number of asset objects unloaded after import = 152

========================================================================
Received Import Request.
  Time since last request: 0.000022 seconds.
  path: Assets/Studio33 Interactive_[BasketBall] v1.1/Animations/Basketball Motions_Generic/102_BlockingshortJumpF.fbx
  artifactKey: Guid(f4b02f1e6da3bc84d909671bc6cb07f2) Importer(2089858483,b0f066a214c2f5e87bad3c948f4d605d)
Start importing Assets/Studio33 Interactive_[BasketBall] v1.1/Animations/Basketball Motions_Generic/102_BlockingshortJumpF.fbx using Guid(f4b02f1e6da3bc84d909671bc6cb07f2) Importer(2089858483,b0f066a214c2f5e87bad3c948f4d605d) (ScriptedImporter) -> (artifact id: 'cdf589b5951535da9054a599ae7738fd') in 0.0215774 seconds
Number of updated asset objects reloaded before import = 0Number of asset objects unloaded after import = 152

========================================================================
Received Import Request.
  Time since last request: 0.000036 seconds.
  path: Assets/Studio33 Interactive_[BasketBall] v1.1/Animations/Basketball Motions Humanoid/96_BlockinglongFarLayupF.fbx
  artifactKey: Guid(877939f5c5e265e42950ce92a7a72e14) Importer(2089858483,b0f066a214c2f5e87bad3c948f4d605d)
Start importing Assets/Studio33 Interactive_[BasketBall] v1.1/Animations/Basketball Motions Humanoid/96_BlockinglongFarLayupF.fbx using Guid(877939f5c5e265e42950ce92a7a72e14) Importer(2089858483,b0f066a214c2f5e87bad3c948f4d605d) (ScriptedImporter) -> (artifact id: 'caf73f51f2bdb3cdc874b0d18a35529c') in 0.0243648 seconds
Number of updated asset objects reloaded before import = 0Number of asset objects unloaded after import = 154

========================================================================
Received Import Request.
  Time since last request: 0.000020 seconds.
  path: Assets/Studio33 Interactive_[BasketBall] v1.1/Animations/Basketball Motions Humanoid/231_UntamedDashA.fbx
  artifactKey: Guid(3c133940ff9f49445b9069d1fc818fe4) Importer(2089858483,b0f066a214c2f5e87bad3c948f4d605d)
Start importing Assets/Studio33 Interactive_[BasketBall] v1.1/Animations/Basketball Motions Humanoid/231_UntamedDashA.fbx using Guid(3c133940ff9f49445b9069d1fc818fe4) Importer(2089858483,b0f066a214c2f5e87bad3c948f4d605d) (ScriptedImporter) -> (artifact id: '8bced0a93171085c427d1a8b63586899') in 0.0237438 seconds
Number of updated asset objects reloaded before import = 0Number of asset objects unloaded after import = 154

========================================================================
Received Import Request.
  Time since last request: 0.000022 seconds.
  path: Assets/Studio33 Interactive_[BasketBall] v1.1/Animations/Basketball Motions Humanoid/1546_JumpshotUAFakeA.fbx
  artifactKey: Guid(13f418f1f7b00454fb1bd1f502fb4463) Importer(2089858483,b0f066a214c2f5e87bad3c948f4d605d)
Start importing Assets/Studio33 Interactive_[BasketBall] v1.1/Animations/Basketball Motions Humanoid/1546_JumpshotUAFakeA.fbx using Guid(13f418f1f7b00454fb1bd1f502fb4463) Importer(2089858483,b0f066a214c2f5e87bad3c948f4d605d) (ScriptedImporter) -> (artifact id: '7991a821551956eb24e6cc01849f25ac') in 0.0226906 seconds
Number of updated asset objects reloaded before import = 0Number of asset objects unloaded after import = 154

========================================================================
Received Import Request.
  Time since last request: 0.000024 seconds.
  path: Assets/Studio33 Interactive_[BasketBall] v1.1/Animations/Basketball Motions Humanoid/148_TravRA.fbx
  artifactKey: Guid(7bd66c11e79913f45b2c46de64b6ff4e) Importer(2089858483,b0f066a214c2f5e87bad3c948f4d605d)
Start importing Assets/Studio33 Interactive_[BasketBall] v1.1/Animations/Basketball Motions Humanoid/148_TravRA.fbx using Guid(7bd66c11e79913f45b2c46de64b6ff4e) Importer(2089858483,b0f066a214c2f5e87bad3c948f4d605d) (ScriptedImporter) -> (artifact id: '5657156cd31ac68dd160b4016180d0c8') in 0.0262503 seconds
Number of updated asset objects reloaded before import = 0Number of asset objects unloaded after import = 154

========================================================================
Received Import Request.
  Time since last request: 0.000032 seconds.
  path: Assets/Studio33 Interactive_[BasketBall] v1.1/Animations/Basketball Motions_Generic/29_BlockingshortJumpF.fbx
  artifactKey: Guid(76d56eba46e9d7845818e7218afd1898) Importer(2089858483,b0f066a214c2f5e87bad3c948f4d605d)
Start importing Assets/Studio33 Interactive_[BasketBall] v1.1/Animations/Basketball Motions_Generic/29_BlockingshortJumpF.fbx using Guid(76d56eba46e9d7845818e7218afd1898) Importer(2089858483,b0f066a214c2f5e87bad3c948f4d605d) (ScriptedImporter) -> (artifact id: '41d1f53de77da6870f9579ab090befc4') in 0.0222897 seconds
Number of updated asset objects reloaded before import = 0Number of asset objects unloaded after import = 152

========================================================================
Received Import Request.
  Time since last request: 0.000021 seconds.
  path: Assets/Studio33 Interactive_[BasketBall] v1.1/Animations/Basketball Motions_Generic/938_ChipoutAA.fbx
  artifactKey: Guid(e37ae7cd2b6972c48b01dbc9295546f1) Importer(2089858483,b0f066a214c2f5e87bad3c948f4d605d)
Start importing Assets/Studio33 Interactive_[BasketBall] v1.1/Animations/Basketball Motions_Generic/938_ChipoutAA.fbx using Guid(e37ae7cd2b6972c48b01dbc9295546f1) Importer(2089858483,b0f066a214c2f5e87bad3c948f4d605d) (ScriptedImporter) -> (artifact id: '99bfee8a9d786c03e98c91477c9c2412') in 0.0208688 seconds
Number of updated asset objects reloaded before import = 0Number of asset objects unloaded after import = 152

========================================================================
Received Import Request.
  Time since last request: 0.000021 seconds.
  path: Assets/Studio33 Interactive_[BasketBall] v1.1/Animations/Basketball Motions Humanoid/1773_DunkCAC.fbx
  artifactKey: Guid(000dfeb3cc04e3f4c9fc65f80fa9d7ec) Importer(2089858483,b0f066a214c2f5e87bad3c948f4d605d)
Start importing Assets/Studio33 Interactive_[BasketBall] v1.1/Animations/Basketball Motions Humanoid/1773_DunkCAC.fbx using Guid(000dfeb3cc04e3f4c9fc65f80fa9d7ec) Importer(2089858483,b0f066a214c2f5e87bad3c948f4d605d) (ScriptedImporter) -> (artifact id: '8988c076e39e60b18d4bbb48dffd8551') in 0.0229911 seconds
Number of updated asset objects reloaded before import = 0Number of asset objects unloaded after import = 154

========================================================================
Received Import Request.
  Time since last request: 0.000029 seconds.
  path: Assets/Studio33 Interactive_[BasketBall] v1.1/Animations/Basketball Motions_Generic/1347_JumpshotMA.fbx
  artifactKey: Guid(3509a2e908ab867479f5b473c744f5e5) Importer(2089858483,b0f066a214c2f5e87bad3c948f4d605d)
Start importing Assets/Studio33 Interactive_[BasketBall] v1.1/Animations/Basketball Motions_Generic/1347_JumpshotMA.fbx using Guid(3509a2e908ab867479f5b473c744f5e5) Importer(2089858483,b0f066a214c2f5e87bad3c948f4d605d) (ScriptedImporter) -> (artifact id: 'd07e22b457996f50b7b8e7814c9068a8') in 0.0277103 seconds
Number of updated asset objects reloaded before import = 0Number of asset objects unloaded after import = 152

========================================================================
Received Import Request.
  Time since last request: 0.237811 seconds.
  path: Assets/Studio33 Interactive_[BasketBall] v1.1/Animations/Basketball Motions_Generic/276_CrossThSLRLA.fbx
  artifactKey: Guid(cd32eb11c5a5227469dc8cd36357988e) Importer(2089858483,b0f066a214c2f5e87bad3c948f4d605d)
Start importing Assets/Studio33 Interactive_[BasketBall] v1.1/Animations/Basketball Motions_Generic/276_CrossThSLRLA.fbx using Guid(cd32eb11c5a5227469dc8cd36357988e) Importer(2089858483,b0f066a214c2f5e87bad3c948f4d605d) (ScriptedImporter) -> (artifact id: '3b9d2097e7b512497b22d35242ee1846') in 0.0260388 seconds
Number of updated asset objects reloaded before import = 0Number of asset objects unloaded after import = 152

========================================================================
Received Import Request.
  Time since last request: 0.000023 seconds.
  path: Assets/Studio33 Interactive_[BasketBall] v1.1/Animations/Basketball Motions Humanoid/2063_DunkCA.fbx
  artifactKey: Guid(e20c30384f593f644bc4631092c97733) Importer(2089858483,b0f066a214c2f5e87bad3c948f4d605d)
Start importing Assets/Studio33 Interactive_[BasketBall] v1.1/Animations/Basketball Motions Humanoid/2063_DunkCA.fbx using Guid(e20c30384f593f644bc4631092c97733) Importer(2089858483,b0f066a214c2f5e87bad3c948f4d605d) (ScriptedImporter) -> (artifact id: '4ae6adccc80392e3e1b064577f3f3498') in 0.0224061 seconds
Number of updated asset objects reloaded before import = 0Number of asset objects unloaded after import = 154

========================================================================
Received Import Request.
  Time since last request: 0.000024 seconds.
  path: Assets/Studio33 Interactive_[BasketBall] v1.1/Animations/Basketball Motions_Generic/106_BlockingshortLayupF.fbx
  artifactKey: Guid(5c0ed40bc9d7dbe469e0bc4b00f45840) Importer(815301076,1909f56bfc062723c751e8b465ee728b)
Start importing Assets/Studio33 Interactive_[BasketBall] v1.1/Animations/Basketball Motions_Generic/106_BlockingshortLayupF.fbx using Guid(5c0ed40bc9d7dbe469e0bc4b00f45840) Importer(815301076,1909f56bfc062723c751e8b465ee728b) (PreviewImporter) -> (artifact id: '4b547ea1dbb646d5e3eff137a14974b7') in 5.9117427 seconds
Number of updated asset objects reloaded before import = 0Number of asset objects unloaded after import = 152

========================================================================
Received Import Request.
  Time since last request: 0.000047 seconds.
  path: Assets/Studio33 Interactive_[BasketBall] v1.1/Animations/Basketball Motions_Generic/19_BlockingckncatchLongNearFA.fbx
  artifactKey: Guid(6c9cf6c7626d08a49831e89e3850a108) Importer(815301076,1909f56bfc062723c751e8b465ee728b)
Start importing Assets/Studio33 Interactive_[BasketBall] v1.1/Animations/Basketball Motions_Generic/19_BlockingckncatchLongNearFA.fbx using Guid(6c9cf6c7626d08a49831e89e3850a108) Importer(815301076,1909f56bfc062723c751e8b465ee728b) (PreviewImporter) -> (artifact id: '379b0bd513f8b397bca61fb571a2eeb4') in 0.0486993 seconds
Number of updated asset objects reloaded before import = 0Number of asset objects unloaded after import = 152

========================================================================
Received Import Request.
  Time since last request: 0.000069 seconds.
  path: Assets/Studio33 Interactive_[BasketBall] v1.1/Animations/Basketball Motions Humanoid/644_DivCFailA.fbx
  artifactKey: Guid(f7fcff114ae096c448b095fd517fcd07) Importer(2089858483,b0f066a214c2f5e87bad3c948f4d605d)
Start importing Assets/Studio33 Interactive_[BasketBall] v1.1/Animations/Basketball Motions Humanoid/644_DivCFailA.fbx using Guid(f7fcff114ae096c448b095fd517fcd07) Importer(2089858483,b0f066a214c2f5e87bad3c948f4d605d) (ScriptedImporter) -> (artifact id: 'b4d57d7f8abb750cbf9ec18378c4c048') in 0.0303848 seconds
Number of updated asset objects reloaded before import = 0Number of asset objects unloaded after import = 154

========================================================================
Received Import Request.
  Time since last request: 0.000033 seconds.
  path: Assets/Studio33 Interactive_[BasketBall] v1.1/Animations/Basketball Motions Humanoid/630_DivCSucA.fbx
  artifactKey: Guid(21495b1f0c6f2c4438f763168daff273) Importer(2089858483,b0f066a214c2f5e87bad3c948f4d605d)
Start importing Assets/Studio33 Interactive_[BasketBall] v1.1/Animations/Basketball Motions Humanoid/630_DivCSucA.fbx using Guid(21495b1f0c6f2c4438f763168daff273) Importer(2089858483,b0f066a214c2f5e87bad3c948f4d605d) (ScriptedImporter) -> (artifact id: '29be98bb9e9c3291f04abbc465d511e7') in 0.0306272 seconds
Number of updated asset objects reloaded before import = 0Number of asset objects unloaded after import = 154

========================================================================
Received Import Request.
  Time since last request: 0.000054 seconds.
  path: Assets/Studio33 Interactive_[BasketBall] v1.1/Animations/Basketball Motions Humanoid/2151_PivotLFA.fbx
  artifactKey: Guid(0b6c4adcdaa5e2e4eb75c420173b0337) Importer(2089858483,b0f066a214c2f5e87bad3c948f4d605d)
Start importing Assets/Studio33 Interactive_[BasketBall] v1.1/Animations/Basketball Motions Humanoid/2151_PivotLFA.fbx using Guid(0b6c4adcdaa5e2e4eb75c420173b0337) Importer(2089858483,b0f066a214c2f5e87bad3c948f4d605d) (ScriptedImporter) -> (artifact id: '00dcdab696c2a1934c060b6ec2d14bef') in 0.0289949 seconds
Number of updated asset objects reloaded before import = 0Number of asset objects unloaded after import = 154

========================================================================
Received Import Request.
  Time since last request: 0.000034 seconds.
  path: Assets/Studio33 Interactive_[BasketBall] v1.1/Animations/Basketball Motions_Generic/934_PostWindupRightA.fbx
  artifactKey: Guid(987c93024d0a0db49ba8b7dc73e9f259) Importer(2089858483,b0f066a214c2f5e87bad3c948f4d605d)
Start importing Assets/Studio33 Interactive_[BasketBall] v1.1/Animations/Basketball Motions_Generic/934_PostWindupRightA.fbx using Guid(987c93024d0a0db49ba8b7dc73e9f259) Importer(2089858483,b0f066a214c2f5e87bad3c948f4d605d) (ScriptedImporter) -> (artifact id: 'dd2c4d8c13c33b1349e726c546775512') in 0.0250559 seconds
Number of updated asset objects reloaded before import = 0Number of asset objects unloaded after import = 152

========================================================================
Received Import Request.
  Time since last request: 0.000052 seconds.
  path: Assets/Studio33 Interactive_[BasketBall] v1.1/Animations/Basketball Motions_Generic/74_BlockingckncatchLongNearLA.fbx
  artifactKey: Guid(c00495e28cc814e4db0083cf8a4ac86e) Importer(815301076,1909f56bfc062723c751e8b465ee728b)
Start importing Assets/Studio33 Interactive_[BasketBall] v1.1/Animations/Basketball Motions_Generic/74_BlockingckncatchLongNearLA.fbx using Guid(c00495e28cc814e4db0083cf8a4ac86e) Importer(815301076,1909f56bfc062723c751e8b465ee728b) (PreviewImporter) -> (artifact id: '31d0bed60b842c5dafa7a9703a4b04f5') in 0.0490248 seconds
Number of updated asset objects reloaded before import = 0Number of asset objects unloaded after import = 152

========================================================================
Received Import Request.
  Time since last request: 0.000045 seconds.
  path: Assets/Studio33 Interactive_[BasketBall] v1.1/Animations/Basketball Motions_Generic/30_BlockingshortL.fbx
  artifactKey: Guid(c9ee51abb113a284fbc92316f3f5838b) Importer(815301076,1909f56bfc062723c751e8b465ee728b)
Start importing Assets/Studio33 Interactive_[BasketBall] v1.1/Animations/Basketball Motions_Generic/30_BlockingshortL.fbx using Guid(c9ee51abb113a284fbc92316f3f5838b) Importer(815301076,1909f56bfc062723c751e8b465ee728b) (PreviewImporter) -> (artifact id: '015742c80f1d9ce697f44ff5869e107a') in 0.0505036 seconds
Number of updated asset objects reloaded before import = 0Number of asset objects unloaded after import = 152

========================================================================
Received Import Request.
  Time since last request: 0.000048 seconds.
  path: Assets/Studio33 Interactive_[BasketBall] v1.1/Animations/Basketball Motions_Generic/39_BlockingshortLayupF.fbx
  artifactKey: Guid(746991012673d7e4ba26b1548d3fd3ac) Importer(815301076,1909f56bfc062723c751e8b465ee728b)
Start importing Assets/Studio33 Interactive_[BasketBall] v1.1/Animations/Basketball Motions_Generic/39_BlockingshortLayupF.fbx using Guid(746991012673d7e4ba26b1548d3fd3ac) Importer(815301076,1909f56bfc062723c751e8b465ee728b) (PreviewImporter) -> (artifact id: '7885a81542172d880c97e834340fa56f') in 0.0484871 seconds
Number of updated asset objects reloaded before import = 0Number of asset objects unloaded after import = 152

========================================================================
Received Import Request.
  Time since last request: 0.000065 seconds.
  path: Assets/Studio33 Interactive_[BasketBall] v1.1/33_basket ball test animations/player/Back_number/Back_number_B/Back_number_B_c05.png
  artifactKey: Guid(d1c4ad8296c3df04fb08a5d48cb15c37) Importer(2089858483,b0f066a214c2f5e87bad3c948f4d605d)
Start importing Assets/Studio33 Interactive_[BasketBall] v1.1/33_basket ball test animations/player/Back_number/Back_number_B/Back_number_B_c05.png using Guid(d1c4ad8296c3df04fb08a5d48cb15c37) Importer(2089858483,b0f066a214c2f5e87bad3c948f4d605d) (ScriptedImporter) -> (artifact id: '2aee70b8548149974272be1047281b5b') in 0.018755 seconds
Number of updated asset objects reloaded before import = 0Number of asset objects unloaded after import = 1

========================================================================
Received Import Request.
  Time since last request: 0.000032 seconds.
  path: Assets/Studio33 Interactive_[BasketBall] v1.1/Animations/Basketball Motions_Generic/1036_TappassTapLA.fbx
  artifactKey: Guid(9a28d32e487697f448d89eba6e8dacc9) Importer(2089858483,b0f066a214c2f5e87bad3c948f4d605d)
Start importing Assets/Studio33 Interactive_[BasketBall] v1.1/Animations/Basketball Motions_Generic/1036_TappassTapLA.fbx using Guid(9a28d32e487697f448d89eba6e8dacc9) Importer(2089858483,b0f066a214c2f5e87bad3c948f4d605d) (ScriptedImporter) -> (artifact id: '0adc820d574846c2d4806322c685e627') in 0.0275745 seconds
Number of updated asset objects reloaded before import = 0Number of asset objects unloaded after import = 152

========================================================================
Received Import Request.
  Time since last request: 0.000031 seconds.
  path: Assets/Studio33 Interactive_[BasketBall] v1.1/Animations/Basketball Motions Humanoid/1352_JumpshotMA.fbx
  artifactKey: Guid(6c35ce214717c614883079fc220e69ea) Importer(2089858483,b0f066a214c2f5e87bad3c948f4d605d)
Start importing Assets/Studio33 Interactive_[BasketBall] v1.1/Animations/Basketball Motions Humanoid/1352_JumpshotMA.fbx using Guid(6c35ce214717c614883079fc220e69ea) Importer(2089858483,b0f066a214c2f5e87bad3c948f4d605d) (ScriptedImporter) -> (artifact id: 'c2b27db99fc19f25c7f98e7700288ce6') in 0.0284106 seconds
Number of updated asset objects reloaded before import = 0Number of asset objects unloaded after import = 154

========================================================================
Received Import Request.
  Time since last request: 0.000049 seconds.
  path: Assets/Studio33 Interactive_[BasketBall] v1.1/Animations/Basketball Motions Humanoid/2072_JumpshotCCFakeA.fbx
  artifactKey: Guid(d2d42dada1ad9044eb4cbe7c557f1372) Importer(2089858483,b0f066a214c2f5e87bad3c948f4d605d)
Start importing Assets/Studio33 Interactive_[BasketBall] v1.1/Animations/Basketball Motions Humanoid/2072_JumpshotCCFakeA.fbx using Guid(d2d42dada1ad9044eb4cbe7c557f1372) Importer(2089858483,b0f066a214c2f5e87bad3c948f4d605d) (ScriptedImporter) -> (artifact id: 'a8e52eaaa31914844b558736a7ce9c9f') in 0.0277033 seconds
Number of updated asset objects reloaded before import = 0Number of asset objects unloaded after import = 154

========================================================================
Received Import Request.
  Time since last request: 0.000055 seconds.
  path: Assets/Studio33 Interactive_[BasketBall] v1.1/Animations/Basketball Motions Humanoid/1317_DunkRA.fbx
  artifactKey: Guid(285a27be9519ca9498ab7e5bbfcfe5a5) Importer(2089858483,b0f066a214c2f5e87bad3c948f4d605d)
Start importing Assets/Studio33 Interactive_[BasketBall] v1.1/Animations/Basketball Motions Humanoid/1317_DunkRA.fbx using Guid(285a27be9519ca9498ab7e5bbfcfe5a5) Importer(2089858483,b0f066a214c2f5e87bad3c948f4d605d) (ScriptedImporter) -> (artifact id: '738f9f845e948fa68e3eec1ea6f35725') in 0.0299882 seconds
Number of updated asset objects reloaded before import = 0Number of asset objects unloaded after import = 154

========================================================================
Received Import Request.
  Time since last request: 0.000034 seconds.
  path: Assets/Studio33 Interactive_[BasketBall] v1.1/Animations/Basketball Motions_Generic/233_BtlBackDribblele.fbx
  artifactKey: Guid(139592b51dfef6c4a8fffdffebc53d5d) Importer(2089858483,b0f066a214c2f5e87bad3c948f4d605d)
Start importing Assets/Studio33 Interactive_[BasketBall] v1.1/Animations/Basketball Motions_Generic/233_BtlBackDribblele.fbx using Guid(139592b51dfef6c4a8fffdffebc53d5d) Importer(2089858483,b0f066a214c2f5e87bad3c948f4d605d) (ScriptedImporter) -> (artifact id: '7d485768e605b922859114bdfc86932c') in 0.0249896 seconds
Number of updated asset objects reloaded before import = 0Number of asset objects unloaded after import = 152

========================================================================
Received Import Request.
  Time since last request: 0.000034 seconds.
  path: Assets/Studio33 Interactive_[BasketBall] v1.1/Animations/Basketball Motions Humanoid/218_CrossEurostepLayupC.fbx
  artifactKey: Guid(8281ec4f713267644a92c0a4168ca2b4) Importer(2089858483,b0f066a214c2f5e87bad3c948f4d605d)
Start importing Assets/Studio33 Interactive_[BasketBall] v1.1/Animations/Basketball Motions Humanoid/218_CrossEurostepLayupC.fbx using Guid(8281ec4f713267644a92c0a4168ca2b4) Importer(2089858483,b0f066a214c2f5e87bad3c948f4d605d) (ScriptedImporter) -> (artifact id: '0587ac96f806a73ee97f15c01d068d99') in 0.0252936 seconds
Number of updated asset objects reloaded before import = 0Number of asset objects unloaded after import = 154

========================================================================
Received Import Request.
  Time since last request: 0.000038 seconds.
  path: Assets/Studio33 Interactive_[BasketBall] v1.1/Animations/Basketball Motions_Generic/180_BlockingckedFrontA.fbx
  artifactKey: Guid(265ce67d1ff7722459ba2652bc4031fd) Importer(815301076,1909f56bfc062723c751e8b465ee728b)
Start importing Assets/Studio33 Interactive_[BasketBall] v1.1/Animations/Basketball Motions_Generic/180_BlockingckedFrontA.fbx using Guid(265ce67d1ff7722459ba2652bc4031fd) Importer(815301076,1909f56bfc062723c751e8b465ee728b) (PreviewImporter) -> (artifact id: '74afd9927ba0558847a05b3e669e73e2') in 0.0397108 seconds
Number of updated asset objects reloaded before import = 0Number of asset objects unloaded after import = 152

========================================================================
Received Import Request.
  Time since last request: 0.000044 seconds.
  path: Assets/Studio33 Interactive_[BasketBall] v1.1/Animations/Basketball Motions Humanoid/1827_DunkRA.fbx
  artifactKey: Guid(32460091aa058e44e829a8bf2f7a9a3d) Importer(2089858483,b0f066a214c2f5e87bad3c948f4d605d)
Start importing Assets/Studio33 Interactive_[BasketBall] v1.1/Animations/Basketball Motions Humanoid/1827_DunkRA.fbx using Guid(32460091aa058e44e829a8bf2f7a9a3d) Importer(2089858483,b0f066a214c2f5e87bad3c948f4d605d) (ScriptedImporter) -> (artifact id: '16213825886c0f6e3d12a276041af56f') in 0.0267959 seconds
Number of updated asset objects reloaded before import = 0Number of asset objects unloaded after import = 154

========================================================================
Received Import Request.
  Time since last request: 0.000041 seconds.
  path: Assets/Studio33 Interactive_[BasketBall] v1.1/Animations/Basketball Motions_Generic/361_CrossEurostepLayupL.fbx
  artifactKey: Guid(2a0a2b6b32df6fa40888b3a7a084c630) Importer(2089858483,b0f066a214c2f5e87bad3c948f4d605d)
Start importing Assets/Studio33 Interactive_[BasketBall] v1.1/Animations/Basketball Motions_Generic/361_CrossEurostepLayupL.fbx using Guid(2a0a2b6b32df6fa40888b3a7a084c630) Importer(2089858483,b0f066a214c2f5e87bad3c948f4d605d) (ScriptedImporter) -> (artifact id: '61349a2c6d632bfbe7a245b59716d35b') in 0.0297285 seconds
Number of updated asset objects reloaded before import = 0Number of asset objects unloaded after import = 152

========================================================================
Received Import Request.
  Time since last request: 0.000035 seconds.
  path: Assets/Studio33 Interactive_[BasketBall] v1.1/Animations/Basketball Motions_Generic/1317_DunkRA.fbx
  artifactKey: Guid(be354eaac7c2ad047b16e1f51abd883e) Importer(2089858483,b0f066a214c2f5e87bad3c948f4d605d)
Start importing Assets/Studio33 Interactive_[BasketBall] v1.1/Animations/Basketball Motions_Generic/1317_DunkRA.fbx using Guid(be354eaac7c2ad047b16e1f51abd883e) Importer(2089858483,b0f066a214c2f5e87bad3c948f4d605d) (ScriptedImporter) -> (artifact id: 'd1c8cd4392dd944360690e8cdc85c5ae') in 0.0271206 seconds
Number of updated asset objects reloaded before import = 0Number of asset objects unloaded after import = 152

========================================================================
Received Import Request.
  Time since last request: 0.000039 seconds.
  path: Assets/Studio33 Interactive_[BasketBall] v1.1/Animations/Basketball Motions_Generic/43_BlockingckncatchLongNearFA.fbx
  artifactKey: Guid(7fd48d02a9e882f4c8b84a9539442a30) Importer(815301076,1909f56bfc062723c751e8b465ee728b)
Start importing Assets/Studio33 Interactive_[BasketBall] v1.1/Animations/Basketball Motions_Generic/43_BlockingckncatchLongNearFA.fbx using Guid(7fd48d02a9e882f4c8b84a9539442a30) Importer(815301076,1909f56bfc062723c751e8b465ee728b) (PreviewImporter) -> (artifact id: '3dfaca223417ab48b5fed19fd84798cc') in 0.0432182 seconds
Number of updated asset objects reloaded before import = 0Number of asset objects unloaded after import = 152

========================================================================
Received Import Request.
  Time since last request: 0.000048 seconds.
  path: Assets/Studio33 Interactive_[BasketBall] v1.1/Animations/Basketball Motions Humanoid/27_BlockinglongNearF.fbx
  artifactKey: Guid(494840e8c6bcad3418f8f20982cac6c0) Importer(2089858483,b0f066a214c2f5e87bad3c948f4d605d)
Start importing Assets/Studio33 Interactive_[BasketBall] v1.1/Animations/Basketball Motions Humanoid/27_BlockinglongNearF.fbx using Guid(494840e8c6bcad3418f8f20982cac6c0) Importer(2089858483,b0f066a214c2f5e87bad3c948f4d605d) (ScriptedImporter) -> (artifact id: 'bf8d420a27be1fba13e672bea77017e2') in 0.0259587 seconds
Number of updated asset objects reloaded before import = 0Number of asset objects unloaded after import = 154

========================================================================
Received Import Request.
  Time since last request: 0.000040 seconds.
  path: Assets/Studio33 Interactive_[BasketBall] v1.1/Animations/Basketball Motions_Generic/174_BlockingckedLeftA.fbx
  artifactKey: Guid(536dcdbaa51e35145bca3e38e005674e) Importer(2089858483,b0f066a214c2f5e87bad3c948f4d605d)
Start importing Assets/Studio33 Interactive_[BasketBall] v1.1/Animations/Basketball Motions_Generic/174_BlockingckedLeftA.fbx using Guid(536dcdbaa51e35145bca3e38e005674e) Importer(2089858483,b0f066a214c2f5e87bad3c948f4d605d) (ScriptedImporter) -> (artifact id: 'bf9793806f966b4498573d6679e46430') in 0.0237122 seconds
Number of updated asset objects reloaded before import = 0Number of asset objects unloaded after import = 152

========================================================================
Received Import Request.
  Time since last request: 0.000037 seconds.
  path: Assets/Studio33 Interactive_[BasketBall] v1.1/Animations/Basketball Motions_Generic/27_BlockinglongNearF.fbx
  artifactKey: Guid(b7929e7978440394e882a74e18ac3ae6) Importer(815301076,1909f56bfc062723c751e8b465ee728b)
Start importing Assets/Studio33 Interactive_[BasketBall] v1.1/Animations/Basketball Motions_Generic/27_BlockinglongNearF.fbx using Guid(b7929e7978440394e882a74e18ac3ae6) Importer(815301076,1909f56bfc062723c751e8b465ee728b) (PreviewImporter) -> (artifact id: '47f97897b06fa0397730457a618320cf') in 0.0447951 seconds
Number of updated asset objects reloaded before import = 0Number of asset objects unloaded after import = 152

========================================================================
Received Import Request.
  Time since last request: 0.000035 seconds.
  path: Assets/Studio33 Interactive_[BasketBall] v1.1/Animations/Basketball Motions_Generic/1757_DunkCA.fbx
  artifactKey: Guid(0a6c63850aaad554ea5d3e17d893bf61) Importer(2089858483,b0f066a214c2f5e87bad3c948f4d605d)
Start importing Assets/Studio33 Interactive_[BasketBall] v1.1/Animations/Basketball Motions_Generic/1757_DunkCA.fbx using Guid(0a6c63850aaad554ea5d3e17d893bf61) Importer(2089858483,b0f066a214c2f5e87bad3c948f4d605d) (ScriptedImporter) -> (artifact id: 'fc5afec384e80ab477097d911c98af1c') in 0.0305471 seconds
Number of updated asset objects reloaded before import = 0Number of asset objects unloaded after import = 152

========================================================================
Received Import Request.
  Time since last request: 0.000041 seconds.
  path: Assets/Studio33 Interactive_[BasketBall] v1.1/Animations/Basketball Motions_Generic/127_ReboundAndBoxOutFrontA.fbx
  artifactKey: Guid(529a4880101a08a418133bf8bba0998c) Importer(815301076,1909f56bfc062723c751e8b465ee728b)
Start importing Assets/Studio33 Interactive_[BasketBall] v1.1/Animations/Basketball Motions_Generic/127_ReboundAndBoxOutFrontA.fbx using Guid(529a4880101a08a418133bf8bba0998c) Importer(815301076,1909f56bfc062723c751e8b465ee728b) (PreviewImporter) -> (artifact id: '87d33f2d054b1bebb9e0b44c285cbbea') in 0.0481097 seconds
Number of updated asset objects reloaded before import = 0Number of asset objects unloaded after import = 152

========================================================================
Received Import Request.
  Time since last request: 0.000038 seconds.
  path: Assets/Studio33 Interactive_[BasketBall] v1.1/Animations/Basketball Motions_Generic/1162_DunkCA.fbx
  artifactKey: Guid(ac2c1b393a5cdd24d9d095ef079b5af4) Importer(2089858483,b0f066a214c2f5e87bad3c948f4d605d)
Start importing Assets/Studio33 Interactive_[BasketBall] v1.1/Animations/Basketball Motions_Generic/1162_DunkCA.fbx using Guid(ac2c1b393a5cdd24d9d095ef079b5af4) Importer(2089858483,b0f066a214c2f5e87bad3c948f4d605d) (ScriptedImporter) -> (artifact id: 'bcc1826c75d5142eee35ce69191a9d1b') in 0.0250301 seconds
Number of updated asset objects reloaded before import = 0Number of asset objects unloaded after import = 152

========================================================================
Received Import Request.
  Time since last request: 0.000045 seconds.
  path: Assets/Studio33 Interactive_[BasketBall] v1.1/Animations/Basketball Motions_Generic/1851_DunkCA.fbx
  artifactKey: Guid(903f83561dda871478cfeebabdea2183) Importer(2089858483,b0f066a214c2f5e87bad3c948f4d605d)
Start importing Assets/Studio33 Interactive_[BasketBall] v1.1/Animations/Basketball Motions_Generic/1851_DunkCA.fbx using Guid(903f83561dda871478cfeebabdea2183) Importer(2089858483,b0f066a214c2f5e87bad3c948f4d605d) (ScriptedImporter) -> (artifact id: 'fac95eba99ccb6093e96bce44e471477') in 0.0285724 seconds
Number of updated asset objects reloaded before import = 0Number of asset objects unloaded after import = 152

========================================================================
Received Import Request.
  Time since last request: 0.000084 seconds.
  path: Assets/Studio33 Interactive_[BasketBall] v1.1/Animations/Basketball Motions Humanoid/974_Rebound B.fbx
  artifactKey: Guid(e23bd43214ec2254c8909161c6fd684b) Importer(2089858483,b0f066a214c2f5e87bad3c948f4d605d)
Start importing Assets/Studio33 Interactive_[BasketBall] v1.1/Animations/Basketball Motions Humanoid/974_Rebound B.fbx using Guid(e23bd43214ec2254c8909161c6fd684b) Importer(2089858483,b0f066a214c2f5e87bad3c948f4d605d) (ScriptedImporter) -> (artifact id: '00ac3ac20bd2b8423eab61d910da965d') in 0.0307011 seconds
Number of updated asset objects reloaded before import = 0Number of asset objects unloaded after import = 154

========================================================================
Received Import Request.
  Time since last request: 0.000042 seconds.
  path: Assets/Studio33 Interactive_[BasketBall] v1.1/Animations/Basketball Motions Humanoid/93_BlockinglongFarL.fbx
  artifactKey: Guid(b4a038dc0458d9346ab255bcde538b2f) Importer(2089858483,b0f066a214c2f5e87bad3c948f4d605d)
Start importing Assets/Studio33 Interactive_[BasketBall] v1.1/Animations/Basketball Motions Humanoid/93_BlockinglongFarL.fbx using Guid(b4a038dc0458d9346ab255bcde538b2f) Importer(2089858483,b0f066a214c2f5e87bad3c948f4d605d) (ScriptedImporter) -> (artifact id: '0c76899c74f5c337eedbb1b5a0dd621a') in 0.0317606 seconds
Number of updated asset objects reloaded before import = 0Number of asset objects unloaded after import = 154

========================================================================
Received Import Request.
  Time since last request: 0.000043 seconds.
  path: Assets/Studio33 Interactive_[BasketBall] v1.1/Animations/Basketball Motions_Generic/23_BlockingckncatchShortLayupFA.fbx
  artifactKey: Guid(625f723b4d6c9b94aa016fb8fc815e29) Importer(815301076,1909f56bfc062723c751e8b465ee728b)
Start importing Assets/Studio33 Interactive_[BasketBall] v1.1/Animations/Basketball Motions_Generic/23_BlockingckncatchShortLayupFA.fbx using Guid(625f723b4d6c9b94aa016fb8fc815e29) Importer(815301076,1909f56bfc062723c751e8b465ee728b) (PreviewImporter) -> (artifact id: '2fee314f29649c95c4db3a52f2590109') in 0.0482299 seconds
Number of updated asset objects reloaded before import = 0Number of asset objects unloaded after import = 152

========================================================================
Received Import Request.
  Time since last request: 0.000037 seconds.
  path: Assets/Studio33 Interactive_[BasketBall] v1.1/Animations/Basketball Motions_Generic/116_SidebloshortR.fbx
  artifactKey: Guid(962b4ab1a575c3b419939df804c3d675) Importer(815301076,1909f56bfc062723c751e8b465ee728b)
Start importing Assets/Studio33 Interactive_[BasketBall] v1.1/Animations/Basketball Motions_Generic/116_SidebloshortR.fbx using Guid(962b4ab1a575c3b419939df804c3d675) Importer(815301076,1909f56bfc062723c751e8b465ee728b) (PreviewImporter) -> (artifact id: 'c8b68836382e86e9e2d6338e3cf5d403') in 0.0447873 seconds
Number of updated asset objects reloaded before import = 0Number of asset objects unloaded after import = 152

========================================================================
Received Import Request.
  Time since last request: 0.000057 seconds.
  path: Assets/Studio33 Interactive_[BasketBall] v1.1/Animations/Basketball Motions_Generic/1381_JumpshotReadyFake.fbx
  artifactKey: Guid(f37dc90640931d04bb6be62120cbaa3a) Importer(2089858483,b0f066a214c2f5e87bad3c948f4d605d)
Start importing Assets/Studio33 Interactive_[BasketBall] v1.1/Animations/Basketball Motions_Generic/1381_JumpshotReadyFake.fbx using Guid(f37dc90640931d04bb6be62120cbaa3a) Importer(2089858483,b0f066a214c2f5e87bad3c948f4d605d) (ScriptedImporter) -> (artifact id: '1ee6500c3c1d3af710e2a94387f14c85') in 0.0262275 seconds
Number of updated asset objects reloaded before import = 0Number of asset objects unloaded after import = 152

========================================================================
Received Import Request.
  Time since last request: 0.000030 seconds.
  path: Assets/Studio33 Interactive_[BasketBall] v1.1/33_basket ball test animations/player/Back_number/Back_number_Y/Back_number_B_c06.png
  artifactKey: Guid(e0650ec2f82d25144be27769fb60b3ae) Importer(2089858483,b0f066a214c2f5e87bad3c948f4d605d)
Start importing Assets/Studio33 Interactive_[BasketBall] v1.1/33_basket ball test animations/player/Back_number/Back_number_Y/Back_number_B_c06.png using Guid(e0650ec2f82d25144be27769fb60b3ae) Importer(2089858483,b0f066a214c2f5e87bad3c948f4d605d) (ScriptedImporter) -> (artifact id: 'c33b0a68653e9e575a4c572d0445979b') in 0.0205963 seconds
Number of updated asset objects reloaded before import = 0Number of asset objects unloaded after import = 1

========================================================================
Received Import Request.
  Time since last request: 0.000040 seconds.
  path: Assets/Studio33 Interactive_[BasketBall] v1.1/Animations/Basketball Motions_Generic/115_SideblolongR.fbx
  artifactKey: Guid(2a6cd8d576ce4ae41af54645cd35a72d) Importer(815301076,1909f56bfc062723c751e8b465ee728b)
Start importing Assets/Studio33 Interactive_[BasketBall] v1.1/Animations/Basketball Motions_Generic/115_SideblolongR.fbx using Guid(2a6cd8d576ce4ae41af54645cd35a72d) Importer(815301076,1909f56bfc062723c751e8b465ee728b) (PreviewImporter) -> (artifact id: '0dca2000140c220efb4b27f0bb11af09') in 0.0518507 seconds
Number of updated asset objects reloaded before import = 0Number of asset objects unloaded after import = 152

========================================================================
Received Import Request.
  Time since last request: 0.000050 seconds.
  path: Assets/Studio33 Interactive_[BasketBall] v1.1/Animations/Basketball Motions Humanoid/1829_DunkRA.fbx
  artifactKey: Guid(2b4cf73ca045cfd438ea14550e9ee35d) Importer(2089858483,b0f066a214c2f5e87bad3c948f4d605d)
Start importing Assets/Studio33 Interactive_[BasketBall] v1.1/Animations/Basketball Motions Humanoid/1829_DunkRA.fbx using Guid(2b4cf73ca045cfd438ea14550e9ee35d) Importer(2089858483,b0f066a214c2f5e87bad3c948f4d605d) (ScriptedImporter) -> (artifact id: '6d42564693a912b21ea195f7fcbee5c0') in 0.0279336 seconds
Number of updated asset objects reloaded before import = 0Number of asset objects unloaded after import = 154

========================================================================
Received Import Request.
  Time since last request: 0.000094 seconds.
  path: Assets/Studio33 Interactive_[BasketBall] v1.1/Animations/Basketball Motions_Generic/102_BlockingshortJumpF.fbx
  artifactKey: Guid(f4b02f1e6da3bc84d909671bc6cb07f2) Importer(815301076,1909f56bfc062723c751e8b465ee728b)
Start importing Assets/Studio33 Interactive_[BasketBall] v1.1/Animations/Basketball Motions_Generic/102_BlockingshortJumpF.fbx using Guid(f4b02f1e6da3bc84d909671bc6cb07f2) Importer(815301076,1909f56bfc062723c751e8b465ee728b) (PreviewImporter) -> (artifact id: '98c6480208dc238d8529b16d0b6717ec') in 0.0452212 seconds
Number of updated asset objects reloaded before import = 0Number of asset objects unloaded after import = 152

========================================================================
Received Import Request.
  Time since last request: 0.000037 seconds.
  path: Assets/Studio33 Interactive_[BasketBall] v1.1/Animations/Basketball Motions_Generic/85_BlockingckpassShortJumpFFA.fbx
  artifactKey: Guid(dae108664cb9c3f4c9e9186ca4972fd7) Importer(815301076,1909f56bfc062723c751e8b465ee728b)
Start importing Assets/Studio33 Interactive_[BasketBall] v1.1/Animations/Basketball Motions_Generic/85_BlockingckpassShortJumpFFA.fbx using Guid(dae108664cb9c3f4c9e9186ca4972fd7) Importer(815301076,1909f56bfc062723c751e8b465ee728b) (PreviewImporter) -> (artifact id: 'ade40718c9bdc3e0d2a429d9eb3ef8c2') in 0.0442713 seconds
Number of updated asset objects reloaded before import = 0Number of asset objects unloaded after import = 152

========================================================================
Received Import Request.
  Time since last request: 0.000036 seconds.
  path: Assets/Studio33 Interactive_[BasketBall] v1.1/Animations/Basketball Motions_Generic/930_PostTurfadeawayLA.fbx
  artifactKey: Guid(c608210b818320341a3d45fb2823069f) Importer(2089858483,b0f066a214c2f5e87bad3c948f4d605d)
Start importing Assets/Studio33 Interactive_[BasketBall] v1.1/Animations/Basketball Motions_Generic/930_PostTurfadeawayLA.fbx using Guid(c608210b818320341a3d45fb2823069f) Importer(2089858483,b0f066a214c2f5e87bad3c948f4d605d) (ScriptedImporter) -> (artifact id: '1a9698a15e15154354b399bc9a68026c') in 0.0256746 seconds
Number of updated asset objects reloaded before import = 0Number of asset objects unloaded after import = 152

========================================================================
Received Import Request.
  Time since last request: 0.000052 seconds.
  path: Assets/Studio33 Interactive_[BasketBall] v1.1/Animations/Basketball Motions_Generic/1501_LayupRA.fbx
  artifactKey: Guid(e1397f16b1c44ca48ba5a517259fc29f) Importer(2089858483,b0f066a214c2f5e87bad3c948f4d605d)
Start importing Assets/Studio33 Interactive_[BasketBall] v1.1/Animations/Basketball Motions_Generic/1501_LayupRA.fbx using Guid(e1397f16b1c44ca48ba5a517259fc29f) Importer(2089858483,b0f066a214c2f5e87bad3c948f4d605d) (ScriptedImporter) -> (artifact id: '903b9e588882173d6b3b0ca4fe632d6c') in 0.0248393 seconds
Number of updated asset objects reloaded before import = 0Number of asset objects unloaded after import = 152

========================================================================
Received Import Request.
  Time since last request: 0.000038 seconds.
  path: Assets/Studio33 Interactive_[BasketBall] v1.1/Animations/Basketball Motions_Generic/2213_Dow.fbx
  artifactKey: Guid(dc07cd46852272544afe8d28fda27871) Importer(2089858483,b0f066a214c2f5e87bad3c948f4d605d)
Start importing Assets/Studio33 Interactive_[BasketBall] v1.1/Animations/Basketball Motions_Generic/2213_Dow.fbx using Guid(dc07cd46852272544afe8d28fda27871) Importer(2089858483,b0f066a214c2f5e87bad3c948f4d605d) (ScriptedImporter) -> (artifact id: '7c6d1262105ef0a451a2b3c576555ffb') in 0.0235666 seconds
Number of updated asset objects reloaded before import = 0Number of asset objects unloaded after import = 152

========================================================================
Received Import Request.
  Time since last request: 0.000031 seconds.
  path: Assets/Studio33 Interactive_[BasketBall] v1.1/Animations/Basketball Motions_Generic/1536_JumpshotCAFakeA.fbx
  artifactKey: Guid(1e500c71431c6a6488dfd09c30a0e09b) Importer(2089858483,b0f066a214c2f5e87bad3c948f4d605d)
Start importing Assets/Studio33 Interactive_[BasketBall] v1.1/Animations/Basketball Motions_Generic/1536_JumpshotCAFakeA.fbx using Guid(1e500c71431c6a6488dfd09c30a0e09b) Importer(2089858483,b0f066a214c2f5e87bad3c948f4d605d) (ScriptedImporter) -> (artifact id: '3ce616040bfa9507e83dff43dcdd5cb6') in 0.0254892 seconds
Number of updated asset objects reloaded before import = 0Number of asset objects unloaded after import = 152

========================================================================
Received Import Request.
  Time since last request: 0.000041 seconds.
  path: Assets/Studio33 Interactive_[BasketBall] v1.1/Animations/Basketball Motions_Generic/84_BlockingckpassShortFA.fbx
  artifactKey: Guid(5b54b2d75cb299d4fb02a23ecafe09f7) Importer(815301076,1909f56bfc062723c751e8b465ee728b)
Start importing Assets/Studio33 Interactive_[BasketBall] v1.1/Animations/Basketball Motions_Generic/84_BlockingckpassShortFA.fbx using Guid(5b54b2d75cb299d4fb02a23ecafe09f7) Importer(815301076,1909f56bfc062723c751e8b465ee728b) (PreviewImporter) -> (artifact id: '8f3bc5b06aa31b8abe2a1126f665aaff') in 0.0414157 seconds
Number of updated asset objects reloaded before import = 0Number of asset objects unloaded after import = 152

========================================================================
Received Import Request.
  Time since last request: 0.000057 seconds.
  path: Assets/Studio33 Interactive_[BasketBall] v1.1/Animations/Basketball Motions_Generic/364_CrossEurostepLayupR.fbx
  artifactKey: Guid(e164e37134510d34db85d2c2a1bc56af) Importer(2089858483,b0f066a214c2f5e87bad3c948f4d605d)
Start importing Assets/Studio33 Interactive_[BasketBall] v1.1/Animations/Basketball Motions_Generic/364_CrossEurostepLayupR.fbx using Guid(e164e37134510d34db85d2c2a1bc56af) Importer(2089858483,b0f066a214c2f5e87bad3c948f4d605d) (ScriptedImporter) -> (artifact id: '1f4a1a5719629047381ea7a75929c821') in 0.0308052 seconds
Number of updated asset objects reloaded before import = 0Number of asset objects unloaded after import = 152

========================================================================
Received Import Request.
  Time since last request: 0.000062 seconds.
  path: Assets/Studio33 Interactive_[BasketBall] v1.1/Animations/Basketball Motions_Generic/79_BlockingckpassLongFarLayupFFA.fbx
  artifactKey: Guid(e3808bb91b7c21b4aabc0ae34d70d597) Importer(815301076,1909f56bfc062723c751e8b465ee728b)
Start importing Assets/Studio33 Interactive_[BasketBall] v1.1/Animations/Basketball Motions_Generic/79_BlockingckpassLongFarLayupFFA.fbx using Guid(e3808bb91b7c21b4aabc0ae34d70d597) Importer(815301076,1909f56bfc062723c751e8b465ee728b) (PreviewImporter) -> (artifact id: '026f9e48a48d0a81096081cb61fdcace') in 0.0482582 seconds
Number of updated asset objects reloaded before import = 0Number of asset objects unloaded after import = 152

========================================================================
Received Import Request.
  Time since last request: 0.000041 seconds.
  path: Assets/Studio33 Interactive_[BasketBall] v1.1/Animations/Basketball Motions_Generic/1050_BackboardDestructioA.fbx
  artifactKey: Guid(f85c1ff24e657cf4fa226ff7b853d06c) Importer(2089858483,b0f066a214c2f5e87bad3c948f4d605d)
Start importing Assets/Studio33 Interactive_[BasketBall] v1.1/Animations/Basketball Motions_Generic/1050_BackboardDestructioA.fbx using Guid(f85c1ff24e657cf4fa226ff7b853d06c) Importer(2089858483,b0f066a214c2f5e87bad3c948f4d605d) (ScriptedImporter) -> (artifact id: 'bfe27a05211c5dc7021955974c99bb53') in 0.0288112 seconds
Number of updated asset objects reloaded before import = 0Number of asset objects unloaded after import = 152

========================================================================
Received Import Request.
  Time since last request: 0.000068 seconds.
  path: Assets/Studio33 Interactive_[BasketBall] v1.1/Animations/Basketball Motions Humanoid/135_ReboundAndBoxOutA.fbx
  artifactKey: Guid(7e5dcea7869f5aa4da759f96e3aeae8b) Importer(2089858483,b0f066a214c2f5e87bad3c948f4d605d)
Start importing Assets/Studio33 Interactive_[BasketBall] v1.1/Animations/Basketball Motions Humanoid/135_ReboundAndBoxOutA.fbx using Guid(7e5dcea7869f5aa4da759f96e3aeae8b) Importer(2089858483,b0f066a214c2f5e87bad3c948f4d605d) (ScriptedImporter) -> (artifact id: 'c65cdcc6e3354dbf3d3d0c0f0250f1a8') in 0.0309131 seconds
Number of updated asset objects reloaded before import = 0Number of asset objects unloaded after import = 154

========================================================================
Received Import Request.
  Time since last request: 0.000035 seconds.
  path: Assets/Studio33 Interactive_[BasketBall] v1.1/Animations/Basketball Motions_Generic/54_BlockingckncatchShortLA.fbx
  artifactKey: Guid(b8478ef67881f464385b2c5945dff89c) Importer(2089858483,b0f066a214c2f5e87bad3c948f4d605d)
Start importing Assets/Studio33 Interactive_[BasketBall] v1.1/Animations/Basketball Motions_Generic/54_BlockingckncatchShortLA.fbx using Guid(b8478ef67881f464385b2c5945dff89c) Importer(2089858483,b0f066a214c2f5e87bad3c948f4d605d) (ScriptedImporter) -> (artifact id: '7acdadcf9ccbbe65990cf79ff0615ec9') in 0.0272144 seconds
Number of updated asset objects reloaded before import = 0Number of asset objects unloaded after import = 152

========================================================================
Received Import Request.
  Time since last request: 0.000030 seconds.
  path: Assets/Studio33 Interactive_[BasketBall] v1.1/Animations/Basketball Motions Humanoid/603_LoosebalowA.fbx
  artifactKey: Guid(1367bb4682d09eb4b9a40324e235c066) Importer(2089858483,b0f066a214c2f5e87bad3c948f4d605d)
Start importing Assets/Studio33 Interactive_[BasketBall] v1.1/Animations/Basketball Motions Humanoid/603_LoosebalowA.fbx using Guid(1367bb4682d09eb4b9a40324e235c066) Importer(2089858483,b0f066a214c2f5e87bad3c948f4d605d) (ScriptedImporter) -> (artifact id: '02fcf11cee2e4a5b7d544645451d7200') in 0.0320752 seconds
Number of updated asset objects reloaded before import = 0Number of asset objects unloaded after import = 154

========================================================================
Received Import Request.
  Time since last request: 0.000051 seconds.
  path: Assets/Studio33 Interactive_[BasketBall] v1.1/Animations/Basketball Motions_Generic/360_CrossEurostepLayupC.fbx
  artifactKey: Guid(b023d9bee1e859a4682b8203701ef096) Importer(2089858483,b0f066a214c2f5e87bad3c948f4d605d)
Start importing Assets/Studio33 Interactive_[BasketBall] v1.1/Animations/Basketball Motions_Generic/360_CrossEurostepLayupC.fbx using Guid(b023d9bee1e859a4682b8203701ef096) Importer(2089858483,b0f066a214c2f5e87bad3c948f4d605d) (ScriptedImporter) -> (artifact id: '62604bc9643fab0451708d1c468859ec') in 0.0257887 seconds
Number of updated asset objects reloaded before import = 0Number of asset objects unloaded after import = 152

========================================================================
Received Import Request.
  Time since last request: 0.000049 seconds.
  path: Assets/Studio33 Interactive_[BasketBall] v1.1/Animations/Basketball Motions_Generic/458_MarkDelayR.fbx
  artifactKey: Guid(5fc54f2012a63404480cf10fbd112fb5) Importer(2089858483,b0f066a214c2f5e87bad3c948f4d605d)
Start importing Assets/Studio33 Interactive_[BasketBall] v1.1/Animations/Basketball Motions_Generic/458_MarkDelayR.fbx using Guid(5fc54f2012a63404480cf10fbd112fb5) Importer(2089858483,b0f066a214c2f5e87bad3c948f4d605d) (ScriptedImporter) -> (artifact id: '1f1624149911a304c3490f55bb376765') in 0.0242469 seconds
Number of updated asset objects reloaded before import = 0Number of asset objects unloaded after import = 152

========================================================================
Received Import Request.
  Time since last request: 0.000030 seconds.
  path: Assets/Studio33 Interactive_[BasketBall] v1.1/Animations/Basketball Motions_Generic/542_QuickpointMFakeA.fbx
  artifactKey: Guid(841a439204147984eaa96104dac5537c) Importer(2089858483,b0f066a214c2f5e87bad3c948f4d605d)
Start importing Assets/Studio33 Interactive_[BasketBall] v1.1/Animations/Basketball Motions_Generic/542_QuickpointMFakeA.fbx using Guid(841a439204147984eaa96104dac5537c) Importer(2089858483,b0f066a214c2f5e87bad3c948f4d605d) (ScriptedImporter) -> (artifact id: 'dd813c6df8fe0d82758519d487a7cbd1') in 0.0269311 seconds
Number of updated asset objects reloaded before import = 0Number of asset objects unloaded after import = 152

========================================================================
Received Import Request.
  Time since last request: 0.000035 seconds.
  path: Assets/Studio33 Interactive_[BasketBall] v1.1/Animations/Basketball Motions_Generic/907_QpostOverThRightFLA.fbx
  artifactKey: Guid(ff0c77b0fa2063849902f60371aeee14) Importer(2089858483,b0f066a214c2f5e87bad3c948f4d605d)
Start importing Assets/Studio33 Interactive_[BasketBall] v1.1/Animations/Basketball Motions_Generic/907_QpostOverThRightFLA.fbx using Guid(ff0c77b0fa2063849902f60371aeee14) Importer(2089858483,b0f066a214c2f5e87bad3c948f4d605d) (ScriptedImporter) -> (artifact id: 'cc2ca6c058bad1c1b41dfcf5866bb993') in 0.0298682 seconds
Number of updated asset objects reloaded before import = 0Number of asset objects unloaded after import = 152

========================================================================
Received Import Request.
  Time since last request: 0.000042 seconds.
  path: Assets/Studio33 Interactive_[BasketBall] v1.1/Animations/Basketball Motions_Generic/1034_TappassTapFA.fbx
  artifactKey: Guid(a49df5d8ce3f3374eb7ef26e7ccf892a) Importer(2089858483,b0f066a214c2f5e87bad3c948f4d605d)
Start importing Assets/Studio33 Interactive_[BasketBall] v1.1/Animations/Basketball Motions_Generic/1034_TappassTapFA.fbx using Guid(a49df5d8ce3f3374eb7ef26e7ccf892a) Importer(2089858483,b0f066a214c2f5e87bad3c948f4d605d) (ScriptedImporter) -> (artifact id: '29b7603a9aab9e9060dc35a15fdb9f87') in 0.0250836 seconds
Number of updated asset objects reloaded before import = 0Number of asset objects unloaded after import = 152

========================================================================
Received Import Request.
  Time since last request: 0.000047 seconds.
  path: Assets/Studio33 Interactive_[BasketBall] v1.1/Animations/Basketball Motions_Generic/1146_DunkCA.fbx
  artifactKey: Guid(bbf68480a739a4746a914473839f8d28) Importer(2089858483,b0f066a214c2f5e87bad3c948f4d605d)
Start importing Assets/Studio33 Interactive_[BasketBall] v1.1/Animations/Basketball Motions_Generic/1146_DunkCA.fbx using Guid(bbf68480a739a4746a914473839f8d28) Importer(2089858483,b0f066a214c2f5e87bad3c948f4d605d) (ScriptedImporter) -> (artifact id: '61c288bc83223eaf25becfd50d3ba4e0') in 0.0279479 seconds
Number of updated asset objects reloaded before import = 0Number of asset objects unloaded after import = 152

========================================================================
Received Import Request.
  Time since last request: 0.000039 seconds.
  path: Assets/Studio33 Interactive_[BasketBall] v1.1/Animations/Basketball Motions Humanoid/1096_ScreequickescapeBaa.fbx
  artifactKey: Guid(15bdc4fb3d2d8b44abc3b59b80341569) Importer(2089858483,b0f066a214c2f5e87bad3c948f4d605d)
Start importing Assets/Studio33 Interactive_[BasketBall] v1.1/Animations/Basketball Motions Humanoid/1096_ScreequickescapeBaa.fbx using Guid(15bdc4fb3d2d8b44abc3b59b80341569) Importer(2089858483,b0f066a214c2f5e87bad3c948f4d605d) (ScriptedImporter) -> (artifact id: '2d9cf77c18a9c4a7d4d5b5446eaf065c') in 0.0277248 seconds
Number of updated asset objects reloaded before import = 0Number of asset objects unloaded after import = 154

========================================================================
Received Import Request.
  Time since last request: 0.000048 seconds.
  path: Assets/Studio33 Interactive_[BasketBall] v1.1/Animations/Basketball Motions_Generic/1237_LayupfakeFakeRA.fbx
  artifactKey: Guid(96f993688df426a4a8a8159aa8fa764d) Importer(2089858483,b0f066a214c2f5e87bad3c948f4d605d)
Start importing Assets/Studio33 Interactive_[BasketBall] v1.1/Animations/Basketball Motions_Generic/1237_LayupfakeFakeRA.fbx using Guid(96f993688df426a4a8a8159aa8fa764d) Importer(2089858483,b0f066a214c2f5e87bad3c948f4d605d) (ScriptedImporter) -> (artifact id: 'af021d433953525a5a5ad73debee501f') in 0.0323413 seconds
Number of updated asset objects reloaded before import = 0Number of asset objects unloaded after import = 152

========================================================================
Received Import Request.
  Time since last request: 0.000046 seconds.
  path: Assets/Studio33 Interactive_[BasketBall] v1.1/Animations/Basketball Motions_Generic/1631_JumpshotMFakeA.fbx
  artifactKey: Guid(f36ea53523f37a749b73b5ca4ede71b1) Importer(2089858483,b0f066a214c2f5e87bad3c948f4d605d)
Start importing Assets/Studio33 Interactive_[BasketBall] v1.1/Animations/Basketball Motions_Generic/1631_JumpshotMFakeA.fbx using Guid(f36ea53523f37a749b73b5ca4ede71b1) Importer(2089858483,b0f066a214c2f5e87bad3c948f4d605d) (ScriptedImporter) -> (artifact id: 'e515933cc0cb064ed37778bfc6fcec58') in 0.0265687 seconds
Number of updated asset objects reloaded before import = 0Number of asset objects unloaded after import = 152

========================================================================
Received Import Request.
  Time since last request: 0.000045 seconds.
  path: Assets/Studio33 Interactive_[BasketBall] v1.1/Animations/Basketball Motions Humanoid/143_CollisioshoulderChargeA.fbx
  artifactKey: Guid(310b4d40c5b06774c878da3228a2b6ff) Importer(2089858483,b0f066a214c2f5e87bad3c948f4d605d)
Start importing Assets/Studio33 Interactive_[BasketBall] v1.1/Animations/Basketball Motions Humanoid/143_CollisioshoulderChargeA.fbx using Guid(310b4d40c5b06774c878da3228a2b6ff) Importer(2089858483,b0f066a214c2f5e87bad3c948f4d605d) (ScriptedImporter) -> (artifact id: '281b51ce698f666a62326b7dbfb8e50f') in 0.0278283 seconds
Number of updated asset objects reloaded before import = 0Number of asset objects unloaded after import = 154

========================================================================
Received Import Request.
  Time since last request: 0.000033 seconds.
  path: Assets/Studio33 Interactive_[BasketBall] v1.1/Animations/Basketball Motions Humanoid/627_LoosebatopA.fbx
  artifactKey: Guid(943b5fc9e89054843a451270f68b1ba0) Importer(2089858483,b0f066a214c2f5e87bad3c948f4d605d)
Start importing Assets/Studio33 Interactive_[BasketBall] v1.1/Animations/Basketball Motions Humanoid/627_LoosebatopA.fbx using Guid(943b5fc9e89054843a451270f68b1ba0) Importer(2089858483,b0f066a214c2f5e87bad3c948f4d605d) (ScriptedImporter) -> (artifact id: '182c760e64684a572236f893eb6b1a94') in 0.0238826 seconds
Number of updated asset objects reloaded before import = 0Number of asset objects unloaded after import = 154

========================================================================
Received Import Request.
  Time since last request: 0.000028 seconds.
  path: Assets/Studio33 Interactive_[BasketBall] v1.1/Animations/Basketball Motions_Generic/46_BlockingckncatchShortLA.fbx
  artifactKey: Guid(b7ed113907d814b4f893aa87a483b91f) Importer(815301076,1909f56bfc062723c751e8b465ee728b)
Start importing Assets/Studio33 Interactive_[BasketBall] v1.1/Animations/Basketball Motions_Generic/46_BlockingckncatchShortLA.fbx using Guid(b7ed113907d814b4f893aa87a483b91f) Importer(815301076,1909f56bfc062723c751e8b465ee728b) (PreviewImporter) -> (artifact id: '253bfaa9107a03318cb0360d56373ba4') in 0.0351207 seconds
Number of updated asset objects reloaded before import = 0Number of asset objects unloaded after import = 152

========================================================================
Received Import Request.
  Time since last request: 0.000032 seconds.
  path: Assets/Studio33 Interactive_[BasketBall] v1.1/Animations/Basketball Motions Humanoid/842_PassKiA.fbx
  artifactKey: Guid(54a86963ef48715409c8380f91786429) Importer(2089858483,b0f066a214c2f5e87bad3c948f4d605d)
Start importing Assets/Studio33 Interactive_[BasketBall] v1.1/Animations/Basketball Motions Humanoid/842_PassKiA.fbx using Guid(54a86963ef48715409c8380f91786429) Importer(2089858483,b0f066a214c2f5e87bad3c948f4d605d) (ScriptedImporter) -> (artifact id: '86224b6faafc008d5340e759e877455f') in 0.0264452 seconds
Number of updated asset objects reloaded before import = 0Number of asset objects unloaded after import = 154

========================================================================
Received Import Request.
  Time since last request: 0.000040 seconds.
  path: Assets/Studio33 Interactive_[BasketBall] v1.1/Animations/Basketball Motions_Generic/1527_DunkCA.fbx
  artifactKey: Guid(2e5bc40375c1a0245a40e5fefa05e961) Importer(2089858483,b0f066a214c2f5e87bad3c948f4d605d)
Start importing Assets/Studio33 Interactive_[BasketBall] v1.1/Animations/Basketball Motions_Generic/1527_DunkCA.fbx using Guid(2e5bc40375c1a0245a40e5fefa05e961) Importer(2089858483,b0f066a214c2f5e87bad3c948f4d605d) (ScriptedImporter) -> (artifact id: '9b70f30d72ef2ad4f53a3dbe5d90711e') in 0.0215191 seconds
Number of updated asset objects reloaded before import = 0Number of asset objects unloaded after import = 152

========================================================================
Received Import Request.
  Time since last request: 0.000040 seconds.
  path: Assets/Studio33 Interactive_[BasketBall] v1.1/Animations/Basketball Motions_Generic/859_PassKiA.fbx
  artifactKey: Guid(15416fdd6e569ad4da2354983e2add1d) Importer(2089858483,b0f066a214c2f5e87bad3c948f4d605d)
Start importing Assets/Studio33 Interactive_[BasketBall] v1.1/Animations/Basketball Motions_Generic/859_PassKiA.fbx using Guid(15416fdd6e569ad4da2354983e2add1d) Importer(2089858483,b0f066a214c2f5e87bad3c948f4d605d) (ScriptedImporter) -> (artifact id: '48056ea76c0972a5ce826d5c0b1c46da') in 0.0219682 seconds
Number of updated asset objects reloaded before import = 0Number of asset objects unloaded after import = 152

========================================================================
Received Import Request.
  Time since last request: 0.000038 seconds.
  path: Assets/Studio33 Interactive_[BasketBall] v1.1/Animations/Basketball Motions_Generic/957_Rebound B.fbx
  artifactKey: Guid(4d0e3a5268f334c409f5039157d4cc1b) Importer(2089858483,b0f066a214c2f5e87bad3c948f4d605d)
Start importing Assets/Studio33 Interactive_[BasketBall] v1.1/Animations/Basketball Motions_Generic/957_Rebound B.fbx using Guid(4d0e3a5268f334c409f5039157d4cc1b) Importer(2089858483,b0f066a214c2f5e87bad3c948f4d605d) (ScriptedImporter) -> (artifact id: '88e4935788b9994e6461ef637a8da689') in 0.0227009 seconds
Number of updated asset objects reloaded before import = 0Number of asset objects unloaded after import = 152

========================================================================
Received Import Request.
  Time since last request: 0.000036 seconds.
  path: Assets/Studio33 Interactive_[BasketBall] v1.1/Animations/Basketball Motions_Generic/31_BlockingshortLayupF.fbx
  artifactKey: Guid(b14918d430c4d0446bc8b14a5e76bbe4) Importer(815301076,1909f56bfc062723c751e8b465ee728b)
Start importing Assets/Studio33 Interactive_[BasketBall] v1.1/Animations/Basketball Motions_Generic/31_BlockingshortLayupF.fbx using Guid(b14918d430c4d0446bc8b14a5e76bbe4) Importer(815301076,1909f56bfc062723c751e8b465ee728b) (PreviewImporter) -> (artifact id: '7fba72873108309af0eb407ec960588a') in 0.0338591 seconds
Number of updated asset objects reloaded before import = 0Number of asset objects unloaded after import = 152

========================================================================
Received Import Request.
  Time since last request: 0.000041 seconds.
  path: Assets/Studio33 Interactive_[BasketBall] v1.1/Animations/Basketball Motions_Generic/179_BlockingckedBaA.fbx
  artifactKey: Guid(7cc4e41448d51fc43b5997778e0202d1) Importer(815301076,1909f56bfc062723c751e8b465ee728b)
Start importing Assets/Studio33 Interactive_[BasketBall] v1.1/Animations/Basketball Motions_Generic/179_BlockingckedBaA.fbx using Guid(7cc4e41448d51fc43b5997778e0202d1) Importer(815301076,1909f56bfc062723c751e8b465ee728b) (PreviewImporter) -> (artifact id: '661111a04a7dbed806215bc8851d5f5c') in 0.0371428 seconds
Number of updated asset objects reloaded before import = 0Number of asset objects unloaded after import = 152

========================================================================
Received Import Request.
  Time since last request: 0.000031 seconds.
  path: Assets/Studio33 Interactive_[BasketBall] v1.1/Animations/Basketball Motions_Generic/20_BlockingckncatchLongNearLA.fbx
  artifactKey: Guid(23933a8d627ae4b4f9767d738aeb3f36) Importer(815301076,1909f56bfc062723c751e8b465ee728b)
Start importing Assets/Studio33 Interactive_[BasketBall] v1.1/Animations/Basketball Motions_Generic/20_BlockingckncatchLongNearLA.fbx using Guid(23933a8d627ae4b4f9767d738aeb3f36) Importer(815301076,1909f56bfc062723c751e8b465ee728b) (PreviewImporter) -> (artifact id: 'fb608e72abe469f79d8e77bf05b5f8a9') in 0.0351913 seconds
Number of updated asset objects reloaded before import = 0Number of asset objects unloaded after import = 152

========================================================================
Received Import Request.
  Time since last request: 0.000037 seconds.
  path: Assets/Studio33 Interactive_[BasketBall] v1.1/Animations/Basketball Motions_Generic/1269_AlleyoopRSA.fbx
  artifactKey: Guid(4203b60a986e298488562aa81eb642f2) Importer(2089858483,b0f066a214c2f5e87bad3c948f4d605d)
Start importing Assets/Studio33 Interactive_[BasketBall] v1.1/Animations/Basketball Motions_Generic/1269_AlleyoopRSA.fbx using Guid(4203b60a986e298488562aa81eb642f2) Importer(2089858483,b0f066a214c2f5e87bad3c948f4d605d) (ScriptedImporter) -> (artifact id: '033ce223195435feb93c553a7d8561b0') in 0.0244435 seconds
Number of updated asset objects reloaded before import = 0Number of asset objects unloaded after import = 152

========================================================================
Received Import Request.
  Time since last request: 0.000032 seconds.
  path: Assets/Studio33 Interactive_[BasketBall] v1.1/Animations/Basketball Motions Humanoid/964_Rebound rB.fbx
  artifactKey: Guid(b668bcdb9755f994a861f47611f8e449) Importer(2089858483,b0f066a214c2f5e87bad3c948f4d605d)
Start importing Assets/Studio33 Interactive_[BasketBall] v1.1/Animations/Basketball Motions Humanoid/964_Rebound rB.fbx using Guid(b668bcdb9755f994a861f47611f8e449) Importer(2089858483,b0f066a214c2f5e87bad3c948f4d605d) (ScriptedImporter) -> (artifact id: '8ed8c1d6285321b7b8222e0726a13c7d') in 0.0276444 seconds
Number of updated asset objects reloaded before import = 0Number of asset objects unloaded after import = 154

========================================================================
Received Import Request.
  Time since last request: 0.000045 seconds.
  path: Assets/Studio33 Interactive_[BasketBall] v1.1/Animations/Basketball Motions_Generic/1769_BlockingckedDunkBaA.fbx
  artifactKey: Guid(030a53b092d7d4440bc51e32a913eaa9) Importer(2089858483,b0f066a214c2f5e87bad3c948f4d605d)
Start importing Assets/Studio33 Interactive_[BasketBall] v1.1/Animations/Basketball Motions_Generic/1769_BlockingckedDunkBaA.fbx using Guid(030a53b092d7d4440bc51e32a913eaa9) Importer(2089858483,b0f066a214c2f5e87bad3c948f4d605d) (ScriptedImporter) -> (artifact id: 'f231f547471d964279f729fdff5b7103') in 0.0230379 seconds
Number of updated asset objects reloaded before import = 0Number of asset objects unloaded after import = 152

========================================================================
Received Import Request.
  Time since last request: 0.000037 seconds.
  path: Assets/Studio33 Interactive_[BasketBall] v1.1/Animations/Basketball Motions_Generic/117_PostPushA.fbx
  artifactKey: Guid(be542294882d30c4bbfb6ca8507f13ac) Importer(815301076,1909f56bfc062723c751e8b465ee728b)
Start importing Assets/Studio33 Interactive_[BasketBall] v1.1/Animations/Basketball Motions_Generic/117_PostPushA.fbx using Guid(be542294882d30c4bbfb6ca8507f13ac) Importer(815301076,1909f56bfc062723c751e8b465ee728b) (PreviewImporter) -> (artifact id: '6257cdf364ce589600a2bc56a011da38') in 0.0335325 seconds
Number of updated asset objects reloaded before import = 0Number of asset objects unloaded after import = 152

========================================================================
Received Import Request.
  Time since last request: 0.000032 seconds.
  path: Assets/Studio33 Interactive_[BasketBall] v1.1/Animations/Basketball Motions Humanoid/1270_AlleyoopRSB.fbx
  artifactKey: Guid(3cb0e245b7ef1804d91522e8b7bc17cf) Importer(2089858483,b0f066a214c2f5e87bad3c948f4d605d)
Start importing Assets/Studio33 Interactive_[BasketBall] v1.1/Animations/Basketball Motions Humanoid/1270_AlleyoopRSB.fbx using Guid(3cb0e245b7ef1804d91522e8b7bc17cf) Importer(2089858483,b0f066a214c2f5e87bad3c948f4d605d) (ScriptedImporter) -> (artifact id: '930427a0011f5ff1415aed9847cbf8f7') in 0.0212058 seconds
Number of updated asset objects reloaded before import = 0Number of asset objects unloaded after import = 154

========================================================================
Received Import Request.
  Time since last request: 0.000035 seconds.
  path: Assets/Studio33 Interactive_[BasketBall] v1.1/Animations/Basketball Motions Humanoid/755_PassShootfakepassR.fbx
  artifactKey: Guid(b42860827b4344b4e9cfadfabf9fe1ab) Importer(2089858483,b0f066a214c2f5e87bad3c948f4d605d)
Start importing Assets/Studio33 Interactive_[BasketBall] v1.1/Animations/Basketball Motions Humanoid/755_PassShootfakepassR.fbx using Guid(b42860827b4344b4e9cfadfabf9fe1ab) Importer(2089858483,b0f066a214c2f5e87bad3c948f4d605d) (ScriptedImporter) -> (artifact id: 'f8ec84af802a1f7ca5986fe2e445f4ce') in 0.0222228 seconds
Number of updated asset objects reloaded before import = 0Number of asset objects unloaded after import = 154

========================================================================
Received Import Request.
  Time since last request: 0.000046 seconds.
  path: Assets/Studio33 Interactive_[BasketBall] v1.1/Animations/Basketball Motions_Generic/1515_AlleyoopDclutchRevRightA.fbx
  artifactKey: Guid(2b59d34aa92ed0a4181d1a73d546b2c8) Importer(2089858483,b0f066a214c2f5e87bad3c948f4d605d)
Start importing Assets/Studio33 Interactive_[BasketBall] v1.1/Animations/Basketball Motions_Generic/1515_AlleyoopDclutchRevRightA.fbx using Guid(2b59d34aa92ed0a4181d1a73d546b2c8) Importer(2089858483,b0f066a214c2f5e87bad3c948f4d605d) (ScriptedImporter) -> (artifact id: '54916d6992b8fe898911d19dacbf9cbc') in 0.0304667 seconds
Number of updated asset objects reloaded before import = 0Number of asset objects unloaded after import = 152

========================================================================
Received Import Request.
  Time since last request: 0.000045 seconds.
  path: Assets/Studio33 Interactive_[BasketBall] v1.1/Animations/Basketball Motions_Generic/1158_DunkCA.fbx
  artifactKey: Guid(fd82a0a60d620e046a5519106ee27b42) Importer(2089858483,b0f066a214c2f5e87bad3c948f4d605d)
Start importing Assets/Studio33 Interactive_[BasketBall] v1.1/Animations/Basketball Motions_Generic/1158_DunkCA.fbx using Guid(fd82a0a60d620e046a5519106ee27b42) Importer(2089858483,b0f066a214c2f5e87bad3c948f4d605d) (ScriptedImporter) -> (artifact id: 'bc90d7413c8e6a485ce4792f285d7de5') in 0.0292798 seconds
Number of updated asset objects reloaded before import = 0Number of asset objects unloaded after import = 152

========================================================================
Received Import Request.
  Time since last request: 0.000033 seconds.
  path: Assets/Studio33 Interactive_[BasketBall] v1.1/Animations/Basketball Motions_Generic/2080_DunkRA.fbx
  artifactKey: Guid(ae4da5751f6f62e4aab248427a32e1c4) Importer(2089858483,b0f066a214c2f5e87bad3c948f4d605d)
Start importing Assets/Studio33 Interactive_[BasketBall] v1.1/Animations/Basketball Motions_Generic/2080_DunkRA.fbx using Guid(ae4da5751f6f62e4aab248427a32e1c4) Importer(2089858483,b0f066a214c2f5e87bad3c948f4d605d) (ScriptedImporter) -> (artifact id: '97692675dfae1bcd2f9d2ddb4359dc42') in 0.0283338 seconds
Number of updated asset objects reloaded before import = 0Number of asset objects unloaded after import = 152

========================================================================
Received Import Request.
  Time since last request: 0.000049 seconds.
  path: Assets/Studio33 Interactive_[BasketBall] v1.1/Animations/Basketball Motions Humanoid/1601_DunkClutchFLeftA.fbx
  artifactKey: Guid(84ef2218608e3894c995a1c0351844d3) Importer(2089858483,b0f066a214c2f5e87bad3c948f4d605d)
Start importing Assets/Studio33 Interactive_[BasketBall] v1.1/Animations/Basketball Motions Humanoid/1601_DunkClutchFLeftA.fbx using Guid(84ef2218608e3894c995a1c0351844d3) Importer(2089858483,b0f066a214c2f5e87bad3c948f4d605d) (ScriptedImporter) -> (artifact id: '58613f0c85f960388f5d5472d17b4181') in 0.0383133 seconds
Number of updated asset objects reloaded before import = 0Number of asset objects unloaded after import = 154

========================================================================
Received Import Request.
  Time since last request: 0.000052 seconds.
  path: Assets/Studio33 Interactive_[BasketBall] v1.1/Animations/Basketball Motions Humanoid/518_AirpointCA.fbx
  artifactKey: Guid(498a8b00c7dc5be4fb7dd199c5a95db8) Importer(2089858483,b0f066a214c2f5e87bad3c948f4d605d)
Start importing Assets/Studio33 Interactive_[BasketBall] v1.1/Animations/Basketball Motions Humanoid/518_AirpointCA.fbx using Guid(498a8b00c7dc5be4fb7dd199c5a95db8) Importer(2089858483,b0f066a214c2f5e87bad3c948f4d605d) (ScriptedImporter) -> (artifact id: 'ec0ef4b9338208061191e78ba73d1cff') in 0.0275967 seconds
Number of updated asset objects reloaded before import = 0Number of asset objects unloaded after import = 154

========================================================================
Received Import Request.
  Time since last request: 0.000044 seconds.
  path: Assets/Studio33 Interactive_[BasketBall] v1.1/Animations/Basketball Motions_Generic/770_AlleyoopOverNpassFA.fbx
  artifactKey: Guid(f81bfb278a81fbf4c9565e51a8d24aaa) Importer(2089858483,b0f066a214c2f5e87bad3c948f4d605d)
Start importing Assets/Studio33 Interactive_[BasketBall] v1.1/Animations/Basketball Motions_Generic/770_AlleyoopOverNpassFA.fbx using Guid(f81bfb278a81fbf4c9565e51a8d24aaa) Importer(2089858483,b0f066a214c2f5e87bad3c948f4d605d) (ScriptedImporter) -> (artifact id: '03178e3646a3c1a9f7962b077cfd9f7e') in 0.0279178 seconds
Number of updated asset objects reloaded before import = 0Number of asset objects unloaded after import = 152

========================================================================
Received Import Request.
  Time since last request: 0.000045 seconds.
  path: Assets/Studio33 Interactive_[BasketBall] v1.1/Animations/Basketball Motions_Generic/1672_AlleyoopDclutchRevRightA.fbx
  artifactKey: Guid(b51c30ff67204be47a35df269e139f74) Importer(2089858483,b0f066a214c2f5e87bad3c948f4d605d)
Start importing Assets/Studio33 Interactive_[BasketBall] v1.1/Animations/Basketball Motions_Generic/1672_AlleyoopDclutchRevRightA.fbx using Guid(b51c30ff67204be47a35df269e139f74) Importer(2089858483,b0f066a214c2f5e87bad3c948f4d605d) (ScriptedImporter) -> (artifact id: '2c8be687475ac22fc8d6d2255ce3458b') in 0.0290952 seconds
Number of updated asset objects reloaded before import = 0Number of asset objects unloaded after import = 152

========================================================================
Received Import Request.
  Time since last request: 0.000054 seconds.
  path: Assets/Studio33 Interactive_[BasketBall] v1.1/Animations/Basketball Motions Humanoid/1228_LayupRA.fbx
  artifactKey: Guid(c08024e5394eb824a942503dc099117c) Importer(2089858483,b0f066a214c2f5e87bad3c948f4d605d)
Start importing Assets/Studio33 Interactive_[BasketBall] v1.1/Animations/Basketball Motions Humanoid/1228_LayupRA.fbx using Guid(c08024e5394eb824a942503dc099117c) Importer(2089858483,b0f066a214c2f5e87bad3c948f4d605d) (ScriptedImporter) -> (artifact id: '2fa171bc6d77381108f433584a9aa6e9') in 0.0386744 seconds
Number of updated asset objects reloaded before import = 0Number of asset objects unloaded after import = 154

========================================================================
Received Import Request.
  Time since last request: 0.000054 seconds.
  path: Assets/Studio33 Interactive_[BasketBall] v1.1/Animations/Basketball Motions_Generic/609_DivCA.fbx
  artifactKey: Guid(ebef44b29c23324479cfa62244baeed1) Importer(2089858483,b0f066a214c2f5e87bad3c948f4d605d)
Start importing Assets/Studio33 Interactive_[BasketBall] v1.1/Animations/Basketball Motions_Generic/609_DivCA.fbx using Guid(ebef44b29c23324479cfa62244baeed1) Importer(2089858483,b0f066a214c2f5e87bad3c948f4d605d) (ScriptedImporter) -> (artifact id: '2065cb4fd17f028e749d9fb748651932') in 0.0342345 seconds
Number of updated asset objects reloaded before import = 0Number of asset objects unloaded after import = 152

========================================================================
Received Import Request.
  Time since last request: 0.000041 seconds.
  path: Assets/Studio33 Interactive_[BasketBall] v1.1/Animations/Basketball Motions_Generic/1226_LayupRA.fbx
  artifactKey: Guid(d679fabcdb8912c41942a5b49e05707f) Importer(2089858483,b0f066a214c2f5e87bad3c948f4d605d)
Start importing Assets/Studio33 Interactive_[BasketBall] v1.1/Animations/Basketball Motions_Generic/1226_LayupRA.fbx using Guid(d679fabcdb8912c41942a5b49e05707f) Importer(2089858483,b0f066a214c2f5e87bad3c948f4d605d) (ScriptedImporter) -> (artifact id: '4b949942688329cfb7e9ed447a651573') in 0.026685 seconds
Number of updated asset objects reloaded before import = 0Number of asset objects unloaded after import = 152

========================================================================
Received Import Request.
  Time since last request: 0.000037 seconds.
  path: Assets/Studio33 Interactive_[BasketBall] v1.1/Animations/Basketball Motions_Generic/382_SpinStepLayupRevA.fbx
  artifactKey: Guid(5090d9e9a6f71984ca10389f36ba5894) Importer(2089858483,b0f066a214c2f5e87bad3c948f4d605d)
Start importing Assets/Studio33 Interactive_[BasketBall] v1.1/Animations/Basketball Motions_Generic/382_SpinStepLayupRevA.fbx using Guid(5090d9e9a6f71984ca10389f36ba5894) Importer(2089858483,b0f066a214c2f5e87bad3c948f4d605d) (ScriptedImporter) -> (artifact id: '22e42eafd6b3f443c74da0a66ba2b1e8') in 0.0292528 seconds
Number of updated asset objects reloaded before import = 0Number of asset objects unloaded after import = 152

========================================================================
Received Import Request.
  Time since last request: 0.000063 seconds.
  path: Assets/Studio33 Interactive_[BasketBall] v1.1/Animations/Basketball Motions Humanoid/253_CrossFakeStepRTrA.fbx
  artifactKey: Guid(ea721bea0894ade48bb154b3708de999) Importer(2089858483,b0f066a214c2f5e87bad3c948f4d605d)
Start importing Assets/Studio33 Interactive_[BasketBall] v1.1/Animations/Basketball Motions Humanoid/253_CrossFakeStepRTrA.fbx using Guid(ea721bea0894ade48bb154b3708de999) Importer(2089858483,b0f066a214c2f5e87bad3c948f4d605d) (ScriptedImporter) -> (artifact id: '6fee38c47caa9dbd28c593654ed2af05') in 0.0298315 seconds
Number of updated asset objects reloaded before import = 0Number of asset objects unloaded after import = 154

========================================================================
Received Import Request.
  Time since last request: 0.000047 seconds.
  path: Assets/Studio33 Interactive_[BasketBall] v1.1/Animations/Basketball Motions_Generic/501_Dribbleright.fbx
  artifactKey: Guid(c4f5e120c6c361043b5ff2f0f6ecaf03) Importer(2089858483,b0f066a214c2f5e87bad3c948f4d605d)
Start importing Assets/Studio33 Interactive_[BasketBall] v1.1/Animations/Basketball Motions_Generic/501_Dribbleright.fbx using Guid(c4f5e120c6c361043b5ff2f0f6ecaf03) Importer(2089858483,b0f066a214c2f5e87bad3c948f4d605d) (ScriptedImporter) -> (artifact id: '3a8820351a1c401ddb388af9bfc47120') in 0.0272257 seconds
Number of updated asset objects reloaded before import = 0Number of asset objects unloaded after import = 152

========================================================================
Received Import Request.
  Time since last request: 0.000039 seconds.
  path: Assets/Studio33 Interactive_[BasketBall] v1.1/Animations/Basketball Motions Humanoid/540_QuickpointReadyFake.fbx
  artifactKey: Guid(cc272a07406e4224ea37ee657a2ab47b) Importer(2089858483,b0f066a214c2f5e87bad3c948f4d605d)
Start importing Assets/Studio33 Interactive_[BasketBall] v1.1/Animations/Basketball Motions Humanoid/540_QuickpointReadyFake.fbx using Guid(cc272a07406e4224ea37ee657a2ab47b) Importer(2089858483,b0f066a214c2f5e87bad3c948f4d605d) (ScriptedImporter) -> (artifact id: 'c00563973c083517b0ac36a5dc358c6b') in 0.044954 seconds
Number of updated asset objects reloaded before import = 0Number of asset objects unloaded after import = 154

========================================================================
Received Import Request.
  Time since last request: 0.000072 seconds.
  path: Assets/Studio33 Interactive_[BasketBall] v1.1/Animations/Basketball Motions_Generic/983_Rebound fB.fbx
  artifactKey: Guid(53a51e0e987d57b4796c30583a28ac01) Importer(2089858483,b0f066a214c2f5e87bad3c948f4d605d)
Start importing Assets/Studio33 Interactive_[BasketBall] v1.1/Animations/Basketball Motions_Generic/983_Rebound fB.fbx using Guid(53a51e0e987d57b4796c30583a28ac01) Importer(2089858483,b0f066a214c2f5e87bad3c948f4d605d) (ScriptedImporter) -> (artifact id: 'a91a0328a43ae7646d1c0fa1f4aa117e') in 0.0347281 seconds
Number of updated asset objects reloaded before import = 0Number of asset objects unloaded after import = 152

========================================================================
Received Import Request.
  Time since last request: 0.000076 seconds.
  path: Assets/Studio33 Interactive_[BasketBall] v1.1/Animations/Basketball Motions_Generic/346_JabstepReadyA.fbx
  artifactKey: Guid(4117f25b347279c48b87994e53890af7) Importer(2089858483,b0f066a214c2f5e87bad3c948f4d605d)
Start importing Assets/Studio33 Interactive_[BasketBall] v1.1/Animations/Basketball Motions_Generic/346_JabstepReadyA.fbx using Guid(4117f25b347279c48b87994e53890af7) Importer(2089858483,b0f066a214c2f5e87bad3c948f4d605d) (ScriptedImporter) -> (artifact id: '0c085164454b1d864eaf0b4a7c64cf0d') in 0.0297215 seconds
Number of updated asset objects reloaded before import = 0Number of asset objects unloaded after import = 152

========================================================================
Received Import Request.
  Time since last request: 0.000043 seconds.
  path: Assets/Studio33 Interactive_[BasketBall] v1.1/Animations/Basketball Motions_Generic/1814_DunkRA.fbx
  artifactKey: Guid(f351a6653404a854d9da674952555125) Importer(2089858483,b0f066a214c2f5e87bad3c948f4d605d)
Start importing Assets/Studio33 Interactive_[BasketBall] v1.1/Animations/Basketball Motions_Generic/1814_DunkRA.fbx using Guid(f351a6653404a854d9da674952555125) Importer(2089858483,b0f066a214c2f5e87bad3c948f4d605d) (ScriptedImporter) -> (artifact id: 'fd5c36aa0aa82bba7efc76c3a16d1440') in 0.0350098 seconds
Number of updated asset objects reloaded before import = 0Number of asset objects unloaded after import = 152

========================================================================
Received Import Request.
  Time since last request: 0.000057 seconds.
  path: Assets/Studio33 Interactive_[BasketBall] v1.1/Animations/Basketball Motions_Generic/2111_JumpshotMA.fbx
  artifactKey: Guid(07bf9636de76bbf408046ccab0e9da26) Importer(2089858483,b0f066a214c2f5e87bad3c948f4d605d)
Start importing Assets/Studio33 Interactive_[BasketBall] v1.1/Animations/Basketball Motions_Generic/2111_JumpshotMA.fbx using Guid(07bf9636de76bbf408046ccab0e9da26) Importer(2089858483,b0f066a214c2f5e87bad3c948f4d605d) (ScriptedImporter) -> (artifact id: '86aa068f1e1242828d80d1b9f6aab2ce') in 0.0314424 seconds
Number of updated asset objects reloaded before import = 0Number of asset objects unloaded after import = 152

========================================================================
Received Import Request.
  Time since last request: 0.000034 seconds.
  path: Assets/Studio33 Interactive_[BasketBall] v1.1/Animations/Basketball Motions_Generic/1099_ScreequickescapeSidefrontA.fbx
  artifactKey: Guid(d351a7f28b20d7b4b805d3e7e7838b00) Importer(2089858483,b0f066a214c2f5e87bad3c948f4d605d)
Start importing Assets/Studio33 Interactive_[BasketBall] v1.1/Animations/Basketball Motions_Generic/1099_ScreequickescapeSidefrontA.fbx using Guid(d351a7f28b20d7b4b805d3e7e7838b00) Importer(2089858483,b0f066a214c2f5e87bad3c948f4d605d) (ScriptedImporter) -> (artifact id: '3ba73fd18e843ee5e0313212c099f2b6') in 0.0307583 seconds
Number of updated asset objects reloaded before import = 0Number of asset objects unloaded after import = 152

========================================================================
Received Import Request.
  Time since last request: 0.000053 seconds.
  path: Assets/Studio33 Interactive_[BasketBall] v1.1/Animations/Basketball Motions Humanoid/1442_DunkCA.fbx
  artifactKey: Guid(113561a72de5d2441abef30cba60d1cd) Importer(2089858483,b0f066a214c2f5e87bad3c948f4d605d)
Start importing Assets/Studio33 Interactive_[BasketBall] v1.1/Animations/Basketball Motions Humanoid/1442_DunkCA.fbx using Guid(113561a72de5d2441abef30cba60d1cd) Importer(2089858483,b0f066a214c2f5e87bad3c948f4d605d) (ScriptedImporter) -> (artifact id: 'c83a12d015f4475d76b8b07b0afdd20b') in 0.0394227 seconds
Number of updated asset objects reloaded before import = 0Number of asset objects unloaded after import = 154

========================================================================
Received Import Request.
  Time since last request: 0.000063 seconds.
  path: Assets/Studio33 Interactive_[BasketBall] v1.1/Animations/Basketball Motions Humanoid/404_UntamedWindupA.fbx
  artifactKey: Guid(7e43044bb4969de4780fce1189bec20a) Importer(2089858483,b0f066a214c2f5e87bad3c948f4d605d)
Start importing Assets/Studio33 Interactive_[BasketBall] v1.1/Animations/Basketball Motions Humanoid/404_UntamedWindupA.fbx using Guid(7e43044bb4969de4780fce1189bec20a) Importer(2089858483,b0f066a214c2f5e87bad3c948f4d605d) (ScriptedImporter) -> (artifact id: 'c721edf21d5298f22907fb19db8428e0') in 0.0327859 seconds
Number of updated asset objects reloaded before import = 0Number of asset objects unloaded after import = 154

========================================================================
Received Import Request.
  Time since last request: 0.000042 seconds.
  path: Assets/Studio33 Interactive_[BasketBall] v1.1/Animations/Basketball Motions_Generic/1526_DclutchRRightA.fbx
  artifactKey: Guid(4d3c9504874f6774c845ce7f0e059d24) Importer(2089858483,b0f066a214c2f5e87bad3c948f4d605d)
Start importing Assets/Studio33 Interactive_[BasketBall] v1.1/Animations/Basketball Motions_Generic/1526_DclutchRRightA.fbx using Guid(4d3c9504874f6774c845ce7f0e059d24) Importer(2089858483,b0f066a214c2f5e87bad3c948f4d605d) (ScriptedImporter) -> (artifact id: '902e90b7ac5c56748efa57dad8c1f395') in 0.0320726 seconds
Number of updated asset objects reloaded before import = 0Number of asset objects unloaded after import = 152

========================================================================
Received Import Request.
  Time since last request: 0.000035 seconds.
  path: Assets/Studio33 Interactive_[BasketBall] v1.1/Animations/Basketball Motions_Generic/1217_FakelayupRA.fbx
  artifactKey: Guid(052d04f9578988348a3a804d458e3e48) Importer(2089858483,b0f066a214c2f5e87bad3c948f4d605d)
Start importing Assets/Studio33 Interactive_[BasketBall] v1.1/Animations/Basketball Motions_Generic/1217_FakelayupRA.fbx using Guid(052d04f9578988348a3a804d458e3e48) Importer(2089858483,b0f066a214c2f5e87bad3c948f4d605d) (ScriptedImporter) -> (artifact id: '35596c4ae9918c7db917a822c8768448') in 0.0306136 seconds
Number of updated asset objects reloaded before import = 0Number of asset objects unloaded after import = 152

========================================================================
Received Import Request.
  Time since last request: 0.000075 seconds.
  path: Assets/Studio33 Interactive_[BasketBall] v1.1/Animations/Basketball Motions_Generic/590_StealRA.fbx
  artifactKey: Guid(976ca1d3f905e0a42ad81bd417aa5529) Importer(2089858483,b0f066a214c2f5e87bad3c948f4d605d)
Start importing Assets/Studio33 Interactive_[BasketBall] v1.1/Animations/Basketball Motions_Generic/590_StealRA.fbx using Guid(976ca1d3f905e0a42ad81bd417aa5529) Importer(2089858483,b0f066a214c2f5e87bad3c948f4d605d) (ScriptedImporter) -> (artifact id: 'b16b0b963c6fe28bf0c192560406eb72') in 0.0306758 seconds
Number of updated asset objects reloaded before import = 0Number of asset objects unloaded after import = 152

========================================================================
Received Import Request.
  Time since last request: 0.000045 seconds.
  path: Assets/Studio33 Interactive_[BasketBall] v1.1/Animations/Basketball Motions_Generic/1364_JumpshotMFakeA.fbx
  artifactKey: Guid(050d25a243b5a9740bc2a1552143ff48) Importer(2089858483,b0f066a214c2f5e87bad3c948f4d605d)
Start importing Assets/Studio33 Interactive_[BasketBall] v1.1/Animations/Basketball Motions_Generic/1364_JumpshotMFakeA.fbx using Guid(050d25a243b5a9740bc2a1552143ff48) Importer(2089858483,b0f066a214c2f5e87bad3c948f4d605d) (ScriptedImporter) -> (artifact id: '20780d77d9d0c1236df874cb2f6d38f7') in 0.0334925 seconds
Number of updated asset objects reloaded before import = 0Number of asset objects unloaded after import = 152

========================================================================
Received Import Request.
  Time since last request: 0.000056 seconds.
  path: Assets/Studio33 Interactive_[BasketBall] v1.1/Animations/Basketball Motions Humanoid/2053_JumpshotMFakeA.fbx
  artifactKey: Guid(87eebc35633b06b44a0aaf32c557bd38) Importer(2089858483,b0f066a214c2f5e87bad3c948f4d605d)
Start importing Assets/Studio33 Interactive_[BasketBall] v1.1/Animations/Basketball Motions Humanoid/2053_JumpshotMFakeA.fbx using Guid(87eebc35633b06b44a0aaf32c557bd38) Importer(2089858483,b0f066a214c2f5e87bad3c948f4d605d) (ScriptedImporter) -> (artifact id: '3907d0bb4c77e75f5e868f068f26ebda') in 0.0335673 seconds
Number of updated asset objects reloaded before import = 0Number of asset objects unloaded after import = 154

========================================================================
Received Import Request.
  Time since last request: 0.000056 seconds.
  path: Assets/Studio33 Interactive_[BasketBall] v1.1/Animations/Basketball Motions_Generic/2058_DunkCAC.fbx
  artifactKey: Guid(e1eaceee4072a7842bd224e6e75a7299) Importer(2089858483,b0f066a214c2f5e87bad3c948f4d605d)
Start importing Assets/Studio33 Interactive_[BasketBall] v1.1/Animations/Basketball Motions_Generic/2058_DunkCAC.fbx using Guid(e1eaceee4072a7842bd224e6e75a7299) Importer(2089858483,b0f066a214c2f5e87bad3c948f4d605d) (ScriptedImporter) -> (artifact id: '09173862303a3f2a876e6c4660b3637b') in 0.0304574 seconds
Number of updated asset objects reloaded before import = 0Number of asset objects unloaded after import = 152

========================================================================
Received Import Request.
  Time since last request: 0.000044 seconds.
  path: Assets/Studio33 Interactive_[BasketBall] v1.1/Animations/Basketball Motions Humanoid/1191_DunkRA.fbx
  artifactKey: Guid(03d4bfd844fe5194aae4055422c75428) Importer(2089858483,b0f066a214c2f5e87bad3c948f4d605d)
Start importing Assets/Studio33 Interactive_[BasketBall] v1.1/Animations/Basketball Motions Humanoid/1191_DunkRA.fbx using Guid(03d4bfd844fe5194aae4055422c75428) Importer(2089858483,b0f066a214c2f5e87bad3c948f4d605d) (ScriptedImporter) -> (artifact id: '4077960e722645738cb8deb4554d7ce3') in 0.0298482 seconds
Number of updated asset objects reloaded before import = 0Number of asset objects unloaded after import = 154

========================================================================
Received Import Request.
  Time since last request: 0.000041 seconds.
  path: Assets/Studio33 Interactive_[BasketBall] v1.1/Animations/Basketball Motions Humanoid/144_CollisiotwostepFFaA.fbx
  artifactKey: Guid(2fb754458a266cd49b769d4b5206d612) Importer(2089858483,b0f066a214c2f5e87bad3c948f4d605d)
Start importing Assets/Studio33 Interactive_[BasketBall] v1.1/Animations/Basketball Motions Humanoid/144_CollisiotwostepFFaA.fbx using Guid(2fb754458a266cd49b769d4b5206d612) Importer(2089858483,b0f066a214c2f5e87bad3c948f4d605d) (ScriptedImporter) -> (artifact id: 'f157873ca0869702c164a2c0a7ef1559') in 0.0296708 seconds
Number of updated asset objects reloaded before import = 0Number of asset objects unloaded after import = 154

========================================================================
Received Import Request.
  Time since last request: 0.000059 seconds.
  path: Assets/Studio33 Interactive_[BasketBall] v1.1/Animations/Basketball Motions Humanoid/1431_LayupRA.fbx
  artifactKey: Guid(47e2aeab58941f44184b3e72196d207b) Importer(2089858483,b0f066a214c2f5e87bad3c948f4d605d)
Start importing Assets/Studio33 Interactive_[BasketBall] v1.1/Animations/Basketball Motions Humanoid/1431_LayupRA.fbx using Guid(47e2aeab58941f44184b3e72196d207b) Importer(2089858483,b0f066a214c2f5e87bad3c948f4d605d) (ScriptedImporter) -> (artifact id: 'e20191a467751b04f77db4409e180def') in 0.0334269 seconds
Number of updated asset objects reloaded before import = 0Number of asset objects unloaded after import = 154

========================================================================
Received Import Request.
  Time since last request: 0.000041 seconds.
  path: Assets/Studio33 Interactive_[BasketBall] v1.1/Animations/Basketball Motions_Generic/1950_DunkCA.fbx
  artifactKey: Guid(408b9453f8949554cbaf77c7fd633111) Importer(2089858483,b0f066a214c2f5e87bad3c948f4d605d)
Start importing Assets/Studio33 Interactive_[BasketBall] v1.1/Animations/Basketball Motions_Generic/1950_DunkCA.fbx using Guid(408b9453f8949554cbaf77c7fd633111) Importer(2089858483,b0f066a214c2f5e87bad3c948f4d605d) (ScriptedImporter) -> (artifact id: 'e9e55dfd5b6c42d355779c97ff2bd09c') in 0.029465 seconds
Number of updated asset objects reloaded before import = 0Number of asset objects unloaded after import = 152

========================================================================
Received Import Request.
  Time since last request: 0.000046 seconds.
  path: Assets/Studio33 Interactive_[BasketBall] v1.1/Animations/Basketball Motions Humanoid/1963_JumpshotCCFakeA.fbx
  artifactKey: Guid(33d6948a888b7e040b9b4d0d81dbbd5e) Importer(2089858483,b0f066a214c2f5e87bad3c948f4d605d)
Start importing Assets/Studio33 Interactive_[BasketBall] v1.1/Animations/Basketball Motions Humanoid/1963_JumpshotCCFakeA.fbx using Guid(33d6948a888b7e040b9b4d0d81dbbd5e) Importer(2089858483,b0f066a214c2f5e87bad3c948f4d605d) (ScriptedImporter) -> (artifact id: '030d9d7c690c3dd8b23319dd863d484d') in 0.0304289 seconds
Number of updated asset objects reloaded before import = 0Number of asset objects unloaded after import = 154

========================================================================
Received Import Request.
  Time since last request: 0.000047 seconds.
  path: Assets/Studio33 Interactive_[BasketBall] v1.1/Animations/Basketball Motions_Generic/2144_Dribbleright.fbx
  artifactKey: Guid(9a7af0acb2da8e343a89f037599d15a0) Importer(2089858483,b0f066a214c2f5e87bad3c948f4d605d)
Start importing Assets/Studio33 Interactive_[BasketBall] v1.1/Animations/Basketball Motions_Generic/2144_Dribbleright.fbx using Guid(9a7af0acb2da8e343a89f037599d15a0) Importer(2089858483,b0f066a214c2f5e87bad3c948f4d605d) (ScriptedImporter) -> (artifact id: '62e978efd134a65ab402c13298361507') in 0.0345478 seconds
Number of updated asset objects reloaded before import = 0Number of asset objects unloaded after import = 152

========================================================================
Received Import Request.
  Time since last request: 0.000034 seconds.
  path: Assets/Studio33 Interactive_[BasketBall] v1.1/Animations/Basketball Motions Humanoid/799_PassKirA.fbx
  artifactKey: Guid(677cb6c8317c5cf4593ccf766aeefcac) Importer(2089858483,b0f066a214c2f5e87bad3c948f4d605d)
Start importing Assets/Studio33 Interactive_[BasketBall] v1.1/Animations/Basketball Motions Humanoid/799_PassKirA.fbx using Guid(677cb6c8317c5cf4593ccf766aeefcac) Importer(2089858483,b0f066a214c2f5e87bad3c948f4d605d) (ScriptedImporter) -> (artifact id: 'b31ec8a53f5d9695cebca5adc3091208') in 0.029976 seconds
Number of updated asset objects reloaded before import = 0Number of asset objects unloaded after import = 154

========================================================================
Received Import Request.
  Time since last request: 0.000046 seconds.
  path: Assets/Studio33 Interactive_[BasketBall] v1.1/Animations/Basketball Motions Humanoid/1385_JumpshotReadyFake.fbx
  artifactKey: Guid(0241952ee4c761944baa119edbdcc76c) Importer(2089858483,b0f066a214c2f5e87bad3c948f4d605d)
Start importing Assets/Studio33 Interactive_[BasketBall] v1.1/Animations/Basketball Motions Humanoid/1385_JumpshotReadyFake.fbx using Guid(0241952ee4c761944baa119edbdcc76c) Importer(2089858483,b0f066a214c2f5e87bad3c948f4d605d) (ScriptedImporter) -> (artifact id: '24cd5d497dbe0dd4a110e82433e8c6c3') in 0.0313722 seconds
Number of updated asset objects reloaded before import = 0Number of asset objects unloaded after import = 154

========================================================================
Received Import Request.
  Time since last request: 0.000050 seconds.
  path: Assets/Studio33 Interactive_[BasketBall] v1.1/Animations/Basketball Motions_Generic/2148_KeepingA.fbx
  artifactKey: Guid(7442c3ededaf8f240bf0d53e4eee2964) Importer(2089858483,b0f066a214c2f5e87bad3c948f4d605d)
Start importing Assets/Studio33 Interactive_[BasketBall] v1.1/Animations/Basketball Motions_Generic/2148_KeepingA.fbx using Guid(7442c3ededaf8f240bf0d53e4eee2964) Importer(2089858483,b0f066a214c2f5e87bad3c948f4d605d) (ScriptedImporter) -> (artifact id: '8449bb85e94dceefec2e143aca70a873') in 0.0321322 seconds
Number of updated asset objects reloaded before import = 0Number of asset objects unloaded after import = 152

========================================================================
Received Import Request.
  Time since last request: 0.000039 seconds.
  path: Assets/Studio33 Interactive_[BasketBall] v1.1/Animations/Basketball Motions Humanoid/202_PushPostpushFrontA.fbx
  artifactKey: Guid(ab702eb8b695c1d408429d6cc1237e03) Importer(2089858483,b0f066a214c2f5e87bad3c948f4d605d)
Start importing Assets/Studio33 Interactive_[BasketBall] v1.1/Animations/Basketball Motions Humanoid/202_PushPostpushFrontA.fbx using Guid(ab702eb8b695c1d408429d6cc1237e03) Importer(2089858483,b0f066a214c2f5e87bad3c948f4d605d) (ScriptedImporter) -> (artifact id: 'c3879754cfb69a00e11854c10dea3640') in 0.0292533 seconds
Number of updated asset objects reloaded before import = 0Number of asset objects unloaded after import = 154

========================================================================
Received Import Request.
  Time since last request: 0.000040 seconds.
  path: Assets/Studio33 Interactive_[BasketBall] v1.1/Animations/Basketball Motions_Generic/570_IntCA.fbx
  artifactKey: Guid(f77fcdd57dc9df844a77c748e0e01be0) Importer(2089858483,b0f066a214c2f5e87bad3c948f4d605d)
Start importing Assets/Studio33 Interactive_[BasketBall] v1.1/Animations/Basketball Motions_Generic/570_IntCA.fbx using Guid(f77fcdd57dc9df844a77c748e0e01be0) Importer(2089858483,b0f066a214c2f5e87bad3c948f4d605d) (ScriptedImporter) -> (artifact id: '2a2b4d64eddc4095a3db63f37008c806') in 0.0294681 seconds
Number of updated asset objects reloaded before import = 0Number of asset objects unloaded after import = 152

========================================================================
Received Import Request.
  Time since last request: 0.000066 seconds.
  path: Assets/Studio33 Interactive_[BasketBall] v1.1/Animations/Basketball Motions Humanoid/609_DivCA.fbx
  artifactKey: Guid(be46859dfdfe80b47883e190c4ba18a3) Importer(2089858483,b0f066a214c2f5e87bad3c948f4d605d)
Start importing Assets/Studio33 Interactive_[BasketBall] v1.1/Animations/Basketball Motions Humanoid/609_DivCA.fbx using Guid(be46859dfdfe80b47883e190c4ba18a3) Importer(2089858483,b0f066a214c2f5e87bad3c948f4d605d) (ScriptedImporter) -> (artifact id: 'c1a648a0a8b8d4f9b7bce27f1f3ac1ca') in 0.0310319 seconds
Number of updated asset objects reloaded before import = 0Number of asset objects unloaded after import = 154

========================================================================
Received Import Request.
  Time since last request: 0.000046 seconds.
  path: Assets/Studio33 Interactive_[BasketBall] v1.1/Animations/Basketball Motions Humanoid/166_PushPushedFrontA.fbx
  artifactKey: Guid(54d8e0026c216884f98e77c9ab0186bb) Importer(2089858483,b0f066a214c2f5e87bad3c948f4d605d)
Start importing Assets/Studio33 Interactive_[BasketBall] v1.1/Animations/Basketball Motions Humanoid/166_PushPushedFrontA.fbx using Guid(54d8e0026c216884f98e77c9ab0186bb) Importer(2089858483,b0f066a214c2f5e87bad3c948f4d605d) (ScriptedImporter) -> (artifact id: '365df3673086f409bc2996395844b4a8') in 0.0319215 seconds
Number of updated asset objects reloaded before import = 0Number of asset objects unloaded after import = 154

========================================================================
Received Import Request.
  Time since last request: 0.000048 seconds.
  path: Assets/Studio33 Interactive_[BasketBall] v1.1/Animations/Basketball Motions Humanoid/405_InsideTackA.fbx
  artifactKey: Guid(39c95e0b9897e09468dc0f7b112d86b1) Importer(2089858483,b0f066a214c2f5e87bad3c948f4d605d)
Start importing Assets/Studio33 Interactive_[BasketBall] v1.1/Animations/Basketball Motions Humanoid/405_InsideTackA.fbx using Guid(39c95e0b9897e09468dc0f7b112d86b1) Importer(2089858483,b0f066a214c2f5e87bad3c948f4d605d) (ScriptedImporter) -> (artifact id: '9185c357c6180ea346548955b78001ce') in 0.0375771 seconds
Number of updated asset objects reloaded before import = 0Number of asset objects unloaded after import = 154

========================================================================
Received Import Request.
  Time since last request: 0.000068 seconds.
  path: Assets/Studio33 Interactive_[BasketBall] v1.1/Animations/Basketball Motions Humanoid/1333_JumpshotCCA.fbx
  artifactKey: Guid(62a2b6ac57a350442aaa81ca05a87295) Importer(2089858483,b0f066a214c2f5e87bad3c948f4d605d)
Start importing Assets/Studio33 Interactive_[BasketBall] v1.1/Animations/Basketball Motions Humanoid/1333_JumpshotCCA.fbx using Guid(62a2b6ac57a350442aaa81ca05a87295) Importer(2089858483,b0f066a214c2f5e87bad3c948f4d605d) (ScriptedImporter) -> (artifact id: '92eb83c766be06f74ed53f55661f514c') in 0.0317801 seconds
Number of updated asset objects reloaded before import = 0Number of asset objects unloaded after import = 154

========================================================================
Received Import Request.
  Time since last request: 0.000040 seconds.
  path: Assets/Studio33 Interactive_[BasketBall] v1.1/Animations/Basketball Motions_Generic/1338_JumpshotMA.fbx
  artifactKey: Guid(6e2de8ffd55f0824495075cefd21aeab) Importer(2089858483,b0f066a214c2f5e87bad3c948f4d605d)
Start importing Assets/Studio33 Interactive_[BasketBall] v1.1/Animations/Basketball Motions_Generic/1338_JumpshotMA.fbx using Guid(6e2de8ffd55f0824495075cefd21aeab) Importer(2089858483,b0f066a214c2f5e87bad3c948f4d605d) (ScriptedImporter) -> (artifact id: 'd24649a6f1aa9dbe62cd0c76ae738922') in 0.0333761 seconds
Number of updated asset objects reloaded before import = 0Number of asset objects unloaded after import = 152

========================================================================
Received Import Request.
  Time since last request: 0.000095 seconds.
  path: Assets/Studio33 Interactive_[BasketBall] v1.1/Animations/Basketball Motions_Generic/10_PostBackingStepA.fbx
  artifactKey: Guid(64a40c97f21ffa043a8525c24cabcfde) Importer(815301076,1909f56bfc062723c751e8b465ee728b)
Start importing Assets/Studio33 Interactive_[BasketBall] v1.1/Animations/Basketball Motions_Generic/10_PostBackingStepA.fbx using Guid(64a40c97f21ffa043a8525c24cabcfde) Importer(815301076,1909f56bfc062723c751e8b465ee728b) (PreviewImporter) -> (artifact id: '3643e42a4f3494f80789d58206c62d68') in 0.0442617 seconds
Number of updated asset objects reloaded before import = 0Number of asset objects unloaded after import = 152

========================================================================
Received Import Request.
  Time since last request: 0.000060 seconds.
  path: Assets/Studio33 Interactive_[BasketBall] v1.1/Animations/Basketball Motions_Generic/619_SlidingCSucA.fbx
  artifactKey: Guid(25646300a2f537245ad0e44e154b8b80) Importer(2089858483,b0f066a214c2f5e87bad3c948f4d605d)
Start importing Assets/Studio33 Interactive_[BasketBall] v1.1/Animations/Basketball Motions_Generic/619_SlidingCSucA.fbx using Guid(25646300a2f537245ad0e44e154b8b80) Importer(2089858483,b0f066a214c2f5e87bad3c948f4d605d) (ScriptedImporter) -> (artifact id: '56f1faca93725253bb4a8860d7a5625b') in 0.0292747 seconds
Number of updated asset objects reloaded before import = 0Number of asset objects unloaded after import = 152

========================================================================
Received Import Request.
  Time since last request: 0.000043 seconds.
  path: Assets/Studio33 Interactive_[BasketBall] v1.1/Animations/Basketball Motions Humanoid/1765_DunkRA.fbx
  artifactKey: Guid(cbe4757645009ec4aac444fc07dc36f5) Importer(2089858483,b0f066a214c2f5e87bad3c948f4d605d)
Start importing Assets/Studio33 Interactive_[BasketBall] v1.1/Animations/Basketball Motions Humanoid/1765_DunkRA.fbx using Guid(cbe4757645009ec4aac444fc07dc36f5) Importer(2089858483,b0f066a214c2f5e87bad3c948f4d605d) (ScriptedImporter) -> (artifact id: '619c48b3db366cf4a9f64f817a82e46a') in 0.030746 seconds
Number of updated asset objects reloaded before import = 0Number of asset objects unloaded after import = 154

========================================================================
Received Import Request.
  Time since last request: 0.000044 seconds.
  path: Assets/Studio33 Interactive_[BasketBall] v1.1/Animations/Basketball Motions_Generic/807_AlleyooppassCA.fbx
  artifactKey: Guid(091703605daf9294cbd6d8593f8a1f4d) Importer(2089858483,b0f066a214c2f5e87bad3c948f4d605d)
Start importing Assets/Studio33 Interactive_[BasketBall] v1.1/Animations/Basketball Motions_Generic/807_AlleyooppassCA.fbx using Guid(091703605daf9294cbd6d8593f8a1f4d) Importer(2089858483,b0f066a214c2f5e87bad3c948f4d605d) (ScriptedImporter) -> (artifact id: '2778b572530567082d95da38619f83be') in 0.0342143 seconds
Number of updated asset objects reloaded before import = 0Number of asset objects unloaded after import = 152

========================================================================
Received Import Request.
  Time since last request: 0.000052 seconds.
  path: Assets/Studio33 Interactive_[BasketBall] v1.1/Animations/Basketball Motions_Generic/6_PostBackingpushA.fbx
  artifactKey: Guid(e282418384668ca428b239b58c46260a) Importer(815301076,1909f56bfc062723c751e8b465ee728b)
Start importing Assets/Studio33 Interactive_[BasketBall] v1.1/Animations/Basketball Motions_Generic/6_PostBackingpushA.fbx using Guid(e282418384668ca428b239b58c46260a) Importer(815301076,1909f56bfc062723c751e8b465ee728b) (PreviewImporter) -> (artifact id: '9778619fffd61c549d977c7babe50d96') in 0.0433249 seconds
Number of updated asset objects reloaded before import = 0Number of asset objects unloaded after import = 152

========================================================================
Received Import Request.
  Time since last request: 0.000040 seconds.
  path: Assets/Studio33 Interactive_[BasketBall] v1.1/Animations/Basketball Motions Humanoid/184_AirBigBaA.fbx
  artifactKey: Guid(7faa342443cdc564fab54b30d3634549) Importer(2089858483,b0f066a214c2f5e87bad3c948f4d605d)
Start importing Assets/Studio33 Interactive_[BasketBall] v1.1/Animations/Basketball Motions Humanoid/184_AirBigBaA.fbx using Guid(7faa342443cdc564fab54b30d3634549) Importer(2089858483,b0f066a214c2f5e87bad3c948f4d605d) (ScriptedImporter) -> (artifact id: '95d60815264fd23f21b6fe35e02e3035') in 0.0296537 seconds
Number of updated asset objects reloaded before import = 0Number of asset objects unloaded after import = 154

========================================================================
Received Import Request.
  Time since last request: 0.000043 seconds.
  path: Assets/Studio33 Interactive_[BasketBall] v1.1/Animations/Basketball Motions_Generic/1633_AlleyoopRSA.fbx
  artifactKey: Guid(45daf6c98312a7d45beee50bbf905164) Importer(2089858483,b0f066a214c2f5e87bad3c948f4d605d)
Start importing Assets/Studio33 Interactive_[BasketBall] v1.1/Animations/Basketball Motions_Generic/1633_AlleyoopRSA.fbx using Guid(45daf6c98312a7d45beee50bbf905164) Importer(2089858483,b0f066a214c2f5e87bad3c948f4d605d) (ScriptedImporter) -> (artifact id: '8d47e71e1877d96af7d0ebcd6adf8e50') in 0.0283768 seconds
Number of updated asset objects reloaded before import = 0Number of asset objects unloaded after import = 152

========================================================================
Received Import Request.
  Time since last request: 0.000061 seconds.
  path: Assets/Studio33 Interactive_[BasketBall] v1.1/Animations/Basketball Motions Humanoid/873_PassreqBaA.fbx
  artifactKey: Guid(96779c2e063607140a4d99857b232ab4) Importer(2089858483,b0f066a214c2f5e87bad3c948f4d605d)
Start importing Assets/Studio33 Interactive_[BasketBall] v1.1/Animations/Basketball Motions Humanoid/873_PassreqBaA.fbx using Guid(96779c2e063607140a4d99857b232ab4) Importer(2089858483,b0f066a214c2f5e87bad3c948f4d605d) (ScriptedImporter) -> (artifact id: 'e3c6780e8a688bd4ddf3b1e978afcd8d') in 0.0294561 seconds
Number of updated asset objects reloaded before import = 0Number of asset objects unloaded after import = 154

========================================================================
Received Import Request.
  Time since last request: 0.000041 seconds.
  path: Assets/Studio33 Interactive_[BasketBall] v1.1/Animations/Basketball Motions_Generic/444_MarkDefenceF.fbx
  artifactKey: Guid(28b65da6578facb4e8efadbc46e7191a) Importer(2089858483,b0f066a214c2f5e87bad3c948f4d605d)
Start importing Assets/Studio33 Interactive_[BasketBall] v1.1/Animations/Basketball Motions_Generic/444_MarkDefenceF.fbx using Guid(28b65da6578facb4e8efadbc46e7191a) Importer(2089858483,b0f066a214c2f5e87bad3c948f4d605d) (ScriptedImporter) -> (artifact id: '0c0df914aa0d184d80c31e831c7973a3') in 0.0283922 seconds
Number of updated asset objects reloaded before import = 0Number of asset objects unloaded after import = 152

========================================================================
Received Import Request.
  Time since last request: 0.000048 seconds.
  path: Assets/Studio33 Interactive_[BasketBall] v1.1/Animations/Basketball Motions Humanoid/1970_JumpshotUA.fbx
  artifactKey: Guid(40848b28ecb58e346bfca57b05bf1a01) Importer(2089858483,b0f066a214c2f5e87bad3c948f4d605d)
Start importing Assets/Studio33 Interactive_[BasketBall] v1.1/Animations/Basketball Motions Humanoid/1970_JumpshotUA.fbx using Guid(40848b28ecb58e346bfca57b05bf1a01) Importer(2089858483,b0f066a214c2f5e87bad3c948f4d605d) (ScriptedImporter) -> (artifact id: '0920c88cbb14fc0dfcb16b1df8969fe3') in 0.0343374 seconds
Number of updated asset objects reloaded before import = 0Number of asset objects unloaded after import = 154

========================================================================
Received Import Request.
  Time since last request: 0.000053 seconds.
  path: Assets/Studio33 Interactive_[BasketBall] v1.1/Animations/Basketball Motions Humanoid/371_CrossFakeTurrTr.fbx
  artifactKey: Guid(8a6d53090cc375b49b89f32b2f00ac1b) Importer(2089858483,b0f066a214c2f5e87bad3c948f4d605d)
Start importing Assets/Studio33 Interactive_[BasketBall] v1.1/Animations/Basketball Motions Humanoid/371_CrossFakeTurrTr.fbx using Guid(8a6d53090cc375b49b89f32b2f00ac1b) Importer(2089858483,b0f066a214c2f5e87bad3c948f4d605d) (ScriptedImporter) -> (artifact id: 'abb608398334abd50fa97b6e6def30ae') in 0.0326049 seconds
Number of updated asset objects reloaded before import = 0Number of asset objects unloaded after import = 154

========================================================================
Received Import Request.
  Time since last request: 0.000044 seconds.
  path: Assets/Studio33 Interactive_[BasketBall] v1.1/Animations/Basketball Motions_Generic/1592_DunkClutchFLeftA.fbx
  artifactKey: Guid(db2d8a44aa3145041a702bae24296beb) Importer(2089858483,b0f066a214c2f5e87bad3c948f4d605d)
Start importing Assets/Studio33 Interactive_[BasketBall] v1.1/Animations/Basketball Motions_Generic/1592_DunkClutchFLeftA.fbx using Guid(db2d8a44aa3145041a702bae24296beb) Importer(2089858483,b0f066a214c2f5e87bad3c948f4d605d) (ScriptedImporter) -> (artifact id: 'c069dc6930ce8cf63c57be5fc1b4f7c8') in 0.0276357 seconds
Number of updated asset objects reloaded before import = 0Number of asset objects unloaded after import = 152

========================================================================
Received Import Request.
  Time since last request: 0.000041 seconds.
  path: Assets/Studio33 Interactive_[BasketBall] v1.1/Animations/Basketball Motions_Generic/596_Shadowsteal.fbx
  artifactKey: Guid(4db44a8b830bfae468e026bb2a1196dd) Importer(2089858483,b0f066a214c2f5e87bad3c948f4d605d)
Start importing Assets/Studio33 Interactive_[BasketBall] v1.1/Animations/Basketball Motions_Generic/596_Shadowsteal.fbx using Guid(4db44a8b830bfae468e026bb2a1196dd) Importer(2089858483,b0f066a214c2f5e87bad3c948f4d605d) (ScriptedImporter) -> (artifact id: '45733a3b6f91e455175dff739f8a3fd3') in 0.0293178 seconds
Number of updated asset objects reloaded before import = 0Number of asset objects unloaded after import = 152

========================================================================
Received Import Request.
  Time since last request: 0.000043 seconds.
  path: Assets/Studio33 Interactive_[BasketBall] v1.1/Animations/Basketball Motions Humanoid/40_BlockingckncatchLongFarJumpFA.fbx
  artifactKey: Guid(f4b2c8f39c79c3a4ea205cf36f3cd8e2) Importer(2089858483,b0f066a214c2f5e87bad3c948f4d605d)
Start importing Assets/Studio33 Interactive_[BasketBall] v1.1/Animations/Basketball Motions Humanoid/40_BlockingckncatchLongFarJumpFA.fbx using Guid(f4b2c8f39c79c3a4ea205cf36f3cd8e2) Importer(2089858483,b0f066a214c2f5e87bad3c948f4d605d) (ScriptedImporter) -> (artifact id: 'b652c6aa6e17a03e142da1ee73c354e2') in 0.0309861 seconds
Number of updated asset objects reloaded before import = 0Number of asset objects unloaded after import = 154

========================================================================
Received Import Request.
  Time since last request: 0.000037 seconds.
  path: Assets/Studio33 Interactive_[BasketBall] v1.1/Animations/Basketball Motions Humanoid/402_OffballcutLA.fbx
  artifactKey: Guid(9b3fdec1cab9c2d4c9c974845157150d) Importer(2089858483,b0f066a214c2f5e87bad3c948f4d605d)
Start importing Assets/Studio33 Interactive_[BasketBall] v1.1/Animations/Basketball Motions Humanoid/402_OffballcutLA.fbx using Guid(9b3fdec1cab9c2d4c9c974845157150d) Importer(2089858483,b0f066a214c2f5e87bad3c948f4d605d) (ScriptedImporter) -> (artifact id: '993ef5926fa1a0e9d5bdc7e415a29f4b') in 0.0297984 seconds
Number of updated asset objects reloaded before import = 0Number of asset objects unloaded after import = 154

========================================================================
Received Import Request.
  Time since last request: 0.000046 seconds.
  path: Assets/Studio33 Interactive_[BasketBall] v1.1/Animations/Basketball Motions Humanoid/1792_DunkCA.fbx
  artifactKey: Guid(62be94e1844bf9e418f48e0d35b38ff4) Importer(2089858483,b0f066a214c2f5e87bad3c948f4d605d)
Start importing Assets/Studio33 Interactive_[BasketBall] v1.1/Animations/Basketball Motions Humanoid/1792_DunkCA.fbx using Guid(62be94e1844bf9e418f48e0d35b38ff4) Importer(2089858483,b0f066a214c2f5e87bad3c948f4d605d) (ScriptedImporter) -> (artifact id: '77b97cc2ba2245b70f683280d6548a6e') in 0.0382028 seconds
Number of updated asset objects reloaded before import = 0Number of asset objects unloaded after import = 154

========================================================================
Received Import Request.
  Time since last request: 0.000054 seconds.
  path: Assets/Studio33 Interactive_[BasketBall] v1.1/Animations/Basketball Motions_Generic/502_Dribbleright.fbx
  artifactKey: Guid(6bed8d07f2a105847a93e9ca9b9ca62a) Importer(2089858483,b0f066a214c2f5e87bad3c948f4d605d)
Start importing Assets/Studio33 Interactive_[BasketBall] v1.1/Animations/Basketball Motions_Generic/502_Dribbleright.fbx using Guid(6bed8d07f2a105847a93e9ca9b9ca62a) Importer(2089858483,b0f066a214c2f5e87bad3c948f4d605d) (ScriptedImporter) -> (artifact id: 'a4941ec191c66a0e84d36564ef4c15c3') in 0.0258763 seconds
Number of updated asset objects reloaded before import = 0Number of asset objects unloaded after import = 152

========================================================================
Received Import Request.
  Time since last request: 0.000026 seconds.
  path: Assets/Studio33 Interactive_[BasketBall] v1.1/Animations/Basketball Motions_Generic/1415_ScoopshotF.fbx
  artifactKey: Guid(7909b9cbb0a377d4e9af472bb21d367f) Importer(2089858483,b0f066a214c2f5e87bad3c948f4d605d)
Start importing Assets/Studio33 Interactive_[BasketBall] v1.1/Animations/Basketball Motions_Generic/1415_ScoopshotF.fbx using Guid(7909b9cbb0a377d4e9af472bb21d367f) Importer(2089858483,b0f066a214c2f5e87bad3c948f4d605d) (ScriptedImporter) -> (artifact id: '9466848ae28a7e143da84ca09105f235') in 0.0257342 seconds
Number of updated asset objects reloaded before import = 0Number of asset objects unloaded after import = 152

========================================================================
Received Import Request.
  Time since last request: 0.000037 seconds.
  path: Assets/Studio33 Interactive_[BasketBall] v1.1/Animations/Basketball Motions Humanoid/380_SpinStepLayupA.fbx
  artifactKey: Guid(e2ce402015e8c4645ad1c57a8b3360b0) Importer(2089858483,b0f066a214c2f5e87bad3c948f4d605d)
Start importing Assets/Studio33 Interactive_[BasketBall] v1.1/Animations/Basketball Motions Humanoid/380_SpinStepLayupA.fbx using Guid(e2ce402015e8c4645ad1c57a8b3360b0) Importer(2089858483,b0f066a214c2f5e87bad3c948f4d605d) (ScriptedImporter) -> (artifact id: 'cf0056ef868540c6873b6705bf2cd598') in 0.0293094 seconds
Number of updated asset objects reloaded before import = 0Number of asset objects unloaded after import = 154

========================================================================
Received Import Request.
  Time since last request: 0.000042 seconds.
  path: Assets/Studio33 Interactive_[BasketBall] v1.1/Animations/Basketball Motions Humanoid/575_StealpassA.fbx
  artifactKey: Guid(eae3b016fe1e00f47934fe63f96887f9) Importer(2089858483,b0f066a214c2f5e87bad3c948f4d605d)
Start importing Assets/Studio33 Interactive_[BasketBall] v1.1/Animations/Basketball Motions Humanoid/575_StealpassA.fbx using Guid(eae3b016fe1e00f47934fe63f96887f9) Importer(2089858483,b0f066a214c2f5e87bad3c948f4d605d) (ScriptedImporter) -> (artifact id: '1af2be0a92faade9efa573e1352106a9') in 0.0306309 seconds
Number of updated asset objects reloaded before import = 0Number of asset objects unloaded after import = 154

========================================================================
Received Import Request.
  Time since last request: 0.000059 seconds.
  path: Assets/Studio33 Interactive_[BasketBall] v1.1/Animations/Basketball Motions Humanoid/1891_JumpshotMFakeA.fbx
  artifactKey: Guid(448ac7044c35ae14084558f32da8cfed) Importer(2089858483,b0f066a214c2f5e87bad3c948f4d605d)
Start importing Assets/Studio33 Interactive_[BasketBall] v1.1/Animations/Basketball Motions Humanoid/1891_JumpshotMFakeA.fbx using Guid(448ac7044c35ae14084558f32da8cfed) Importer(2089858483,b0f066a214c2f5e87bad3c948f4d605d) (ScriptedImporter) -> (artifact id: '1760b7a6d976ad24ee760d74a6997e51') in 0.0334901 seconds
Number of updated asset objects reloaded before import = 0Number of asset objects unloaded after import = 154

========================================================================
Received Import Request.
  Time since last request: 0.000042 seconds.
  path: Assets/Studio33 Interactive_[BasketBall] v1.1/Animations/Basketball Motions Humanoid/2110_JumpshotReadyFake.fbx
  artifactKey: Guid(dab934652a4310447a9bd4b91cb1c8c3) Importer(2089858483,b0f066a214c2f5e87bad3c948f4d605d)
Start importing Assets/Studio33 Interactive_[BasketBall] v1.1/Animations/Basketball Motions Humanoid/2110_JumpshotReadyFake.fbx using Guid(dab934652a4310447a9bd4b91cb1c8c3) Importer(2089858483,b0f066a214c2f5e87bad3c948f4d605d) (ScriptedImporter) -> (artifact id: '1d9f9dd2a084077f8796b1daa7ec7fb1') in 0.0334358 seconds
Number of updated asset objects reloaded before import = 0Number of asset objects unloaded after import = 154

========================================================================
Received Import Request.
  Time since last request: 0.000041 seconds.
  path: Assets/Studio33 Interactive_[BasketBall] v1.1/Animations/Basketball Motions Humanoid/84_BlockingckpassShortFA.fbx
  artifactKey: Guid(e5ae0ecb886de464fac32087dc9018b1) Importer(2089858483,b0f066a214c2f5e87bad3c948f4d605d)
Start importing Assets/Studio33 Interactive_[BasketBall] v1.1/Animations/Basketball Motions Humanoid/84_BlockingckpassShortFA.fbx using Guid(e5ae0ecb886de464fac32087dc9018b1) Importer(2089858483,b0f066a214c2f5e87bad3c948f4d605d) (ScriptedImporter) -> (artifact id: '2a3fdda816251899d3c3eb02d189d67e') in 0.0318738 seconds
Number of updated asset objects reloaded before import = 0Number of asset objects unloaded after import = 154

========================================================================
Received Import Request.
  Time since last request: 0.000056 seconds.
  path: Assets/Studio33 Interactive_[BasketBall] v1.1/Animations/Basketball Motions_Generic/60_BlockinglongNearF.fbx
  artifactKey: Guid(26bef04a4e4fea748b139cf2e5a5ae62) Importer(815301076,1909f56bfc062723c751e8b465ee728b)
Start importing Assets/Studio33 Interactive_[BasketBall] v1.1/Animations/Basketball Motions_Generic/60_BlockinglongNearF.fbx using Guid(26bef04a4e4fea748b139cf2e5a5ae62) Importer(815301076,1909f56bfc062723c751e8b465ee728b) (PreviewImporter) -> (artifact id: '9dd76caf8aa15b04e8c9b2603a011caa') in 0.0419527 seconds
Number of updated asset objects reloaded before import = 0Number of asset objects unloaded after import = 152

========================================================================
Received Import Request.
  Time since last request: 0.000032 seconds.
  path: Assets/Studio33 Interactive_[BasketBall] v1.1/Animations/Basketball Motions_Generic/1394_JumpshotUAA.fbx
  artifactKey: Guid(004531f6cb26b20418ada074dd83f044) Importer(2089858483,b0f066a214c2f5e87bad3c948f4d605d)
Start importing Assets/Studio33 Interactive_[BasketBall] v1.1/Animations/Basketball Motions_Generic/1394_JumpshotUAA.fbx using Guid(004531f6cb26b20418ada074dd83f044) Importer(2089858483,b0f066a214c2f5e87bad3c948f4d605d) (ScriptedImporter) -> (artifact id: 'a402857ae60a9bc2ebcd01f6ddbcb5eb') in 0.0260477 seconds
Number of updated asset objects reloaded before import = 0Number of asset objects unloaded after import = 152

========================================================================
Received Import Request.
  Time since last request: 0.000040 seconds.
  path: Assets/Studio33 Interactive_[BasketBall] v1.1/Animations/Basketball Motions Humanoid/1010_Rebound B.fbx
  artifactKey: Guid(f34257d9df8b92241a283c2dec9a5e26) Importer(2089858483,b0f066a214c2f5e87bad3c948f4d605d)
Start importing Assets/Studio33 Interactive_[BasketBall] v1.1/Animations/Basketball Motions Humanoid/1010_Rebound B.fbx using Guid(f34257d9df8b92241a283c2dec9a5e26) Importer(2089858483,b0f066a214c2f5e87bad3c948f4d605d) (ScriptedImporter) -> (artifact id: 'abe712a5fb8f30abff6a6523c652ed36') in 0.0287199 seconds
Number of updated asset objects reloaded before import = 0Number of asset objects unloaded after import = 154

========================================================================
Received Import Request.
  Time since last request: 0.000055 seconds.
  path: Assets/Studio33 Interactive_[BasketBall] v1.1/Animations/Basketball Motions Humanoid/43_BlockingckncatchLongNearFA.fbx
  artifactKey: Guid(75201ead2b87e79489ea2ea884b237b3) Importer(2089858483,b0f066a214c2f5e87bad3c948f4d605d)
Start importing Assets/Studio33 Interactive_[BasketBall] v1.1/Animations/Basketball Motions Humanoid/43_BlockingckncatchLongNearFA.fbx using Guid(75201ead2b87e79489ea2ea884b237b3) Importer(2089858483,b0f066a214c2f5e87bad3c948f4d605d) (ScriptedImporter) -> (artifact id: '15d2102e4cc3e6a794bc5a6a977952d2') in 0.0360484 seconds
Number of updated asset objects reloaded before import = 0Number of asset objects unloaded after import = 154

========================================================================
Received Import Request.
  Time since last request: 0.000033 seconds.
  path: Assets/Studio33 Interactive_[BasketBall] v1.1/Animations/Basketball Motions_Generic/1892_JumpshotReadyFake.fbx
  artifactKey: Guid(61c283b6b2907de408b825094285cb9c) Importer(2089858483,b0f066a214c2f5e87bad3c948f4d605d)
Start importing Assets/Studio33 Interactive_[BasketBall] v1.1/Animations/Basketball Motions_Generic/1892_JumpshotReadyFake.fbx using Guid(61c283b6b2907de408b825094285cb9c) Importer(2089858483,b0f066a214c2f5e87bad3c948f4d605d) (ScriptedImporter) -> (artifact id: 'c6a687232f9cde258a77b12ef9f90467') in 0.0310489 seconds
Number of updated asset objects reloaded before import = 0Number of asset objects unloaded after import = 152

========================================================================
Received Import Request.
  Time since last request: 0.000051 seconds.
  path: Assets/Studio33 Interactive_[BasketBall] v1.1/Animations/Basketball Motions Humanoid/815_PassChestA.fbx
  artifactKey: Guid(2871f750ffe53dd4aba65bced74957e0) Importer(2089858483,b0f066a214c2f5e87bad3c948f4d605d)
Start importing Assets/Studio33 Interactive_[BasketBall] v1.1/Animations/Basketball Motions Humanoid/815_PassChestA.fbx using Guid(2871f750ffe53dd4aba65bced74957e0) Importer(2089858483,b0f066a214c2f5e87bad3c948f4d605d) (ScriptedImporter) -> (artifact id: 'b171738bce8e4eb8d5e22d576c7f0876') in 0.0308381 seconds
Number of updated asset objects reloaded before import = 0Number of asset objects unloaded after import = 154

========================================================================
Received Import Request.
  Time since last request: 0.000072 seconds.
  path: Assets/Studio33 Interactive_[BasketBall] v1.1/Animations/Basketball Motions_Generic/322_TurnstepFRC.fbx
  artifactKey: Guid(79aa3831255a46d48a9654e2cb48978a) Importer(2089858483,b0f066a214c2f5e87bad3c948f4d605d)
Start importing Assets/Studio33 Interactive_[BasketBall] v1.1/Animations/Basketball Motions_Generic/322_TurnstepFRC.fbx using Guid(79aa3831255a46d48a9654e2cb48978a) Importer(2089858483,b0f066a214c2f5e87bad3c948f4d605d) (ScriptedImporter) -> (artifact id: 'b5bb00205867b7dce4e684c34d9333e1') in 0.0292831 seconds
Number of updated asset objects reloaded before import = 0Number of asset objects unloaded after import = 152

========================================================================
Received Import Request.
  Time since last request: 0.000047 seconds.
  path: Assets/Studio33 Interactive_[BasketBall] v1.1/Animations/Basketball Motions Humanoid/1226_LayupRA.fbx
  artifactKey: Guid(4bc1b4180c069c449806cc7640d40acf) Importer(2089858483,b0f066a214c2f5e87bad3c948f4d605d)
Start importing Assets/Studio33 Interactive_[BasketBall] v1.1/Animations/Basketball Motions Humanoid/1226_LayupRA.fbx using Guid(4bc1b4180c069c449806cc7640d40acf) Importer(2089858483,b0f066a214c2f5e87bad3c948f4d605d) (ScriptedImporter) -> (artifact id: '5dac4635be6eafab3d258dda8a210df5') in 0.032245 seconds
Number of updated asset objects reloaded before import = 0Number of asset objects unloaded after import = 154

========================================================================
Received Import Request.
  Time since last request: 0.000050 seconds.
  path: Assets/Studio33 Interactive_[BasketBall] v1.1/Animations/Basketball Motions Humanoid/1639_TipicA.fbx
  artifactKey: Guid(eea9560ca22bb2c449c911c7bfc2a679) Importer(2089858483,b0f066a214c2f5e87bad3c948f4d605d)
Start importing Assets/Studio33 Interactive_[BasketBall] v1.1/Animations/Basketball Motions Humanoid/1639_TipicA.fbx using Guid(eea9560ca22bb2c449c911c7bfc2a679) Importer(2089858483,b0f066a214c2f5e87bad3c948f4d605d) (ScriptedImporter) -> (artifact id: '80c1068a043a6a867da55067376af1d5') in 0.0308862 seconds
Number of updated asset objects reloaded before import = 0Number of asset objects unloaded after import = 154

========================================================================
Received Import Request.
  Time since last request: 0.000053 seconds.
  path: Assets/Studio33 Interactive_[BasketBall] v1.1/Animations/Basketball Motions Humanoid/1971_JumpshotUFakeA.fbx
  artifactKey: Guid(c918eba43da385a4db29bff34b724e94) Importer(2089858483,b0f066a214c2f5e87bad3c948f4d605d)
Start importing Assets/Studio33 Interactive_[BasketBall] v1.1/Animations/Basketball Motions Humanoid/1971_JumpshotUFakeA.fbx using Guid(c918eba43da385a4db29bff34b724e94) Importer(2089858483,b0f066a214c2f5e87bad3c948f4d605d) (ScriptedImporter) -> (artifact id: 'c3498d17d249ea8d0e5890ea76f5bb0a') in 0.0360983 seconds
Number of updated asset objects reloaded before import = 0Number of asset objects unloaded after import = 154

========================================================================
Received Import Request.
  Time since last request: 0.000045 seconds.
  path: Assets/Studio33 Interactive_[BasketBall] v1.1/Animations/Basketball Motions_Generic/582_ShadowstealA.fbx
  artifactKey: Guid(1cd8d639d849d74449a1715f57d14500) Importer(2089858483,b0f066a214c2f5e87bad3c948f4d605d)
Start importing Assets/Studio33 Interactive_[BasketBall] v1.1/Animations/Basketball Motions_Generic/582_ShadowstealA.fbx using Guid(1cd8d639d849d74449a1715f57d14500) Importer(2089858483,b0f066a214c2f5e87bad3c948f4d605d) (ScriptedImporter) -> (artifact id: '7ed73da38189d9d908d4c67d24732fd7') in 0.0276759 seconds
Number of updated asset objects reloaded before import = 0Number of asset objects unloaded after import = 152

========================================================================
Received Import Request.
  Time since last request: 0.000048 seconds.
  path: Assets/Studio33 Interactive_[BasketBall] v1.1/Animations/Basketball Motions Humanoid/2097_JumpshotMA.fbx
  artifactKey: Guid(72274ea5bcd6a3740979387982ace7d8) Importer(2089858483,b0f066a214c2f5e87bad3c948f4d605d)
Start importing Assets/Studio33 Interactive_[BasketBall] v1.1/Animations/Basketball Motions Humanoid/2097_JumpshotMA.fbx using Guid(72274ea5bcd6a3740979387982ace7d8) Importer(2089858483,b0f066a214c2f5e87bad3c948f4d605d) (ScriptedImporter) -> (artifact id: '8c8890c7ec0853fd8dc6785e235ecb10') in 0.0615934 seconds
Number of updated asset objects reloaded before import = 0Number of asset objects unloaded after import = 154

========================================================================
Received Import Request.
  Time since last request: 0.000061 seconds.
  path: Assets/Studio33 Interactive_[BasketBall] v1.1/Animations/Basketball Motions_Generic/1292_DunkCA.fbx
  artifactKey: Guid(152ccc978d27bf947b498d29de4aad2c) Importer(2089858483,b0f066a214c2f5e87bad3c948f4d605d)
Start importing Assets/Studio33 Interactive_[BasketBall] v1.1/Animations/Basketball Motions_Generic/1292_DunkCA.fbx using Guid(152ccc978d27bf947b498d29de4aad2c) Importer(2089858483,b0f066a214c2f5e87bad3c948f4d605d) (ScriptedImporter) -> (artifact id: '5970055ce187eb077301919a296dd0d7') in 0.0295782 seconds
Number of updated asset objects reloaded before import = 0Number of asset objects unloaded after import = 152

========================================================================
Received Import Request.
  Time since last request: 0.000038 seconds.
  path: Assets/Studio33 Interactive_[BasketBall] v1.1/Animations/Basketball Motions Humanoid/1693_LayupCA.fbx
  artifactKey: Guid(19f69103d893a954cb46a16719c59046) Importer(2089858483,b0f066a214c2f5e87bad3c948f4d605d)
Start importing Assets/Studio33 Interactive_[BasketBall] v1.1/Animations/Basketball Motions Humanoid/1693_LayupCA.fbx using Guid(19f69103d893a954cb46a16719c59046) Importer(2089858483,b0f066a214c2f5e87bad3c948f4d605d) (ScriptedImporter) -> (artifact id: '8fa886db8da9d6346859d4da6121b726') in 0.0314245 seconds
Number of updated asset objects reloaded before import = 0Number of asset objects unloaded after import = 154

========================================================================
Received Import Request.
  Time since last request: 0.000059 seconds.
  path: Assets/Studio33 Interactive_[BasketBall] v1.1/Animations/Basketball Motions Humanoid/592_IntRHighA.fbx
  artifactKey: Guid(f4c401e4733c11a44ae4f392542be631) Importer(2089858483,b0f066a214c2f5e87bad3c948f4d605d)
Start importing Assets/Studio33 Interactive_[BasketBall] v1.1/Animations/Basketball Motions Humanoid/592_IntRHighA.fbx using Guid(f4c401e4733c11a44ae4f392542be631) Importer(2089858483,b0f066a214c2f5e87bad3c948f4d605d) (ScriptedImporter) -> (artifact id: '358e673228c8dfa754d72d4873ca21c9') in 0.0332707 seconds
Number of updated asset objects reloaded before import = 0Number of asset objects unloaded after import = 154

========================================================================
Received Import Request.
  Time since last request: 0.000071 seconds.
  path: Assets/Studio33 Interactive_[BasketBall] v1.1/Animations/Basketball Motions_Generic/785_ShootpassLayupLongRightA.fbx
  artifactKey: Guid(16a605fab9d8656489758286d5b7677b) Importer(2089858483,b0f066a214c2f5e87bad3c948f4d605d)
Start importing Assets/Studio33 Interactive_[BasketBall] v1.1/Animations/Basketball Motions_Generic/785_ShootpassLayupLongRightA.fbx using Guid(16a605fab9d8656489758286d5b7677b) Importer(2089858483,b0f066a214c2f5e87bad3c948f4d605d) (ScriptedImporter) -> (artifact id: '8e5725c44434195bfe413137b95122a9') in 0.0310794 seconds
Number of updated asset objects reloaded before import = 0Number of asset objects unloaded after import = 152

========================================================================
Received Import Request.
  Time since last request: 0.000034 seconds.
  path: Assets/Studio33 Interactive_[BasketBall] v1.1/Animations/Basketball Motions Humanoid/1022_Rebound rB.fbx
  artifactKey: Guid(31ee333e336a3b94a8d867f01efc4485) Importer(2089858483,b0f066a214c2f5e87bad3c948f4d605d)
Start importing Assets/Studio33 Interactive_[BasketBall] v1.1/Animations/Basketball Motions Humanoid/1022_Rebound rB.fbx using Guid(31ee333e336a3b94a8d867f01efc4485) Importer(2089858483,b0f066a214c2f5e87bad3c948f4d605d) (ScriptedImporter) -> (artifact id: '7b64fb812797a005e4d621f57f773d76') in 0.0303549 seconds
Number of updated asset objects reloaded before import = 0Number of asset objects unloaded after import = 154

========================================================================
Received Import Request.
  Time since last request: 0.000055 seconds.
  path: Assets/Studio33 Interactive_[BasketBall] v1.1/Animations/Basketball Motions Humanoid/39_BlockingshortLayupF.fbx
  artifactKey: Guid(cdafae0bbe2e7a146b27b4a7f54adf01) Importer(2089858483,b0f066a214c2f5e87bad3c948f4d605d)
Start importing Assets/Studio33 Interactive_[BasketBall] v1.1/Animations/Basketball Motions Humanoid/39_BlockingshortLayupF.fbx using Guid(cdafae0bbe2e7a146b27b4a7f54adf01) Importer(2089858483,b0f066a214c2f5e87bad3c948f4d605d) (ScriptedImporter) -> (artifact id: '1fa733621434662fe7473006aa042595') in 0.0275204 seconds
Number of updated asset objects reloaded before import = 0Number of asset objects unloaded after import = 154

========================================================================
Received Import Request.
  Time since last request: 0.000056 seconds.
  path: Assets/Studio33 Interactive_[BasketBall] v1.1/Animations/Basketball Motions_Generic/1756_DunkRA.fbx
  artifactKey: Guid(e7939772bb4ee1044b1159522b55f71b) Importer(2089858483,b0f066a214c2f5e87bad3c948f4d605d)
Start importing Assets/Studio33 Interactive_[BasketBall] v1.1/Animations/Basketball Motions_Generic/1756_DunkRA.fbx using Guid(e7939772bb4ee1044b1159522b55f71b) Importer(2089858483,b0f066a214c2f5e87bad3c948f4d605d) (ScriptedImporter) -> (artifact id: '2f5860510001662204234fd0b76daa86') in 0.0287634 seconds
Number of updated asset objects reloaded before import = 0Number of asset objects unloaded after import = 152

========================================================================
Received Import Request.
  Time since last request: 0.000042 seconds.
  path: Assets/Studio33 Interactive_[BasketBall] v1.1/Animations/Basketball Motions_Generic/1288_DunkCA.fbx
  artifactKey: Guid(d38aa6f6a3b19b149be42f27ac7a0671) Importer(2089858483,b0f066a214c2f5e87bad3c948f4d605d)
Start importing Assets/Studio33 Interactive_[BasketBall] v1.1/Animations/Basketball Motions_Generic/1288_DunkCA.fbx using Guid(d38aa6f6a3b19b149be42f27ac7a0671) Importer(2089858483,b0f066a214c2f5e87bad3c948f4d605d) (ScriptedImporter) -> (artifact id: 'd2a22f13bd066a413cb868c17f102662') in 0.0288512 seconds
Number of updated asset objects reloaded before import = 0Number of asset objects unloaded after import = 152

========================================================================
Received Import Request.
  Time since last request: 0.000038 seconds.
  path: Assets/Studio33 Interactive_[BasketBall] v1.1/Animations/Basketball Motions Humanoid/322_TurnstepFRC.fbx
  artifactKey: Guid(04044cc26197b9a41a983df466eccb90) Importer(2089858483,b0f066a214c2f5e87bad3c948f4d605d)
Start importing Assets/Studio33 Interactive_[BasketBall] v1.1/Animations/Basketball Motions Humanoid/322_TurnstepFRC.fbx using Guid(04044cc26197b9a41a983df466eccb90) Importer(2089858483,b0f066a214c2f5e87bad3c948f4d605d) (ScriptedImporter) -> (artifact id: '974306e2973adeb271e19aec09a2ca58') in 0.0332626 seconds
Number of updated asset objects reloaded before import = 0Number of asset objects unloaded after import = 154

========================================================================
Received Import Request.
  Time since last request: 0.000052 seconds.
  path: Assets/Studio33 Interactive_[BasketBall] v1.1/Animations/Basketball Motions_Generic/76_BlockingckncatchShortLA.fbx
  artifactKey: Guid(1bdb223d47e218d46aa81c00fdc3e6a4) Importer(815301076,1909f56bfc062723c751e8b465ee728b)
Start importing Assets/Studio33 Interactive_[BasketBall] v1.1/Animations/Basketball Motions_Generic/76_BlockingckncatchShortLA.fbx using Guid(1bdb223d47e218d46aa81c00fdc3e6a4) Importer(815301076,1909f56bfc062723c751e8b465ee728b) (PreviewImporter) -> (artifact id: '106e88ee49e90c0b4c11748e69af1ffd') in 0.0465125 seconds
Number of updated asset objects reloaded before import = 0Number of asset objects unloaded after import = 152

========================================================================
Received Import Request.
  Time since last request: 0.000046 seconds.
  path: Assets/Studio33 Interactive_[BasketBall] v1.1/Animations/Basketball Motions Humanoid/919_PostThRightLA.fbx
  artifactKey: Guid(56874145bfad8dd4ab4c90c5bcbc2e3b) Importer(2089858483,b0f066a214c2f5e87bad3c948f4d605d)
Start importing Assets/Studio33 Interactive_[BasketBall] v1.1/Animations/Basketball Motions Humanoid/919_PostThRightLA.fbx using Guid(56874145bfad8dd4ab4c90c5bcbc2e3b) Importer(2089858483,b0f066a214c2f5e87bad3c948f4d605d) (ScriptedImporter) -> (artifact id: '3026418a802ed418da305e0093984eb0') in 0.0319856 seconds
Number of updated asset objects reloaded before import = 0Number of asset objects unloaded after import = 154

========================================================================
Received Import Request.
  Time since last request: 0.000045 seconds.
  path: Assets/Studio33 Interactive_[BasketBall] v1.1/Animations/Basketball Motions Humanoid/706_AlleyooppassRevA.fbx
  artifactKey: Guid(ce99dc7049e917d46bd7e22f2b30e908) Importer(2089858483,b0f066a214c2f5e87bad3c948f4d605d)
Start importing Assets/Studio33 Interactive_[BasketBall] v1.1/Animations/Basketball Motions Humanoid/706_AlleyooppassRevA.fbx using Guid(ce99dc7049e917d46bd7e22f2b30e908) Importer(2089858483,b0f066a214c2f5e87bad3c948f4d605d) (ScriptedImporter) -> (artifact id: '5959adf45c6b14dabf67a1b313377bbc') in 0.0294243 seconds
Number of updated asset objects reloaded before import = 0Number of asset objects unloaded after import = 154

========================================================================
Received Import Request.
  Time since last request: 0.000044 seconds.
  path: Assets/Studio33 Interactive_[BasketBall] v1.1/Animations/Basketball Motions Humanoid/161_MovePushedBa.fbx
  artifactKey: Guid(e01e2bedafbc65048a7ee30be967998f) Importer(2089858483,b0f066a214c2f5e87bad3c948f4d605d)
Start importing Assets/Studio33 Interactive_[BasketBall] v1.1/Animations/Basketball Motions Humanoid/161_MovePushedBa.fbx using Guid(e01e2bedafbc65048a7ee30be967998f) Importer(2089858483,b0f066a214c2f5e87bad3c948f4d605d) (ScriptedImporter) -> (artifact id: 'a2c4c734ee583468921030af40370fe0') in 0.033023 seconds
Number of updated asset objects reloaded before import = 0Number of asset objects unloaded after import = 154

========================================================================
Received Import Request.
  Time since last request: 0.000053 seconds.
  path: Assets/Studio33 Interactive_[BasketBall] v1.1/Animations/Basketball Motions_Generic/2208_BounceBall.fbx
  artifactKey: Guid(9886d15f4f01f8f418632ad6db476c28) Importer(2089858483,b0f066a214c2f5e87bad3c948f4d605d)
Start importing Assets/Studio33 Interactive_[BasketBall] v1.1/Animations/Basketball Motions_Generic/2208_BounceBall.fbx using Guid(9886d15f4f01f8f418632ad6db476c28) Importer(2089858483,b0f066a214c2f5e87bad3c948f4d605d) (ScriptedImporter) -> (artifact id: '4531cb0ed88e26cdf07b3b2a1304b74f') in 0.0263322 seconds
Number of updated asset objects reloaded before import = 0Number of asset objects unloaded after import = 152

========================================================================
Received Import Request.
  Time since last request: 0.000056 seconds.
  path: Assets/Studio33 Interactive_[BasketBall] v1.1/Animations/Basketball Motions_Generic/750_PassKirA.fbx
  artifactKey: Guid(2290779f3e2d7014c85628e04fb9d5fa) Importer(2089858483,b0f066a214c2f5e87bad3c948f4d605d)
Start importing Assets/Studio33 Interactive_[BasketBall] v1.1/Animations/Basketball Motions_Generic/750_PassKirA.fbx using Guid(2290779f3e2d7014c85628e04fb9d5fa) Importer(2089858483,b0f066a214c2f5e87bad3c948f4d605d) (ScriptedImporter) -> (artifact id: '7afd825c13151146e21474044fddde83') in 0.0266121 seconds
Number of updated asset objects reloaded before import = 0Number of asset objects unloaded after import = 152

========================================================================
Received Import Request.
  Time since last request: 0.000041 seconds.
  path: Assets/Studio33 Interactive_[BasketBall] v1.1/Animations/Basketball Motions Humanoid/15_PostBackingpushedA.fbx
  artifactKey: Guid(408e338e3f78d204487861b5dd3a4626) Importer(2089858483,b0f066a214c2f5e87bad3c948f4d605d)
Start importing Assets/Studio33 Interactive_[BasketBall] v1.1/Animations/Basketball Motions Humanoid/15_PostBackingpushedA.fbx using Guid(408e338e3f78d204487861b5dd3a4626) Importer(2089858483,b0f066a214c2f5e87bad3c948f4d605d) (ScriptedImporter) -> (artifact id: '08c38fce70672ff081e0f72d262f3237') in 0.0346655 seconds
Number of updated asset objects reloaded before import = 0Number of asset objects unloaded after import = 154

========================================================================
Received Import Request.
  Time since last request: 0.000036 seconds.
  path: Assets/Studio33 Interactive_[BasketBall] v1.1/Animations/Basketball Motions Humanoid/658_Run.fbx
  artifactKey: Guid(9f13712331fca4041aa6d15b89b1dff0) Importer(2089858483,b0f066a214c2f5e87bad3c948f4d605d)
Start importing Assets/Studio33 Interactive_[BasketBall] v1.1/Animations/Basketball Motions Humanoid/658_Run.fbx using Guid(9f13712331fca4041aa6d15b89b1dff0) Importer(2089858483,b0f066a214c2f5e87bad3c948f4d605d) (ScriptedImporter) -> (artifact id: 'a6907ba335f78a014811581aeedcf9f1') in 0.0283495 seconds
Number of updated asset objects reloaded before import = 0Number of asset objects unloaded after import = 154

========================================================================
Received Import Request.
  Time since last request: 0.000052 seconds.
  path: Assets/Studio33 Interactive_[BasketBall] v1.1/Animations/Basketball Motions Humanoid/2124_DunkRA.fbx
  artifactKey: Guid(c1d7ad37608811a409823b2bc66ce631) Importer(2089858483,b0f066a214c2f5e87bad3c948f4d605d)
Start importing Assets/Studio33 Interactive_[BasketBall] v1.1/Animations/Basketball Motions Humanoid/2124_DunkRA.fbx using Guid(c1d7ad37608811a409823b2bc66ce631) Importer(2089858483,b0f066a214c2f5e87bad3c948f4d605d) (ScriptedImporter) -> (artifact id: '3d92fbde5bfba519a5eecfbe7d640140') in 0.0270304 seconds
Number of updated asset objects reloaded before import = 0Number of asset objects unloaded after import = 154

========================================================================
Received Import Request.
  Time since last request: 0.000044 seconds.
  path: Assets/Studio33 Interactive_[BasketBall] v1.1/Animations/Basketball Motions_Generic/419_MarkSideStifL.fbx
  artifactKey: Guid(eb5d453a09e0bdd4ca8bc66174ac3dbe) Importer(2089858483,b0f066a214c2f5e87bad3c948f4d605d)
Start importing Assets/Studio33 Interactive_[BasketBall] v1.1/Animations/Basketball Motions_Generic/419_MarkSideStifL.fbx using Guid(eb5d453a09e0bdd4ca8bc66174ac3dbe) Importer(2089858483,b0f066a214c2f5e87bad3c948f4d605d) (ScriptedImporter) -> (artifact id: '05ae1e0f93daaf0151a5ab71f39db729') in 0.0278326 seconds
Number of updated asset objects reloaded before import = 0Number of asset objects unloaded after import = 152

========================================================================
Received Import Request.
  Time since last request: 0.000034 seconds.
  path: Assets/Studio33 Interactive_[BasketBall] v1.1/Animations/Basketball Motions Humanoid/1112_ScreereadyA.fbx
  artifactKey: Guid(3882f7ab76c5bd444bfe7e8c70846b84) Importer(2089858483,b0f066a214c2f5e87bad3c948f4d605d)
Start importing Assets/Studio33 Interactive_[BasketBall] v1.1/Animations/Basketball Motions Humanoid/1112_ScreereadyA.fbx using Guid(3882f7ab76c5bd444bfe7e8c70846b84) Importer(2089858483,b0f066a214c2f5e87bad3c948f4d605d) (ScriptedImporter) -> (artifact id: 'c730cae4ab0abd8cd7226527cfa49650') in 0.0274717 seconds
Number of updated asset objects reloaded before import = 0Number of asset objects unloaded after import = 154

========================================================================
Received Import Request.
  Time since last request: 0.000048 seconds.
  path: Assets/Studio33 Interactive_[BasketBall] v1.1/Animations/Basketball Motions_Generic/1427_DunkCA.fbx
  artifactKey: Guid(42d6335671bf5254ca08b62bf247c7a4) Importer(2089858483,b0f066a214c2f5e87bad3c948f4d605d)
Start importing Assets/Studio33 Interactive_[BasketBall] v1.1/Animations/Basketball Motions_Generic/1427_DunkCA.fbx using Guid(42d6335671bf5254ca08b62bf247c7a4) Importer(2089858483,b0f066a214c2f5e87bad3c948f4d605d) (ScriptedImporter) -> (artifact id: 'cec07edb96aaaaf942323f79d9f578bb') in 0.0377773 seconds
Number of updated asset objects reloaded before import = 0Number of asset objects unloaded after import = 152

========================================================================
Received Import Request.
  Time since last request: 0.000051 seconds.
  path: Assets/Studio33 Interactive_[BasketBall] v1.1/Animations/Basketball Motions_Generic/467_ChangeRightLA.fbx
  artifactKey: Guid(2bcc403562e50b14896da65cb4b32e88) Importer(2089858483,b0f066a214c2f5e87bad3c948f4d605d)
Start importing Assets/Studio33 Interactive_[BasketBall] v1.1/Animations/Basketball Motions_Generic/467_ChangeRightLA.fbx using Guid(2bcc403562e50b14896da65cb4b32e88) Importer(2089858483,b0f066a214c2f5e87bad3c948f4d605d) (ScriptedImporter) -> (artifact id: '8809c80e2efb42b24e8692ef55707b47') in 0.0254639 seconds
Number of updated asset objects reloaded before import = 0Number of asset objects unloaded after import = 152

========================================================================
Received Import Request.
  Time since last request: 0.000056 seconds.
  path: Assets/Studio33 Interactive_[BasketBall] v1.1/Animations/Basketball Motions_Generic/614_LoosebahighA.fbx
  artifactKey: Guid(0e0179b4cf4803e4f8797d2d0204625a) Importer(2089858483,b0f066a214c2f5e87bad3c948f4d605d)
Start importing Assets/Studio33 Interactive_[BasketBall] v1.1/Animations/Basketball Motions_Generic/614_LoosebahighA.fbx using Guid(0e0179b4cf4803e4f8797d2d0204625a) Importer(2089858483,b0f066a214c2f5e87bad3c948f4d605d) (ScriptedImporter) -> (artifact id: 'af4c974af20e737edfb4780aba2676d0') in 0.0289421 seconds
Number of updated asset objects reloaded before import = 0Number of asset objects unloaded after import = 152

========================================================================
Received Import Request.
  Time since last request: 0.000037 seconds.
  path: Assets/Studio33 Interactive_[BasketBall] v1.1/Animations/Basketball Motions Humanoid/1396_JumpshotUA.fbx
  artifactKey: Guid(a549fe6d92031524380d37c3260bde07) Importer(2089858483,b0f066a214c2f5e87bad3c948f4d605d)
Start importing Assets/Studio33 Interactive_[BasketBall] v1.1/Animations/Basketball Motions Humanoid/1396_JumpshotUA.fbx using Guid(a549fe6d92031524380d37c3260bde07) Importer(2089858483,b0f066a214c2f5e87bad3c948f4d605d) (ScriptedImporter) -> (artifact id: 'c96eab2f7a6a7657dbe95b40b330daba') in 0.0275515 seconds
Number of updated asset objects reloaded before import = 0Number of asset objects unloaded after import = 154

========================================================================
Received Import Request.
  Time since last request: 0.000063 seconds.
  path: Assets/Studio33 Interactive_[BasketBall] v1.1/Animations/Basketball Motions_Generic/885_PostBafrontDunkfakeA.fbx
  artifactKey: Guid(7471531bfc21f024da4353cbe9b98d61) Importer(2089858483,b0f066a214c2f5e87bad3c948f4d605d)
Start importing Assets/Studio33 Interactive_[BasketBall] v1.1/Animations/Basketball Motions_Generic/885_PostBafrontDunkfakeA.fbx using Guid(7471531bfc21f024da4353cbe9b98d61) Importer(2089858483,b0f066a214c2f5e87bad3c948f4d605d) (ScriptedImporter) -> (artifact id: '3460570af7db6b27d11a0e7eca1eb27c') in 0.0292419 seconds
Number of updated asset objects reloaded before import = 0Number of asset objects unloaded after import = 152

========================================================================
Received Import Request.
  Time since last request: 0.000060 seconds.
  path: Assets/Studio33 Interactive_[BasketBall] v1.1/Animations/Basketball Motions_Generic/1557_LayupCA.fbx
  artifactKey: Guid(f9563409e2a75414a99519bd015e3ec1) Importer(2089858483,b0f066a214c2f5e87bad3c948f4d605d)
Start importing Assets/Studio33 Interactive_[BasketBall] v1.1/Animations/Basketball Motions_Generic/1557_LayupCA.fbx using Guid(f9563409e2a75414a99519bd015e3ec1) Importer(2089858483,b0f066a214c2f5e87bad3c948f4d605d) (ScriptedImporter) -> (artifact id: '5af362c3b55c72aa0a09a60e538bcc75') in 0.0417589 seconds
Number of updated asset objects reloaded before import = 0Number of asset objects unloaded after import = 152

========================================================================
Received Import Request.
  Time since last request: 0.000038 seconds.
  path: Assets/Studio33 Interactive_[BasketBall] v1.1/Animations/Basketball Motions_Generic/1881_DunkRRevA.fbx
  artifactKey: Guid(903720e2d1d31e04193f36b12bf212cd) Importer(2089858483,b0f066a214c2f5e87bad3c948f4d605d)
Start importing Assets/Studio33 Interactive_[BasketBall] v1.1/Animations/Basketball Motions_Generic/1881_DunkRRevA.fbx using Guid(903720e2d1d31e04193f36b12bf212cd) Importer(2089858483,b0f066a214c2f5e87bad3c948f4d605d) (ScriptedImporter) -> (artifact id: 'd2718698296ea5a387838541d33f28a7') in 0.0309573 seconds
Number of updated asset objects reloaded before import = 0Number of asset objects unloaded after import = 152

========================================================================
Received Import Request.
  Time since last request: 0.000040 seconds.
  path: Assets/Studio33 Interactive_[BasketBall] v1.1/Animations/Basketball Motions Humanoid/1960_JumpshotCA.fbx
  artifactKey: Guid(dde6c140a941a7841bf030e87a1b0332) Importer(2089858483,b0f066a214c2f5e87bad3c948f4d605d)
Start importing Assets/Studio33 Interactive_[BasketBall] v1.1/Animations/Basketball Motions Humanoid/1960_JumpshotCA.fbx using Guid(dde6c140a941a7841bf030e87a1b0332) Importer(2089858483,b0f066a214c2f5e87bad3c948f4d605d) (ScriptedImporter) -> (artifact id: '64e71b2f05e950beb123f4750dea3386') in 0.0303386 seconds
Number of updated asset objects reloaded before import = 0Number of asset objects unloaded after import = 154

========================================================================
Received Import Request.
  Time since last request: 0.000049 seconds.
  path: Assets/Studio33 Interactive_[BasketBall] v1.1/Animations/Basketball Motions_Generic/587_DenyA.fbx
  artifactKey: Guid(54e897d0860e7c142a10b4b088de6f3a) Importer(2089858483,b0f066a214c2f5e87bad3c948f4d605d)
Start importing Assets/Studio33 Interactive_[BasketBall] v1.1/Animations/Basketball Motions_Generic/587_DenyA.fbx using Guid(54e897d0860e7c142a10b4b088de6f3a) Importer(2089858483,b0f066a214c2f5e87bad3c948f4d605d) (ScriptedImporter) -> (artifact id: '6e98aa957f75c9d755a76f5cefd0820b') in 0.0273761 seconds
Number of updated asset objects reloaded before import = 0Number of asset objects unloaded after import = 152

========================================================================
Received Import Request.
  Time since last request: 0.000044 seconds.
  path: Assets/Studio33 Interactive_[BasketBall] v1.1/Animations/Basketball Motions Humanoid/1080_ScreerightA.fbx
  artifactKey: Guid(750977ee5bde31f4bb4455f8c9c0013c) Importer(2089858483,b0f066a214c2f5e87bad3c948f4d605d)
Start importing Assets/Studio33 Interactive_[BasketBall] v1.1/Animations/Basketball Motions Humanoid/1080_ScreerightA.fbx using Guid(750977ee5bde31f4bb4455f8c9c0013c) Importer(2089858483,b0f066a214c2f5e87bad3c948f4d605d) (ScriptedImporter) -> (artifact id: 'df1e2eda03a22cb296ff82e41c48be0d') in 0.0304784 seconds
Number of updated asset objects reloaded before import = 0Number of asset objects unloaded after import = 154

========================================================================
Received Import Request.
  Time since last request: 0.000044 seconds.
  path: Assets/Studio33 Interactive_[BasketBall] v1.1/Animations/Basketball Motions Humanoid/588_OverintA.fbx
  artifactKey: Guid(4d338c299edf0b44e8051c5b032e3657) Importer(2089858483,b0f066a214c2f5e87bad3c948f4d605d)
Start importing Assets/Studio33 Interactive_[BasketBall] v1.1/Animations/Basketball Motions Humanoid/588_OverintA.fbx using Guid(4d338c299edf0b44e8051c5b032e3657) Importer(2089858483,b0f066a214c2f5e87bad3c948f4d605d) (ScriptedImporter) -> (artifact id: '261bbe8d6f5a2e84580fd4237602268e') in 0.0287467 seconds
Number of updated asset objects reloaded before import = 0Number of asset objects unloaded after import = 154

========================================================================
Received Import Request.
  Time since last request: 0.000068 seconds.
  path: Assets/Studio33 Interactive_[BasketBall] v1.1/Animations/Basketball Motions_Generic/1059_SceneEntHome.fbx
  artifactKey: Guid(0a052e3e18c9ea2439a564ddec8c0646) Importer(2089858483,b0f066a214c2f5e87bad3c948f4d605d)
Start importing Assets/Studio33 Interactive_[BasketBall] v1.1/Animations/Basketball Motions_Generic/1059_SceneEntHome.fbx using Guid(0a052e3e18c9ea2439a564ddec8c0646) Importer(2089858483,b0f066a214c2f5e87bad3c948f4d605d) (ScriptedImporter) -> (artifact id: 'd53275f36780d8ad87362fd8ad755df3') in 0.0318842 seconds
Number of updated asset objects reloaded before import = 0Number of asset objects unloaded after import = 152

========================================================================
Received Import Request.
  Time since last request: 0.000053 seconds.
  path: Assets/Studio33 Interactive_[BasketBall] v1.1/Animations/Basketball Motions Humanoid/662_Run.fbx
  artifactKey: Guid(02ac7cf631b7ff244ae32896447c87cf) Importer(2089858483,b0f066a214c2f5e87bad3c948f4d605d)
Start importing Assets/Studio33 Interactive_[BasketBall] v1.1/Animations/Basketball Motions Humanoid/662_Run.fbx using Guid(02ac7cf631b7ff244ae32896447c87cf) Importer(2089858483,b0f066a214c2f5e87bad3c948f4d605d) (ScriptedImporter) -> (artifact id: '7a9fc99c15b7a4b12b53a81c8a8af8b8') in 0.0321107 seconds
Number of updated asset objects reloaded before import = 0Number of asset objects unloaded after import = 154

========================================================================
Received Import Request.
  Time since last request: 0.000036 seconds.
  path: Assets/Studio33 Interactive_[BasketBall] v1.1/Animations/Basketball Motions_Generic/19_BlockingckncatchLongNearFA.fbx
  artifactKey: Guid(6c9cf6c7626d08a49831e89e3850a108) Importer(2089858483,b0f066a214c2f5e87bad3c948f4d605d)
Start importing Assets/Studio33 Interactive_[BasketBall] v1.1/Animations/Basketball Motions_Generic/19_BlockingckncatchLongNearFA.fbx using Guid(6c9cf6c7626d08a49831e89e3850a108) Importer(2089858483,b0f066a214c2f5e87bad3c948f4d605d) (ScriptedImporter) -> (artifact id: '8fbf09ef4de8eb5d130309e506ed588b') in 0.0283064 seconds
Number of updated asset objects reloaded before import = 0Number of asset objects unloaded after import = 152

========================================================================
Received Import Request.
  Time since last request: 0.000051 seconds.
  path: Assets/Studio33 Interactive_[BasketBall] v1.1/Animations/Basketball Motions Humanoid/547_LayupCA.fbx
  artifactKey: Guid(1120cf90a1a36d140b0b953764a918c9) Importer(2089858483,b0f066a214c2f5e87bad3c948f4d605d)
Start importing Assets/Studio33 Interactive_[BasketBall] v1.1/Animations/Basketball Motions Humanoid/547_LayupCA.fbx using Guid(1120cf90a1a36d140b0b953764a918c9) Importer(2089858483,b0f066a214c2f5e87bad3c948f4d605d) (ScriptedImporter) -> (artifact id: 'ed8ab4137ec5a4f705726efc7ad89e6c') in 0.0294328 seconds
Number of updated asset objects reloaded before import = 0Number of asset objects unloaded after import = 154

========================================================================
Received Import Request.
  Time since last request: 0.000037 seconds.
  path: Assets/Studio33 Interactive_[BasketBall] v1.1/Animations/Basketball Motions Humanoid/1513_AlleyoopDclutchRRightA.fbx
  artifactKey: Guid(71d027decf774b046a7484233afb7e16) Importer(2089858483,b0f066a214c2f5e87bad3c948f4d605d)
Start importing Assets/Studio33 Interactive_[BasketBall] v1.1/Animations/Basketball Motions Humanoid/1513_AlleyoopDclutchRRightA.fbx using Guid(71d027decf774b046a7484233afb7e16) Importer(2089858483,b0f066a214c2f5e87bad3c948f4d605d) (ScriptedImporter) -> (artifact id: '2b6a726bcea008fbe166f06f84aadcb6') in 0.0287589 seconds
Number of updated asset objects reloaded before import = 0Number of asset objects unloaded after import = 154

========================================================================
Received Import Request.
  Time since last request: 0.000051 seconds.
  path: Assets/Studio33 Interactive_[BasketBall] v1.1/Animations/Basketball Motions_Generic/1397_JumpshotUFakeA.fbx
  artifactKey: Guid(bcfad66728d1df240ad9882a22ecc450) Importer(2089858483,b0f066a214c2f5e87bad3c948f4d605d)
Start importing Assets/Studio33 Interactive_[BasketBall] v1.1/Animations/Basketball Motions_Generic/1397_JumpshotUFakeA.fbx using Guid(bcfad66728d1df240ad9882a22ecc450) Importer(2089858483,b0f066a214c2f5e87bad3c948f4d605d) (ScriptedImporter) -> (artifact id: '8c94261db859a33e92fcaf71e2d29675') in 0.0235583 seconds
Number of updated asset objects reloaded before import = 0Number of asset objects unloaded after import = 152

========================================================================
Received Import Request.
  Time since last request: 0.000055 seconds.
  path: Assets/Studio33 Interactive_[BasketBall] v1.1/Animations/Basketball Motions_Generic/1063_RsceneEntHome.fbx
  artifactKey: Guid(d0613851d742b1f49a2365cadee2ff3e) Importer(2089858483,b0f066a214c2f5e87bad3c948f4d605d)
Start importing Assets/Studio33 Interactive_[BasketBall] v1.1/Animations/Basketball Motions_Generic/1063_RsceneEntHome.fbx using Guid(d0613851d742b1f49a2365cadee2ff3e) Importer(2089858483,b0f066a214c2f5e87bad3c948f4d605d) (ScriptedImporter) -> (artifact id: '6cb4737d9aadb794d60f43f6e416aee5') in 0.0331083 seconds
Number of updated asset objects reloaded before import = 0Number of asset objects unloaded after import = 152

========================================================================
Received Import Request.
  Time since last request: 0.000049 seconds.
  path: Assets/Studio33 Interactive_[BasketBall] v1.1/Animations/Basketball Motions Humanoid/1128_BlockingckedDunkLeftA.fbx
  artifactKey: Guid(755fc9f3f509eff49b35585c15521153) Importer(2089858483,b0f066a214c2f5e87bad3c948f4d605d)
Start importing Assets/Studio33 Interactive_[BasketBall] v1.1/Animations/Basketball Motions Humanoid/1128_BlockingckedDunkLeftA.fbx using Guid(755fc9f3f509eff49b35585c15521153) Importer(2089858483,b0f066a214c2f5e87bad3c948f4d605d) (ScriptedImporter) -> (artifact id: '70c2c4ac4deb0d9bae3ec6f13a109092') in 0.0297871 seconds
Number of updated asset objects reloaded before import = 0Number of asset objects unloaded after import = 154

========================================================================
Received Import Request.
  Time since last request: 0.000042 seconds.
  path: Assets/Studio33 Interactive_[BasketBall] v1.1/Animations/Basketball Motions_Generic/1479_AlleyoopDclutchFRightA.fbx
  artifactKey: Guid(ae062cbf1204b974f91cde2d3ee3582d) Importer(2089858483,b0f066a214c2f5e87bad3c948f4d605d)
Start importing Assets/Studio33 Interactive_[BasketBall] v1.1/Animations/Basketball Motions_Generic/1479_AlleyoopDclutchFRightA.fbx using Guid(ae062cbf1204b974f91cde2d3ee3582d) Importer(2089858483,b0f066a214c2f5e87bad3c948f4d605d) (ScriptedImporter) -> (artifact id: 'e1abd78eeb5248aea94367d7fe2f3b4d') in 0.0268344 seconds
Number of updated asset objects reloaded before import = 0Number of asset objects unloaded after import = 152

========================================================================
Received Import Request.
  Time since last request: 0.000043 seconds.
  path: Assets/Studio33 Interactive_[BasketBall] v1.1/Animations/Basketball Motions_Generic/1021_Rebound fC.fbx
  artifactKey: Guid(5d518e598f3127949a68ba9ded884278) Importer(2089858483,b0f066a214c2f5e87bad3c948f4d605d)
Start importing Assets/Studio33 Interactive_[BasketBall] v1.1/Animations/Basketball Motions_Generic/1021_Rebound fC.fbx using Guid(5d518e598f3127949a68ba9ded884278) Importer(2089858483,b0f066a214c2f5e87bad3c948f4d605d) (ScriptedImporter) -> (artifact id: 'd79249139d2a1094872b8596578eabc4') in 0.0286718 seconds
Number of updated asset objects reloaded before import = 0Number of asset objects unloaded after import = 152

========================================================================
Received Import Request.
  Time since last request: 0.000037 seconds.
  path: Assets/Studio33 Interactive_[BasketBall] v1.1/Animations/Basketball Motions Humanoid/1413_ReboundAndshootFA.fbx
  artifactKey: Guid(464a759ae29a434499097a93c6366b78) Importer(2089858483,b0f066a214c2f5e87bad3c948f4d605d)
Start importing Assets/Studio33 Interactive_[BasketBall] v1.1/Animations/Basketball Motions Humanoid/1413_ReboundAndshootFA.fbx using Guid(464a759ae29a434499097a93c6366b78) Importer(2089858483,b0f066a214c2f5e87bad3c948f4d605d) (ScriptedImporter) -> (artifact id: '78aefef0567ce7935a17cbc81c1a0d83') in 0.0290299 seconds
Number of updated asset objects reloaded before import = 0Number of asset objects unloaded after import = 154

========================================================================
Received Import Request.
  Time since last request: 0.000040 seconds.
  path: Assets/Studio33 Interactive_[BasketBall] v1.1/Animations/Basketball Motions Humanoid/1154_DunkCA.fbx
  artifactKey: Guid(434a2a45a7e5d014fa2349f8cf133003) Importer(2089858483,b0f066a214c2f5e87bad3c948f4d605d)
Start importing Assets/Studio33 Interactive_[BasketBall] v1.1/Animations/Basketball Motions Humanoid/1154_DunkCA.fbx using Guid(434a2a45a7e5d014fa2349f8cf133003) Importer(2089858483,b0f066a214c2f5e87bad3c948f4d605d) (ScriptedImporter) -> (artifact id: '830ca34f7979d6cc76a912c3ec26567f') in 0.0271495 seconds
Number of updated asset objects reloaded before import = 0Number of asset objects unloaded after import = 154

========================================================================
Received Import Request.
  Time since last request: 0.000059 seconds.
  path: Assets/Studio33 Interactive_[BasketBall] v1.1/Animations/Basketball Motions_Generic/1387_JumpshotReadyFake.fbx
  artifactKey: Guid(4a47c47e5f44b9549981c7d1eeb4909f) Importer(2089858483,b0f066a214c2f5e87bad3c948f4d605d)
Start importing Assets/Studio33 Interactive_[BasketBall] v1.1/Animations/Basketball Motions_Generic/1387_JumpshotReadyFake.fbx using Guid(4a47c47e5f44b9549981c7d1eeb4909f) Importer(2089858483,b0f066a214c2f5e87bad3c948f4d605d) (ScriptedImporter) -> (artifact id: 'e68cb9648e9844f03441e3a19c1f483a') in 0.0356894 seconds
Number of updated asset objects reloaded before import = 0Number of asset objects unloaded after import = 152

========================================================================
Received Import Request.
  Time since last request: 0.000055 seconds.
  path: Assets/Studio33 Interactive_[BasketBall] v1.1/Animations/Basketball Motions Humanoid/1994_DunkCA.fbx
  artifactKey: Guid(7351edef850d56a49bbfaaefd85394c8) Importer(2089858483,b0f066a214c2f5e87bad3c948f4d605d)
Start importing Assets/Studio33 Interactive_[BasketBall] v1.1/Animations/Basketball Motions Humanoid/1994_DunkCA.fbx using Guid(7351edef850d56a49bbfaaefd85394c8) Importer(2089858483,b0f066a214c2f5e87bad3c948f4d605d) (ScriptedImporter) -> (artifact id: 'fddf3cccb41921b460e6fd8b3d8f2e24') in 0.0361404 seconds
Number of updated asset objects reloaded before import = 0Number of asset objects unloaded after import = 154

========================================================================
Received Import Request.
  Time since last request: 0.000037 seconds.
  path: Assets/Studio33 Interactive_[BasketBall] v1.1/Animations/Basketball Motions Humanoid/770_AlleyoopOverNpassFA.fbx
  artifactKey: Guid(9c2f5461d3eaf1e41b9e53f37e2014b2) Importer(2089858483,b0f066a214c2f5e87bad3c948f4d605d)
Start importing Assets/Studio33 Interactive_[BasketBall] v1.1/Animations/Basketball Motions Humanoid/770_AlleyoopOverNpassFA.fbx using Guid(9c2f5461d3eaf1e41b9e53f37e2014b2) Importer(2089858483,b0f066a214c2f5e87bad3c948f4d605d) (ScriptedImporter) -> (artifact id: 'cce221c7c2ee76c1f62bc8c4f844c94c') in 0.026525 seconds
Number of updated asset objects reloaded before import = 0Number of asset objects unloaded after import = 154

========================================================================
Received Import Request.
  Time since last request: 0.000054 seconds.
  path: Assets/Studio33 Interactive_[BasketBall] v1.1/Animations/Basketball Motions_Generic/1361_JumpshotMFakeA.fbx
  artifactKey: Guid(d2a50a5a4a3e05f409d846c132e707c6) Importer(2089858483,b0f066a214c2f5e87bad3c948f4d605d)
Start importing Assets/Studio33 Interactive_[BasketBall] v1.1/Animations/Basketball Motions_Generic/1361_JumpshotMFakeA.fbx using Guid(d2a50a5a4a3e05f409d846c132e707c6) Importer(2089858483,b0f066a214c2f5e87bad3c948f4d605d) (ScriptedImporter) -> (artifact id: '0198c300be89381b6648b6f196761319') in 0.0266676 seconds
Number of updated asset objects reloaded before import = 0Number of asset objects unloaded after import = 152

========================================================================
Received Import Request.
  Time since last request: 0.000040 seconds.
  path: Assets/Studio33 Interactive_[BasketBall] v1.1/Animations/Basketball Motions_Generic/156_BlockingckedFrontA.fbx
  artifactKey: Guid(592cbc88c65bf0e4d80351b22b9b3496) Importer(2089858483,b0f066a214c2f5e87bad3c948f4d605d)
Start importing Assets/Studio33 Interactive_[BasketBall] v1.1/Animations/Basketball Motions_Generic/156_BlockingckedFrontA.fbx using Guid(592cbc88c65bf0e4d80351b22b9b3496) Importer(2089858483,b0f066a214c2f5e87bad3c948f4d605d) (ScriptedImporter) -> (artifact id: 'b8ca2c89c9d752cf6f5df53c69ca95d3') in 0.0268958 seconds
Number of updated asset objects reloaded before import = 0Number of asset objects unloaded after import = 152

========================================================================
Received Import Request.
  Time since last request: 0.000044 seconds.
  path: Assets/Studio33 Interactive_[BasketBall] v1.1/Animations/Basketball Motions Humanoid/1165_DunkCA.fbx
  artifactKey: Guid(e93e9a21c1cbb694ea72aea7b2e93eee) Importer(2089858483,b0f066a214c2f5e87bad3c948f4d605d)
Start importing Assets/Studio33 Interactive_[BasketBall] v1.1/Animations/Basketball Motions Humanoid/1165_DunkCA.fbx using Guid(e93e9a21c1cbb694ea72aea7b2e93eee) Importer(2089858483,b0f066a214c2f5e87bad3c948f4d605d) (ScriptedImporter) -> (artifact id: '20fa4682eb96a09c3788d7ddd143b9f5') in 0.0266622 seconds
Number of updated asset objects reloaded before import = 0Number of asset objects unloaded after import = 154

========================================================================
Received Import Request.
  Time since last request: 0.000038 seconds.
  path: Assets/Studio33 Interactive_[BasketBall] v1.1/Animations/Basketball Motions_Generic/603_LoosebalowA.fbx
  artifactKey: Guid(f86e131e3ee5d4a4bb021cf572a65869) Importer(2089858483,b0f066a214c2f5e87bad3c948f4d605d)
Start importing Assets/Studio33 Interactive_[BasketBall] v1.1/Animations/Basketball Motions_Generic/603_LoosebalowA.fbx using Guid(f86e131e3ee5d4a4bb021cf572a65869) Importer(2089858483,b0f066a214c2f5e87bad3c948f4d605d) (ScriptedImporter) -> (artifact id: 'd0a5ed6a2a8ad0e0dd29b9aa82d4ff8f') in 0.0270634 seconds
Number of updated asset objects reloaded before import = 0Number of asset objects unloaded after import = 152

========================================================================
Received Import Request.
  Time since last request: 0.000054 seconds.
  path: Assets/Studio33 Interactive_[BasketBall] v1.1/Animations/Basketball Motions_Generic/1858_DunkCRevA.fbx
  artifactKey: Guid(568ab26bd27ff074b8281178ea0167fc) Importer(2089858483,b0f066a214c2f5e87bad3c948f4d605d)
Start importing Assets/Studio33 Interactive_[BasketBall] v1.1/Animations/Basketball Motions_Generic/1858_DunkCRevA.fbx using Guid(568ab26bd27ff074b8281178ea0167fc) Importer(2089858483,b0f066a214c2f5e87bad3c948f4d605d) (ScriptedImporter) -> (artifact id: 'f921b2b68c62b21b671210202b6f6951') in 0.028044 seconds
Number of updated asset objects reloaded before import = 0Number of asset objects unloaded after import = 152

========================================================================
Received Import Request.
  Time since last request: 0.000050 seconds.
  path: Assets/Studio33 Interactive_[BasketBall] v1.1/Animations/Basketball Motions_Generic/1837_DunkRRevA.fbx
  artifactKey: Guid(dd17158f24503ac4b8a433716fdd4c92) Importer(2089858483,b0f066a214c2f5e87bad3c948f4d605d)
Start importing Assets/Studio33 Interactive_[BasketBall] v1.1/Animations/Basketball Motions_Generic/1837_DunkRRevA.fbx using Guid(dd17158f24503ac4b8a433716fdd4c92) Importer(2089858483,b0f066a214c2f5e87bad3c948f4d605d) (ScriptedImporter) -> (artifact id: '0dd7a3a958a55c4ad72bc1bc2676248a') in 0.0299138 seconds
Number of updated asset objects reloaded before import = 0Number of asset objects unloaded after import = 152

========================================================================
Received Import Request.
  Time since last request: 0.000037 seconds.
  path: Assets/Studio33 Interactive_[BasketBall] v1.1/Animations/Basketball Motions Humanoid/254_CrossFakeStepRTrB.fbx
  artifactKey: Guid(3de325dae55aeb14097768d6a3f62fa5) Importer(2089858483,b0f066a214c2f5e87bad3c948f4d605d)
Start importing Assets/Studio33 Interactive_[BasketBall] v1.1/Animations/Basketball Motions Humanoid/254_CrossFakeStepRTrB.fbx using Guid(3de325dae55aeb14097768d6a3f62fa5) Importer(2089858483,b0f066a214c2f5e87bad3c948f4d605d) (ScriptedImporter) -> (artifact id: '74c0bffb488c48d5614cf06af8001045') in 0.0295598 seconds
Number of updated asset objects reloaded before import = 0Number of asset objects unloaded after import = 154

========================================================================
Received Import Request.
  Time since last request: 0.000041 seconds.
  path: Assets/Studio33 Interactive_[BasketBall] v1.1/Animations/Basketball Motions_Generic/7_PostBackingpushedA.fbx
  artifactKey: Guid(72ea059392bc2ae4ba029c3123a65d5b) Importer(2089858483,b0f066a214c2f5e87bad3c948f4d605d)
Start importing Assets/Studio33 Interactive_[BasketBall] v1.1/Animations/Basketball Motions_Generic/7_PostBackingpushedA.fbx using Guid(72ea059392bc2ae4ba029c3123a65d5b) Importer(2089858483,b0f066a214c2f5e87bad3c948f4d605d) (ScriptedImporter) -> (artifact id: '6e33a5c6afc206f24768b17398c54b0a') in 0.0279136 seconds
Number of updated asset objects reloaded before import = 0Number of asset objects unloaded after import = 152

========================================================================
Received Import Request.
  Time since last request: 0.000045 seconds.
  path: Assets/Studio33 Interactive_[BasketBall] v1.1/Animations/Basketball Motions_Generic/144_CollisiotwostepFFaA.fbx
  artifactKey: Guid(916a9703186bbd44b96c227ebde93728) Importer(2089858483,b0f066a214c2f5e87bad3c948f4d605d)
Start importing Assets/Studio33 Interactive_[BasketBall] v1.1/Animations/Basketball Motions_Generic/144_CollisiotwostepFFaA.fbx using Guid(916a9703186bbd44b96c227ebde93728) Importer(2089858483,b0f066a214c2f5e87bad3c948f4d605d) (ScriptedImporter) -> (artifact id: 'b6239ba7468ef73c83953591fb3d07cc') in 0.0305882 seconds
Number of updated asset objects reloaded before import = 0Number of asset objects unloaded after import = 152

========================================================================
Received Import Request.
  Time since last request: 0.000048 seconds.
  path: Assets/Studio33 Interactive_[BasketBall] v1.1/Animations/Basketball Motions Humanoid/48_BlockingckncatchLongFarJumpFA.fbx
  artifactKey: Guid(eeda65e7f722c1d4cb427f445ed49cad) Importer(2089858483,b0f066a214c2f5e87bad3c948f4d605d)
Start importing Assets/Studio33 Interactive_[BasketBall] v1.1/Animations/Basketball Motions Humanoid/48_BlockingckncatchLongFarJumpFA.fbx using Guid(eeda65e7f722c1d4cb427f445ed49cad) Importer(2089858483,b0f066a214c2f5e87bad3c948f4d605d) (ScriptedImporter) -> (artifact id: 'ded89b13396d7f18cd66328e71f9cf55') in 0.0309779 seconds
Number of updated asset objects reloaded before import = 0Number of asset objects unloaded after import = 154

========================================================================
Received Import Request.
  Time since last request: 0.000063 seconds.
  path: Assets/Studio33 Interactive_[BasketBall] v1.1/Animations/Basketball Motions Humanoid/2042_DunkRA.fbx
  artifactKey: Guid(7c4c69fbe721b3f4cb2b220e1aa3499f) Importer(2089858483,b0f066a214c2f5e87bad3c948f4d605d)
Start importing Assets/Studio33 Interactive_[BasketBall] v1.1/Animations/Basketball Motions Humanoid/2042_DunkRA.fbx using Guid(7c4c69fbe721b3f4cb2b220e1aa3499f) Importer(2089858483,b0f066a214c2f5e87bad3c948f4d605d) (ScriptedImporter) -> (artifact id: '0c668229bcee4b8d295749de3a0e056f') in 0.028008 seconds
Number of updated asset objects reloaded before import = 0Number of asset objects unloaded after import = 154

========================================================================
Received Import Request.
  Time since last request: 0.000050 seconds.
  path: Assets/Studio33 Interactive_[BasketBall] v1.1/Animations/Basketball Motions Humanoid/497_DribbledashTurRL.fbx
  artifactKey: Guid(971ea636aad2f9c4c95014ed95c77e52) Importer(2089858483,b0f066a214c2f5e87bad3c948f4d605d)
Start importing Assets/Studio33 Interactive_[BasketBall] v1.1/Animations/Basketball Motions Humanoid/497_DribbledashTurRL.fbx using Guid(971ea636aad2f9c4c95014ed95c77e52) Importer(2089858483,b0f066a214c2f5e87bad3c948f4d605d) (ScriptedImporter) -> (artifact id: '3561e350becf4032f1fd8dbd09da4349') in 0.0259692 seconds
Number of updated asset objects reloaded before import = 0Number of asset objects unloaded after import = 154

========================================================================
Received Import Request.
  Time since last request: 0.000036 seconds.
  path: Assets/Studio33 Interactive_[BasketBall] v1.1/Animations/Basketball Motions Humanoid/2212_Die.fbx
  artifactKey: Guid(d632c89c3465b1a42ab70f1eee5b6a37) Importer(2089858483,b0f066a214c2f5e87bad3c948f4d605d)
Start importing Assets/Studio33 Interactive_[BasketBall] v1.1/Animations/Basketball Motions Humanoid/2212_Die.fbx using Guid(d632c89c3465b1a42ab70f1eee5b6a37) Importer(2089858483,b0f066a214c2f5e87bad3c948f4d605d) (ScriptedImporter) -> (artifact id: 'e9c6a88e0f9b0fdf30699b5981399e1a') in 0.0323022 seconds
Number of updated asset objects reloaded before import = 0Number of asset objects unloaded after import = 154

========================================================================
Received Import Request.
  Time since last request: 0.000040 seconds.
  path: Assets/Studio33 Interactive_[BasketBall] v1.1/Animations/Basketball Motions_Generic/1212_FakelayupCA.fbx
  artifactKey: Guid(02b786c1d910c0a4eb2413770d5082c1) Importer(2089858483,b0f066a214c2f5e87bad3c948f4d605d)
Start importing Assets/Studio33 Interactive_[BasketBall] v1.1/Animations/Basketball Motions_Generic/1212_FakelayupCA.fbx using Guid(02b786c1d910c0a4eb2413770d5082c1) Importer(2089858483,b0f066a214c2f5e87bad3c948f4d605d) (ScriptedImporter) -> (artifact id: '6a91967f68b413a4af8cb640fb8cdc1b') in 0.0298488 seconds
Number of updated asset objects reloaded before import = 0Number of asset objects unloaded after import = 152

========================================================================
Received Import Request.
  Time since last request: 0.000054 seconds.
  path: Assets/Studio33 Interactive_[BasketBall] v1.1/Animations/Basketball Motions Humanoid/382_SpinStepLayupRevA.fbx
  artifactKey: Guid(2706e3fb87b50b24dbcfbb7096cea0e8) Importer(2089858483,b0f066a214c2f5e87bad3c948f4d605d)
Start importing Assets/Studio33 Interactive_[BasketBall] v1.1/Animations/Basketball Motions Humanoid/382_SpinStepLayupRevA.fbx using Guid(2706e3fb87b50b24dbcfbb7096cea0e8) Importer(2089858483,b0f066a214c2f5e87bad3c948f4d605d) (ScriptedImporter) -> (artifact id: '3cbde258c94c07ae05cf8188a4e7454c') in 0.0293433 seconds
Number of updated asset objects reloaded before import = 0Number of asset objects unloaded after import = 154

========================================================================
Received Import Request.
  Time since last request: 0.000036 seconds.
  path: Assets/Studio33 Interactive_[BasketBall] v1.1/Animations/Basketball Motions_Generic/777_OverNpassFA.fbx
  artifactKey: Guid(b5d90e1328e7ee449822bc98aeeb3760) Importer(2089858483,b0f066a214c2f5e87bad3c948f4d605d)
Start importing Assets/Studio33 Interactive_[BasketBall] v1.1/Animations/Basketball Motions_Generic/777_OverNpassFA.fbx using Guid(b5d90e1328e7ee449822bc98aeeb3760) Importer(2089858483,b0f066a214c2f5e87bad3c948f4d605d) (ScriptedImporter) -> (artifact id: '4a6e04da3d17f835c19ff72bab037324') in 0.0267716 seconds
Number of updated asset objects reloaded before import = 0Number of asset objects unloaded after import = 152

========================================================================
Received Import Request.
  Time since last request: 0.000049 seconds.
  path: Assets/Studio33 Interactive_[BasketBall] v1.1/Animations/Basketball Motions Humanoid/1564_LayupCA.fbx
  artifactKey: Guid(6f297de814eff744da264844f3919f96) Importer(2089858483,b0f066a214c2f5e87bad3c948f4d605d)
Start importing Assets/Studio33 Interactive_[BasketBall] v1.1/Animations/Basketball Motions Humanoid/1564_LayupCA.fbx using Guid(6f297de814eff744da264844f3919f96) Importer(2089858483,b0f066a214c2f5e87bad3c948f4d605d) (ScriptedImporter) -> (artifact id: '2b114d7cfedcf29d131754598dd8148b') in 0.028579 seconds
Number of updated asset objects reloaded before import = 0Number of asset objects unloaded after import = 154

========================================================================
Received Import Request.
  Time since last request: 0.000058 seconds.
  path: Assets/Studio33 Interactive_[BasketBall] v1.1/Animations/Basketball Motions Humanoid/2098_JumpshotMFakeA.fbx
  artifactKey: Guid(aed3190f6cdbe8a43907982291fb6e73) Importer(2089858483,b0f066a214c2f5e87bad3c948f4d605d)
Start importing Assets/Studio33 Interactive_[BasketBall] v1.1/Animations/Basketball Motions Humanoid/2098_JumpshotMFakeA.fbx using Guid(aed3190f6cdbe8a43907982291fb6e73) Importer(2089858483,b0f066a214c2f5e87bad3c948f4d605d) (ScriptedImporter) -> (artifact id: '1df43326bae2a4b0653fcb1ae4a07e3c') in 0.0333454 seconds
Number of updated asset objects reloaded before import = 0Number of asset objects unloaded after import = 154

========================================================================
Received Import Request.
  Time since last request: 0.000054 seconds.
  path: Assets/Studio33 Interactive_[BasketBall] v1.1/Animations/Basketball Motions_Generic/28_BlockinglongNearL.fbx
  artifactKey: Guid(19a2f181eab01054d983651f447e6c09) Importer(815301076,1909f56bfc062723c751e8b465ee728b)
Start importing Assets/Studio33 Interactive_[BasketBall] v1.1/Animations/Basketball Motions_Generic/28_BlockinglongNearL.fbx using Guid(19a2f181eab01054d983651f447e6c09) Importer(815301076,1909f56bfc062723c751e8b465ee728b) (PreviewImporter) -> (artifact id: '1cdf2fc08cc3e633accfc6db8f351acb') in 0.0444707 seconds
Number of updated asset objects reloaded before import = 0Number of asset objects unloaded after import = 152

========================================================================
Received Import Request.
  Time since last request: 0.000040 seconds.
  path: Assets/Studio33 Interactive_[BasketBall] v1.1/Animations/Basketball Motions Humanoid/1864_DunkRAC.fbx
  artifactKey: Guid(a7ad0e0e0185b3343aef71712ab871fb) Importer(2089858483,b0f066a214c2f5e87bad3c948f4d605d)
Start importing Assets/Studio33 Interactive_[BasketBall] v1.1/Animations/Basketball Motions Humanoid/1864_DunkRAC.fbx using Guid(a7ad0e0e0185b3343aef71712ab871fb) Importer(2089858483,b0f066a214c2f5e87bad3c948f4d605d) (ScriptedImporter) -> (artifact id: 'cf50f288bff47dec2e967dcff68c11d3') in 0.0345621 seconds
Number of updated asset objects reloaded before import = 0Number of asset objects unloaded after import = 154

========================================================================
Received Import Request.
  Time since last request: 0.000036 seconds.
  path: Assets/Studio33 Interactive_[BasketBall] v1.1/Animations/Basketball Motions Humanoid/585_StealfailA.fbx
  artifactKey: Guid(d540fc871d2374645bd5ee0dc79a136d) Importer(2089858483,b0f066a214c2f5e87bad3c948f4d605d)
Start importing Assets/Studio33 Interactive_[BasketBall] v1.1/Animations/Basketball Motions Humanoid/585_StealfailA.fbx using Guid(d540fc871d2374645bd5ee0dc79a136d) Importer(2089858483,b0f066a214c2f5e87bad3c948f4d605d) (ScriptedImporter) -> (artifact id: '8f7a97678057c27608a6146453b0402d') in 0.0297664 seconds
Number of updated asset objects reloaded before import = 0Number of asset objects unloaded after import = 154

========================================================================
Received Import Request.
  Time since last request: 0.000064 seconds.
  path: Assets/Studio33 Interactive_[BasketBall] v1.1/Animations/Basketball Motions_Generic/636_LoosebamiddA.fbx
  artifactKey: Guid(634b3d1a2d6220242abb83c54db26d1f) Importer(2089858483,b0f066a214c2f5e87bad3c948f4d605d)
Start importing Assets/Studio33 Interactive_[BasketBall] v1.1/Animations/Basketball Motions_Generic/636_LoosebamiddA.fbx using Guid(634b3d1a2d6220242abb83c54db26d1f) Importer(2089858483,b0f066a214c2f5e87bad3c948f4d605d) (ScriptedImporter) -> (artifact id: '7b6ddbe155bb39f042b5fd031f24a34a') in 0.0251475 seconds
Number of updated asset objects reloaded before import = 0Number of asset objects unloaded after import = 152

========================================================================
Received Import Request.
  Time since last request: 0.000033 seconds.
  path: Assets/Studio33 Interactive_[BasketBall] v1.1/Animations/Basketball Motions_Generic/1991_JumpshotReadyFake.fbx
  artifactKey: Guid(e6e82b8c3d90be24e98011e489676f71) Importer(2089858483,b0f066a214c2f5e87bad3c948f4d605d)
Start importing Assets/Studio33 Interactive_[BasketBall] v1.1/Animations/Basketball Motions_Generic/1991_JumpshotReadyFake.fbx using Guid(e6e82b8c3d90be24e98011e489676f71) Importer(2089858483,b0f066a214c2f5e87bad3c948f4d605d) (ScriptedImporter) -> (artifact id: '76cfc88fd0d5796bd55be2a0b3e60a7a') in 0.0247476 seconds
Number of updated asset objects reloaded before import = 0Number of asset objects unloaded after import = 152

========================================================================
Received Import Request.
  Time since last request: 0.000036 seconds.
  path: Assets/Studio33 Interactive_[BasketBall] v1.1/Animations/Basketball Motions_Generic/2050_DunkCA.fbx
  artifactKey: Guid(4189de43734b6404c899524866b08cbd) Importer(2089858483,b0f066a214c2f5e87bad3c948f4d605d)
Start importing Assets/Studio33 Interactive_[BasketBall] v1.1/Animations/Basketball Motions_Generic/2050_DunkCA.fbx using Guid(4189de43734b6404c899524866b08cbd) Importer(2089858483,b0f066a214c2f5e87bad3c948f4d605d) (ScriptedImporter) -> (artifact id: 'bf10153365c40b72b8fa4312957e8a3d') in 0.036818 seconds
Number of updated asset objects reloaded before import = 0Number of asset objects unloaded after import = 152

========================================================================
Received Import Request.
  Time since last request: 0.000048 seconds.
  path: Assets/Studio33 Interactive_[BasketBall] v1.1/Animations/Basketball Motions_Generic/1725_JumpshotReadyFake.fbx
  artifactKey: Guid(09218c1f5f06cc8478f1503277d9269a) Importer(2089858483,b0f066a214c2f5e87bad3c948f4d605d)
Start importing Assets/Studio33 Interactive_[BasketBall] v1.1/Animations/Basketball Motions_Generic/1725_JumpshotReadyFake.fbx using Guid(09218c1f5f06cc8478f1503277d9269a) Importer(2089858483,b0f066a214c2f5e87bad3c948f4d605d) (ScriptedImporter) -> (artifact id: '3a681dc0c0d36d875c7a08afe3f961d9') in 0.0328195 seconds
Number of updated asset objects reloaded before import = 0Number of asset objects unloaded after import = 152

========================================================================
Received Import Request.
  Time since last request: 0.000049 seconds.
  path: Assets/Studio33 Interactive_[BasketBall] v1.1/Animations/Basketball Motions Humanoid/1751_LayupRA.fbx
  artifactKey: Guid(14708337c98fa354ca32763862875de7) Importer(2089858483,b0f066a214c2f5e87bad3c948f4d605d)
Start importing Assets/Studio33 Interactive_[BasketBall] v1.1/Animations/Basketball Motions Humanoid/1751_LayupRA.fbx using Guid(14708337c98fa354ca32763862875de7) Importer(2089858483,b0f066a214c2f5e87bad3c948f4d605d) (ScriptedImporter) -> (artifact id: '9781e4c604b2081369ec8e73fbcc8a5a') in 0.030661 seconds
Number of updated asset objects reloaded before import = 0Number of asset objects unloaded after import = 154

========================================================================
Received Import Request.
  Time since last request: 0.000042 seconds.
  path: Assets/Studio33 Interactive_[BasketBall] v1.1/Animations/Basketball Motions_Generic/2182_KeepingA.fbx
  artifactKey: Guid(5f112bd101ff1ae4690a170095930e0c) Importer(2089858483,b0f066a214c2f5e87bad3c948f4d605d)
Start importing Assets/Studio33 Interactive_[BasketBall] v1.1/Animations/Basketball Motions_Generic/2182_KeepingA.fbx using Guid(5f112bd101ff1ae4690a170095930e0c) Importer(2089858483,b0f066a214c2f5e87bad3c948f4d605d) (ScriptedImporter) -> (artifact id: '231a07b13f07138bb1329fcd375c1997') in 0.029206 seconds
Number of updated asset objects reloaded before import = 0Number of asset objects unloaded after import = 152

========================================================================
Received Import Request.
  Time since last request: 0.000035 seconds.
  path: Assets/Studio33 Interactive_[BasketBall] v1.1/Animations/Basketball Motions_Generic/1056_SceneEntAway.fbx
  artifactKey: Guid(a2852fbb64970b048a8bd37e7f943ae8) Importer(2089858483,b0f066a214c2f5e87bad3c948f4d605d)
Start importing Assets/Studio33 Interactive_[BasketBall] v1.1/Animations/Basketball Motions_Generic/1056_SceneEntAway.fbx using Guid(a2852fbb64970b048a8bd37e7f943ae8) Importer(2089858483,b0f066a214c2f5e87bad3c948f4d605d) (ScriptedImporter) -> (artifact id: '83cc70875e5f6b5ec8b33f608d758e92') in 0.0278391 seconds
Number of updated asset objects reloaded before import = 0Number of asset objects unloaded after import = 152

========================================================================
Received Import Request.
  Time since last request: 0.000050 seconds.
  path: Assets/Studio33 Interactive_[BasketBall] v1.1/Animations/Basketball Motions Humanoid/416_FrontDenyRA.fbx
  artifactKey: Guid(ca6d06eeec8ceaa4aa98766b7c08d307) Importer(2089858483,b0f066a214c2f5e87bad3c948f4d605d)
Start importing Assets/Studio33 Interactive_[BasketBall] v1.1/Animations/Basketball Motions Humanoid/416_FrontDenyRA.fbx using Guid(ca6d06eeec8ceaa4aa98766b7c08d307) Importer(2089858483,b0f066a214c2f5e87bad3c948f4d605d) (ScriptedImporter) -> (artifact id: 'f5e99b6bfac6f5af6433f45b97b0da09') in 0.0335132 seconds
Number of updated asset objects reloaded before import = 0Number of asset objects unloaded after import = 154

========================================================================
Received Import Request.
  Time since last request: 0.000030 seconds.
  path: Assets/Studio33 Interactive_[BasketBall] v1.1/Animations/Basketball Motions Humanoid/997_Rebound tappassLongFrontA.fbx
  artifactKey: Guid(2d2ca138723ba2a409bed6dfa1495df6) Importer(2089858483,b0f066a214c2f5e87bad3c948f4d605d)
Start importing Assets/Studio33 Interactive_[BasketBall] v1.1/Animations/Basketball Motions Humanoid/997_Rebound tappassLongFrontA.fbx using Guid(2d2ca138723ba2a409bed6dfa1495df6) Importer(2089858483,b0f066a214c2f5e87bad3c948f4d605d) (ScriptedImporter) -> (artifact id: '757e05e526345242dc8ce196dcab3c25') in 0.0328855 seconds
Number of updated asset objects reloaded before import = 0Number of asset objects unloaded after import = 154

========================================================================
Received Import Request.
  Time since last request: 0.000036 seconds.
  path: Assets/Studio33 Interactive_[BasketBall] v1.1/Animations/Basketball Motions_Generic/1458_JumpshotReadyFake.fbx
  artifactKey: Guid(f0435e6df01f39a4586bb0755a94e4c0) Importer(2089858483,b0f066a214c2f5e87bad3c948f4d605d)
Start importing Assets/Studio33 Interactive_[BasketBall] v1.1/Animations/Basketball Motions_Generic/1458_JumpshotReadyFake.fbx using Guid(f0435e6df01f39a4586bb0755a94e4c0) Importer(2089858483,b0f066a214c2f5e87bad3c948f4d605d) (ScriptedImporter) -> (artifact id: '75cf41a475effec65cd30f4313cc3655') in 0.0303805 seconds
Number of updated asset objects reloaded before import = 0Number of asset objects unloaded after import = 152

========================================================================
Received Import Request.
  Time since last request: 0.000049 seconds.
  path: Assets/Studio33 Interactive_[BasketBall] v1.1/Animations/Basketball Motions_Generic/1012_Rebound C.fbx
  artifactKey: Guid(097c881cd62636e47b9d35acb7f72ea9) Importer(2089858483,b0f066a214c2f5e87bad3c948f4d605d)
Start importing Assets/Studio33 Interactive_[BasketBall] v1.1/Animations/Basketball Motions_Generic/1012_Rebound C.fbx using Guid(097c881cd62636e47b9d35acb7f72ea9) Importer(2089858483,b0f066a214c2f5e87bad3c948f4d605d) (ScriptedImporter) -> (artifact id: '79bf74b0b431482e55a2cacfcaf5e3bf') in 0.030943 seconds
Number of updated asset objects reloaded before import = 0Number of asset objects unloaded after import = 152

========================================================================
Received Import Request.
  Time since last request: 0.000047 seconds.
  path: Assets/Studio33 Interactive_[BasketBall] v1.1/Animations/Basketball Motions Humanoid/535_MeloncrashCA.fbx
  artifactKey: Guid(60958330a775a7b4c9c5eeb3121ffbdc) Importer(2089858483,b0f066a214c2f5e87bad3c948f4d605d)
Start importing Assets/Studio33 Interactive_[BasketBall] v1.1/Animations/Basketball Motions Humanoid/535_MeloncrashCA.fbx using Guid(60958330a775a7b4c9c5eeb3121ffbdc) Importer(2089858483,b0f066a214c2f5e87bad3c948f4d605d) (ScriptedImporter) -> (artifact id: 'e0bd71de2e4612036422538ce8253fd5') in 0.0317359 seconds
Number of updated asset objects reloaded before import = 0Number of asset objects unloaded after import = 154

========================================================================
Received Import Request.
  Time since last request: 0.000040 seconds.
  path: Assets/Studio33 Interactive_[BasketBall] v1.1/Animations/Basketball Motions Humanoid/812_PostBackingpassKirA.fbx
  artifactKey: Guid(bcf782f94b569244593a8e3a915dee91) Importer(2089858483,b0f066a214c2f5e87bad3c948f4d605d)
Start importing Assets/Studio33 Interactive_[BasketBall] v1.1/Animations/Basketball Motions Humanoid/812_PostBackingpassKirA.fbx using Guid(bcf782f94b569244593a8e3a915dee91) Importer(2089858483,b0f066a214c2f5e87bad3c948f4d605d) (ScriptedImporter) -> (artifact id: '5f9a1e9c7a9a79a2037e66e0e1a1499d') in 0.0313924 seconds
Number of updated asset objects reloaded before import = 0Number of asset objects unloaded after import = 154

========================================================================
Received Import Request.
  Time since last request: 0.000064 seconds.
  path: Assets/Studio33 Interactive_[BasketBall] v1.1/Animations/Basketball Motions_Generic/759_PassibadA.fbx
  artifactKey: Guid(da818267cc2ecd74ca5881bcc1846326) Importer(2089858483,b0f066a214c2f5e87bad3c948f4d605d)
Start importing Assets/Studio33 Interactive_[BasketBall] v1.1/Animations/Basketball Motions_Generic/759_PassibadA.fbx using Guid(da818267cc2ecd74ca5881bcc1846326) Importer(2089858483,b0f066a214c2f5e87bad3c948f4d605d) (ScriptedImporter) -> (artifact id: '27bb813b78d9d24f4c7f68ab739424f1') in 0.0283561 seconds
Number of updated asset objects reloaded before import = 0Number of asset objects unloaded after import = 152

========================================================================
Received Import Request.
  Time since last request: 0.000031 seconds.
  path: Assets/Studio33 Interactive_[BasketBall] v1.1/Animations/Basketball Motions Humanoid/573_StealA.fbx
  artifactKey: Guid(7341ecec5e293c441a1ce3cd48f53ba5) Importer(2089858483,b0f066a214c2f5e87bad3c948f4d605d)
Start importing Assets/Studio33 Interactive_[BasketBall] v1.1/Animations/Basketball Motions Humanoid/573_StealA.fbx using Guid(7341ecec5e293c441a1ce3cd48f53ba5) Importer(2089858483,b0f066a214c2f5e87bad3c948f4d605d) (ScriptedImporter) -> (artifact id: '4895208978e331cb78a5cdfc5e8f4258') in 0.0323708 seconds
Number of updated asset objects reloaded before import = 0Number of asset objects unloaded after import = 154

========================================================================
Received Import Request.
  Time since last request: 0.000041 seconds.
  path: Assets/Studio33 Interactive_[BasketBall] v1.1/Animations/Basketball Motions Humanoid/1422_TurbafakeA.fbx
  artifactKey: Guid(0b53d459539ec29408cc248b7c982032) Importer(2089858483,b0f066a214c2f5e87bad3c948f4d605d)
Start importing Assets/Studio33 Interactive_[BasketBall] v1.1/Animations/Basketball Motions Humanoid/1422_TurbafakeA.fbx using Guid(0b53d459539ec29408cc248b7c982032) Importer(2089858483,b0f066a214c2f5e87bad3c948f4d605d) (ScriptedImporter) -> (artifact id: '7c28203c4cb687114ad6d1a622707e76') in 0.0288726 seconds
Number of updated asset objects reloaded before import = 0Number of asset objects unloaded after import = 154

========================================================================
Received Import Request.
  Time since last request: 0.000050 seconds.
  path: Assets/Studio33 Interactive_[BasketBall] v1.1/Animations/Basketball Motions_Generic/357_OffballcutFA.fbx
  artifactKey: Guid(c0b5bb9e6b20fff49bea366da1f70f24) Importer(2089858483,b0f066a214c2f5e87bad3c948f4d605d)
Start importing Assets/Studio33 Interactive_[BasketBall] v1.1/Animations/Basketball Motions_Generic/357_OffballcutFA.fbx using Guid(c0b5bb9e6b20fff49bea366da1f70f24) Importer(2089858483,b0f066a214c2f5e87bad3c948f4d605d) (ScriptedImporter) -> (artifact id: '981a5689e9ec28bcb4468425e83df861') in 0.0290311 seconds
Number of updated asset objects reloaded before import = 0Number of asset objects unloaded after import = 152

========================================================================
Received Import Request.
  Time since last request: 0.000049 seconds.
  path: Assets/Studio33 Interactive_[BasketBall] v1.1/Animations/Basketball Motions_Generic/183_BlockingckedLeftA.fbx
  artifactKey: Guid(b442b0d42b1fd644e9db3e1b8a24e6ea) Importer(2089858483,b0f066a214c2f5e87bad3c948f4d605d)
Start importing Assets/Studio33 Interactive_[BasketBall] v1.1/Animations/Basketball Motions_Generic/183_BlockingckedLeftA.fbx using Guid(b442b0d42b1fd644e9db3e1b8a24e6ea) Importer(2089858483,b0f066a214c2f5e87bad3c948f4d605d) (ScriptedImporter) -> (artifact id: '2e88096a0e47cefcdc9149a3e62d1635') in 0.0282256 seconds
Number of updated asset objects reloaded before import = 0Number of asset objects unloaded after import = 152

========================================================================
Received Import Request.
  Time since last request: 0.000035 seconds.
  path: Assets/Studio33 Interactive_[BasketBall] v1.1/Animations/Basketball Motions Humanoid/524_TrapcardCA.fbx
  artifactKey: Guid(18912172db69a2d46a344906c13ffe05) Importer(2089858483,b0f066a214c2f5e87bad3c948f4d605d)
Start importing Assets/Studio33 Interactive_[BasketBall] v1.1/Animations/Basketball Motions Humanoid/524_TrapcardCA.fbx using Guid(18912172db69a2d46a344906c13ffe05) Importer(2089858483,b0f066a214c2f5e87bad3c948f4d605d) (ScriptedImporter) -> (artifact id: 'fbc0786cd2225a8c67931784edb41a35') in 0.0304398 seconds
Number of updated asset objects reloaded before import = 0Number of asset objects unloaded after import = 154

========================================================================
Received Import Request.
  Time since last request: 0.000061 seconds.
  path: Assets/Studio33 Interactive_[BasketBall] v1.1/Animations/Basketball Motions Humanoid/1566_LayupRA.fbx
  artifactKey: Guid(d852691ac86517345b065308a814f53c) Importer(2089858483,b0f066a214c2f5e87bad3c948f4d605d)
Start importing Assets/Studio33 Interactive_[BasketBall] v1.1/Animations/Basketball Motions Humanoid/1566_LayupRA.fbx using Guid(d852691ac86517345b065308a814f53c) Importer(2089858483,b0f066a214c2f5e87bad3c948f4d605d) (ScriptedImporter) -> (artifact id: '3acb2263eb808dbbe9530bc4bfe10e94') in 0.037906 seconds
Number of updated asset objects reloaded before import = 0Number of asset objects unloaded after import = 154

========================================================================
Received Import Request.
  Time since last request: 0.000031 seconds.
  path: Assets/Studio33 Interactive_[BasketBall] v1.1/Animations/Basketball Motions_Generic/76_BlockingckncatchShortLA.fbx
  artifactKey: Guid(1bdb223d47e218d46aa81c00fdc3e6a4) Importer(2089858483,b0f066a214c2f5e87bad3c948f4d605d)
Start importing Assets/Studio33 Interactive_[BasketBall] v1.1/Animations/Basketball Motions_Generic/76_BlockingckncatchShortLA.fbx using Guid(1bdb223d47e218d46aa81c00fdc3e6a4) Importer(2089858483,b0f066a214c2f5e87bad3c948f4d605d) (ScriptedImporter) -> (artifact id: 'ca8345598b26fb138c5e4e63de1bf59d') in 0.0268879 seconds
Number of updated asset objects reloaded before import = 0Number of asset objects unloaded after import = 152

========================================================================
Received Import Request.
  Time since last request: 0.000043 seconds.
  path: Assets/Studio33 Interactive_[BasketBall] v1.1/Animations/Basketball Motions Humanoid/1242_LayupfakeLayupRA.fbx
  artifactKey: Guid(db9cc6f01161a1c43939bca1cba94a22) Importer(2089858483,b0f066a214c2f5e87bad3c948f4d605d)
Start importing Assets/Studio33 Interactive_[BasketBall] v1.1/Animations/Basketball Motions Humanoid/1242_LayupfakeLayupRA.fbx using Guid(db9cc6f01161a1c43939bca1cba94a22) Importer(2089858483,b0f066a214c2f5e87bad3c948f4d605d) (ScriptedImporter) -> (artifact id: 'ad8b82be2ed76de6bd61e2d68965ea62') in 0.0287925 seconds
Number of updated asset objects reloaded before import = 0Number of asset objects unloaded after import = 154

========================================================================
Received Import Request.
  Time since last request: 0.000054 seconds.
  path: Assets/Studio33 Interactive_[BasketBall] v1.1/Animations/Basketball Motions Humanoid/267_CrossThLRLAC.fbx
  artifactKey: Guid(cb1a6883118ec7547ab5c0b11d4bda09) Importer(2089858483,b0f066a214c2f5e87bad3c948f4d605d)
Start importing Assets/Studio33 Interactive_[BasketBall] v1.1/Animations/Basketball Motions Humanoid/267_CrossThLRLAC.fbx using Guid(cb1a6883118ec7547ab5c0b11d4bda09) Importer(2089858483,b0f066a214c2f5e87bad3c948f4d605d) (ScriptedImporter) -> (artifact id: '0bd3d34f43825d9a35c7491819f2d7ae') in 0.03192 seconds
Number of updated asset objects reloaded before import = 0Number of asset objects unloaded after import = 154

========================================================================
Received Import Request.
  Time since last request: 0.000039 seconds.
  path: Assets/Studio33 Interactive_[BasketBall] v1.1/Animations/Basketball Motions Humanoid/521_ScissorsCA.fbx
  artifactKey: Guid(e6a324ab439ca5d41b0a034efdf17136) Importer(2089858483,b0f066a214c2f5e87bad3c948f4d605d)
Start importing Assets/Studio33 Interactive_[BasketBall] v1.1/Animations/Basketball Motions Humanoid/521_ScissorsCA.fbx using Guid(e6a324ab439ca5d41b0a034efdf17136) Importer(2089858483,b0f066a214c2f5e87bad3c948f4d605d) (ScriptedImporter) -> (artifact id: '5eda31f6bb01251dc4f3547b1996d90b') in 0.0300486 seconds
Number of updated asset objects reloaded before import = 0Number of asset objects unloaded after import = 154

========================================================================
Received Import Request.
  Time since last request: 0.000046 seconds.
  path: Assets/Studio33 Interactive_[BasketBall] v1.1/33_basket ball test animations/player/Back_number/Back_number_W/Back_number_W_c14.png
  artifactKey: Guid(ad7896048361b1940935565c15901463) Importer(2089858483,b0f066a214c2f5e87bad3c948f4d605d)
Start importing Assets/Studio33 Interactive_[BasketBall] v1.1/33_basket ball test animations/player/Back_number/Back_number_W/Back_number_W_c14.png using Guid(ad7896048361b1940935565c15901463) Importer(2089858483,b0f066a214c2f5e87bad3c948f4d605d) (ScriptedImporter) -> (artifact id: '020cfba627663b269f8900a25dea5a2b') in 0.0223259 seconds
Number of updated asset objects reloaded before import = 0Number of asset objects unloaded after import = 1

========================================================================
Received Import Request.
  Time since last request: 0.000043 seconds.
  path: Assets/Studio33 Interactive_[BasketBall] v1.1/Animations/Basketball Motions_Generic/1108_ScreeillegalF.fbx
  artifactKey: Guid(72ae01eb096e37047a8f91b6ea65e416) Importer(2089858483,b0f066a214c2f5e87bad3c948f4d605d)
Start importing Assets/Studio33 Interactive_[BasketBall] v1.1/Animations/Basketball Motions_Generic/1108_ScreeillegalF.fbx using Guid(72ae01eb096e37047a8f91b6ea65e416) Importer(2089858483,b0f066a214c2f5e87bad3c948f4d605d) (ScriptedImporter) -> (artifact id: '5f72c3e344dc166cd04e09ff1dbfa6a7') in 0.0305752 seconds
Number of updated asset objects reloaded before import = 0Number of asset objects unloaded after import = 152

========================================================================
Received Import Request.
  Time since last request: 0.000036 seconds.
  path: Assets/Studio33 Interactive_[BasketBall] v1.1/Animations/Basketball Motions Humanoid/1005_Rebound tappassShortRightA.fbx
  artifactKey: Guid(4f4244cc28fc1ba4380c40df953940c5) Importer(2089858483,b0f066a214c2f5e87bad3c948f4d605d)
Start importing Assets/Studio33 Interactive_[BasketBall] v1.1/Animations/Basketball Motions Humanoid/1005_Rebound tappassShortRightA.fbx using Guid(4f4244cc28fc1ba4380c40df953940c5) Importer(2089858483,b0f066a214c2f5e87bad3c948f4d605d) (ScriptedImporter) -> (artifact id: '1fe23327137c02aafaaa14c289e98866') in 0.0291903 seconds
Number of updated asset objects reloaded before import = 0Number of asset objects unloaded after import = 154

========================================================================
Received Import Request.
  Time since last request: 0.000046 seconds.
  path: Assets/Studio33 Interactive_[BasketBall] v1.1/Animations/Basketball Motions_Generic/1576_DunkRA.fbx
  artifactKey: Guid(f1480873879ec154cb7bf75616c4e33b) Importer(2089858483,b0f066a214c2f5e87bad3c948f4d605d)
Start importing Assets/Studio33 Interactive_[BasketBall] v1.1/Animations/Basketball Motions_Generic/1576_DunkRA.fbx using Guid(f1480873879ec154cb7bf75616c4e33b) Importer(2089858483,b0f066a214c2f5e87bad3c948f4d605d) (ScriptedImporter) -> (artifact id: 'efbbdea0fec0cf2565e89752f7e92f21') in 0.0296306 seconds
Number of updated asset objects reloaded before import = 0Number of asset objects unloaded after import = 152

========================================================================
Received Import Request.
  Time since last request: 0.000072 seconds.
  path: Assets/Studio33 Interactive_[BasketBall] v1.1/Animations/Basketball Motions_Generic/1483_AlleyoopRLA.fbx
  artifactKey: Guid(ba6ada639a351b34bba27aef79e4ac7e) Importer(2089858483,b0f066a214c2f5e87bad3c948f4d605d)
Start importing Assets/Studio33 Interactive_[BasketBall] v1.1/Animations/Basketball Motions_Generic/1483_AlleyoopRLA.fbx using Guid(ba6ada639a351b34bba27aef79e4ac7e) Importer(2089858483,b0f066a214c2f5e87bad3c948f4d605d) (ScriptedImporter) -> (artifact id: 'a807522f84eb3e0e639de8dd25629b86') in 0.0296359 seconds
Number of updated asset objects reloaded before import = 0Number of asset objects unloaded after import = 152

========================================================================
Received Import Request.
  Time since last request: 0.000045 seconds.
  path: Assets/Studio33 Interactive_[BasketBall] v1.1/Animations/Basketball Motions_Generic/245_CrazystepC.fbx
  artifactKey: Guid(174be6423727c6348a1125bf16b193de) Importer(2089858483,b0f066a214c2f5e87bad3c948f4d605d)
Start importing Assets/Studio33 Interactive_[BasketBall] v1.1/Animations/Basketball Motions_Generic/245_CrazystepC.fbx using Guid(174be6423727c6348a1125bf16b193de) Importer(2089858483,b0f066a214c2f5e87bad3c948f4d605d) (ScriptedImporter) -> (artifact id: '77e82e8c47d009c5684d4fdadc025cb6') in 0.0305257 seconds
Number of updated asset objects reloaded before import = 0Number of asset objects unloaded after import = 152

========================================================================
Received Import Request.
  Time since last request: 0.000044 seconds.
  path: Assets/Studio33 Interactive_[BasketBall] v1.1/Animations/Basketball Motions_Generic/1791_DunkCA.fbx
  artifactKey: Guid(7e782ecd5f3eacb4581df349c987a8e4) Importer(2089858483,b0f066a214c2f5e87bad3c948f4d605d)
Start importing Assets/Studio33 Interactive_[BasketBall] v1.1/Animations/Basketball Motions_Generic/1791_DunkCA.fbx using Guid(7e782ecd5f3eacb4581df349c987a8e4) Importer(2089858483,b0f066a214c2f5e87bad3c948f4d605d) (ScriptedImporter) -> (artifact id: '53a3d31262d561c1448e7242eedd0272') in 0.0351142 seconds
Number of updated asset objects reloaded before import = 0Number of asset objects unloaded after import = 152

========================================================================
Received Import Request.
  Time since last request: 0.000053 seconds.
  path: Assets/Studio33 Interactive_[BasketBall] v1.1/Animations/Basketball Motions Humanoid/1695_LayupCA.fbx
  artifactKey: Guid(bf36dedbd48ddb74cab0609268e63698) Importer(2089858483,b0f066a214c2f5e87bad3c948f4d605d)
Start importing Assets/Studio33 Interactive_[BasketBall] v1.1/Animations/Basketball Motions Humanoid/1695_LayupCA.fbx using Guid(bf36dedbd48ddb74cab0609268e63698) Importer(2089858483,b0f066a214c2f5e87bad3c948f4d605d) (ScriptedImporter) -> (artifact id: '7985b3cd7a3f5f7eda0ed75158f9c34a') in 0.0346607 seconds
Number of updated asset objects reloaded before import = 0Number of asset objects unloaded after import = 154

========================================================================
Received Import Request.
  Time since last request: 0.000038 seconds.
  path: Assets/Studio33 Interactive_[BasketBall] v1.1/Animations/Basketball Motions Humanoid/1686_JumpshotCCA.fbx
  artifactKey: Guid(b44ea4f07edbe79458faa861352d2540) Importer(2089858483,b0f066a214c2f5e87bad3c948f4d605d)
Start importing Assets/Studio33 Interactive_[BasketBall] v1.1/Animations/Basketball Motions Humanoid/1686_JumpshotCCA.fbx using Guid(b44ea4f07edbe79458faa861352d2540) Importer(2089858483,b0f066a214c2f5e87bad3c948f4d605d) (ScriptedImporter) -> (artifact id: 'efd91380fa33666af9d530d577764341') in 0.02961 seconds
Number of updated asset objects reloaded before import = 0Number of asset objects unloaded after import = 154

========================================================================
Received Import Request.
  Time since last request: 0.000046 seconds.
  path: Assets/Studio33 Interactive_[BasketBall] v1.1/Animations/Basketball Motions_Generic/147_TravRB.fbx
  artifactKey: Guid(baeb8142f2c57224f99008cbf097ef4a) Importer(2089858483,b0f066a214c2f5e87bad3c948f4d605d)
Start importing Assets/Studio33 Interactive_[BasketBall] v1.1/Animations/Basketball Motions_Generic/147_TravRB.fbx using Guid(baeb8142f2c57224f99008cbf097ef4a) Importer(2089858483,b0f066a214c2f5e87bad3c948f4d605d) (ScriptedImporter) -> (artifact id: '5d2ef19ba86f587594104151fb3509cb') in 0.0269343 seconds
Number of updated asset objects reloaded before import = 0Number of asset objects unloaded after import = 152

========================================================================
Received Import Request.
  Time since last request: 0.000056 seconds.
  path: Assets/Studio33 Interactive_[BasketBall] v1.1/Animations/Basketball Motions_Generic/1456_JumpshotMA.fbx
  artifactKey: Guid(5530a8e4f5c35364fb9c211bf3761c93) Importer(2089858483,b0f066a214c2f5e87bad3c948f4d605d)
Start importing Assets/Studio33 Interactive_[BasketBall] v1.1/Animations/Basketball Motions_Generic/1456_JumpshotMA.fbx using Guid(5530a8e4f5c35364fb9c211bf3761c93) Importer(2089858483,b0f066a214c2f5e87bad3c948f4d605d) (ScriptedImporter) -> (artifact id: '7ffece6a690efb4cb16d86cd2009499e') in 0.0277669 seconds
Number of updated asset objects reloaded before import = 0Number of asset objects unloaded after import = 152

========================================================================
Received Import Request.
  Time since last request: 0.000037 seconds.
  path: Assets/Studio33 Interactive_[BasketBall] v1.1/Animations/Basketball Motions Humanoid/1458_JumpshotReadyFake.fbx
  artifactKey: Guid(ee57791f3af166f4e8f9c641a3934e98) Importer(2089858483,b0f066a214c2f5e87bad3c948f4d605d)
Start importing Assets/Studio33 Interactive_[BasketBall] v1.1/Animations/Basketball Motions Humanoid/1458_JumpshotReadyFake.fbx using Guid(ee57791f3af166f4e8f9c641a3934e98) Importer(2089858483,b0f066a214c2f5e87bad3c948f4d605d) (ScriptedImporter) -> (artifact id: 'd24918005e50412bcef5d79c0ed56ed9') in 0.0287929 seconds
Number of updated asset objects reloaded before import = 0Number of asset objects unloaded after import = 154

========================================================================
Received Import Request.
  Time since last request: 0.000046 seconds.
  path: Assets/Studio33 Interactive_[BasketBall] v1.1/Animations/Basketball Motions_Generic/134_ReboundAndBoxOutSpinStepBaa.fbx
  artifactKey: Guid(490b83eac9546314a89e25eaf053c493) Importer(2089858483,b0f066a214c2f5e87bad3c948f4d605d)
Start importing Assets/Studio33 Interactive_[BasketBall] v1.1/Animations/Basketball Motions_Generic/134_ReboundAndBoxOutSpinStepBaa.fbx using Guid(490b83eac9546314a89e25eaf053c493) Importer(2089858483,b0f066a214c2f5e87bad3c948f4d605d) (ScriptedImporter) -> (artifact id: 'b04e4c89faa6c50a11c40cd402dfd6d3') in 0.0348761 seconds
Number of updated asset objects reloaded before import = 0Number of asset objects unloaded after import = 152

========================================================================
Received Import Request.
  Time since last request: 0.000053 seconds.
  path: Assets/Studio33 Interactive_[BasketBall] v1.1/Animations/Basketball Motions Humanoid/1214_FakelayupCA.fbx
  artifactKey: Guid(4816ea4a74fb2b449930bf46c27c2584) Importer(2089858483,b0f066a214c2f5e87bad3c948f4d605d)
Start importing Assets/Studio33 Interactive_[BasketBall] v1.1/Animations/Basketball Motions Humanoid/1214_FakelayupCA.fbx using Guid(4816ea4a74fb2b449930bf46c27c2584) Importer(2089858483,b0f066a214c2f5e87bad3c948f4d605d) (ScriptedImporter) -> (artifact id: '6df0703b6d828aca1a9e8b112bcc25fc') in 0.0451073 seconds
Number of updated asset objects reloaded before import = 0Number of asset objects unloaded after import = 154

========================================================================
Received Import Request.
  Time since last request: 0.000050 seconds.
  path: Assets/Studio33 Interactive_[BasketBall] v1.1/Animations/Basketball Motions_Generic/1742_RstajumpshotMA.fbx
  artifactKey: Guid(16b22a8d05400764c8b2006db5b061c1) Importer(2089858483,b0f066a214c2f5e87bad3c948f4d605d)
Start importing Assets/Studio33 Interactive_[BasketBall] v1.1/Animations/Basketball Motions_Generic/1742_RstajumpshotMA.fbx using Guid(16b22a8d05400764c8b2006db5b061c1) Importer(2089858483,b0f066a214c2f5e87bad3c948f4d605d) (ScriptedImporter) -> (artifact id: 'b10a296771bb5436dde56a2779f6c2ac') in 0.027795 seconds
Number of updated asset objects reloaded before import = 0Number of asset objects unloaded after import = 152

========================================================================
Received Import Request.
  Time since last request: 0.000041 seconds.
  path: Assets/Studio33 Interactive_[BasketBall] v1.1/Animations/Basketball Motions Humanoid/1432_LayupRA.fbx
  artifactKey: Guid(8d20a34d3914f594f9ffacc5b2cfa375) Importer(2089858483,b0f066a214c2f5e87bad3c948f4d605d)
Start importing Assets/Studio33 Interactive_[BasketBall] v1.1/Animations/Basketball Motions Humanoid/1432_LayupRA.fbx using Guid(8d20a34d3914f594f9ffacc5b2cfa375) Importer(2089858483,b0f066a214c2f5e87bad3c948f4d605d) (ScriptedImporter) -> (artifact id: '54fc31d5936219752083e69434c81a4e') in 0.0301883 seconds
Number of updated asset objects reloaded before import = 0Number of asset objects unloaded after import = 154

========================================================================
Received Import Request.
  Time since last request: 0.000039 seconds.
  path: Assets/Studio33 Interactive_[BasketBall] v1.1/Animations/Basketball Motions Humanoid/227_HopstepFFA.fbx
  artifactKey: Guid(4694ef1087e324b4fbfe11371fe139e2) Importer(2089858483,b0f066a214c2f5e87bad3c948f4d605d)
Start importing Assets/Studio33 Interactive_[BasketBall] v1.1/Animations/Basketball Motions Humanoid/227_HopstepFFA.fbx using Guid(4694ef1087e324b4fbfe11371fe139e2) Importer(2089858483,b0f066a214c2f5e87bad3c948f4d605d) (ScriptedImporter) -> (artifact id: 'f79d4df6ef0fd4ca5a02704ee0d2211f') in 0.02949 seconds
Number of updated asset objects reloaded before import = 0Number of asset objects unloaded after import = 154

========================================================================
Received Import Request.
  Time since last request: 0.000046 seconds.
  path: Assets/Studio33 Interactive_[BasketBall] v1.1/Animations/Basketball Motions Humanoid/635_LoosebalowA.fbx
  artifactKey: Guid(f43216b0e09082943a976d8a06865b8a) Importer(2089858483,b0f066a214c2f5e87bad3c948f4d605d)
Start importing Assets/Studio33 Interactive_[BasketBall] v1.1/Animations/Basketball Motions Humanoid/635_LoosebalowA.fbx using Guid(f43216b0e09082943a976d8a06865b8a) Importer(2089858483,b0f066a214c2f5e87bad3c948f4d605d) (ScriptedImporter) -> (artifact id: '8b5ec9f246def522b4d6d00931edca29') in 0.0335248 seconds
Number of updated asset objects reloaded before import = 0Number of asset objects unloaded after import = 154

========================================================================
Received Import Request.
  Time since last request: 0.000053 seconds.
  path: Assets/Studio33 Interactive_[BasketBall] v1.1/Animations/Basketball Motions_Generic/789_PassChestA.fbx
  artifactKey: Guid(9d5ecf4bdfbe55e4d9812e7e022f6268) Importer(2089858483,b0f066a214c2f5e87bad3c948f4d605d)
Start importing Assets/Studio33 Interactive_[BasketBall] v1.1/Animations/Basketball Motions_Generic/789_PassChestA.fbx using Guid(9d5ecf4bdfbe55e4d9812e7e022f6268) Importer(2089858483,b0f066a214c2f5e87bad3c948f4d605d) (ScriptedImporter) -> (artifact id: 'f093d6d9ce14d995dd4d76701dad2608') in 0.0318349 seconds
Number of updated asset objects reloaded before import = 0Number of asset objects unloaded after import = 152

========================================================================
Received Import Request.
  Time since last request: 0.000039 seconds.
  path: Assets/Studio33 Interactive_[BasketBall] v1.1/Animations/Basketball Motions_Generic/1876_DunkRA.fbx
  artifactKey: Guid(bcc2a7e1e535df442ab79ed89548904c) Importer(2089858483,b0f066a214c2f5e87bad3c948f4d605d)
Start importing Assets/Studio33 Interactive_[BasketBall] v1.1/Animations/Basketball Motions_Generic/1876_DunkRA.fbx using Guid(bcc2a7e1e535df442ab79ed89548904c) Importer(2089858483,b0f066a214c2f5e87bad3c948f4d605d) (ScriptedImporter) -> (artifact id: '9df9dff55d60c5a70ee37359f0e8c065') in 0.0293339 seconds
Number of updated asset objects reloaded before import = 0Number of asset objects unloaded after import = 152

========================================================================
Received Import Request.
  Time since last request: 0.000032 seconds.
  path: Assets/Studio33 Interactive_[BasketBall] v1.1/Animations/Basketball Motions Humanoid/173_BlockingckedFrontA.fbx
  artifactKey: Guid(ec04c06123849dc4fb1597c028b1c465) Importer(2089858483,b0f066a214c2f5e87bad3c948f4d605d)
Start importing Assets/Studio33 Interactive_[BasketBall] v1.1/Animations/Basketball Motions Humanoid/173_BlockingckedFrontA.fbx using Guid(ec04c06123849dc4fb1597c028b1c465) Importer(2089858483,b0f066a214c2f5e87bad3c948f4d605d) (ScriptedImporter) -> (artifact id: 'd53717ecd65b4e26d7987e7d6840927d') in 0.0311308 seconds
Number of updated asset objects reloaded before import = 0Number of asset objects unloaded after import = 154

========================================================================
Received Import Request.
  Time since last request: 0.000066 seconds.
  path: Assets/Studio33 Interactive_[BasketBall] v1.1/33_basket ball test animations/player/Back_number/Back_number_W/Back_number_W_c15.png
  artifactKey: Guid(3537ce164b1413a4fa5620e3181a8510) Importer(2089858483,b0f066a214c2f5e87bad3c948f4d605d)
Start importing Assets/Studio33 Interactive_[BasketBall] v1.1/33_basket ball test animations/player/Back_number/Back_number_W/Back_number_W_c15.png using Guid(3537ce164b1413a4fa5620e3181a8510) Importer(2089858483,b0f066a214c2f5e87bad3c948f4d605d) (ScriptedImporter) -> (artifact id: '0d78f778af5b984ba937105a0855f713') in 0.0190849 seconds
Number of updated asset objects reloaded before import = 0Number of asset objects unloaded after import = 1

========================================================================
Received Import Request.
  Time since last request: 0.000044 seconds.
  path: Assets/Studio33 Interactive_[BasketBall] v1.1/Animations/Basketball Motions Humanoid/476_ChangeRightLA.fbx
  artifactKey: Guid(dd26ea07ef7daa24da17dada413db928) Importer(2089858483,b0f066a214c2f5e87bad3c948f4d605d)
Start importing Assets/Studio33 Interactive_[BasketBall] v1.1/Animations/Basketball Motions Humanoid/476_ChangeRightLA.fbx using Guid(dd26ea07ef7daa24da17dada413db928) Importer(2089858483,b0f066a214c2f5e87bad3c948f4d605d) (ScriptedImporter) -> (artifact id: '7959412f26d9586bed56b4778442927e') in 0.0285276 seconds
Number of updated asset objects reloaded before import = 0Number of asset objects unloaded after import = 154

========================================================================
Received Import Request.
  Time since last request: 0.000040 seconds.
  path: Assets/Studio33 Interactive_[BasketBall] v1.1/Animations/Basketball Motions Humanoid/377_SpinStepFadeawayFakeRA.fbx
  artifactKey: Guid(d385ebf1a16db5749a1d8d2a0c210c81) Importer(2089858483,b0f066a214c2f5e87bad3c948f4d605d)
Start importing Assets/Studio33 Interactive_[BasketBall] v1.1/Animations/Basketball Motions Humanoid/377_SpinStepFadeawayFakeRA.fbx using Guid(d385ebf1a16db5749a1d8d2a0c210c81) Importer(2089858483,b0f066a214c2f5e87bad3c948f4d605d) (ScriptedImporter) -> (artifact id: '9b0b5b5a81be42794f7857c71247e648') in 0.034352 seconds
Number of updated asset objects reloaded before import = 0Number of asset objects unloaded after import = 154

========================================================================
Received Import Request.
  Time since last request: 0.000043 seconds.
  path: Assets/Studio33 Interactive_[BasketBall] v1.1/Animations/Basketball Motions_Generic/1657_FakelayupRA.fbx
  artifactKey: Guid(e6e58da97dd72654889478b95a1f03b0) Importer(2089858483,b0f066a214c2f5e87bad3c948f4d605d)
Start importing Assets/Studio33 Interactive_[BasketBall] v1.1/Animations/Basketball Motions_Generic/1657_FakelayupRA.fbx using Guid(e6e58da97dd72654889478b95a1f03b0) Importer(2089858483,b0f066a214c2f5e87bad3c948f4d605d) (ScriptedImporter) -> (artifact id: '0bd1ab5eba69ad3c2b82b2f2d57c9c8f') in 0.0327802 seconds
Number of updated asset objects reloaded before import = 0Number of asset objects unloaded after import = 152

========================================================================
Received Import Request.
  Time since last request: 0.000044 seconds.
  path: Assets/Studio33 Interactive_[BasketBall] v1.1/Animations/Basketball Motions Humanoid/1318_DunkRA.fbx
  artifactKey: Guid(2a4c7c1ee8972c149a01ab06e148e521) Importer(2089858483,b0f066a214c2f5e87bad3c948f4d605d)
Start importing Assets/Studio33 Interactive_[BasketBall] v1.1/Animations/Basketball Motions Humanoid/1318_DunkRA.fbx using Guid(2a4c7c1ee8972c149a01ab06e148e521) Importer(2089858483,b0f066a214c2f5e87bad3c948f4d605d) (ScriptedImporter) -> (artifact id: '1dd34db0f7be57b99222f7b690afd97f') in 0.0303168 seconds
Number of updated asset objects reloaded before import = 0Number of asset objects unloaded after import = 154

========================================================================
Received Import Request.
  Time since last request: 0.000039 seconds.
  path: Assets/Studio33 Interactive_[BasketBall] v1.1/Animations/Basketball Motions_Generic/535_MeloncrashCA.fbx
  artifactKey: Guid(dfe677af32cfe6c4eb170bfd5aae288e) Importer(2089858483,b0f066a214c2f5e87bad3c948f4d605d)
Start importing Assets/Studio33 Interactive_[BasketBall] v1.1/Animations/Basketball Motions_Generic/535_MeloncrashCA.fbx using Guid(dfe677af32cfe6c4eb170bfd5aae288e) Importer(2089858483,b0f066a214c2f5e87bad3c948f4d605d) (ScriptedImporter) -> (artifact id: '4f90568af2133d2cdee181809d6d7983') in 0.0289201 seconds
Number of updated asset objects reloaded before import = 0Number of asset objects unloaded after import = 152

========================================================================
Received Import Request.
  Time since last request: 0.000048 seconds.
  path: Assets/Studio33 Interactive_[BasketBall] v1.1/Animations/Basketball Motions_Generic/2110_JumpshotReadyFake.fbx
  artifactKey: Guid(080a4870e5175d74b89d8c22ac3329cf) Importer(2089858483,b0f066a214c2f5e87bad3c948f4d605d)
Start importing Assets/Studio33 Interactive_[BasketBall] v1.1/Animations/Basketball Motions_Generic/2110_JumpshotReadyFake.fbx using Guid(080a4870e5175d74b89d8c22ac3329cf) Importer(2089858483,b0f066a214c2f5e87bad3c948f4d605d) (ScriptedImporter) -> (artifact id: '911669f684c7ff990adcbdcfe9b31fd7') in 0.0273746 seconds
Number of updated asset objects reloaded before import = 0Number of asset objects unloaded after import = 152

========================================================================
Received Import Request.
  Time since last request: 0.000074 seconds.
  path: Assets/Studio33 Interactive_[BasketBall] v1.1/Animations/Basketball Motions Humanoid/1162_DunkCA.fbx
  artifactKey: Guid(abac9431b6ea23841aca083d4cb9e818) Importer(2089858483,b0f066a214c2f5e87bad3c948f4d605d)
Start importing Assets/Studio33 Interactive_[BasketBall] v1.1/Animations/Basketball Motions Humanoid/1162_DunkCA.fbx using Guid(abac9431b6ea23841aca083d4cb9e818) Importer(2089858483,b0f066a214c2f5e87bad3c948f4d605d) (ScriptedImporter) -> (artifact id: '7068acfb020e4f2765303caace955411') in 0.0278125 seconds
Number of updated asset objects reloaded before import = 0Number of asset objects unloaded after import = 154

========================================================================
Received Import Request.
  Time since last request: 0.000034 seconds.
  path: Assets/Studio33 Interactive_[BasketBall] v1.1/Animations/Basketball Motions Humanoid/1353_JumpshotMA.fbx
  artifactKey: Guid(dcf3ca4bf990e814e924ab1bc70831da) Importer(2089858483,b0f066a214c2f5e87bad3c948f4d605d)
Start importing Assets/Studio33 Interactive_[BasketBall] v1.1/Animations/Basketball Motions Humanoid/1353_JumpshotMA.fbx using Guid(dcf3ca4bf990e814e924ab1bc70831da) Importer(2089858483,b0f066a214c2f5e87bad3c948f4d605d) (ScriptedImporter) -> (artifact id: '09440af99adb3ea04c49a2360e995478') in 0.0364845 seconds
Number of updated asset objects reloaded before import = 0Number of asset objects unloaded after import = 154

========================================================================
Received Import Request.
  Time since last request: 0.000043 seconds.
  path: Assets/Studio33 Interactive_[BasketBall] v1.1/Animations/Basketball Motions_Generic/55_BlockingckncatchShortLayupFA.fbx
  artifactKey: Guid(14e6f4d528c440243bdf71d4ff61154d) Importer(2089858483,b0f066a214c2f5e87bad3c948f4d605d)
Start importing Assets/Studio33 Interactive_[BasketBall] v1.1/Animations/Basketball Motions_Generic/55_BlockingckncatchShortLayupFA.fbx using Guid(14e6f4d528c440243bdf71d4ff61154d) Importer(2089858483,b0f066a214c2f5e87bad3c948f4d605d) (ScriptedImporter) -> (artifact id: 'c53f3451ce056b17cee0b81d88546bd2') in 0.0298777 seconds
Number of updated asset objects reloaded before import = 0Number of asset objects unloaded after import = 152

========================================================================
Received Import Request.
  Time since last request: 0.000048 seconds.
  path: Assets/Studio33 Interactive_[BasketBall] v1.1/Animations/Basketball Motions Humanoid/910_PostThRightLA.fbx
  artifactKey: Guid(95e35c568bcbc22458642f0e1cf59a14) Importer(2089858483,b0f066a214c2f5e87bad3c948f4d605d)
Start importing Assets/Studio33 Interactive_[BasketBall] v1.1/Animations/Basketball Motions Humanoid/910_PostThRightLA.fbx using Guid(95e35c568bcbc22458642f0e1cf59a14) Importer(2089858483,b0f066a214c2f5e87bad3c948f4d605d) (ScriptedImporter) -> (artifact id: '64214dd6da23527d8afbdec300a656c4') in 0.031087 seconds
Number of updated asset objects reloaded before import = 0Number of asset objects unloaded after import = 154

========================================================================
Received Import Request.
  Time since last request: 0.000037 seconds.
  path: Assets/Studio33 Interactive_[BasketBall] v1.1/Animations/Basketball Motions_Generic/1040_TappassTapFA.fbx
  artifactKey: Guid(943792d5994e3da4789caccd99ce96ae) Importer(2089858483,b0f066a214c2f5e87bad3c948f4d605d)
Start importing Assets/Studio33 Interactive_[BasketBall] v1.1/Animations/Basketball Motions_Generic/1040_TappassTapFA.fbx using Guid(943792d5994e3da4789caccd99ce96ae) Importer(2089858483,b0f066a214c2f5e87bad3c948f4d605d) (ScriptedImporter) -> (artifact id: '1e725ff90e00706f69203d73591093b1') in 0.0285357 seconds
Number of updated asset objects reloaded before import = 0Number of asset objects unloaded after import = 152

========================================================================
Received Import Request.
  Time since last request: 0.000041 seconds.
  path: Assets/Studio33 Interactive_[BasketBall] v1.1/Animations/Basketball Motions Humanoid/298_NutmegThrowRR.fbx
  artifactKey: Guid(8c2684cb1b698b7498c0d8af3e524ede) Importer(2089858483,b0f066a214c2f5e87bad3c948f4d605d)
Start importing Assets/Studio33 Interactive_[BasketBall] v1.1/Animations/Basketball Motions Humanoid/298_NutmegThrowRR.fbx using Guid(8c2684cb1b698b7498c0d8af3e524ede) Importer(2089858483,b0f066a214c2f5e87bad3c948f4d605d) (ScriptedImporter) -> (artifact id: '967b8116e54cba6cbc26aee4bbac3cb1') in 0.0314303 seconds
Number of updated asset objects reloaded before import = 0Number of asset objects unloaded after import = 154

========================================================================
Received Import Request.
  Time since last request: 0.000047 seconds.
  path: Assets/Studio33 Interactive_[BasketBall] v1.1/Animations/Basketball Motions_Generic/87_BlockingckpassShortLA.fbx
  artifactKey: Guid(28f6d98d68bf29f479d5301abac4ad6b) Importer(2089858483,b0f066a214c2f5e87bad3c948f4d605d)
Start importing Assets/Studio33 Interactive_[BasketBall] v1.1/Animations/Basketball Motions_Generic/87_BlockingckpassShortLA.fbx using Guid(28f6d98d68bf29f479d5301abac4ad6b) Importer(2089858483,b0f066a214c2f5e87bad3c948f4d605d) (ScriptedImporter) -> (artifact id: '72003692f644d7b5d0397a91c93336c7') in 0.0312078 seconds
Number of updated asset objects reloaded before import = 0Number of asset objects unloaded after import = 152

========================================================================
Received Import Request.
  Time since last request: 0.000035 seconds.
  path: Assets/Studio33 Interactive_[BasketBall] v1.1/Animations/Basketball Motions_Generic/1606_JumpshotMA.fbx
  artifactKey: Guid(2c6a964833f31d143a96cbe4b8ed1818) Importer(2089858483,b0f066a214c2f5e87bad3c948f4d605d)
Start importing Assets/Studio33 Interactive_[BasketBall] v1.1/Animations/Basketball Motions_Generic/1606_JumpshotMA.fbx using Guid(2c6a964833f31d143a96cbe4b8ed1818) Importer(2089858483,b0f066a214c2f5e87bad3c948f4d605d) (ScriptedImporter) -> (artifact id: '74190b8c914c9ec3f94a167fe4548669') in 0.0323964 seconds
Number of updated asset objects reloaded before import = 0Number of asset objects unloaded after import = 152

========================================================================
Received Import Request.
  Time since last request: 0.000030 seconds.
  path: Assets/Studio33 Interactive_[BasketBall] v1.1/33_basket ball test animations/player/uniform.mat
  artifactKey: Guid(4851e0a013a818042b8389dc7b7aeae5) Importer(2089858483,b0f066a214c2f5e87bad3c948f4d605d)
Start importing Assets/Studio33 Interactive_[BasketBall] v1.1/33_basket ball test animations/player/uniform.mat using Guid(4851e0a013a818042b8389dc7b7aeae5) Importer(2089858483,b0f066a214c2f5e87bad3c948f4d605d) (ScriptedImporter) -> (artifact id: '1eaa580b072ea622a9f9ebc374b5933e') in 0.0757977 seconds
Number of updated asset objects reloaded before import = 0Number of asset objects unloaded after import = 4

========================================================================
Received Import Request.
  Time since last request: 0.000048 seconds.
  path: Assets/Studio33 Interactive_[BasketBall] v1.1/Animations/Basketball Motions Humanoid/1660_LayupCA.fbx
  artifactKey: Guid(a7f1ed9293c24654781ab8b22137478a) Importer(2089858483,b0f066a214c2f5e87bad3c948f4d605d)
Start importing Assets/Studio33 Interactive_[BasketBall] v1.1/Animations/Basketball Motions Humanoid/1660_LayupCA.fbx using Guid(a7f1ed9293c24654781ab8b22137478a) Importer(2089858483,b0f066a214c2f5e87bad3c948f4d605d) (ScriptedImporter) -> (artifact id: '0bacfebb47ac32002b4016af2f043fd1') in 0.0277239 seconds
Number of updated asset objects reloaded before import = 0Number of asset objects unloaded after import = 154

========================================================================
Received Import Request.
  Time since last request: 0.000043 seconds.
  path: Assets/Studio33 Interactive_[BasketBall] v1.1/Animations/Basketball Motions Humanoid/1469_DunkRA.fbx
  artifactKey: Guid(857557be0ae2acd4a80f386689f5201f) Importer(2089858483,b0f066a214c2f5e87bad3c948f4d605d)
Start importing Assets/Studio33 Interactive_[BasketBall] v1.1/Animations/Basketball Motions Humanoid/1469_DunkRA.fbx using Guid(857557be0ae2acd4a80f386689f5201f) Importer(2089858483,b0f066a214c2f5e87bad3c948f4d605d) (ScriptedImporter) -> (artifact id: 'c56072ae40e266586bfbf2a96002dbd4') in 0.0287894 seconds
Number of updated asset objects reloaded before import = 0Number of asset objects unloaded after import = 154

========================================================================
Received Import Request.
  Time since last request: 0.000051 seconds.
  path: Assets/Studio33 Interactive_[BasketBall] v1.1/Animations/Basketball Motions Humanoid/1484_AlleyoopRLA.fbx
  artifactKey: Guid(87390064153ddc141a94f208681f6329) Importer(2089858483,b0f066a214c2f5e87bad3c948f4d605d)
Start importing Assets/Studio33 Interactive_[BasketBall] v1.1/Animations/Basketball Motions Humanoid/1484_AlleyoopRLA.fbx using Guid(87390064153ddc141a94f208681f6329) Importer(2089858483,b0f066a214c2f5e87bad3c948f4d605d) (ScriptedImporter) -> (artifact id: 'd57c2b116471cb76fde1b7b9022751e1') in 0.0319603 seconds
Number of updated asset objects reloaded before import = 0Number of asset objects unloaded after import = 154

========================================================================
Received Import Request.
  Time since last request: 0.000051 seconds.
  path: Assets/Studio33 Interactive_[BasketBall] v1.1/Animations/Basketball Motions_Generic/317_WindupRRRMMA.fbx
  artifactKey: Guid(02ad774c8ab093043888dc53cb1ac4c3) Importer(2089858483,b0f066a214c2f5e87bad3c948f4d605d)
Start importing Assets/Studio33 Interactive_[BasketBall] v1.1/Animations/Basketball Motions_Generic/317_WindupRRRMMA.fbx using Guid(02ad774c8ab093043888dc53cb1ac4c3) Importer(2089858483,b0f066a214c2f5e87bad3c948f4d605d) (ScriptedImporter) -> (artifact id: '43e7a5a0db145c6fcb2fdd6c738c8965') in 0.0315346 seconds
Number of updated asset objects reloaded before import = 0Number of asset objects unloaded after import = 152

========================================================================
Received Import Request.
  Time since last request: 0.000040 seconds.
  path: Assets/Studio33 Interactive_[BasketBall] v1.1/Animations/Basketball Motions_Generic/421_MarkDelayR.fbx
  artifactKey: Guid(c0795e9cd5a7a1941a0b3232815ee2c6) Importer(2089858483,b0f066a214c2f5e87bad3c948f4d605d)
Start importing Assets/Studio33 Interactive_[BasketBall] v1.1/Animations/Basketball Motions_Generic/421_MarkDelayR.fbx using Guid(c0795e9cd5a7a1941a0b3232815ee2c6) Importer(2089858483,b0f066a214c2f5e87bad3c948f4d605d) (ScriptedImporter) -> (artifact id: '456d387b7dcf6716b1535651e3381eb9') in 0.0315582 seconds
Number of updated asset objects reloaded before import = 0Number of asset objects unloaded after import = 152

========================================================================
Received Import Request.
  Time since last request: 0.000038 seconds.
  path: Assets/Studio33 Interactive_[BasketBall] v1.1/Animations/Basketball Motions Humanoid/1347_JumpshotMA.fbx
  artifactKey: Guid(07676714656b97349a47ddd2562422c2) Importer(2089858483,b0f066a214c2f5e87bad3c948f4d605d)
Start importing Assets/Studio33 Interactive_[BasketBall] v1.1/Animations/Basketball Motions Humanoid/1347_JumpshotMA.fbx using Guid(07676714656b97349a47ddd2562422c2) Importer(2089858483,b0f066a214c2f5e87bad3c948f4d605d) (ScriptedImporter) -> (artifact id: '89ef5add8529d3b59657811ee0a3b0a7') in 0.030621 seconds
Number of updated asset objects reloaded before import = 0Number of asset objects unloaded after import = 154

========================================================================
Received Import Request.
  Time since last request: 0.000054 seconds.
  path: Assets/Studio33 Interactive_[BasketBall] v1.1/Animations/Basketball Motions Humanoid/1012_Rebound C.fbx
  artifactKey: Guid(4173eb9837e167442aeb2cfb256b1064) Importer(2089858483,b0f066a214c2f5e87bad3c948f4d605d)
Start importing Assets/Studio33 Interactive_[BasketBall] v1.1/Animations/Basketball Motions Humanoid/1012_Rebound C.fbx using Guid(4173eb9837e167442aeb2cfb256b1064) Importer(2089858483,b0f066a214c2f5e87bad3c948f4d605d) (ScriptedImporter) -> (artifact id: '4891552a0f9cf9e3ce7c7e510f514963') in 0.0294709 seconds
Number of updated asset objects reloaded before import = 0Number of asset objects unloaded after import = 154

========================================================================
Received Import Request.
  Time since last request: 0.000043 seconds.
  path: Assets/Studio33 Interactive_[BasketBall] v1.1/Animations/Basketball Motions Humanoid/1097_ScreequickescapeFrontA.fbx
  artifactKey: Guid(a27bc2e82c0049f409b9278ade2e2891) Importer(2089858483,b0f066a214c2f5e87bad3c948f4d605d)
Start importing Assets/Studio33 Interactive_[BasketBall] v1.1/Animations/Basketball Motions Humanoid/1097_ScreequickescapeFrontA.fbx using Guid(a27bc2e82c0049f409b9278ade2e2891) Importer(2089858483,b0f066a214c2f5e87bad3c948f4d605d) (ScriptedImporter) -> (artifact id: 'eb9c04053b539b7ecf86618e76ae799b') in 0.0309523 seconds
Number of updated asset objects reloaded before import = 0Number of asset objects unloaded after import = 154

========================================================================
Received Import Request.
  Time since last request: 0.000040 seconds.
  path: Assets/Studio33 Interactive_[BasketBall] v1.1/Animations/Basketball Motions_Generic/169_StopRA.fbx
  artifactKey: Guid(54296b816435c22488960852cbdda4e6) Importer(2089858483,b0f066a214c2f5e87bad3c948f4d605d)
Start importing Assets/Studio33 Interactive_[BasketBall] v1.1/Animations/Basketball Motions_Generic/169_StopRA.fbx using Guid(54296b816435c22488960852cbdda4e6) Importer(2089858483,b0f066a214c2f5e87bad3c948f4d605d) (ScriptedImporter) -> (artifact id: 'dc3652aef29999d740e7a9fd82eb1dfe') in 0.0301113 seconds
Number of updated asset objects reloaded before import = 0Number of asset objects unloaded after import = 152

========================================================================
Received Import Request.
  Time since last request: 0.000036 seconds.
  path: Assets/Studio33 Interactive_[BasketBall] v1.1/Animations/Basketball Motions Humanoid/749_PassKifA.fbx
  artifactKey: Guid(e7ca647afda020a429f20eaa59b916a3) Importer(2089858483,b0f066a214c2f5e87bad3c948f4d605d)
Start importing Assets/Studio33 Interactive_[BasketBall] v1.1/Animations/Basketball Motions Humanoid/749_PassKifA.fbx using Guid(e7ca647afda020a429f20eaa59b916a3) Importer(2089858483,b0f066a214c2f5e87bad3c948f4d605d) (ScriptedImporter) -> (artifact id: 'c020f15ff7ad49ea42ececd415591080') in 0.0330988 seconds
Number of updated asset objects reloaded before import = 0Number of asset objects unloaded after import = 154

========================================================================
Received Import Request.
  Time since last request: 0.000067 seconds.
  path: Assets/Studio33 Interactive_[BasketBall] v1.1/Animations/Basketball Motions Humanoid/579_StealA.fbx
  artifactKey: Guid(978c95152687342428a94a5630a3937a) Importer(2089858483,b0f066a214c2f5e87bad3c948f4d605d)
Start importing Assets/Studio33 Interactive_[BasketBall] v1.1/Animations/Basketball Motions Humanoid/579_StealA.fbx using Guid(978c95152687342428a94a5630a3937a) Importer(2089858483,b0f066a214c2f5e87bad3c948f4d605d) (ScriptedImporter) -> (artifact id: '63112b8f18e0ae9231edd688c28412d0') in 0.0328831 seconds
Number of updated asset objects reloaded before import = 0Number of asset objects unloaded after import = 154

========================================================================
Received Import Request.
  Time since last request: 0.000052 seconds.
  path: Assets/Studio33 Interactive_[BasketBall] v1.1/Animations/Basketball Motions_Generic/653_DashC.fbx
  artifactKey: Guid(63ded21ad443ed446a81cb78b505a50e) Importer(2089858483,b0f066a214c2f5e87bad3c948f4d605d)
Start importing Assets/Studio33 Interactive_[BasketBall] v1.1/Animations/Basketball Motions_Generic/653_DashC.fbx using Guid(63ded21ad443ed446a81cb78b505a50e) Importer(2089858483,b0f066a214c2f5e87bad3c948f4d605d) (ScriptedImporter) -> (artifact id: 'fe9850646e21e565f4abf4183fa53018') in 0.0270506 seconds
Number of updated asset objects reloaded before import = 0Number of asset objects unloaded after import = 152

========================================================================
Received Import Request.
  Time since last request: 0.000041 seconds.
  path: Assets/Studio33 Interactive_[BasketBall] v1.1/Animations/Basketball Motions_Generic/673_Run.fbx
  artifactKey: Guid(ef242da79fd6075488fc16819e9f48d5) Importer(2089858483,b0f066a214c2f5e87bad3c948f4d605d)
Start importing Assets/Studio33 Interactive_[BasketBall] v1.1/Animations/Basketball Motions_Generic/673_Run.fbx using Guid(ef242da79fd6075488fc16819e9f48d5) Importer(2089858483,b0f066a214c2f5e87bad3c948f4d605d) (ScriptedImporter) -> (artifact id: 'd803b011b43f1c541e6d31c1f0b12720') in 0.0265931 seconds
Number of updated asset objects reloaded before import = 0Number of asset objects unloaded after import = 152

========================================================================
Received Import Request.
  Time since last request: 0.000057 seconds.
  path: Assets/Studio33 Interactive_[BasketBall] v1.1/Animations/Basketball Motions Humanoid/1313_DunkRA.fbx
  artifactKey: Guid(ca52b55d9f9a21f4c9331e273f7ebd2b) Importer(2089858483,b0f066a214c2f5e87bad3c948f4d605d)
Start importing Assets/Studio33 Interactive_[BasketBall] v1.1/Animations/Basketball Motions Humanoid/1313_DunkRA.fbx using Guid(ca52b55d9f9a21f4c9331e273f7ebd2b) Importer(2089858483,b0f066a214c2f5e87bad3c948f4d605d) (ScriptedImporter) -> (artifact id: '6145876dba7f7beb81921f821dfc0bba') in 0.0297146 seconds
Number of updated asset objects reloaded before import = 0Number of asset objects unloaded after import = 154

========================================================================
Received Import Request.
  Time since last request: 0.000047 seconds.
  path: Assets/Studio33 Interactive_[BasketBall] v1.1/Animations/Basketball Motions_Generic/505_Dribbleright.fbx
  artifactKey: Guid(8cf3f672a911d55428e1b711ad2dab94) Importer(2089858483,b0f066a214c2f5e87bad3c948f4d605d)
Start importing Assets/Studio33 Interactive_[BasketBall] v1.1/Animations/Basketball Motions_Generic/505_Dribbleright.fbx using Guid(8cf3f672a911d55428e1b711ad2dab94) Importer(2089858483,b0f066a214c2f5e87bad3c948f4d605d) (ScriptedImporter) -> (artifact id: 'f0c6695f6f03f114ca4bf20570a28408') in 0.029415 seconds
Number of updated asset objects reloaded before import = 0Number of asset objects unloaded after import = 152

========================================================================
Received Import Request.
  Time since last request: 0.000039 seconds.
  path: Assets/Studio33 Interactive_[BasketBall] v1.1/Animations/Basketball Motions Humanoid/241_CrazycrossRR.fbx
  artifactKey: Guid(b51718892d5a5a242a116d5d42beab70) Importer(2089858483,b0f066a214c2f5e87bad3c948f4d605d)
Start importing Assets/Studio33 Interactive_[BasketBall] v1.1/Animations/Basketball Motions Humanoid/241_CrazycrossRR.fbx using Guid(b51718892d5a5a242a116d5d42beab70) Importer(2089858483,b0f066a214c2f5e87bad3c948f4d605d) (ScriptedImporter) -> (artifact id: '90436672552faa7c91fe19773f49a9be') in 0.0374078 seconds
Number of updated asset objects reloaded before import = 0Number of asset objects unloaded after import = 154

========================================================================
Received Import Request.
  Time since last request: 0.000056 seconds.
  path: Assets/Studio33 Interactive_[BasketBall] v1.1/Animations/Basketball Motions Humanoid/2087_DunkCA.fbx
  artifactKey: Guid(b31c1345a75f0aa47bbcfb68e51b191d) Importer(2089858483,b0f066a214c2f5e87bad3c948f4d605d)
Start importing Assets/Studio33 Interactive_[BasketBall] v1.1/Animations/Basketball Motions Humanoid/2087_DunkCA.fbx using Guid(b31c1345a75f0aa47bbcfb68e51b191d) Importer(2089858483,b0f066a214c2f5e87bad3c948f4d605d) (ScriptedImporter) -> (artifact id: 'a6a2cc98e764d730fadbf4a6fa154518') in 0.0319652 seconds
Number of updated asset objects reloaded before import = 0Number of asset objects unloaded after import = 154

========================================================================
Received Import Request.
  Time since last request: 0.000029 seconds.
  path: Assets/Studio33 Interactive_[BasketBall] v1.1/Animations/Basketball Motions_Generic/600_StealpassStealA.fbx
  artifactKey: Guid(13890295548808346b6a33a0ce10e364) Importer(2089858483,b0f066a214c2f5e87bad3c948f4d605d)
Start importing Assets/Studio33 Interactive_[BasketBall] v1.1/Animations/Basketball Motions_Generic/600_StealpassStealA.fbx using Guid(13890295548808346b6a33a0ce10e364) Importer(2089858483,b0f066a214c2f5e87bad3c948f4d605d) (ScriptedImporter) -> (artifact id: 'b194be07a89562af5cd912b4d5baee0b') in 0.0279953 seconds
Number of updated asset objects reloaded before import = 0Number of asset objects unloaded after import = 152

========================================================================
Received Import Request.
  Time since last request: 0.000048 seconds.
  path: Assets/Studio33 Interactive_[BasketBall] v1.1/Animations/Basketball Motions Humanoid/810_PostBackingpassKifA.fbx
  artifactKey: Guid(48b37ffd09a2c6148b00d8a8e898571f) Importer(2089858483,b0f066a214c2f5e87bad3c948f4d605d)
Start importing Assets/Studio33 Interactive_[BasketBall] v1.1/Animations/Basketball Motions Humanoid/810_PostBackingpassKifA.fbx using Guid(48b37ffd09a2c6148b00d8a8e898571f) Importer(2089858483,b0f066a214c2f5e87bad3c948f4d605d) (ScriptedImporter) -> (artifact id: '2cc0f4e79035cf5263972dceda4eb68c') in 0.032577 seconds
Number of updated asset objects reloaded before import = 0Number of asset objects unloaded after import = 154

========================================================================
Received Import Request.
  Time since last request: 0.000059 seconds.
  path: Assets/Studio33 Interactive_[BasketBall] v1.1/Animations/Basketball Motions Humanoid/788_ShootpassLayupShortRightA.fbx
  artifactKey: Guid(c7d81fbeade62cc4aa11d5d458738ce8) Importer(2089858483,b0f066a214c2f5e87bad3c948f4d605d)
Start importing Assets/Studio33 Interactive_[BasketBall] v1.1/Animations/Basketball Motions Humanoid/788_ShootpassLayupShortRightA.fbx using Guid(c7d81fbeade62cc4aa11d5d458738ce8) Importer(2089858483,b0f066a214c2f5e87bad3c948f4d605d) (ScriptedImporter) -> (artifact id: '42540c0e593ef1455a870ffa18ddb922') in 0.0293462 seconds
Number of updated asset objects reloaded before import = 0Number of asset objects unloaded after import = 154

========================================================================
Received Import Request.
  Time since last request: 0.000039 seconds.
  path: Assets/Studio33 Interactive_[BasketBall] v1.1/33_basket ball test animations/player/Back_number/Back_number_W/Back_number_W_c03.png
  artifactKey: Guid(47d9626501790d94385cbec3b4f00cb9) Importer(2089858483,b0f066a214c2f5e87bad3c948f4d605d)
Start importing Assets/Studio33 Interactive_[BasketBall] v1.1/33_basket ball test animations/player/Back_number/Back_number_W/Back_number_W_c03.png using Guid(47d9626501790d94385cbec3b4f00cb9) Importer(2089858483,b0f066a214c2f5e87bad3c948f4d605d) (ScriptedImporter) -> (artifact id: 'bc69a1679f36f6d95a0d40b8e626d23d') in 0.0173865 seconds
Number of updated asset objects reloaded before import = 0Number of asset objects unloaded after import = 1

========================================================================
Received Import Request.
  Time since last request: 0.000056 seconds.
  path: Assets/Studio33 Interactive_[BasketBall] v1.1/Animations/Basketball Motions Humanoid/1486_DclutchFLeftA.fbx
  artifactKey: Guid(41ffdc194a7becd448e5f517b84cb51a) Importer(2089858483,b0f066a214c2f5e87bad3c948f4d605d)
Start importing Assets/Studio33 Interactive_[BasketBall] v1.1/Animations/Basketball Motions Humanoid/1486_DclutchFLeftA.fbx using Guid(41ffdc194a7becd448e5f517b84cb51a) Importer(2089858483,b0f066a214c2f5e87bad3c948f4d605d) (ScriptedImporter) -> (artifact id: 'c401758c22c60807d7c9895f97c8a1b4') in 0.0371572 seconds
Number of updated asset objects reloaded before import = 0Number of asset objects unloaded after import = 154

========================================================================
Received Import Request.
  Time since last request: 0.000043 seconds.
  path: Assets/Studio33 Interactive_[BasketBall] v1.1/Animations/Basketball Motions Humanoid/484_Dribbleright.fbx
  artifactKey: Guid(d83ed024057f0c344b97c6bc9421c647) Importer(2089858483,b0f066a214c2f5e87bad3c948f4d605d)
Start importing Assets/Studio33 Interactive_[BasketBall] v1.1/Animations/Basketball Motions Humanoid/484_Dribbleright.fbx using Guid(d83ed024057f0c344b97c6bc9421c647) Importer(2089858483,b0f066a214c2f5e87bad3c948f4d605d) (ScriptedImporter) -> (artifact id: '789dd2d6c8820ead11014da4553ce7f6') in 0.0319516 seconds
Number of updated asset objects reloaded before import = 0Number of asset objects unloaded after import = 154

========================================================================
Received Import Request.
  Time since last request: 0.000048 seconds.
  path: Assets/Studio33 Interactive_[BasketBall] v1.1/Animations/Basketball Motions_Generic/504_Dribbleright.fbx
  artifactKey: Guid(eb583e158f39ddd4ab09cd4954824f21) Importer(2089858483,b0f066a214c2f5e87bad3c948f4d605d)
Start importing Assets/Studio33 Interactive_[BasketBall] v1.1/Animations/Basketball Motions_Generic/504_Dribbleright.fbx using Guid(eb583e158f39ddd4ab09cd4954824f21) Importer(2089858483,b0f066a214c2f5e87bad3c948f4d605d) (ScriptedImporter) -> (artifact id: 'a37553c61dae684a130e9ce674ed2130') in 0.0284977 seconds
Number of updated asset objects reloaded before import = 0Number of asset objects unloaded after import = 152

========================================================================
Received Import Request.
  Time since last request: 0.000042 seconds.
  path: Assets/Studio33 Interactive_[BasketBall] v1.1/Animations/Basketball Motions_Generic/159_AirBigFrontA.fbx
  artifactKey: Guid(1180249d2a8e1a6479caad7eb2cbb704) Importer(2089858483,b0f066a214c2f5e87bad3c948f4d605d)
Start importing Assets/Studio33 Interactive_[BasketBall] v1.1/Animations/Basketball Motions_Generic/159_AirBigFrontA.fbx using Guid(1180249d2a8e1a6479caad7eb2cbb704) Importer(2089858483,b0f066a214c2f5e87bad3c948f4d605d) (ScriptedImporter) -> (artifact id: '3bdce9bd8e624721ad7cf9134151519a') in 0.0317345 seconds
Number of updated asset objects reloaded before import = 0Number of asset objects unloaded after import = 152

========================================================================
Received Import Request.
  Time since last request: 0.000046 seconds.
  path: Assets/Studio33 Interactive_[BasketBall] v1.1/Animations/Basketball Motions_Generic/122_ReboundAndBoxOutFrontA.fbx
  artifactKey: Guid(fb6eb1591248fe144932380942500878) Importer(2089858483,b0f066a214c2f5e87bad3c948f4d605d)
Start importing Assets/Studio33 Interactive_[BasketBall] v1.1/Animations/Basketball Motions_Generic/122_ReboundAndBoxOutFrontA.fbx using Guid(fb6eb1591248fe144932380942500878) Importer(2089858483,b0f066a214c2f5e87bad3c948f4d605d) (ScriptedImporter) -> (artifact id: 'a7cb77d67c1e59fc80530bf7c855c9e4') in 0.0292182 seconds
Number of updated asset objects reloaded before import = 0Number of asset objects unloaded after import = 152

========================================================================
Received Import Request.
  Time since last request: 0.000052 seconds.
  path: Assets/Studio33 Interactive_[BasketBall] v1.1/Animations/Basketball Motions Humanoid/1446_JumpshotMA.fbx
  artifactKey: Guid(35f176b122ccf064c8c744d6b9e5b0f3) Importer(2089858483,b0f066a214c2f5e87bad3c948f4d605d)
Start importing Assets/Studio33 Interactive_[BasketBall] v1.1/Animations/Basketball Motions Humanoid/1446_JumpshotMA.fbx using Guid(35f176b122ccf064c8c744d6b9e5b0f3) Importer(2089858483,b0f066a214c2f5e87bad3c948f4d605d) (ScriptedImporter) -> (artifact id: '88e70b77d3a411240da7b59f9efa4ed1') in 0.0262514 seconds
Number of updated asset objects reloaded before import = 0Number of asset objects unloaded after import = 154

========================================================================
Received Import Request.
  Time since last request: 0.000032 seconds.
  path: Assets/Studio33 Interactive_[BasketBall] v1.1/Animations/Basketball Motions_Generic/775_NpassRA.fbx
  artifactKey: Guid(a7a18d52682226b40bf9c0d832647e39) Importer(2089858483,b0f066a214c2f5e87bad3c948f4d605d)
Start importing Assets/Studio33 Interactive_[BasketBall] v1.1/Animations/Basketball Motions_Generic/775_NpassRA.fbx using Guid(a7a18d52682226b40bf9c0d832647e39) Importer(2089858483,b0f066a214c2f5e87bad3c948f4d605d) (ScriptedImporter) -> (artifact id: '506423ec8078ea0233cf517943cd011b') in 0.0366791 seconds
Number of updated asset objects reloaded before import = 0Number of asset objects unloaded after import = 152

========================================================================
Received Import Request.
  Time since last request: 0.000041 seconds.
  path: Assets/Studio33 Interactive_[BasketBall] v1.1/Animations/Basketball Motions_Generic/485_DribblestartDashC.fbx
  artifactKey: Guid(d970da033a3b0ad4b92e94990fe21cb8) Importer(2089858483,b0f066a214c2f5e87bad3c948f4d605d)
Start importing Assets/Studio33 Interactive_[BasketBall] v1.1/Animations/Basketball Motions_Generic/485_DribblestartDashC.fbx using Guid(d970da033a3b0ad4b92e94990fe21cb8) Importer(2089858483,b0f066a214c2f5e87bad3c948f4d605d) (ScriptedImporter) -> (artifact id: '2f1c5de1bbb8325382c3b1a479344879') in 0.0351305 seconds
Number of updated asset objects reloaded before import = 0Number of asset objects unloaded after import = 152

========================================================================
Received Import Request.
  Time since last request: 0.000058 seconds.
  path: Assets/Studio33 Interactive_[BasketBall] v1.1/Animations/Basketball Motions_Generic/1566_LayupRA.fbx
  artifactKey: Guid(3c1422ca2526440498b94a3a8da3aee5) Importer(2089858483,b0f066a214c2f5e87bad3c948f4d605d)
Start importing Assets/Studio33 Interactive_[BasketBall] v1.1/Animations/Basketball Motions_Generic/1566_LayupRA.fbx using Guid(3c1422ca2526440498b94a3a8da3aee5) Importer(2089858483,b0f066a214c2f5e87bad3c948f4d605d) (ScriptedImporter) -> (artifact id: 'b0d5aaaf275a191642c1e92f6ee2f12a') in 0.0290086 seconds
Number of updated asset objects reloaded before import = 0Number of asset objects unloaded after import = 152

========================================================================
Received Import Request.
  Time since last request: 0.000027 seconds.
  path: Assets/Studio33 Interactive_[BasketBall] v1.1/Animations/Basketball Motions Humanoid/1032_TappassTapA.fbx
  artifactKey: Guid(7f03e8c9fe5543f4d9971312379f791f) Importer(2089858483,b0f066a214c2f5e87bad3c948f4d605d)
Start importing Assets/Studio33 Interactive_[BasketBall] v1.1/Animations/Basketball Motions Humanoid/1032_TappassTapA.fbx using Guid(7f03e8c9fe5543f4d9971312379f791f) Importer(2089858483,b0f066a214c2f5e87bad3c948f4d605d) (ScriptedImporter) -> (artifact id: '39d2974b46dd762c607edf3c2440278f') in 0.0275088 seconds
Number of updated asset objects reloaded before import = 0Number of asset objects unloaded after import = 154

========================================================================
Received Import Request.
  Time since last request: 0.000036 seconds.
  path: Assets/Studio33 Interactive_[BasketBall] v1.1/Animations/Basketball Motions Humanoid/1624_JumpshotMFakeA.fbx
  artifactKey: Guid(6088923eb79c37348b9724145994d6d7) Importer(2089858483,b0f066a214c2f5e87bad3c948f4d605d)
Start importing Assets/Studio33 Interactive_[BasketBall] v1.1/Animations/Basketball Motions Humanoid/1624_JumpshotMFakeA.fbx using Guid(6088923eb79c37348b9724145994d6d7) Importer(2089858483,b0f066a214c2f5e87bad3c948f4d605d) (ScriptedImporter) -> (artifact id: '01bc4cbd2fbfeeff0c076da3f5a6ec08') in 0.0299456 seconds
Number of updated asset objects reloaded before import = 0Number of asset objects unloaded after import = 154

========================================================================
Received Import Request.
  Time since last request: 0.000060 seconds.
  path: Assets/Studio33 Interactive_[BasketBall] v1.1/Animations/Basketball Motions Humanoid/992_Rebound rC.fbx
  artifactKey: Guid(dc029ffa39ed4474ba0a162c7964c866) Importer(2089858483,b0f066a214c2f5e87bad3c948f4d605d)
Start importing Assets/Studio33 Interactive_[BasketBall] v1.1/Animations/Basketball Motions Humanoid/992_Rebound rC.fbx using Guid(dc029ffa39ed4474ba0a162c7964c866) Importer(2089858483,b0f066a214c2f5e87bad3c948f4d605d) (ScriptedImporter) -> (artifact id: 'fdc3f05803bc46b2d6bf684248c4c78f') in 0.030412 seconds
Number of updated asset objects reloaded before import = 0Number of asset objects unloaded after import = 154

========================================================================
Received Import Request.
  Time since last request: 0.000047 seconds.
  path: Assets/Studio33 Interactive_[BasketBall] v1.1/Animations/Basketball Motions Humanoid/186_AirBigRightA.fbx
  artifactKey: Guid(b6c8e94529f3d1c4c9a1daf2661b3000) Importer(2089858483,b0f066a214c2f5e87bad3c948f4d605d)
Start importing Assets/Studio33 Interactive_[BasketBall] v1.1/Animations/Basketball Motions Humanoid/186_AirBigRightA.fbx using Guid(b6c8e94529f3d1c4c9a1daf2661b3000) Importer(2089858483,b0f066a214c2f5e87bad3c948f4d605d) (ScriptedImporter) -> (artifact id: '121cf72715b18b938cee1c562a9a1eed') in 0.0417513 seconds
Number of updated asset objects reloaded before import = 0Number of asset objects unloaded after import = 154

========================================================================
Received Import Request.
  Time since last request: 0.000046 seconds.
  path: Assets/Studio33 Interactive_[BasketBall] v1.1/33_basket ball test animations/player/Studio33_basketball_c03.png
  artifactKey: Guid(b8f845add60463249a7592eb80c5777e) Importer(2089858483,b0f066a214c2f5e87bad3c948f4d605d)
Start importing Assets/Studio33 Interactive_[BasketBall] v1.1/33_basket ball test animations/player/Studio33_basketball_c03.png using Guid(b8f845add60463249a7592eb80c5777e) Importer(2089858483,b0f066a214c2f5e87bad3c948f4d605d) (ScriptedImporter) -> (artifact id: '9263be4fc15a286f92c02e9bde0a2efa') in 0.0206453 seconds
Number of updated asset objects reloaded before import = 0Number of asset objects unloaded after import = 1

========================================================================
Received Import Request.
  Time since last request: 0.000034 seconds.
  path: Assets/Studio33 Interactive_[BasketBall] v1.1/Animations/Basketball Motions Humanoid/443_FrontDenyRA.fbx
  artifactKey: Guid(f774a6d775a2fcf468066edb8bee3ce1) Importer(2089858483,b0f066a214c2f5e87bad3c948f4d605d)
Start importing Assets/Studio33 Interactive_[BasketBall] v1.1/Animations/Basketball Motions Humanoid/443_FrontDenyRA.fbx using Guid(f774a6d775a2fcf468066edb8bee3ce1) Importer(2089858483,b0f066a214c2f5e87bad3c948f4d605d) (ScriptedImporter) -> (artifact id: '96d78b89a24629f4ad1e54844a391a8d') in 0.0303136 seconds
Number of updated asset objects reloaded before import = 0Number of asset objects unloaded after import = 154

========================================================================
Received Import Request.
  Time since last request: 0.000055 seconds.
  path: Assets/Studio33 Interactive_[BasketBall] v1.1/Animations/Basketball Motions_Generic/1658_FakelayupRA.fbx
  artifactKey: Guid(465002cd8aadee743b5371d066ba7aa1) Importer(2089858483,b0f066a214c2f5e87bad3c948f4d605d)
Start importing Assets/Studio33 Interactive_[BasketBall] v1.1/Animations/Basketball Motions_Generic/1658_FakelayupRA.fbx using Guid(465002cd8aadee743b5371d066ba7aa1) Importer(2089858483,b0f066a214c2f5e87bad3c948f4d605d) (ScriptedImporter) -> (artifact id: 'a46dc6bddf8dd71cc1aa0f468812f6f4') in 0.0283426 seconds
Number of updated asset objects reloaded before import = 0Number of asset objects unloaded after import = 152

========================================================================
Received Import Request.
  Time since last request: 0.000047 seconds.
  path: Assets/Studio33 Interactive_[BasketBall] v1.1/Animations/Basketball Motions Humanoid/546_SpikeshootReadyFake.fbx
  artifactKey: Guid(82a947770a1e7f24ea1cba5a3e97ba07) Importer(2089858483,b0f066a214c2f5e87bad3c948f4d605d)
Start importing Assets/Studio33 Interactive_[BasketBall] v1.1/Animations/Basketball Motions Humanoid/546_SpikeshootReadyFake.fbx using Guid(82a947770a1e7f24ea1cba5a3e97ba07) Importer(2089858483,b0f066a214c2f5e87bad3c948f4d605d) (ScriptedImporter) -> (artifact id: 'dcf53075106605b1ca0e4aa4c3c765cf') in 0.0306288 seconds
Number of updated asset objects reloaded before import = 0Number of asset objects unloaded after import = 154

========================================================================
Received Import Request.
  Time since last request: 0.000046 seconds.
  path: Assets/Studio33 Interactive_[BasketBall] v1.1/Animations/Basketball Motions Humanoid/252_CrossFakeStepRTr.fbx
  artifactKey: Guid(9311b2aecbca429408d8ee2d14180273) Importer(2089858483,b0f066a214c2f5e87bad3c948f4d605d)
Start importing Assets/Studio33 Interactive_[BasketBall] v1.1/Animations/Basketball Motions Humanoid/252_CrossFakeStepRTr.fbx using Guid(9311b2aecbca429408d8ee2d14180273) Importer(2089858483,b0f066a214c2f5e87bad3c948f4d605d) (ScriptedImporter) -> (artifact id: 'f628cb9ca56b32cf2ca86d15c90e4304') in 0.0313055 seconds
Number of updated asset objects reloaded before import = 0Number of asset objects unloaded after import = 154

========================================================================
Received Import Request.
  Time since last request: 0.000059 seconds.
  path: Assets/Studio33 Interactive_[BasketBall] v1.1/Animations/Basketball Motions_Generic/1743_RstajumpshotMFakeA.fbx
  artifactKey: Guid(a99657f1588612344999e8105f7e2074) Importer(2089858483,b0f066a214c2f5e87bad3c948f4d605d)
Start importing Assets/Studio33 Interactive_[BasketBall] v1.1/Animations/Basketball Motions_Generic/1743_RstajumpshotMFakeA.fbx using Guid(a99657f1588612344999e8105f7e2074) Importer(2089858483,b0f066a214c2f5e87bad3c948f4d605d) (ScriptedImporter) -> (artifact id: '9a0abd6beac71f344e44f65a32a469f7') in 0.0319635 seconds
Number of updated asset objects reloaded before import = 0Number of asset objects unloaded after import = 152

========================================================================
Received Import Request.
  Time since last request: 0.000038 seconds.
  path: Assets/Studio33 Interactive_[BasketBall] v1.1/Animations/Basketball Motions_Generic/531_KneehemA.fbx
  artifactKey: Guid(4ea37d6b782252f49aace14e3386a120) Importer(2089858483,b0f066a214c2f5e87bad3c948f4d605d)
Start importing Assets/Studio33 Interactive_[BasketBall] v1.1/Animations/Basketball Motions_Generic/531_KneehemA.fbx using Guid(4ea37d6b782252f49aace14e3386a120) Importer(2089858483,b0f066a214c2f5e87bad3c948f4d605d) (ScriptedImporter) -> (artifact id: 'a73824bb42b83e54962f70e947386b35') in 0.0268944 seconds
Number of updated asset objects reloaded before import = 0Number of asset objects unloaded after import = 152

========================================================================
Received Import Request.
  Time since last request: 0.000047 seconds.
  path: Assets/Studio33 Interactive_[BasketBall] v1.1/Animations/Basketball Motions_Generic/491_ChangeRightLA.fbx
  artifactKey: Guid(32f7db6e7879e9a4e9815f1ec93d744e) Importer(2089858483,b0f066a214c2f5e87bad3c948f4d605d)
Start importing Assets/Studio33 Interactive_[BasketBall] v1.1/Animations/Basketball Motions_Generic/491_ChangeRightLA.fbx using Guid(32f7db6e7879e9a4e9815f1ec93d744e) Importer(2089858483,b0f066a214c2f5e87bad3c948f4d605d) (ScriptedImporter) -> (artifact id: '8bc164fdde4bd843118c37694f879ef6') in 0.0250237 seconds
Number of updated asset objects reloaded before import = 0Number of asset objects unloaded after import = 152

========================================================================
Received Import Request.
  Time since last request: 0.000062 seconds.
  path: Assets/Studio33 Interactive_[BasketBall] v1.1/Animations/Basketball Motions_Generic/1818_DunkRA.fbx
  artifactKey: Guid(e2f521d24ede607409ac3bb2dd34dac5) Importer(2089858483,b0f066a214c2f5e87bad3c948f4d605d)
Start importing Assets/Studio33 Interactive_[BasketBall] v1.1/Animations/Basketball Motions_Generic/1818_DunkRA.fbx using Guid(e2f521d24ede607409ac3bb2dd34dac5) Importer(2089858483,b0f066a214c2f5e87bad3c948f4d605d) (ScriptedImporter) -> (artifact id: '8635b3a9f58fc5d6fb8bd4afd03a9ce4') in 0.0274115 seconds
Number of updated asset objects reloaded before import = 0Number of asset objects unloaded after import = 152

========================================================================
Received Import Request.
  Time since last request: 0.000051 seconds.
  path: Assets/Studio33 Interactive_[BasketBall] v1.1/Animations/Basketball Motions Humanoid/320_TurnstepFRA.fbx
  artifactKey: Guid(fcd4d3b9110da2c45b389503b73a10aa) Importer(2089858483,b0f066a214c2f5e87bad3c948f4d605d)
Start importing Assets/Studio33 Interactive_[BasketBall] v1.1/Animations/Basketball Motions Humanoid/320_TurnstepFRA.fbx using Guid(fcd4d3b9110da2c45b389503b73a10aa) Importer(2089858483,b0f066a214c2f5e87bad3c948f4d605d) (ScriptedImporter) -> (artifact id: 'a1308927bfd6916b07f6d4e4e7896d9c') in 0.031012 seconds
Number of updated asset objects reloaded before import = 0Number of asset objects unloaded after import = 154

========================================================================
Received Import Request.
  Time since last request: 0.000033 seconds.
  path: Assets/Studio33 Interactive_[BasketBall] v1.1/Animations/Basketball Motions Humanoid/1118_ScreetwostepRight.fbx
  artifactKey: Guid(990e49b47a40c2746887a0e9e164e6d8) Importer(2089858483,b0f066a214c2f5e87bad3c948f4d605d)
Start importing Assets/Studio33 Interactive_[BasketBall] v1.1/Animations/Basketball Motions Humanoid/1118_ScreetwostepRight.fbx using Guid(990e49b47a40c2746887a0e9e164e6d8) Importer(2089858483,b0f066a214c2f5e87bad3c948f4d605d) (ScriptedImporter) -> (artifact id: 'e6f3274a7a62d5af5efd8780d6537449') in 0.0315481 seconds
Number of updated asset objects reloaded before import = 0Number of asset objects unloaded after import = 154

========================================================================
Received Import Request.
  Time since last request: 0.000071 seconds.
  path: Assets/Studio33 Interactive_[BasketBall] v1.1/Animations/Basketball Motions_Generic/430_MarkQuistepFR.fbx
  artifactKey: Guid(8887a0bc0f2fb1f4ba23d18b695981db) Importer(2089858483,b0f066a214c2f5e87bad3c948f4d605d)
Start importing Assets/Studio33 Interactive_[BasketBall] v1.1/Animations/Basketball Motions_Generic/430_MarkQuistepFR.fbx using Guid(8887a0bc0f2fb1f4ba23d18b695981db) Importer(2089858483,b0f066a214c2f5e87bad3c948f4d605d) (ScriptedImporter) -> (artifact id: '095d210e51138ba722b5dc4630b2ada0') in 0.0306609 seconds
Number of updated asset objects reloaded before import = 0Number of asset objects unloaded after import = 152

========================================================================
Received Import Request.
  Time since last request: 0.000039 seconds.
  path: Assets/Studio33 Interactive_[BasketBall] v1.1/Animations/Basketball Motions Humanoid/1625_JumpshotReadyFake.fbx
  artifactKey: Guid(e0069a6a9a52a3c4f9b91e0117ae6801) Importer(2089858483,b0f066a214c2f5e87bad3c948f4d605d)
Start importing Assets/Studio33 Interactive_[BasketBall] v1.1/Animations/Basketball Motions Humanoid/1625_JumpshotReadyFake.fbx using Guid(e0069a6a9a52a3c4f9b91e0117ae6801) Importer(2089858483,b0f066a214c2f5e87bad3c948f4d605d) (ScriptedImporter) -> (artifact id: 'cbaddd0157e6f8917e35c2d85a12527e') in 0.027852 seconds
Number of updated asset objects reloaded before import = 0Number of asset objects unloaded after import = 154

========================================================================
Received Import Request.
  Time since last request: 0.000038 seconds.
  path: Assets/Studio33 Interactive_[BasketBall] v1.1/33_basket ball test animations/player/Studio33_basketball_c09.png
  artifactKey: Guid(c1d091e66f449434fb0b9742aaef43e5) Importer(2089858483,b0f066a214c2f5e87bad3c948f4d605d)
Start importing Assets/Studio33 Interactive_[BasketBall] v1.1/33_basket ball test animations/player/Studio33_basketball_c09.png using Guid(c1d091e66f449434fb0b9742aaef43e5) Importer(2089858483,b0f066a214c2f5e87bad3c948f4d605d) (ScriptedImporter) -> (artifact id: '2d4cb81c2ffbde87d8db76402d30268a') in 0.0219679 seconds
Number of updated asset objects reloaded before import = 0Number of asset objects unloaded after import = 1

========================================================================
Received Import Request.
  Time since last request: 0.000079 seconds.
  path: Assets/Studio33 Interactive_[BasketBall] v1.1/Animations/Basketball Motions Humanoid/174_BlockingckedLeftA.fbx
  artifactKey: Guid(16ad19873e2f04b43a996baea15a422b) Importer(2089858483,b0f066a214c2f5e87bad3c948f4d605d)
Start importing Assets/Studio33 Interactive_[BasketBall] v1.1/Animations/Basketball Motions Humanoid/174_BlockingckedLeftA.fbx using Guid(16ad19873e2f04b43a996baea15a422b) Importer(2089858483,b0f066a214c2f5e87bad3c948f4d605d) (ScriptedImporter) -> (artifact id: '590ee53e5d20e7ac8a7aa5b1316072c6') in 0.0323725 seconds
Number of updated asset objects reloaded before import = 0Number of asset objects unloaded after import = 154

========================================================================
Received Import Request.
  Time since last request: 0.000049 seconds.
  path: Assets/Studio33 Interactive_[BasketBall] v1.1/Animations/Basketball Motions_Generic/367_CrossEurostepRA.fbx
  artifactKey: Guid(74891d59c42bf7c469b82a61c25e8055) Importer(2089858483,b0f066a214c2f5e87bad3c948f4d605d)
Start importing Assets/Studio33 Interactive_[BasketBall] v1.1/Animations/Basketball Motions_Generic/367_CrossEurostepRA.fbx using Guid(74891d59c42bf7c469b82a61c25e8055) Importer(2089858483,b0f066a214c2f5e87bad3c948f4d605d) (ScriptedImporter) -> (artifact id: '2e16eef6c46b582a04c1d59da53e5932') in 0.0296949 seconds
Number of updated asset objects reloaded before import = 0Number of asset objects unloaded after import = 152

========================================================================
Received Import Request.
  Time since last request: 0.000040 seconds.
  path: Assets/Studio33 Interactive_[BasketBall] v1.1/Animations/Basketball Motions_Generic/2164_TravNorLA.fbx
  artifactKey: Guid(f893a1b822257f94b8b08ffe55a9990b) Importer(2089858483,b0f066a214c2f5e87bad3c948f4d605d)
Start importing Assets/Studio33 Interactive_[BasketBall] v1.1/Animations/Basketball Motions_Generic/2164_TravNorLA.fbx using Guid(f893a1b822257f94b8b08ffe55a9990b) Importer(2089858483,b0f066a214c2f5e87bad3c948f4d605d) (ScriptedImporter) -> (artifact id: '6e0e85d6736eea94afe75d26c8d11356') in 0.0314947 seconds
Number of updated asset objects reloaded before import = 0Number of asset objects unloaded after import = 152

========================================================================
Received Import Request.
  Time since last request: 0.000070 seconds.
  path: Assets/Studio33 Interactive_[BasketBall] v1.1/Animations/Basketball Motions_Generic/1383_JumpshotReadyFake.fbx
  artifactKey: Guid(2bd43f34bd636274dac5b71c07620c50) Importer(2089858483,b0f066a214c2f5e87bad3c948f4d605d)
Start importing Assets/Studio33 Interactive_[BasketBall] v1.1/Animations/Basketball Motions_Generic/1383_JumpshotReadyFake.fbx using Guid(2bd43f34bd636274dac5b71c07620c50) Importer(2089858483,b0f066a214c2f5e87bad3c948f4d605d) (ScriptedImporter) -> (artifact id: 'b20f64c14c4ef05e3d888719fb2c2cc2') in 0.0280757 seconds
Number of updated asset objects reloaded before import = 0Number of asset objects unloaded after import = 152

========================================================================
Received Import Request.
  Time since last request: 0.000105 seconds.
  path: Assets/Studio33 Interactive_[BasketBall] v1.1/Animations/Basketball Motions_Generic/1871_DunkRA.fbx
  artifactKey: Guid(447ae2381c28dce46bd43de90a0a306c) Importer(2089858483,b0f066a214c2f5e87bad3c948f4d605d)
Start importing Assets/Studio33 Interactive_[BasketBall] v1.1/Animations/Basketball Motions_Generic/1871_DunkRA.fbx using Guid(447ae2381c28dce46bd43de90a0a306c) Importer(2089858483,b0f066a214c2f5e87bad3c948f4d605d) (ScriptedImporter) -> (artifact id: 'e3fdb149c424f4b2133b640bdefbba6f') in 0.030194 seconds
Number of updated asset objects reloaded before import = 0Number of asset objects unloaded after import = 152

========================================================================
Received Import Request.
  Time since last request: 0.000045 seconds.
  path: Assets/Studio33 Interactive_[BasketBall] v1.1/Animations/Basketball Motions Humanoid/1991_JumpshotReadyFake.fbx
  artifactKey: Guid(463d31457d3fc2342b526a29524a78e1) Importer(2089858483,b0f066a214c2f5e87bad3c948f4d605d)
Start importing Assets/Studio33 Interactive_[BasketBall] v1.1/Animations/Basketball Motions Humanoid/1991_JumpshotReadyFake.fbx using Guid(463d31457d3fc2342b526a29524a78e1) Importer(2089858483,b0f066a214c2f5e87bad3c948f4d605d) (ScriptedImporter) -> (artifact id: '4e72dc817f78855874347c6ad404b4d9') in 0.0307782 seconds
Number of updated asset objects reloaded before import = 0Number of asset objects unloaded after import = 154

========================================================================
Received Import Request.
  Time since last request: 0.000059 seconds.
  path: Assets/Studio33 Interactive_[BasketBall] v1.1/Animations/Basketball Motions Humanoid/448_MarkPressdefenceR.fbx
  artifactKey: Guid(8c3bac94c83ba3c43b80fe145e603ac5) Importer(2089858483,b0f066a214c2f5e87bad3c948f4d605d)
Start importing Assets/Studio33 Interactive_[BasketBall] v1.1/Animations/Basketball Motions Humanoid/448_MarkPressdefenceR.fbx using Guid(8c3bac94c83ba3c43b80fe145e603ac5) Importer(2089858483,b0f066a214c2f5e87bad3c948f4d605d) (ScriptedImporter) -> (artifact id: 'd6d208a005cfa29b9a235202c02b7d43') in 0.0306993 seconds
Number of updated asset objects reloaded before import = 0Number of asset objects unloaded after import = 154

========================================================================
Received Import Request.
  Time since last request: 0.000036 seconds.
  path: Assets/Studio33 Interactive_[BasketBall] v1.1/Animations/Basketball Motions Humanoid/282_CrossoverWindupRL.fbx
  artifactKey: Guid(01f0c295293fc494f9e9718f4f15c840) Importer(2089858483,b0f066a214c2f5e87bad3c948f4d605d)
Start importing Assets/Studio33 Interactive_[BasketBall] v1.1/Animations/Basketball Motions Humanoid/282_CrossoverWindupRL.fbx using Guid(01f0c295293fc494f9e9718f4f15c840) Importer(2089858483,b0f066a214c2f5e87bad3c948f4d605d) (ScriptedImporter) -> (artifact id: 'cf67a7043ffda9e04ddbe744678edec6') in 0.0286909 seconds
Number of updated asset objects reloaded before import = 0Number of asset objects unloaded after import = 154

========================================================================
Received Import Request.
  Time since last request: 0.000317 seconds.
  path: Assets/Studio33 Interactive_[BasketBall] v1.1/33_basket ball test animations/player/Studio33_basketball_c01.png
  artifactKey: Guid(1ff3aa792de35514b91d5953017c8311) Importer(2089858483,b0f066a214c2f5e87bad3c948f4d605d)
Start importing Assets/Studio33 Interactive_[BasketBall] v1.1/33_basket ball test animations/player/Studio33_basketball_c01.png using Guid(1ff3aa792de35514b91d5953017c8311) Importer(2089858483,b0f066a214c2f5e87bad3c948f4d605d) (ScriptedImporter) -> (artifact id: 'f957823f6f6a4758b49c4ac1942ceb8a') in 0.0227566 seconds
Number of updated asset objects reloaded before import = 0Number of asset objects unloaded after import = 1

========================================================================
Received Import Request.
  Time since last request: 0.000068 seconds.
  path: Assets/Studio33 Interactive_[BasketBall] v1.1/Animations/Basketball Motions_Generic/125_ReboundAndBoxOutBaa.fbx
  artifactKey: Guid(5fd0b83c020013b478f52e82dd7ff554) Importer(2089858483,b0f066a214c2f5e87bad3c948f4d605d)
Start importing Assets/Studio33 Interactive_[BasketBall] v1.1/Animations/Basketball Motions_Generic/125_ReboundAndBoxOutBaa.fbx using Guid(5fd0b83c020013b478f52e82dd7ff554) Importer(2089858483,b0f066a214c2f5e87bad3c948f4d605d) (ScriptedImporter) -> (artifact id: '1f742452b6ba598819d96f2faa500d15') in 0.0282465 seconds
Number of updated asset objects reloaded before import = 0Number of asset objects unloaded after import = 152

========================================================================
Received Import Request.
  Time since last request: 0.000038 seconds.
  path: Assets/Studio33 Interactive_[BasketBall] v1.1/Animations/Basketball Motions Humanoid/401_OffballcutFA.fbx
  artifactKey: Guid(d20dcfa5e0e93c54db0b58e7c3c7c10f) Importer(2089858483,b0f066a214c2f5e87bad3c948f4d605d)
Start importing Assets/Studio33 Interactive_[BasketBall] v1.1/Animations/Basketball Motions Humanoid/401_OffballcutFA.fbx using Guid(d20dcfa5e0e93c54db0b58e7c3c7c10f) Importer(2089858483,b0f066a214c2f5e87bad3c948f4d605d) (ScriptedImporter) -> (artifact id: '9e23a71c3cf8eefb2ce3520fcf6a1e25') in 0.0306505 seconds
Number of updated asset objects reloaded before import = 0Number of asset objects unloaded after import = 154

========================================================================
Received Import Request.
  Time since last request: 0.000040 seconds.
  path: Assets/Studio33 Interactive_[BasketBall] v1.1/Animations/Basketball Motions_Generic/1013_Rebound C.fbx
  artifactKey: Guid(5bc2c0bdea5bb834b969b91028381366) Importer(2089858483,b0f066a214c2f5e87bad3c948f4d605d)
Start importing Assets/Studio33 Interactive_[BasketBall] v1.1/Animations/Basketball Motions_Generic/1013_Rebound C.fbx using Guid(5bc2c0bdea5bb834b969b91028381366) Importer(2089858483,b0f066a214c2f5e87bad3c948f4d605d) (ScriptedImporter) -> (artifact id: '3b7f60bb1b209d0c61d5ec7a262d6558') in 0.0269094 seconds
Number of updated asset objects reloaded before import = 0Number of asset objects unloaded after import = 152

========================================================================
Received Import Request.
  Time since last request: 0.000055 seconds.
  path: Assets/Studio33 Interactive_[BasketBall] v1.1/Animations/Basketball Motions_Generic/1824_DunkRA.fbx
  artifactKey: Guid(498d45440310243489315ff7bc2ff9a8) Importer(2089858483,b0f066a214c2f5e87bad3c948f4d605d)
Start importing Assets/Studio33 Interactive_[BasketBall] v1.1/Animations/Basketball Motions_Generic/1824_DunkRA.fbx using Guid(498d45440310243489315ff7bc2ff9a8) Importer(2089858483,b0f066a214c2f5e87bad3c948f4d605d) (ScriptedImporter) -> (artifact id: '547dbb3962f3850ba7be91b1580bcf36') in 0.0289 seconds
Number of updated asset objects reloaded before import = 0Number of asset objects unloaded after import = 152

========================================================================
Received Import Request.
  Time since last request: 0.000034 seconds.
  path: Assets/Studio33 Interactive_[BasketBall] v1.1/Animations/Basketball Motions_Generic/1902_DunkCA.fbx
  artifactKey: Guid(6bc3a1e3cc4816046b1121cb7cf66d7a) Importer(2089858483,b0f066a214c2f5e87bad3c948f4d605d)
Start importing Assets/Studio33 Interactive_[BasketBall] v1.1/Animations/Basketball Motions_Generic/1902_DunkCA.fbx using Guid(6bc3a1e3cc4816046b1121cb7cf66d7a) Importer(2089858483,b0f066a214c2f5e87bad3c948f4d605d) (ScriptedImporter) -> (artifact id: 'db8d2ef0ec70d61e46900c195ddecc3c') in 0.0272624 seconds
Number of updated asset objects reloaded before import = 0Number of asset objects unloaded after import = 152

========================================================================
Received Import Request.
  Time since last request: 0.000043 seconds.
  path: Assets/Studio33 Interactive_[BasketBall] v1.1/Animations/Basketball Motions Humanoid/781_PassfakeLeftA.fbx
  artifactKey: Guid(e70d127fdb03a6446a954997642e16f9) Importer(2089858483,b0f066a214c2f5e87bad3c948f4d605d)
Start importing Assets/Studio33 Interactive_[BasketBall] v1.1/Animations/Basketball Motions Humanoid/781_PassfakeLeftA.fbx using Guid(e70d127fdb03a6446a954997642e16f9) Importer(2089858483,b0f066a214c2f5e87bad3c948f4d605d) (ScriptedImporter) -> (artifact id: '35b5a30f4900f0f0a0600d0f67b49c3d') in 0.0368186 seconds
Number of updated asset objects reloaded before import = 0Number of asset objects unloaded after import = 154

========================================================================
Received Import Request.
  Time since last request: 0.000059 seconds.
  path: Assets/Studio33 Interactive_[BasketBall] v1.1/Animations/Basketball Motions Humanoid/1046_TappassTapFRA.fbx
  artifactKey: Guid(d4fe54fed371caa4cb1e109d6e8cbfb5) Importer(2089858483,b0f066a214c2f5e87bad3c948f4d605d)
Start importing Assets/Studio33 Interactive_[BasketBall] v1.1/Animations/Basketball Motions Humanoid/1046_TappassTapFRA.fbx using Guid(d4fe54fed371caa4cb1e109d6e8cbfb5) Importer(2089858483,b0f066a214c2f5e87bad3c948f4d605d) (ScriptedImporter) -> (artifact id: 'b71017b5c81b4c834b44dfeb6b8370d1') in 0.0294975 seconds
Number of updated asset objects reloaded before import = 0Number of asset objects unloaded after import = 154

========================================================================
Received Import Request.
  Time since last request: 0.000039 seconds.
  path: Assets/Studio33 Interactive_[BasketBall] v1.1/Animations/Basketball Motions Humanoid/707_FakelayupCA.fbx
  artifactKey: Guid(6e90d4249b61e924fb3e80ffcf27036a) Importer(2089858483,b0f066a214c2f5e87bad3c948f4d605d)
Start importing Assets/Studio33 Interactive_[BasketBall] v1.1/Animations/Basketball Motions Humanoid/707_FakelayupCA.fbx using Guid(6e90d4249b61e924fb3e80ffcf27036a) Importer(2089858483,b0f066a214c2f5e87bad3c948f4d605d) (ScriptedImporter) -> (artifact id: '23365eaba8a12769d646b133fed0e77a') in 0.030565 seconds
Number of updated asset objects reloaded before import = 0Number of asset objects unloaded after import = 154

========================================================================
Received Import Request.
  Time since last request: 0.000039 seconds.
  path: Assets/Studio33 Interactive_[BasketBall] v1.1/Animations/Basketball Motions_Generic/1498_JumpshotDriftRA.fbx
  artifactKey: Guid(497fce810219c3240911782feb207e61) Importer(2089858483,b0f066a214c2f5e87bad3c948f4d605d)
Start importing Assets/Studio33 Interactive_[BasketBall] v1.1/Animations/Basketball Motions_Generic/1498_JumpshotDriftRA.fbx using Guid(497fce810219c3240911782feb207e61) Importer(2089858483,b0f066a214c2f5e87bad3c948f4d605d) (ScriptedImporter) -> (artifact id: 'e2fe6bce70d126bd27546f812653fe4a') in 0.0291593 seconds
Number of updated asset objects reloaded before import = 0Number of asset objects unloaded after import = 152

========================================================================
Received Import Request.
  Time since last request: 0.000055 seconds.
  path: Assets/Studio33 Interactive_[BasketBall] v1.1/Animations/Basketball Motions_Generic/1716_JumpshotMA.fbx
  artifactKey: Guid(4197c0e7907bd754980e06084cc6c9a6) Importer(2089858483,b0f066a214c2f5e87bad3c948f4d605d)
Start importing Assets/Studio33 Interactive_[BasketBall] v1.1/Animations/Basketball Motions_Generic/1716_JumpshotMA.fbx using Guid(4197c0e7907bd754980e06084cc6c9a6) Importer(2089858483,b0f066a214c2f5e87bad3c948f4d605d) (ScriptedImporter) -> (artifact id: 'ca4a29310a1f675b7d124180413c6e51') in 0.0277771 seconds
Number of updated asset objects reloaded before import = 0Number of asset objects unloaded after import = 152

========================================================================
Received Import Request.
  Time since last request: 0.000037 seconds.
  path: Assets/Studio33 Interactive_[BasketBall] v1.1/Animations/Basketball Motions_Generic/1477_AlleyoopCLA.fbx
  artifactKey: Guid(36d0ba7e45ccf8f4d8179e928643a1dc) Importer(2089858483,b0f066a214c2f5e87bad3c948f4d605d)
Start importing Assets/Studio33 Interactive_[BasketBall] v1.1/Animations/Basketball Motions_Generic/1477_AlleyoopCLA.fbx using Guid(36d0ba7e45ccf8f4d8179e928643a1dc) Importer(2089858483,b0f066a214c2f5e87bad3c948f4d605d) (ScriptedImporter) -> (artifact id: 'ff002ad6d158e1a0aee358b5f984514c') in 0.0315006 seconds
Number of updated asset objects reloaded before import = 0Number of asset objects unloaded after import = 152

========================================================================
Received Import Request.
  Time since last request: 0.000044 seconds.
  path: Assets/Studio33 Interactive_[BasketBall] v1.1/Animations/Basketball Motions_Generic/1204_DunkRA.fbx
  artifactKey: Guid(24da5f3a84f87fe43a4fcedb96426fdc) Importer(2089858483,b0f066a214c2f5e87bad3c948f4d605d)
Start importing Assets/Studio33 Interactive_[BasketBall] v1.1/Animations/Basketball Motions_Generic/1204_DunkRA.fbx using Guid(24da5f3a84f87fe43a4fcedb96426fdc) Importer(2089858483,b0f066a214c2f5e87bad3c948f4d605d) (ScriptedImporter) -> (artifact id: 'be83dae8b5fde02e5d3741c7c9103e9d') in 0.0352529 seconds
Number of updated asset objects reloaded before import = 0Number of asset objects unloaded after import = 152

========================================================================
Received Import Request.
  Time since last request: 0.000040 seconds.
  path: Assets/Studio33 Interactive_[BasketBall] v1.1/Animations/Basketball Motions_Generic/1961_JumpshotCFakeA.fbx
  artifactKey: Guid(627d43b8c961c7642b8f70f7d175b4a3) Importer(2089858483,b0f066a214c2f5e87bad3c948f4d605d)
Start importing Assets/Studio33 Interactive_[BasketBall] v1.1/Animations/Basketball Motions_Generic/1961_JumpshotCFakeA.fbx using Guid(627d43b8c961c7642b8f70f7d175b4a3) Importer(2089858483,b0f066a214c2f5e87bad3c948f4d605d) (ScriptedImporter) -> (artifact id: '0bf3f27d4f90d8e06442d53672d3fe47') in 0.0285468 seconds
Number of updated asset objects reloaded before import = 0Number of asset objects unloaded after import = 152

========================================================================
Received Import Request.
  Time since last request: 0.000054 seconds.
  path: Assets/Studio33 Interactive_[BasketBall] v1.1/Animations/Basketball Motions_Generic/722_Passileft.fbx
  artifactKey: Guid(7136659580676dc45ad364f9fa5ebee9) Importer(2089858483,b0f066a214c2f5e87bad3c948f4d605d)
Start importing Assets/Studio33 Interactive_[BasketBall] v1.1/Animations/Basketball Motions_Generic/722_Passileft.fbx using Guid(7136659580676dc45ad364f9fa5ebee9) Importer(2089858483,b0f066a214c2f5e87bad3c948f4d605d) (ScriptedImporter) -> (artifact id: '36f9219fb90f0a2d5ee45ac1c914fd77') in 0.0278515 seconds
Number of updated asset objects reloaded before import = 0Number of asset objects unloaded after import = 152

========================================================================
Received Import Request.
  Time since last request: 0.000039 seconds.
  path: Assets/Studio33 Interactive_[BasketBall] v1.1/Animations/Basketball Motions_Generic/840_PassChestFA.fbx
  artifactKey: Guid(bcc20e659d3b5594da87a4d29b599885) Importer(2089858483,b0f066a214c2f5e87bad3c948f4d605d)
Start importing Assets/Studio33 Interactive_[BasketBall] v1.1/Animations/Basketball Motions_Generic/840_PassChestFA.fbx using Guid(bcc20e659d3b5594da87a4d29b599885) Importer(2089858483,b0f066a214c2f5e87bad3c948f4d605d) (ScriptedImporter) -> (artifact id: '9740fa259e965e1266164904acfef012') in 0.0269236 seconds
Number of updated asset objects reloaded before import = 0Number of asset objects unloaded after import = 152

========================================================================
Received Import Request.
  Time since last request: 0.000043 seconds.
  path: Assets/Studio33 Interactive_[BasketBall] v1.1/Animations/Basketball Motions_Generic/1279_DclutchRLeftA.fbx
  artifactKey: Guid(19b49599e32840646a64f0b73f23749c) Importer(2089858483,b0f066a214c2f5e87bad3c948f4d605d)
Start importing Assets/Studio33 Interactive_[BasketBall] v1.1/Animations/Basketball Motions_Generic/1279_DclutchRLeftA.fbx using Guid(19b49599e32840646a64f0b73f23749c) Importer(2089858483,b0f066a214c2f5e87bad3c948f4d605d) (ScriptedImporter) -> (artifact id: '4e4c1f6710398d6aee7b8330a331ac54') in 0.0281491 seconds
Number of updated asset objects reloaded before import = 0Number of asset objects unloaded after import = 152

========================================================================
Received Import Request.
  Time since last request: 0.000058 seconds.
  path: Assets/Studio33 Interactive_[BasketBall] v1.1/Animations/Basketball Motions Humanoid/504_Dribbleright.fbx
  artifactKey: Guid(05d0a0cbb14bce445ace73bf548d8dbf) Importer(2089858483,b0f066a214c2f5e87bad3c948f4d605d)
Start importing Assets/Studio33 Interactive_[BasketBall] v1.1/Animations/Basketball Motions Humanoid/504_Dribbleright.fbx using Guid(05d0a0cbb14bce445ace73bf548d8dbf) Importer(2089858483,b0f066a214c2f5e87bad3c948f4d605d) (ScriptedImporter) -> (artifact id: '73c158f4759f5352fff50008c85ade61') in 0.0326534 seconds
Number of updated asset objects reloaded before import = 0Number of asset objects unloaded after import = 154

========================================================================
Received Import Request.
  Time since last request: 0.000038 seconds.
  path: Assets/Studio33 Interactive_[BasketBall] v1.1/Animations/Basketball Motions Humanoid/1243_LayupfakeLayupRA.fbx
  artifactKey: Guid(3bc44f09ac32ac54f865ba3293e35bbb) Importer(2089858483,b0f066a214c2f5e87bad3c948f4d605d)
Start importing Assets/Studio33 Interactive_[BasketBall] v1.1/Animations/Basketball Motions Humanoid/1243_LayupfakeLayupRA.fbx using Guid(3bc44f09ac32ac54f865ba3293e35bbb) Importer(2089858483,b0f066a214c2f5e87bad3c948f4d605d) (ScriptedImporter) -> (artifact id: '536388600d9a39b3fd6a8109c4d63528') in 0.0300181 seconds
Number of updated asset objects reloaded before import = 0Number of asset objects unloaded after import = 154

========================================================================
Received Import Request.
  Time since last request: 0.000034 seconds.
  path: Assets/Studio33 Interactive_[BasketBall] v1.1/Animations/Basketball Motions Humanoid/704_AlleyooppassFloaterA.fbx
  artifactKey: Guid(5ff5511cd0b8f574385b68e003260bca) Importer(2089858483,b0f066a214c2f5e87bad3c948f4d605d)
Start importing Assets/Studio33 Interactive_[BasketBall] v1.1/Animations/Basketball Motions Humanoid/704_AlleyooppassFloaterA.fbx using Guid(5ff5511cd0b8f574385b68e003260bca) Importer(2089858483,b0f066a214c2f5e87bad3c948f4d605d) (ScriptedImporter) -> (artifact id: 'e93cf934e4cf8da1ddf4d8c72ec5b31f') in 0.0305373 seconds
Number of updated asset objects reloaded before import = 0Number of asset objects unloaded after import = 154

========================================================================
Received Import Request.
  Time since last request: 0.000045 seconds.
  path: Assets/Studio33 Interactive_[BasketBall] v1.1/Animations/Basketball Motions_Generic/1344_JumpshotMA.fbx
  artifactKey: Guid(a009fda2cd327eb4ab75f8fbee492d83) Importer(2089858483,b0f066a214c2f5e87bad3c948f4d605d)
Start importing Assets/Studio33 Interactive_[BasketBall] v1.1/Animations/Basketball Motions_Generic/1344_JumpshotMA.fbx using Guid(a009fda2cd327eb4ab75f8fbee492d83) Importer(2089858483,b0f066a214c2f5e87bad3c948f4d605d) (ScriptedImporter) -> (artifact id: '8901079683229e30d55dfe62b538f3d4') in 0.0291654 seconds
Number of updated asset objects reloaded before import = 0Number of asset objects unloaded after import = 152

========================================================================
Received Import Request.
  Time since last request: 0.000056 seconds.
  path: Assets/Studio33 Interactive_[BasketBall] v1.1/Animations/Basketball Motions_Generic/846_PassOverFA.fbx
  artifactKey: Guid(af4e4fb6cecb2a04090b21c2be05ae00) Importer(2089858483,b0f066a214c2f5e87bad3c948f4d605d)
Start importing Assets/Studio33 Interactive_[BasketBall] v1.1/Animations/Basketball Motions_Generic/846_PassOverFA.fbx using Guid(af4e4fb6cecb2a04090b21c2be05ae00) Importer(2089858483,b0f066a214c2f5e87bad3c948f4d605d) (ScriptedImporter) -> (artifact id: '9db3f80fc7bfb398e6f8d596f22b5070') in 0.0270657 seconds
Number of updated asset objects reloaded before import = 0Number of asset objects unloaded after import = 152

========================================================================
Received Import Request.
  Time since last request: 0.000043 seconds.
  path: Assets/Studio33 Interactive_[BasketBall] v1.1/33_basket ball test animations/player
  artifactKey: Guid(7f407a2ebc700404fb8eca2b881cec13) Importer(2089858483,b0f066a214c2f5e87bad3c948f4d605d)
Start importing Assets/Studio33 Interactive_[BasketBall] v1.1/33_basket ball test animations/player using Guid(7f407a2ebc700404fb8eca2b881cec13) Importer(2089858483,b0f066a214c2f5e87bad3c948f4d605d) (ScriptedImporter) -> (artifact id: 'a4bdf1946094c7a538629f8d1e0fb2e9') in 0.0126721 seconds
Number of updated asset objects reloaded before import = 0Number of asset objects unloaded after import = 1

========================================================================
Received Import Request.
  Time since last request: 0.000034 seconds.
  path: Assets/Studio33 Interactive_[BasketBall] v1.1/Animations/Basketball Motions Humanoid/1053_SceneEntAway.fbx
  artifactKey: Guid(54dcb1593146da24eb9adcffb0e89c15) Importer(2089858483,b0f066a214c2f5e87bad3c948f4d605d)
Start importing Assets/Studio33 Interactive_[BasketBall] v1.1/Animations/Basketball Motions Humanoid/1053_SceneEntAway.fbx using Guid(54dcb1593146da24eb9adcffb0e89c15) Importer(2089858483,b0f066a214c2f5e87bad3c948f4d605d) (ScriptedImporter) -> (artifact id: '46feca9f96e0d80071a645a981a487ba') in 0.0322899 seconds
Number of updated asset objects reloaded before import = 0Number of asset objects unloaded after import = 154

========================================================================
Received Import Request.
  Time since last request: 0.000043 seconds.
  path: Assets/Studio33 Interactive_[BasketBall] v1.1/Animations/Basketball Motions_Generic/228_HopstepFLA.fbx
  artifactKey: Guid(b8d7b2346a17ac64188adb75ce81abfa) Importer(2089858483,b0f066a214c2f5e87bad3c948f4d605d)
Start importing Assets/Studio33 Interactive_[BasketBall] v1.1/Animations/Basketball Motions_Generic/228_HopstepFLA.fbx using Guid(b8d7b2346a17ac64188adb75ce81abfa) Importer(2089858483,b0f066a214c2f5e87bad3c948f4d605d) (ScriptedImporter) -> (artifact id: '24f2f838371379b2d5c727e6c194e0fc') in 0.030465 seconds
Number of updated asset objects reloaded before import = 0Number of asset objects unloaded after import = 152

========================================================================
Received Import Request.
  Time since last request: 0.000056 seconds.
  path: Assets/Studio33 Interactive_[BasketBall] v1.1/Animations/Basketball Motions Humanoid/2033_DunkCA.fbx
  artifactKey: Guid(236246eca0930ae40be134cc67b27913) Importer(2089858483,b0f066a214c2f5e87bad3c948f4d605d)
Start importing Assets/Studio33 Interactive_[BasketBall] v1.1/Animations/Basketball Motions Humanoid/2033_DunkCA.fbx using Guid(236246eca0930ae40be134cc67b27913) Importer(2089858483,b0f066a214c2f5e87bad3c948f4d605d) (ScriptedImporter) -> (artifact id: '859d1d1d578eba96e8459b2cc230b736') in 0.0282756 seconds
Number of updated asset objects reloaded before import = 0Number of asset objects unloaded after import = 154

========================================================================
Received Import Request.
  Time since last request: 0.000042 seconds.
  path: Assets/Studio33 Interactive_[BasketBall] v1.1/Animations/Basketball Motions_Generic/8_PostBackingA.fbx
  artifactKey: Guid(e70c233e0a9e8b04995346e60407b179) Importer(2089858483,b0f066a214c2f5e87bad3c948f4d605d)
Start importing Assets/Studio33 Interactive_[BasketBall] v1.1/Animations/Basketball Motions_Generic/8_PostBackingA.fbx using Guid(e70c233e0a9e8b04995346e60407b179) Importer(2089858483,b0f066a214c2f5e87bad3c948f4d605d) (ScriptedImporter) -> (artifact id: 'b2ff1fb8d697357da4063807c46025e6') in 0.0261749 seconds
Number of updated asset objects reloaded before import = 0Number of asset objects unloaded after import = 152

========================================================================
Received Import Request.
  Time since last request: 0.000038 seconds.
  path: Assets/Studio33 Interactive_[BasketBall] v1.1/Animations/Basketball Motions_Generic/1836_DunkRA.fbx
  artifactKey: Guid(8b6ba02d1860a904abc2b773d064d943) Importer(2089858483,b0f066a214c2f5e87bad3c948f4d605d)
Start importing Assets/Studio33 Interactive_[BasketBall] v1.1/Animations/Basketball Motions_Generic/1836_DunkRA.fbx using Guid(8b6ba02d1860a904abc2b773d064d943) Importer(2089858483,b0f066a214c2f5e87bad3c948f4d605d) (ScriptedImporter) -> (artifact id: '2b2e8154ec1058876c122cee23f05744') in 0.0285484 seconds
Number of updated asset objects reloaded before import = 0Number of asset objects unloaded after import = 152

========================================================================
Received Import Request.
  Time since last request: 0.000057 seconds.
  path: Assets/Studio33 Interactive_[BasketBall] v1.1/Animations/Basketball Motions_Generic/1328_HookRA.fbx
  artifactKey: Guid(39b7c2ff6d2117a4da86b9f83dcf3c9f) Importer(2089858483,b0f066a214c2f5e87bad3c948f4d605d)
Start importing Assets/Studio33 Interactive_[BasketBall] v1.1/Animations/Basketball Motions_Generic/1328_HookRA.fbx using Guid(39b7c2ff6d2117a4da86b9f83dcf3c9f) Importer(2089858483,b0f066a214c2f5e87bad3c948f4d605d) (ScriptedImporter) -> (artifact id: 'efa2893a877671196fe100871ddee072') in 0.0298238 seconds
Number of updated asset objects reloaded before import = 0Number of asset objects unloaded after import = 152

========================================================================
Received Import Request.
  Time since last request: 0.000061 seconds.
  path: Assets/Studio33 Interactive_[BasketBall] v1.1/Animations/Basketball Motions_Generic/397_CutirRA.fbx
  artifactKey: Guid(12c9eadb417012140846a8749a186f35) Importer(2089858483,b0f066a214c2f5e87bad3c948f4d605d)
Start importing Assets/Studio33 Interactive_[BasketBall] v1.1/Animations/Basketball Motions_Generic/397_CutirRA.fbx using Guid(12c9eadb417012140846a8749a186f35) Importer(2089858483,b0f066a214c2f5e87bad3c948f4d605d) (ScriptedImporter) -> (artifact id: '7d79f48cc137678fcb3004bd78383816') in 0.0321437 seconds
Number of updated asset objects reloaded before import = 0Number of asset objects unloaded after import = 152

========================================================================
Received Import Request.
  Time since last request: 0.000040 seconds.
  path: Assets/Studio33 Interactive_[BasketBall] v1.1/Animations/Basketball Motions Humanoid/649_Run.fbx
  artifactKey: Guid(ea26bd5021930bf4192995144bd9fdff) Importer(2089858483,b0f066a214c2f5e87bad3c948f4d605d)
Start importing Assets/Studio33 Interactive_[BasketBall] v1.1/Animations/Basketball Motions Humanoid/649_Run.fbx using Guid(ea26bd5021930bf4192995144bd9fdff) Importer(2089858483,b0f066a214c2f5e87bad3c948f4d605d) (ScriptedImporter) -> (artifact id: '3fdf30d207cff93c17c68fa914a5b32f') in 0.0296727 seconds
Number of updated asset objects reloaded before import = 0Number of asset objects unloaded after import = 154

========================================================================
Received Import Request.
  Time since last request: 0.000045 seconds.
  path: Assets/Studio33 Interactive_[BasketBall] v1.1/Animations/Basketball Motions Humanoid/1148_DunkCAG.fbx
  artifactKey: Guid(ff14e77043e6df84caf4b16d502e6aaf) Importer(2089858483,b0f066a214c2f5e87bad3c948f4d605d)
Start importing Assets/Studio33 Interactive_[BasketBall] v1.1/Animations/Basketball Motions Humanoid/1148_DunkCAG.fbx using Guid(ff14e77043e6df84caf4b16d502e6aaf) Importer(2089858483,b0f066a214c2f5e87bad3c948f4d605d) (ScriptedImporter) -> (artifact id: 'a96f0337076467b6712f597d6204ea0e') in 0.0291056 seconds
Number of updated asset objects reloaded before import = 0Number of asset objects unloaded after import = 154

========================================================================
Received Import Request.
  Time since last request: 0.000051 seconds.
  path: Assets/Studio33 Interactive_[BasketBall] v1.1/Animations/Basketball Motions_Generic/178_BlockingckedBaA.fbx
  artifactKey: Guid(a1864f35a8ea54c45acc3d16867d63a3) Importer(2089858483,b0f066a214c2f5e87bad3c948f4d605d)
Start importing Assets/Studio33 Interactive_[BasketBall] v1.1/Animations/Basketball Motions_Generic/178_BlockingckedBaA.fbx using Guid(a1864f35a8ea54c45acc3d16867d63a3) Importer(2089858483,b0f066a214c2f5e87bad3c948f4d605d) (ScriptedImporter) -> (artifact id: 'a0b86e5b722a74d93ba617a2b6f952e2') in 0.0288317 seconds
Number of updated asset objects reloaded before import = 0Number of asset objects unloaded after import = 152

========================================================================
Received Import Request.
  Time since last request: 0.000038 seconds.
  path: Assets/Studio33 Interactive_[BasketBall] v1.1/Animations/Basketball Motions Humanoid/2171_PivotLA.fbx
  artifactKey: Guid(8cc7f40ef709dd547af30079316fb19f) Importer(2089858483,b0f066a214c2f5e87bad3c948f4d605d)
Start importing Assets/Studio33 Interactive_[BasketBall] v1.1/Animations/Basketball Motions Humanoid/2171_PivotLA.fbx using Guid(8cc7f40ef709dd547af30079316fb19f) Importer(2089858483,b0f066a214c2f5e87bad3c948f4d605d) (ScriptedImporter) -> (artifact id: '9946deaa5f65a4a647f60d6f1585b45f') in 0.0332417 seconds
Number of updated asset objects reloaded before import = 0Number of asset objects unloaded after import = 154

========================================================================
Received Import Request.
  Time since last request: 0.000049 seconds.
  path: Assets/Studio33 Interactive_[BasketBall] v1.1/Animations/Basketball Motions_Generic/170_TravRA.fbx
  artifactKey: Guid(ce354fa3f247c0b46a2325fbc5ce7bd4) Importer(2089858483,b0f066a214c2f5e87bad3c948f4d605d)
Start importing Assets/Studio33 Interactive_[BasketBall] v1.1/Animations/Basketball Motions_Generic/170_TravRA.fbx using Guid(ce354fa3f247c0b46a2325fbc5ce7bd4) Importer(2089858483,b0f066a214c2f5e87bad3c948f4d605d) (ScriptedImporter) -> (artifact id: '09d2dbca6667fb06d3537086b6f3fe55') in 0.0296645 seconds
Number of updated asset objects reloaded before import = 0Number of asset objects unloaded after import = 152

========================================================================
Received Import Request.
  Time since last request: 0.000053 seconds.
  path: Assets/Studio33 Interactive_[BasketBall] v1.1/Animations/Basketball Motions Humanoid/1583_DunkCB.fbx
  artifactKey: Guid(61325c8d6e755a743abbb9f5fbe3d7f4) Importer(2089858483,b0f066a214c2f5e87bad3c948f4d605d)
Start importing Assets/Studio33 Interactive_[BasketBall] v1.1/Animations/Basketball Motions Humanoid/1583_DunkCB.fbx using Guid(61325c8d6e755a743abbb9f5fbe3d7f4) Importer(2089858483,b0f066a214c2f5e87bad3c948f4d605d) (ScriptedImporter) -> (artifact id: '0231c4fcb8684b64f6d6c6227551251d') in 0.0350667 seconds
Number of updated asset objects reloaded before import = 0Number of asset objects unloaded after import = 154

========================================================================
Received Import Request.
  Time since last request: 0.000036 seconds.
  path: Assets/Studio33 Interactive_[BasketBall] v1.1/Animations/Basketball Motions_Generic/1522_DclutchFLeftA.fbx
  artifactKey: Guid(7cab1f5b9e83e214eb4fec789a01744c) Importer(2089858483,b0f066a214c2f5e87bad3c948f4d605d)
Start importing Assets/Studio33 Interactive_[BasketBall] v1.1/Animations/Basketball Motions_Generic/1522_DclutchFLeftA.fbx using Guid(7cab1f5b9e83e214eb4fec789a01744c) Importer(2089858483,b0f066a214c2f5e87bad3c948f4d605d) (ScriptedImporter) -> (artifact id: '3a39e7e42267b52a5d8da2a7c1064d41') in 0.0281614 seconds
Number of updated asset objects reloaded before import = 0Number of asset objects unloaded after import = 152

========================================================================
Received Import Request.
  Time since last request: 0.000043 seconds.
  path: Assets/Studio33 Interactive_[BasketBall] v1.1/Animations/Basketball Motions_Generic/1798_DunkCA.fbx
  artifactKey: Guid(b99dfa62a1a281a40889b0fdd72cf58e) Importer(2089858483,b0f066a214c2f5e87bad3c948f4d605d)
Start importing Assets/Studio33 Interactive_[BasketBall] v1.1/Animations/Basketball Motions_Generic/1798_DunkCA.fbx using Guid(b99dfa62a1a281a40889b0fdd72cf58e) Importer(2089858483,b0f066a214c2f5e87bad3c948f4d605d) (ScriptedImporter) -> (artifact id: '170b789af4f596773d31deffab0b7504') in 0.0294979 seconds
Number of updated asset objects reloaded before import = 0Number of asset objects unloaded after import = 152

========================================================================
Received Import Request.
  Time since last request: 0.000052 seconds.
  path: Assets/Studio33 Interactive_[BasketBall] v1.1/Animations/Basketball Motions Humanoid/1106_Screeillegal.fbx
  artifactKey: Guid(d38a420a8fba9df4fafdb85bfb9fe6e4) Importer(2089858483,b0f066a214c2f5e87bad3c948f4d605d)
Start importing Assets/Studio33 Interactive_[BasketBall] v1.1/Animations/Basketball Motions Humanoid/1106_Screeillegal.fbx using Guid(d38a420a8fba9df4fafdb85bfb9fe6e4) Importer(2089858483,b0f066a214c2f5e87bad3c948f4d605d) (ScriptedImporter) -> (artifact id: 'b4b9eb047a1cb96c00fed0ac83a531b9') in 0.0282772 seconds
Number of updated asset objects reloaded before import = 0Number of asset objects unloaded after import = 154

========================================================================
Received Import Request.
  Time since last request: 0.000035 seconds.
  path: Assets/Studio33 Interactive_[BasketBall] v1.1/Animations/Basketball Motions_Generic/674_DashC.fbx
  artifactKey: Guid(d940c99c7bbdc3d4e93747c1bbb3e1fc) Importer(2089858483,b0f066a214c2f5e87bad3c948f4d605d)
Start importing Assets/Studio33 Interactive_[BasketBall] v1.1/Animations/Basketball Motions_Generic/674_DashC.fbx using Guid(d940c99c7bbdc3d4e93747c1bbb3e1fc) Importer(2089858483,b0f066a214c2f5e87bad3c948f4d605d) (ScriptedImporter) -> (artifact id: 'f27034bdccf05555f56976e64727b0bf') in 0.0261886 seconds
Number of updated asset objects reloaded before import = 0Number of asset objects unloaded after import = 152

========================================================================
Received Import Request.
  Time since last request: 0.000044 seconds.
  path: Assets/Studio33 Interactive_[BasketBall] v1.1/Animations/Basketball Motions Humanoid/2198_StealA.fbx
  artifactKey: Guid(45439f6f1694b6544a1dbc20762183a5) Importer(2089858483,b0f066a214c2f5e87bad3c948f4d605d)
Start importing Assets/Studio33 Interactive_[BasketBall] v1.1/Animations/Basketball Motions Humanoid/2198_StealA.fbx using Guid(45439f6f1694b6544a1dbc20762183a5) Importer(2089858483,b0f066a214c2f5e87bad3c948f4d605d) (ScriptedImporter) -> (artifact id: '71cb57c1900d67b9c387edf1861858e2') in 0.0324426 seconds
Number of updated asset objects reloaded before import = 0Number of asset objects unloaded after import = 154

========================================================================
Received Import Request.
  Time since last request: 0.000049 seconds.
  path: Assets/Studio33 Interactive_[BasketBall] v1.1/Animations/Basketball Motions_Generic/124_ReboundAndBoxOutA.fbx
  artifactKey: Guid(9f532cb4b4baa484a85b6e994e97ef84) Importer(2089858483,b0f066a214c2f5e87bad3c948f4d605d)
Start importing Assets/Studio33 Interactive_[BasketBall] v1.1/Animations/Basketball Motions_Generic/124_ReboundAndBoxOutA.fbx using Guid(9f532cb4b4baa484a85b6e994e97ef84) Importer(2089858483,b0f066a214c2f5e87bad3c948f4d605d) (ScriptedImporter) -> (artifact id: 'd99650f520b232d05d8ffb428084f632') in 0.0313546 seconds
Number of updated asset objects reloaded before import = 0Number of asset objects unloaded after import = 152

========================================================================
Received Import Request.
  Time since last request: 0.000048 seconds.
  path: Assets/Studio33 Interactive_[BasketBall] v1.1/Animations/Basketball Motions Humanoid/783_ShootpassLayupLongBaA.fbx
  artifactKey: Guid(e605060db6f2e374ea5660accb5a2dd6) Importer(2089858483,b0f066a214c2f5e87bad3c948f4d605d)
Start importing Assets/Studio33 Interactive_[BasketBall] v1.1/Animations/Basketball Motions Humanoid/783_ShootpassLayupLongBaA.fbx using Guid(e605060db6f2e374ea5660accb5a2dd6) Importer(2089858483,b0f066a214c2f5e87bad3c948f4d605d) (ScriptedImporter) -> (artifact id: 'c820f79fe81fcf8814dfb917c8c2c1a9') in 0.0294957 seconds
Number of updated asset objects reloaded before import = 0Number of asset objects unloaded after import = 154

========================================================================
Received Import Request.
  Time since last request: 0.000032 seconds.
  path: Assets/Studio33 Interactive_[BasketBall] v1.1/Animations/Basketball Motions_Generic/1181_DunkRA.fbx
  artifactKey: Guid(158abc14dc10e4b4e84d528f8baa6556) Importer(2089858483,b0f066a214c2f5e87bad3c948f4d605d)
Start importing Assets/Studio33 Interactive_[BasketBall] v1.1/Animations/Basketball Motions_Generic/1181_DunkRA.fbx using Guid(158abc14dc10e4b4e84d528f8baa6556) Importer(2089858483,b0f066a214c2f5e87bad3c948f4d605d) (ScriptedImporter) -> (artifact id: 'ebdfe95efc72efc4f7d49c6e8cb7f42d') in 0.0281801 seconds
Number of updated asset objects reloaded before import = 0Number of asset objects unloaded after import = 152

========================================================================
Received Import Request.
  Time since last request: 0.000044 seconds.
  path: Assets/Studio33 Interactive_[BasketBall] v1.1/Animations/Basketball Motions_Generic/1960_JumpshotCA.fbx
  artifactKey: Guid(ea0b90d99b2a9414ea201948c4497d9b) Importer(2089858483,b0f066a214c2f5e87bad3c948f4d605d)
Start importing Assets/Studio33 Interactive_[BasketBall] v1.1/Animations/Basketball Motions_Generic/1960_JumpshotCA.fbx using Guid(ea0b90d99b2a9414ea201948c4497d9b) Importer(2089858483,b0f066a214c2f5e87bad3c948f4d605d) (ScriptedImporter) -> (artifact id: '18eb842eda0e22526d93b7a0ac366584') in 0.0283459 seconds
Number of updated asset objects reloaded before import = 0Number of asset objects unloaded after import = 152

========================================================================
Received Import Request.
  Time since last request: 0.000044 seconds.
  path: Assets/Studio33 Interactive_[BasketBall] v1.1/Animations/Basketball Motions_Generic/1495_FakelayupCA.fbx
  artifactKey: Guid(3c27a3d7a2b5c344da353643d05c5c79) Importer(2089858483,b0f066a214c2f5e87bad3c948f4d605d)
Start importing Assets/Studio33 Interactive_[BasketBall] v1.1/Animations/Basketball Motions_Generic/1495_FakelayupCA.fbx using Guid(3c27a3d7a2b5c344da353643d05c5c79) Importer(2089858483,b0f066a214c2f5e87bad3c948f4d605d) (ScriptedImporter) -> (artifact id: 'c19cbdab2da3bbe96f1003aed9d14384') in 0.0257867 seconds
Number of updated asset objects reloaded before import = 0Number of asset objects unloaded after import = 152

========================================================================
Received Import Request.
  Time since last request: 0.000057 seconds.
  path: Assets/Studio33 Interactive_[BasketBall] v1.1/Animations/Basketball Motions_Generic/1763_DunkRA.fbx
  artifactKey: Guid(dca5ad3db3df8b146b39a0b7a6b0320d) Importer(2089858483,b0f066a214c2f5e87bad3c948f4d605d)
Start importing Assets/Studio33 Interactive_[BasketBall] v1.1/Animations/Basketball Motions_Generic/1763_DunkRA.fbx using Guid(dca5ad3db3df8b146b39a0b7a6b0320d) Importer(2089858483,b0f066a214c2f5e87bad3c948f4d605d) (ScriptedImporter) -> (artifact id: '3285aa7e658931a30530125c7f873955') in 0.0312687 seconds
Number of updated asset objects reloaded before import = 0Number of asset objects unloaded after import = 152

========================================================================
Received Import Request.
  Time since last request: 0.000035 seconds.
  path: Assets/Studio33 Interactive_[BasketBall] v1.1/Animations/Basketball Motions_Generic/1549_LayupCA.fbx
  artifactKey: Guid(979c3fedb030e0d4baeba80fa37fd8a5) Importer(2089858483,b0f066a214c2f5e87bad3c948f4d605d)
Start importing Assets/Studio33 Interactive_[BasketBall] v1.1/Animations/Basketball Motions_Generic/1549_LayupCA.fbx using Guid(979c3fedb030e0d4baeba80fa37fd8a5) Importer(2089858483,b0f066a214c2f5e87bad3c948f4d605d) (ScriptedImporter) -> (artifact id: '375d42ab229a2cdf4773d500e28c75d4') in 0.0317572 seconds
Number of updated asset objects reloaded before import = 0Number of asset objects unloaded after import = 152

========================================================================
Received Import Request.
  Time since last request: 0.000041 seconds.
  path: Assets/Studio33 Interactive_[BasketBall] v1.1/Animations/Basketball Motions_Generic/1916_JumpshotReadyFake.fbx
  artifactKey: Guid(935d7030cf21b2a4ea9a9400bd32b468) Importer(2089858483,b0f066a214c2f5e87bad3c948f4d605d)
Start importing Assets/Studio33 Interactive_[BasketBall] v1.1/Animations/Basketball Motions_Generic/1916_JumpshotReadyFake.fbx using Guid(935d7030cf21b2a4ea9a9400bd32b468) Importer(2089858483,b0f066a214c2f5e87bad3c948f4d605d) (ScriptedImporter) -> (artifact id: '2023bfe943715a2ea421066597eccd82') in 0.027047 seconds
Number of updated asset objects reloaded before import = 0Number of asset objects unloaded after import = 152

========================================================================
Received Import Request.
  Time since last request: 0.000062 seconds.
  path: Assets/Studio33 Interactive_[BasketBall] v1.1/33_basket ball test animations/player/Back_number/Back_number_Y/Back_number_B_c18.png
  artifactKey: Guid(80fb8b6650efd8c4aa17d0f730c32f95) Importer(2089858483,b0f066a214c2f5e87bad3c948f4d605d)
Start importing Assets/Studio33 Interactive_[BasketBall] v1.1/33_basket ball test animations/player/Back_number/Back_number_Y/Back_number_B_c18.png using Guid(80fb8b6650efd8c4aa17d0f730c32f95) Importer(2089858483,b0f066a214c2f5e87bad3c948f4d605d) (ScriptedImporter) -> (artifact id: '9da54780894ac02221d856b56d443904') in 0.0185957 seconds
Number of updated asset objects reloaded before import = 0Number of asset objects unloaded after import = 1

========================================================================
Received Import Request.
  Time since last request: 0.000035 seconds.
  path: Assets/Studio33 Interactive_[BasketBall] v1.1/Animations/Basketball Motions_Generic/1352_JumpshotMA.fbx
  artifactKey: Guid(e86d3c78225f9514fa1680c98bd79560) Importer(2089858483,b0f066a214c2f5e87bad3c948f4d605d)
Start importing Assets/Studio33 Interactive_[BasketBall] v1.1/Animations/Basketball Motions_Generic/1352_JumpshotMA.fbx using Guid(e86d3c78225f9514fa1680c98bd79560) Importer(2089858483,b0f066a214c2f5e87bad3c948f4d605d) (ScriptedImporter) -> (artifact id: '12ac3aba2daf26764f6acfad10c8e953') in 0.0272865 seconds
Number of updated asset objects reloaded before import = 0Number of asset objects unloaded after import = 152

========================================================================
Received Import Request.
  Time since last request: 0.000039 seconds.
  path: Assets/Studio33 Interactive_[BasketBall] v1.1/Animations/Basketball Motions_Generic/933_PostTurfadeawayRAC.fbx
  artifactKey: Guid(7193357a55cd4df47bfac14553430b61) Importer(2089858483,b0f066a214c2f5e87bad3c948f4d605d)
Start importing Assets/Studio33 Interactive_[BasketBall] v1.1/Animations/Basketball Motions_Generic/933_PostTurfadeawayRAC.fbx using Guid(7193357a55cd4df47bfac14553430b61) Importer(2089858483,b0f066a214c2f5e87bad3c948f4d605d) (ScriptedImporter) -> (artifact id: 'a4deb6819eace73bf9a3b3e198213c79') in 0.0270823 seconds
Number of updated asset objects reloaded before import = 0Number of asset objects unloaded after import = 152

========================================================================
Received Import Request.
  Time since last request: 0.000049 seconds.
  path: Assets/Studio33 Interactive_[BasketBall] v1.1/Animations/Basketball Motions_Generic/771_AlleyoopOverNpassRA.fbx
  artifactKey: Guid(fce7d3bc71acdfe4a92fbafa51ea2bdf) Importer(2089858483,b0f066a214c2f5e87bad3c948f4d605d)
Start importing Assets/Studio33 Interactive_[BasketBall] v1.1/Animations/Basketball Motions_Generic/771_AlleyoopOverNpassRA.fbx using Guid(fce7d3bc71acdfe4a92fbafa51ea2bdf) Importer(2089858483,b0f066a214c2f5e87bad3c948f4d605d) (ScriptedImporter) -> (artifact id: '352b63494aef7c4564d2908cbb128b6b') in 0.0294541 seconds
Number of updated asset objects reloaded before import = 0Number of asset objects unloaded after import = 152

========================================================================
Received Import Request.
  Time since last request: 0.000061 seconds.
  path: Assets/Studio33 Interactive_[BasketBall] v1.1/Animations/Basketball Motions_Generic/2147_KeepingA.fbx
  artifactKey: Guid(7191d948de8bf6c4cb2feb78c33e5213) Importer(2089858483,b0f066a214c2f5e87bad3c948f4d605d)
Start importing Assets/Studio33 Interactive_[BasketBall] v1.1/Animations/Basketball Motions_Generic/2147_KeepingA.fbx using Guid(7191d948de8bf6c4cb2feb78c33e5213) Importer(2089858483,b0f066a214c2f5e87bad3c948f4d605d) (ScriptedImporter) -> (artifact id: 'a40b3f5e4b4fabc9558107baa2c60043') in 0.0301959 seconds
Number of updated asset objects reloaded before import = 0Number of asset objects unloaded after import = 152

========================================================================
Received Import Request.
  Time since last request: 0.000041 seconds.
  path: Assets/Studio33 Interactive_[BasketBall] v1.1/Animations/Basketball Motions Humanoid/1572_LayupRA.fbx
  artifactKey: Guid(abc1966e98f4714468ad088bec07f1cf) Importer(2089858483,b0f066a214c2f5e87bad3c948f4d605d)
Start importing Assets/Studio33 Interactive_[BasketBall] v1.1/Animations/Basketball Motions Humanoid/1572_LayupRA.fbx using Guid(abc1966e98f4714468ad088bec07f1cf) Importer(2089858483,b0f066a214c2f5e87bad3c948f4d605d) (ScriptedImporter) -> (artifact id: 'b0d51c16d35325cbeb735b352f77aab1') in 0.0323983 seconds
Number of updated asset objects reloaded before import = 0Number of asset objects unloaded after import = 154

========================================================================
Received Import Request.
  Time since last request: 0.000036 seconds.
  path: Assets/Studio33 Interactive_[BasketBall] v1.1/Animations/Basketball Motions Humanoid/1981_DunkCA.fbx
  artifactKey: Guid(5450fd32570ee584aa5ea5247669ba47) Importer(2089858483,b0f066a214c2f5e87bad3c948f4d605d)
Start importing Assets/Studio33 Interactive_[BasketBall] v1.1/Animations/Basketball Motions Humanoid/1981_DunkCA.fbx using Guid(5450fd32570ee584aa5ea5247669ba47) Importer(2089858483,b0f066a214c2f5e87bad3c948f4d605d) (ScriptedImporter) -> (artifact id: '68917b60210ea35bdbb668298aea13a9') in 0.0294745 seconds
Number of updated asset objects reloaded before import = 0Number of asset objects unloaded after import = 154

========================================================================
Received Import Request.
  Time since last request: 0.000048 seconds.
  path: Assets/Studio33 Interactive_[BasketBall] v1.1/Animations/Basketball Motions Humanoid/2194_RotDefA.fbx
  artifactKey: Guid(d80281a69f75cfc4a97e7421ddd17c01) Importer(2089858483,b0f066a214c2f5e87bad3c948f4d605d)
Start importing Assets/Studio33 Interactive_[BasketBall] v1.1/Animations/Basketball Motions Humanoid/2194_RotDefA.fbx using Guid(d80281a69f75cfc4a97e7421ddd17c01) Importer(2089858483,b0f066a214c2f5e87bad3c948f4d605d) (ScriptedImporter) -> (artifact id: '174f045d4601b4ec11d858520f4f9fce') in 0.0276245 seconds
Number of updated asset objects reloaded before import = 0Number of asset objects unloaded after import = 154

========================================================================
Received Import Request.
  Time since last request: 0.000030 seconds.
  path: Assets/Studio33 Interactive_[BasketBall] v1.1/Animations/Basketball Motions_Generic/2072_JumpshotCCFakeA.fbx
  artifactKey: Guid(452d3eb1b4daba54b84ee6b78e83a682) Importer(2089858483,b0f066a214c2f5e87bad3c948f4d605d)
Start importing Assets/Studio33 Interactive_[BasketBall] v1.1/Animations/Basketball Motions_Generic/2072_JumpshotCCFakeA.fbx using Guid(452d3eb1b4daba54b84ee6b78e83a682) Importer(2089858483,b0f066a214c2f5e87bad3c948f4d605d) (ScriptedImporter) -> (artifact id: 'af3227e282bdd293ee70186727a85fa1') in 0.0270153 seconds
Number of updated asset objects reloaded before import = 0Number of asset objects unloaded after import = 152

========================================================================
Received Import Request.
  Time since last request: 0.000041 seconds.
  path: Assets/Studio33 Interactive_[BasketBall] v1.1/Animations/Basketball Motions_Generic/520_MeteorjcA.fbx
  artifactKey: Guid(0974cd3c8507c8b4ba860f0aae8e10fc) Importer(2089858483,b0f066a214c2f5e87bad3c948f4d605d)
Start importing Assets/Studio33 Interactive_[BasketBall] v1.1/Animations/Basketball Motions_Generic/520_MeteorjcA.fbx using Guid(0974cd3c8507c8b4ba860f0aae8e10fc) Importer(2089858483,b0f066a214c2f5e87bad3c948f4d605d) (ScriptedImporter) -> (artifact id: 'a713d668a790ff71f318515c5a3b4889') in 0.0308304 seconds
Number of updated asset objects reloaded before import = 0Number of asset objects unloaded after import = 152

========================================================================
Received Import Request.
  Time since last request: 0.000045 seconds.
  path: Assets/Studio33 Interactive_[BasketBall] v1.1/Animations/Basketball Motions_Generic/1457_JumpshotMFakeA.fbx
  artifactKey: Guid(8a04cb0ac3402bb49bde0fde8537c27e) Importer(2089858483,b0f066a214c2f5e87bad3c948f4d605d)
Start importing Assets/Studio33 Interactive_[BasketBall] v1.1/Animations/Basketball Motions_Generic/1457_JumpshotMFakeA.fbx using Guid(8a04cb0ac3402bb49bde0fde8537c27e) Importer(2089858483,b0f066a214c2f5e87bad3c948f4d605d) (ScriptedImporter) -> (artifact id: 'aefcbfbfda684f78d1d15526423a2f8d') in 0.0343745 seconds
Number of updated asset objects reloaded before import = 0Number of asset objects unloaded after import = 152

========================================================================
Received Import Request.
  Time since last request: 0.000055 seconds.
  path: Assets/Studio33 Interactive_[BasketBall] v1.1/Animations/Basketball Motions Humanoid/1392_JumpshotReadyFake.fbx
  artifactKey: Guid(3b2a4794cb4b5ac4bbaa3e2c1d6f15de) Importer(2089858483,b0f066a214c2f5e87bad3c948f4d605d)
Start importing Assets/Studio33 Interactive_[BasketBall] v1.1/Animations/Basketball Motions Humanoid/1392_JumpshotReadyFake.fbx using Guid(3b2a4794cb4b5ac4bbaa3e2c1d6f15de) Importer(2089858483,b0f066a214c2f5e87bad3c948f4d605d) (ScriptedImporter) -> (artifact id: 'd7f9e7bee53d0d337ce48ccb82511444') in 0.0301814 seconds
Number of updated asset objects reloaded before import = 0Number of asset objects unloaded after import = 154

========================================================================
Received Import Request.
  Time since last request: 0.000040 seconds.
  path: Assets/Studio33 Interactive_[BasketBall] v1.1/Animations/Basketball Motions Humanoid/2062_DunkRRevA.fbx
  artifactKey: Guid(3d2884032b6a60e499e4c89e91e51394) Importer(2089858483,b0f066a214c2f5e87bad3c948f4d605d)
Start importing Assets/Studio33 Interactive_[BasketBall] v1.1/Animations/Basketball Motions Humanoid/2062_DunkRRevA.fbx using Guid(3d2884032b6a60e499e4c89e91e51394) Importer(2089858483,b0f066a214c2f5e87bad3c948f4d605d) (ScriptedImporter) -> (artifact id: '1e7031cfbbe74f54cd2bf800e554d11e') in 0.0348027 seconds
Number of updated asset objects reloaded before import = 0Number of asset objects unloaded after import = 154

========================================================================
Received Import Request.
  Time since last request: 0.000054 seconds.
  path: Assets/Studio33 Interactive_[BasketBall] v1.1/Animations/Basketball Motions_Generic/250_CrossFakeSideStepbarL.fbx
  artifactKey: Guid(c77443cecf095dd4ba4cb4c8a4e0e18f) Importer(2089858483,b0f066a214c2f5e87bad3c948f4d605d)
Start importing Assets/Studio33 Interactive_[BasketBall] v1.1/Animations/Basketball Motions_Generic/250_CrossFakeSideStepbarL.fbx using Guid(c77443cecf095dd4ba4cb4c8a4e0e18f) Importer(2089858483,b0f066a214c2f5e87bad3c948f4d605d) (ScriptedImporter) -> (artifact id: 'a13b4ade95bcf145377cca81ca71e6ea') in 0.0291204 seconds
Number of updated asset objects reloaded before import = 0Number of asset objects unloaded after import = 152

========================================================================
Received Import Request.
  Time since last request: 0.000060 seconds.
  path: Assets/Studio33 Interactive_[BasketBall] v1.1/Animations/Basketball Motions_Generic/1067_SceneEntHome.fbx
  artifactKey: Guid(3b9c6897f5db6154c8efc91a9633a2c2) Importer(2089858483,b0f066a214c2f5e87bad3c948f4d605d)
Start importing Assets/Studio33 Interactive_[BasketBall] v1.1/Animations/Basketball Motions_Generic/1067_SceneEntHome.fbx using Guid(3b9c6897f5db6154c8efc91a9633a2c2) Importer(2089858483,b0f066a214c2f5e87bad3c948f4d605d) (ScriptedImporter) -> (artifact id: 'e8c53a9dfd23c8e01b159def8555e091') in 0.0299156 seconds
Number of updated asset objects reloaded before import = 0Number of asset objects unloaded after import = 152

========================================================================
Received Import Request.
  Time since last request: 0.000034 seconds.
  path: Assets/Studio33 Interactive_[BasketBall] v1.1/Animations/Basketball Motions_Generic/1190_DunkRA.fbx
  artifactKey: Guid(567d2558ca547134ab32b31546d63db8) Importer(2089858483,b0f066a214c2f5e87bad3c948f4d605d)
Start importing Assets/Studio33 Interactive_[BasketBall] v1.1/Animations/Basketball Motions_Generic/1190_DunkRA.fbx using Guid(567d2558ca547134ab32b31546d63db8) Importer(2089858483,b0f066a214c2f5e87bad3c948f4d605d) (ScriptedImporter) -> (artifact id: 'f9650c08460782d96f632eddded94209') in 0.0295301 seconds
Number of updated asset objects reloaded before import = 0Number of asset objects unloaded after import = 152

========================================================================
Received Import Request.
  Time since last request: 0.000041 seconds.
  path: Assets/Studio33 Interactive_[BasketBall] v1.1/Animations/Basketball Motions Humanoid/763_PassirA.fbx
  artifactKey: Guid(91d602f33f640954786d79b134092bb1) Importer(2089858483,b0f066a214c2f5e87bad3c948f4d605d)
Start importing Assets/Studio33 Interactive_[BasketBall] v1.1/Animations/Basketball Motions Humanoid/763_PassirA.fbx using Guid(91d602f33f640954786d79b134092bb1) Importer(2089858483,b0f066a214c2f5e87bad3c948f4d605d) (ScriptedImporter) -> (artifact id: 'ea78b7c9d651df3b00ecfb8c4ea77b7d') in 0.0319297 seconds
Number of updated asset objects reloaded before import = 0Number of asset objects unloaded after import = 154

========================================================================
Received Import Request.
  Time since last request: 0.000037 seconds.
  path: Assets/Studio33 Interactive_[BasketBall] v1.1/Animations/Basketball Motions Humanoid/884_PostBafrontDunkA.fbx
  artifactKey: Guid(dbf6dd1c4d65a9e4db0f3d1819e7dfe9) Importer(2089858483,b0f066a214c2f5e87bad3c948f4d605d)
Start importing Assets/Studio33 Interactive_[BasketBall] v1.1/Animations/Basketball Motions Humanoid/884_PostBafrontDunkA.fbx using Guid(dbf6dd1c4d65a9e4db0f3d1819e7dfe9) Importer(2089858483,b0f066a214c2f5e87bad3c948f4d605d) (ScriptedImporter) -> (artifact id: '5135f7cb3998986cc3fca60066df8737') in 0.0310853 seconds
Number of updated asset objects reloaded before import = 0Number of asset objects unloaded after import = 154

========================================================================
Received Import Request.
  Time since last request: 0.000055 seconds.
  path: Assets/Studio33 Interactive_[BasketBall] v1.1/Animations/Basketball Motions Humanoid/1747_RstalayupCA.fbx
  artifactKey: Guid(525da2d1101c15d4c85be8f30fc1c9ce) Importer(2089858483,b0f066a214c2f5e87bad3c948f4d605d)
Start importing Assets/Studio33 Interactive_[BasketBall] v1.1/Animations/Basketball Motions Humanoid/1747_RstalayupCA.fbx using Guid(525da2d1101c15d4c85be8f30fc1c9ce) Importer(2089858483,b0f066a214c2f5e87bad3c948f4d605d) (ScriptedImporter) -> (artifact id: '15fa2bd973946b980bada1c5798d8b32') in 0.0288836 seconds
Number of updated asset objects reloaded before import = 0Number of asset objects unloaded after import = 154

========================================================================
Received Import Request.
  Time since last request: 0.000040 seconds.
  path: Assets/Studio33 Interactive_[BasketBall] v1.1/Animations/Basketball Motions Humanoid/1351_JumpshotMA.fbx
  artifactKey: Guid(946152c8d90df71489126b35ef15ac19) Importer(2089858483,b0f066a214c2f5e87bad3c948f4d605d)
Start importing Assets/Studio33 Interactive_[BasketBall] v1.1/Animations/Basketball Motions Humanoid/1351_JumpshotMA.fbx using Guid(946152c8d90df71489126b35ef15ac19) Importer(2089858483,b0f066a214c2f5e87bad3c948f4d605d) (ScriptedImporter) -> (artifact id: '883fa866ee96d2cf8ec771bfaa2c850b') in 0.0305856 seconds
Number of updated asset objects reloaded before import = 0Number of asset objects unloaded after import = 154

========================================================================
Received Import Request.
  Time since last request: 0.000034 seconds.
  path: Assets/Studio33 Interactive_[BasketBall] v1.1/Animations/Basketball Motions_Generic/1733_JumpshotMA.fbx
  artifactKey: Guid(89be7dfb51166eb41ad0b66a1d16ef3d) Importer(2089858483,b0f066a214c2f5e87bad3c948f4d605d)
Start importing Assets/Studio33 Interactive_[BasketBall] v1.1/Animations/Basketball Motions_Generic/1733_JumpshotMA.fbx using Guid(89be7dfb51166eb41ad0b66a1d16ef3d) Importer(2089858483,b0f066a214c2f5e87bad3c948f4d605d) (ScriptedImporter) -> (artifact id: 'b88127993ff9527af68f6a37148dc390') in 0.0270008 seconds
Number of updated asset objects reloaded before import = 0Number of asset objects unloaded after import = 152

========================================================================
Received Import Request.
  Time since last request: 0.000065 seconds.
  path: Assets/Studio33 Interactive_[BasketBall] v1.1/Animations/Basketball Motions Humanoid/723_PassioverFA.fbx
  artifactKey: Guid(828748d9c82b1d243bddec401251379f) Importer(2089858483,b0f066a214c2f5e87bad3c948f4d605d)
Start importing Assets/Studio33 Interactive_[BasketBall] v1.1/Animations/Basketball Motions Humanoid/723_PassioverFA.fbx using Guid(828748d9c82b1d243bddec401251379f) Importer(2089858483,b0f066a214c2f5e87bad3c948f4d605d) (ScriptedImporter) -> (artifact id: '9121f1e639d1ab8bebce25378e4a1cd1') in 0.0359318 seconds
Number of updated asset objects reloaded before import = 0Number of asset objects unloaded after import = 154

========================================================================
Received Import Request.
  Time since last request: 0.000038 seconds.
  path: Assets/Studio33 Interactive_[BasketBall] v1.1/Animations/Basketball Motions Humanoid/774_NpassFA.fbx
  artifactKey: Guid(f92567237088c174ab9f9f745d880a77) Importer(2089858483,b0f066a214c2f5e87bad3c948f4d605d)
Start importing Assets/Studio33 Interactive_[BasketBall] v1.1/Animations/Basketball Motions Humanoid/774_NpassFA.fbx using Guid(f92567237088c174ab9f9f745d880a77) Importer(2089858483,b0f066a214c2f5e87bad3c948f4d605d) (ScriptedImporter) -> (artifact id: '279daecd82e92a6bf8cd5458f2d19a7b') in 0.0280592 seconds
Number of updated asset objects reloaded before import = 0Number of asset objects unloaded after import = 154

========================================================================
Received Import Request.
  Time since last request: 0.000043 seconds.
  path: Assets/Studio33 Interactive_[BasketBall] v1.1/Animations/Basketball Motions Humanoid/2132_JumpshotMA.fbx
  artifactKey: Guid(2f0841352a7c54845b2f9a67005bb8e0) Importer(2089858483,b0f066a214c2f5e87bad3c948f4d605d)
Start importing Assets/Studio33 Interactive_[BasketBall] v1.1/Animations/Basketball Motions Humanoid/2132_JumpshotMA.fbx using Guid(2f0841352a7c54845b2f9a67005bb8e0) Importer(2089858483,b0f066a214c2f5e87bad3c948f4d605d) (ScriptedImporter) -> (artifact id: '92b0efc9a35b311c4a6d22b13f457f58') in 0.0309421 seconds
Number of updated asset objects reloaded before import = 0Number of asset objects unloaded after import = 154

========================================================================
Received Import Request.
  Time since last request: 0.000050 seconds.
  path: Assets/Studio33 Interactive_[BasketBall] v1.1/Animations/Basketball Motions Humanoid/305_SpinStepRLA.fbx
  artifactKey: Guid(5526f315e2f820543b259e9c6ebb9de2) Importer(2089858483,b0f066a214c2f5e87bad3c948f4d605d)
Start importing Assets/Studio33 Interactive_[BasketBall] v1.1/Animations/Basketball Motions Humanoid/305_SpinStepRLA.fbx using Guid(5526f315e2f820543b259e9c6ebb9de2) Importer(2089858483,b0f066a214c2f5e87bad3c948f4d605d) (ScriptedImporter) -> (artifact id: '4bd90c1063d9ec9c1bacb20a071e30fb') in 0.0286989 seconds
Number of updated asset objects reloaded before import = 0Number of asset objects unloaded after import = 154

========================================================================
Received Import Request.
  Time since last request: 0.000039 seconds.
  path: Assets/Studio33 Interactive_[BasketBall] v1.1/Animations/Basketball Motions Humanoid/1926_JumpshotMA.fbx
  artifactKey: Guid(b8cd6445edd439c49b614459d64527a3) Importer(2089858483,b0f066a214c2f5e87bad3c948f4d605d)
Start importing Assets/Studio33 Interactive_[BasketBall] v1.1/Animations/Basketball Motions Humanoid/1926_JumpshotMA.fbx using Guid(b8cd6445edd439c49b614459d64527a3) Importer(2089858483,b0f066a214c2f5e87bad3c948f4d605d) (ScriptedImporter) -> (artifact id: 'ec99c315ca5e631b9a15c5533f8dd45f') in 0.0287858 seconds
Number of updated asset objects reloaded before import = 0Number of asset objects unloaded after import = 154

========================================================================
Received Import Request.
  Time since last request: 0.000050 seconds.
  path: Assets/Studio33 Interactive_[BasketBall] v1.1/Animations/Basketball Motions Humanoid/1428_DunkRA.fbx
  artifactKey: Guid(9e6ae60322511f046b50ea4f81e9f31e) Importer(2089858483,b0f066a214c2f5e87bad3c948f4d605d)
Start importing Assets/Studio33 Interactive_[BasketBall] v1.1/Animations/Basketball Motions Humanoid/1428_DunkRA.fbx using Guid(9e6ae60322511f046b50ea4f81e9f31e) Importer(2089858483,b0f066a214c2f5e87bad3c948f4d605d) (ScriptedImporter) -> (artifact id: 'a7462d2fbf39673a194af2f8098dd219') in 0.0368646 seconds
Number of updated asset objects reloaded before import = 0Number of asset objects unloaded after import = 154

========================================================================
Received Import Request.
  Time since last request: 0.000062 seconds.
  path: Assets/Studio33 Interactive_[BasketBall] v1.1/Animations/Basketball Motions_Generic/985_Rebound fC.fbx
  artifactKey: Guid(0cd12a4b4ec5fa64596f8896b69b834c) Importer(2089858483,b0f066a214c2f5e87bad3c948f4d605d)
Start importing Assets/Studio33 Interactive_[BasketBall] v1.1/Animations/Basketball Motions_Generic/985_Rebound fC.fbx using Guid(0cd12a4b4ec5fa64596f8896b69b834c) Importer(2089858483,b0f066a214c2f5e87bad3c948f4d605d) (ScriptedImporter) -> (artifact id: 'dc449d4359d49e9a5c046fb6c66321a3') in 0.0286728 seconds
Number of updated asset objects reloaded before import = 0Number of asset objects unloaded after import = 152

========================================================================
Received Import Request.
  Time since last request: 0.000041 seconds.
  path: Assets/Studio33 Interactive_[BasketBall] v1.1/Animations/Basketball Motions Humanoid/1769_BlockingckedDunkBaA.fbx
  artifactKey: Guid(6e7b20ccc83043647a332bbffbf055c9) Importer(2089858483,b0f066a214c2f5e87bad3c948f4d605d)
Start importing Assets/Studio33 Interactive_[BasketBall] v1.1/Animations/Basketball Motions Humanoid/1769_BlockingckedDunkBaA.fbx using Guid(6e7b20ccc83043647a332bbffbf055c9) Importer(2089858483,b0f066a214c2f5e87bad3c948f4d605d) (ScriptedImporter) -> (artifact id: '5a9500855939884cf67574138de9a2eb') in 0.0300636 seconds
Number of updated asset objects reloaded before import = 0Number of asset objects unloaded after import = 154

========================================================================
Received Import Request.
  Time since last request: 0.000044 seconds.
  path: Assets/Studio33 Interactive_[BasketBall] v1.1/Animations/Basketball Motions Humanoid/1798_DunkCA.fbx
  artifactKey: Guid(6493ef3d0cc994048a51bc47c897f987) Importer(2089858483,b0f066a214c2f5e87bad3c948f4d605d)
Start importing Assets/Studio33 Interactive_[BasketBall] v1.1/Animations/Basketball Motions Humanoid/1798_DunkCA.fbx using Guid(6493ef3d0cc994048a51bc47c897f987) Importer(2089858483,b0f066a214c2f5e87bad3c948f4d605d) (ScriptedImporter) -> (artifact id: '87355d4ba4ca0ef3ac00bafc600fcf88') in 0.0300101 seconds
Number of updated asset objects reloaded before import = 0Number of asset objects unloaded after import = 154

========================================================================
Received Import Request.
  Time since last request: 0.000054 seconds.
  path: Assets/Studio33 Interactive_[BasketBall] v1.1/Animations/Basketball Motions_Generic/1102_ScreesidefrontA.fbx
  artifactKey: Guid(dcbba9c6d777e774fbde4233dcbb49eb) Importer(2089858483,b0f066a214c2f5e87bad3c948f4d605d)
Start importing Assets/Studio33 Interactive_[BasketBall] v1.1/Animations/Basketball Motions_Generic/1102_ScreesidefrontA.fbx using Guid(dcbba9c6d777e774fbde4233dcbb49eb) Importer(2089858483,b0f066a214c2f5e87bad3c948f4d605d) (ScriptedImporter) -> (artifact id: '57d005385d24cc25994a5deee7d50ef5') in 0.0266636 seconds
Number of updated asset objects reloaded before import = 0Number of asset objects unloaded after import = 152

========================================================================
Received Import Request.
  Time since last request: 0.000042 seconds.
  path: Assets/Studio33 Interactive_[BasketBall] v1.1/Animations/Basketball Motions Humanoid/1211_DunkRRevA.fbx
  artifactKey: Guid(1ee5bdaec9f498f44a7cc48b306b37cd) Importer(2089858483,b0f066a214c2f5e87bad3c948f4d605d)
Start importing Assets/Studio33 Interactive_[BasketBall] v1.1/Animations/Basketball Motions Humanoid/1211_DunkRRevA.fbx using Guid(1ee5bdaec9f498f44a7cc48b306b37cd) Importer(2089858483,b0f066a214c2f5e87bad3c948f4d605d) (ScriptedImporter) -> (artifact id: '49ea2a43ce2a556c6ed8c409a9338a0f') in 0.0289866 seconds
Number of updated asset objects reloaded before import = 0Number of asset objects unloaded after import = 154

========================================================================
Received Import Request.
  Time since last request: 0.000043 seconds.
  path: Assets/Studio33 Interactive_[BasketBall] v1.1/Animations/Basketball Motions_Generic/1741_RstajumpshotMA.fbx
  artifactKey: Guid(875edf7064177b94c8be1a819d33c395) Importer(2089858483,b0f066a214c2f5e87bad3c948f4d605d)
Start importing Assets/Studio33 Interactive_[BasketBall] v1.1/Animations/Basketball Motions_Generic/1741_RstajumpshotMA.fbx using Guid(875edf7064177b94c8be1a819d33c395) Importer(2089858483,b0f066a214c2f5e87bad3c948f4d605d) (ScriptedImporter) -> (artifact id: 'a9fbdea2e0873c7a68c7e035b776814e') in 0.0325294 seconds
Number of updated asset objects reloaded before import = 0Number of asset objects unloaded after import = 152

========================================================================
Received Import Request.
  Time since last request: 0.000052 seconds.
  path: Assets/Studio33 Interactive_[BasketBall] v1.1/Animations/Basketball Motions_Generic/857_PassBadOverA.fbx
  artifactKey: Guid(377be3d2024c70248a63651471b03ffd) Importer(2089858483,b0f066a214c2f5e87bad3c948f4d605d)
Start importing Assets/Studio33 Interactive_[BasketBall] v1.1/Animations/Basketball Motions_Generic/857_PassBadOverA.fbx using Guid(377be3d2024c70248a63651471b03ffd) Importer(2089858483,b0f066a214c2f5e87bad3c948f4d605d) (ScriptedImporter) -> (artifact id: '08d0d80158cd3a5410d47a698c22d9be') in 0.0266554 seconds
Number of updated asset objects reloaded before import = 0Number of asset objects unloaded after import = 152

========================================================================
Received Import Request.
  Time since last request: 0.000066 seconds.
  path: Assets/Studio33 Interactive_[BasketBall] v1.1/Animations/Basketball Motions Humanoid/284_JabstepA.fbx
  artifactKey: Guid(fbdd36a4da736c64ea2afb9c516879a6) Importer(2089858483,b0f066a214c2f5e87bad3c948f4d605d)
Start importing Assets/Studio33 Interactive_[BasketBall] v1.1/Animations/Basketball Motions Humanoid/284_JabstepA.fbx using Guid(fbdd36a4da736c64ea2afb9c516879a6) Importer(2089858483,b0f066a214c2f5e87bad3c948f4d605d) (ScriptedImporter) -> (artifact id: 'eddb6c95103f6a4053109186fec49595') in 0.0269891 seconds
Number of updated asset objects reloaded before import = 0Number of asset objects unloaded after import = 154

========================================================================
Received Import Request.
  Time since last request: 0.000043 seconds.
  path: Assets/Studio33 Interactive_[BasketBall] v1.1/Animations/Basketball Motions Humanoid/887_PostBafrontLayupCA.fbx
  artifactKey: Guid(13c8ee2fded6fa343b1222c70e894fea) Importer(2089858483,b0f066a214c2f5e87bad3c948f4d605d)
Start importing Assets/Studio33 Interactive_[BasketBall] v1.1/Animations/Basketball Motions Humanoid/887_PostBafrontLayupCA.fbx using Guid(13c8ee2fded6fa343b1222c70e894fea) Importer(2089858483,b0f066a214c2f5e87bad3c948f4d605d) (ScriptedImporter) -> (artifact id: '3a200e63f0f6497054a9b81360ab9500') in 0.0292962 seconds
Number of updated asset objects reloaded before import = 0Number of asset objects unloaded after import = 154

========================================================================
Received Import Request.
  Time since last request: 0.000041 seconds.
  path: Assets/Studio33 Interactive_[BasketBall] v1.1/Animations/Basketball Motions_Generic/1154_DunkCA.fbx
  artifactKey: Guid(fa5d059e2a73c1147bc23124061fffdb) Importer(2089858483,b0f066a214c2f5e87bad3c948f4d605d)
Start importing Assets/Studio33 Interactive_[BasketBall] v1.1/Animations/Basketball Motions_Generic/1154_DunkCA.fbx using Guid(fa5d059e2a73c1147bc23124061fffdb) Importer(2089858483,b0f066a214c2f5e87bad3c948f4d605d) (ScriptedImporter) -> (artifact id: '498f08c0d9dba86d5143635742474f8d') in 0.0280585 seconds
Number of updated asset objects reloaded before import = 0Number of asset objects unloaded after import = 152

========================================================================
Received Import Request.
  Time since last request: 0.000037 seconds.
  path: Assets/Studio33 Interactive_[BasketBall] v1.1/Animations/Basketball Motions Humanoid/1678_DunkRAC.fbx
  artifactKey: Guid(0d64c4131029974489f188ac33deac83) Importer(2089858483,b0f066a214c2f5e87bad3c948f4d605d)
Start importing Assets/Studio33 Interactive_[BasketBall] v1.1/Animations/Basketball Motions Humanoid/1678_DunkRAC.fbx using Guid(0d64c4131029974489f188ac33deac83) Importer(2089858483,b0f066a214c2f5e87bad3c948f4d605d) (ScriptedImporter) -> (artifact id: 'ef46463ad7d2863523f2e406f192317a') in 0.0340039 seconds
Number of updated asset objects reloaded before import = 0Number of asset objects unloaded after import = 154

========================================================================
Received Import Request.
  Time since last request: 0.000043 seconds.
  path: Assets/Studio33 Interactive_[BasketBall] v1.1/Animations/Basketball Motions_Generic/33_BlockinglongFarL.fbx
  artifactKey: Guid(99f8c75633347c4448647f39aaaba6b5) Importer(2089858483,b0f066a214c2f5e87bad3c948f4d605d)
Start importing Assets/Studio33 Interactive_[BasketBall] v1.1/Animations/Basketball Motions_Generic/33_BlockinglongFarL.fbx using Guid(99f8c75633347c4448647f39aaaba6b5) Importer(2089858483,b0f066a214c2f5e87bad3c948f4d605d) (ScriptedImporter) -> (artifact id: '9d2be55cc2c11e350b355ae1e4067a37') in 0.0338426 seconds
Number of updated asset objects reloaded before import = 0Number of asset objects unloaded after import = 152

========================================================================
Received Import Request.
  Time since last request: 0.000032 seconds.
  path: Assets/Studio33 Interactive_[BasketBall] v1.1/Animations/Basketball Motions Humanoid/793_AlleyooppassRevA.fbx
  artifactKey: Guid(516b95fad5fa6374b8d78b92dc686b7a) Importer(2089858483,b0f066a214c2f5e87bad3c948f4d605d)
Start importing Assets/Studio33 Interactive_[BasketBall] v1.1/Animations/Basketball Motions Humanoid/793_AlleyooppassRevA.fbx using Guid(516b95fad5fa6374b8d78b92dc686b7a) Importer(2089858483,b0f066a214c2f5e87bad3c948f4d605d) (ScriptedImporter) -> (artifact id: '73f80c439155ac9ad107b7e54d603f4d') in 0.0383248 seconds
Number of updated asset objects reloaded before import = 0Number of asset objects unloaded after import = 154

========================================================================
Received Import Request.
  Time since last request: 0.000043 seconds.
  path: Assets/Studio33 Interactive_[BasketBall] v1.1/33_basket ball test animations/player/Back_number/Back_number_W/Back_number_W_c07.png
  artifactKey: Guid(0a9ba0070f55dc346a451995a984a8c8) Importer(2089858483,b0f066a214c2f5e87bad3c948f4d605d)
Start importing Assets/Studio33 Interactive_[BasketBall] v1.1/33_basket ball test animations/player/Back_number/Back_number_W/Back_number_W_c07.png using Guid(0a9ba0070f55dc346a451995a984a8c8) Importer(2089858483,b0f066a214c2f5e87bad3c948f4d605d) (ScriptedImporter) -> (artifact id: 'fa41ebc56cb65d2870231afd34064f54') in 0.018899 seconds
Number of updated asset objects reloaded before import = 0Number of asset objects unloaded after import = 1

========================================================================
Received Import Request.
  Time since last request: 0.000055 seconds.
  path: Assets/Studio33 Interactive_[BasketBall] v1.1/Animations/Basketball Motions Humanoid/328_CrossThLRLA.fbx
  artifactKey: Guid(4e237e6ad730c314b8d4516971ffbcf6) Importer(2089858483,b0f066a214c2f5e87bad3c948f4d605d)
Start importing Assets/Studio33 Interactive_[BasketBall] v1.1/Animations/Basketball Motions Humanoid/328_CrossThLRLA.fbx using Guid(4e237e6ad730c314b8d4516971ffbcf6) Importer(2089858483,b0f066a214c2f5e87bad3c948f4d605d) (ScriptedImporter) -> (artifact id: 'f2f4ddec4a2f602a8f386de3678bcec3') in 0.0292012 seconds
Number of updated asset objects reloaded before import = 0Number of asset objects unloaded after import = 154

========================================================================
Received Import Request.
  Time since last request: 0.000029 seconds.
  path: Assets/Studio33 Interactive_[BasketBall] v1.1/Animations/Basketball Motions_Generic/1823_DunkRA.fbx
  artifactKey: Guid(8d203a7beb11c124894b198801a98575) Importer(2089858483,b0f066a214c2f5e87bad3c948f4d605d)
Start importing Assets/Studio33 Interactive_[BasketBall] v1.1/Animations/Basketball Motions_Generic/1823_DunkRA.fbx using Guid(8d203a7beb11c124894b198801a98575) Importer(2089858483,b0f066a214c2f5e87bad3c948f4d605d) (ScriptedImporter) -> (artifact id: 'd9bd4e796c3572b4e76fd761b4cbdd6b') in 0.0262058 seconds
Number of updated asset objects reloaded before import = 0Number of asset objects unloaded after import = 152

========================================================================
Received Import Request.
  Time since last request: 0.000042 seconds.
  path: Assets/Studio33 Interactive_[BasketBall] v1.1/Animations/Basketball Motions Humanoid/2193_OffenceTiredA.fbx
  artifactKey: Guid(623d4a4345e5e124eb23f9bffff1f3cb) Importer(2089858483,b0f066a214c2f5e87bad3c948f4d605d)
Start importing Assets/Studio33 Interactive_[BasketBall] v1.1/Animations/Basketball Motions Humanoid/2193_OffenceTiredA.fbx using Guid(623d4a4345e5e124eb23f9bffff1f3cb) Importer(2089858483,b0f066a214c2f5e87bad3c948f4d605d) (ScriptedImporter) -> (artifact id: '5710952710a7ab27cfe5964076a9076a') in 0.058618 seconds
Number of updated asset objects reloaded before import = 0Number of asset objects unloaded after import = 154

========================================================================
Received Import Request.
  Time since last request: 0.000059 seconds.
  path: Assets/Studio33 Interactive_[BasketBall] v1.1/Animations/Basketball Motions_Generic/1885_JumpshotQuiA.fbx
  artifactKey: Guid(e5f5325b6461b844492095a9300efda3) Importer(2089858483,b0f066a214c2f5e87bad3c948f4d605d)
Start importing Assets/Studio33 Interactive_[BasketBall] v1.1/Animations/Basketball Motions_Generic/1885_JumpshotQuiA.fbx using Guid(e5f5325b6461b844492095a9300efda3) Importer(2089858483,b0f066a214c2f5e87bad3c948f4d605d) (ScriptedImporter) -> (artifact id: 'a7bd479485df5feafe6d8a8de8e1876f') in 0.022774 seconds
Number of updated asset objects reloaded before import = 0Number of asset objects unloaded after import = 152

========================================================================
Received Import Request.
  Time since last request: 0.000040 seconds.
  path: Assets/Studio33 Interactive_[BasketBall] v1.1/Animations/Basketball Motions_Generic/1888_DunkCA.fbx
  artifactKey: Guid(7c616a61602550547b3dd81d3ce7033c) Importer(2089858483,b0f066a214c2f5e87bad3c948f4d605d)
Start importing Assets/Studio33 Interactive_[BasketBall] v1.1/Animations/Basketball Motions_Generic/1888_DunkCA.fbx using Guid(7c616a61602550547b3dd81d3ce7033c) Importer(2089858483,b0f066a214c2f5e87bad3c948f4d605d) (ScriptedImporter) -> (artifact id: 'dc8501b2d0c314377ad275066bf294e1') in 0.0347924 seconds
Number of updated asset objects reloaded before import = 0Number of asset objects unloaded after import = 152

========================================================================
Received Import Request.
  Time since last request: 0.000042 seconds.
  path: Assets/Studio33 Interactive_[BasketBall] v1.1/Animations/Basketball Motions Humanoid/168_CollisiotwostepFFaA.fbx
  artifactKey: Guid(0bccb12e8669abf4e80eb63e94763d80) Importer(2089858483,b0f066a214c2f5e87bad3c948f4d605d)
Start importing Assets/Studio33 Interactive_[BasketBall] v1.1/Animations/Basketball Motions Humanoid/168_CollisiotwostepFFaA.fbx using Guid(0bccb12e8669abf4e80eb63e94763d80) Importer(2089858483,b0f066a214c2f5e87bad3c948f4d605d) (ScriptedImporter) -> (artifact id: '07d8e885c1c0b4b4d4ad423849306dc7') in 0.0314366 seconds
Number of updated asset objects reloaded before import = 0Number of asset objects unloaded after import = 154

========================================================================
Received Import Request.
  Time since last request: 0.000058 seconds.
  path: Assets/Studio33 Interactive_[BasketBall] v1.1/Animations/Basketball Motions_Generic/2012_DunkClutchFLeftB.fbx
  artifactKey: Guid(117eb8b454c1e2d429ca2207740947da) Importer(2089858483,b0f066a214c2f5e87bad3c948f4d605d)
Start importing Assets/Studio33 Interactive_[BasketBall] v1.1/Animations/Basketball Motions_Generic/2012_DunkClutchFLeftB.fbx using Guid(117eb8b454c1e2d429ca2207740947da) Importer(2089858483,b0f066a214c2f5e87bad3c948f4d605d) (ScriptedImporter) -> (artifact id: 'b1e6570787aadc18910e37eea612758a') in 0.0291117 seconds
Number of updated asset objects reloaded before import = 0Number of asset objects unloaded after import = 152

========================================================================
Received Import Request.
  Time since last request: 0.000032 seconds.
  path: Assets/Studio33 Interactive_[BasketBall] v1.1/Animations/Basketball Motions_Generic/2026_JumpshotMFakeA.fbx
  artifactKey: Guid(422c816f7792ef845b8d2e092d3f386f) Importer(2089858483,b0f066a214c2f5e87bad3c948f4d605d)
Start importing Assets/Studio33 Interactive_[BasketBall] v1.1/Animations/Basketball Motions_Generic/2026_JumpshotMFakeA.fbx using Guid(422c816f7792ef845b8d2e092d3f386f) Importer(2089858483,b0f066a214c2f5e87bad3c948f4d605d) (ScriptedImporter) -> (artifact id: 'c3e5eb75bd8475bc05ee59fcdeafa246') in 0.0274219 seconds
Number of updated asset objects reloaded before import = 0Number of asset objects unloaded after import = 152

========================================================================
Received Import Request.
  Time since last request: 0.000044 seconds.
  path: Assets/Studio33 Interactive_[BasketBall] v1.1/Animations/Basketball Motions Humanoid/1201_DunkRA.fbx
  artifactKey: Guid(df51e4caaa7d98f4a8f6c25af1e58740) Importer(2089858483,b0f066a214c2f5e87bad3c948f4d605d)
Start importing Assets/Studio33 Interactive_[BasketBall] v1.1/Animations/Basketball Motions Humanoid/1201_DunkRA.fbx using Guid(df51e4caaa7d98f4a8f6c25af1e58740) Importer(2089858483,b0f066a214c2f5e87bad3c948f4d605d) (ScriptedImporter) -> (artifact id: '3688c7c5c7ebe77b06ecc6b987c513b7') in 0.0299964 seconds
Number of updated asset objects reloaded before import = 0Number of asset objects unloaded after import = 154

========================================================================
Received Import Request.
  Time since last request: 0.000041 seconds.
  path: Assets/Studio33 Interactive_[BasketBall] v1.1/Animations/Basketball Motions_Generic/1401_LayupCA.fbx
  artifactKey: Guid(a4b3744f661b6b243a0c678cfc19a5e4) Importer(2089858483,b0f066a214c2f5e87bad3c948f4d605d)
Start importing Assets/Studio33 Interactive_[BasketBall] v1.1/Animations/Basketball Motions_Generic/1401_LayupCA.fbx using Guid(a4b3744f661b6b243a0c678cfc19a5e4) Importer(2089858483,b0f066a214c2f5e87bad3c948f4d605d) (ScriptedImporter) -> (artifact id: 'c4db848d6f1e1f86342ea6538df04200') in 0.0312759 seconds
Number of updated asset objects reloaded before import = 0Number of asset objects unloaded after import = 152

========================================================================
Received Import Request.
  Time since last request: 0.000066 seconds.
  path: Assets/Studio33 Interactive_[BasketBall] v1.1/Animations/Basketball Motions_Generic/1322_DunkRRevA.fbx
  artifactKey: Guid(3110344a538368b44b9c26d6b3d502ea) Importer(2089858483,b0f066a214c2f5e87bad3c948f4d605d)
Start importing Assets/Studio33 Interactive_[BasketBall] v1.1/Animations/Basketball Motions_Generic/1322_DunkRRevA.fbx using Guid(3110344a538368b44b9c26d6b3d502ea) Importer(2089858483,b0f066a214c2f5e87bad3c948f4d605d) (ScriptedImporter) -> (artifact id: '47c31b4f66cdd9feda8064351133d12e') in 0.0290054 seconds
Number of updated asset objects reloaded before import = 0Number of asset objects unloaded after import = 152

========================================================================
Received Import Request.
  Time since last request: 0.000042 seconds.
  path: Assets/Studio33 Interactive_[BasketBall] v1.1/Scenes
  artifactKey: Guid(4f8a7a65c7dacfa4983443934fb7219d) Importer(2089858483,b0f066a214c2f5e87bad3c948f4d605d)
Start importing Assets/Studio33 Interactive_[BasketBall] v1.1/Scenes using Guid(4f8a7a65c7dacfa4983443934fb7219d) Importer(2089858483,b0f066a214c2f5e87bad3c948f4d605d) (ScriptedImporter) -> (artifact id: '2c11e431227f59b183bd8a71ae41d3c1') in 0.0115785 seconds
Number of updated asset objects reloaded before import = 0Number of asset objects unloaded after import = 1

========================================================================
Received Import Request.
  Time since last request: 0.000032 seconds.
  path: Assets/Studio33 Interactive_[BasketBall] v1.1/Animations/Basketball Motions_Generic/936_RstacrossFakePostLA.fbx
  artifactKey: Guid(7a1450d1743651b4bb4463ae0c49fd4d) Importer(2089858483,b0f066a214c2f5e87bad3c948f4d605d)
Start importing Assets/Studio33 Interactive_[BasketBall] v1.1/Animations/Basketball Motions_Generic/936_RstacrossFakePostLA.fbx using Guid(7a1450d1743651b4bb4463ae0c49fd4d) Importer(2089858483,b0f066a214c2f5e87bad3c948f4d605d) (ScriptedImporter) -> (artifact id: '4960e497d3ed7e2d13b1424f861506e2') in 0.0262928 seconds
Number of updated asset objects reloaded before import = 0Number of asset objects unloaded after import = 152

========================================================================
Received Import Request.
  Time since last request: 0.000043 seconds.
  path: Assets/Studio33 Interactive_[BasketBall] v1.1/Animations/Basketball Motions Humanoid/1365_JumpshotMFakeA.fbx
  artifactKey: Guid(a191464db1798dd44821abd89c87cc1c) Importer(2089858483,b0f066a214c2f5e87bad3c948f4d605d)
Start importing Assets/Studio33 Interactive_[BasketBall] v1.1/Animations/Basketball Motions Humanoid/1365_JumpshotMFakeA.fbx using Guid(a191464db1798dd44821abd89c87cc1c) Importer(2089858483,b0f066a214c2f5e87bad3c948f4d605d) (ScriptedImporter) -> (artifact id: '9308bc6af518e8b7d40e5431f8a897c0') in 0.0297644 seconds
Number of updated asset objects reloaded before import = 0Number of asset objects unloaded after import = 154

========================================================================
Received Import Request.
  Time since last request: 0.000051 seconds.
  path: Assets/Studio33 Interactive_[BasketBall] v1.1/Animations/Basketball Motions Humanoid/1515_AlleyoopDclutchRevRightA.fbx
  artifactKey: Guid(e95ddd52fb72cfb49bcf2109b3a73f95) Importer(2089858483,b0f066a214c2f5e87bad3c948f4d605d)
Start importing Assets/Studio33 Interactive_[BasketBall] v1.1/Animations/Basketball Motions Humanoid/1515_AlleyoopDclutchRevRightA.fbx using Guid(e95ddd52fb72cfb49bcf2109b3a73f95) Importer(2089858483,b0f066a214c2f5e87bad3c948f4d605d) (ScriptedImporter) -> (artifact id: '4a49515513cc3a55aac52d01c3e9d023') in 0.0346524 seconds
Number of updated asset objects reloaded before import = 0Number of asset objects unloaded after import = 154

========================================================================
Received Import Request.
  Time since last request: 0.000037 seconds.
  path: Assets/Studio33 Interactive_[BasketBall] v1.1/Animations/Basketball Motions Humanoid/1644_TurfrontShootA.fbx
  artifactKey: Guid(2fdec255bf3a54145bd5568f1a225ce3) Importer(2089858483,b0f066a214c2f5e87bad3c948f4d605d)
Start importing Assets/Studio33 Interactive_[BasketBall] v1.1/Animations/Basketball Motions Humanoid/1644_TurfrontShootA.fbx using Guid(2fdec255bf3a54145bd5568f1a225ce3) Importer(2089858483,b0f066a214c2f5e87bad3c948f4d605d) (ScriptedImporter) -> (artifact id: '4909b0a9b4193dd254ee3dc22acd4f48') in 0.0339473 seconds
Number of updated asset objects reloaded before import = 0Number of asset objects unloaded after import = 154

========================================================================
Received Import Request.
  Time since last request: 0.000045 seconds.
  path: Assets/Studio33 Interactive_[BasketBall] v1.1/Animations/Basketball Motions_Generic/1782_DunkCA.fbx
  artifactKey: Guid(65d279c1d726fc44f83cbaa98e0c7dd1) Importer(2089858483,b0f066a214c2f5e87bad3c948f4d605d)
Start importing Assets/Studio33 Interactive_[BasketBall] v1.1/Animations/Basketball Motions_Generic/1782_DunkCA.fbx using Guid(65d279c1d726fc44f83cbaa98e0c7dd1) Importer(2089858483,b0f066a214c2f5e87bad3c948f4d605d) (ScriptedImporter) -> (artifact id: '68b2051240020fb1a18ddc4102d9b24d') in 0.0284538 seconds
Number of updated asset objects reloaded before import = 0Number of asset objects unloaded after import = 152

========================================================================
Received Import Request.
  Time since last request: 0.000048 seconds.
  path: Assets/Studio33 Interactive_[BasketBall] v1.1/Animations/Basketball Motions Humanoid/1803_DunkClutchFLeftA.fbx
  artifactKey: Guid(d7844408e71f16c48b87068405f3d9f2) Importer(2089858483,b0f066a214c2f5e87bad3c948f4d605d)
Start importing Assets/Studio33 Interactive_[BasketBall] v1.1/Animations/Basketball Motions Humanoid/1803_DunkClutchFLeftA.fbx using Guid(d7844408e71f16c48b87068405f3d9f2) Importer(2089858483,b0f066a214c2f5e87bad3c948f4d605d) (ScriptedImporter) -> (artifact id: 'b326073def21f5cdf5c48415004d16c0') in 0.0323096 seconds
Number of updated asset objects reloaded before import = 0Number of asset objects unloaded after import = 154

========================================================================
Received Import Request.
  Time since last request: 0.000036 seconds.
  path: Assets/Studio33 Interactive_[BasketBall] v1.1/Animations/Basketball Motions Humanoid/295_JabstepReadyA.fbx
  artifactKey: Guid(ff5e15bad5af6f646846922c0f4a5e20) Importer(2089858483,b0f066a214c2f5e87bad3c948f4d605d)
Start importing Assets/Studio33 Interactive_[BasketBall] v1.1/Animations/Basketball Motions Humanoid/295_JabstepReadyA.fbx using Guid(ff5e15bad5af6f646846922c0f4a5e20) Importer(2089858483,b0f066a214c2f5e87bad3c948f4d605d) (ScriptedImporter) -> (artifact id: 'f93b6413d6d0e4f4a1d3da09a529e331') in 0.0297369 seconds
Number of updated asset objects reloaded before import = 0Number of asset objects unloaded after import = 154

========================================================================
Received Import Request.
  Time since last request: 0.000030 seconds.
  path: Assets/Studio33 Interactive_[BasketBall] v1.1/Animations/Basketball Motions Humanoid/181_BlockingckedFrontA.fbx
  artifactKey: Guid(0f9096e2898908c40a389c6444c61903) Importer(2089858483,b0f066a214c2f5e87bad3c948f4d605d)
Start importing Assets/Studio33 Interactive_[BasketBall] v1.1/Animations/Basketball Motions Humanoid/181_BlockingckedFrontA.fbx using Guid(0f9096e2898908c40a389c6444c61903) Importer(2089858483,b0f066a214c2f5e87bad3c948f4d605d) (ScriptedImporter) -> (artifact id: 'd541aa0c563dce0d09195311cbc4968f') in 0.0320505 seconds
Number of updated asset objects reloaded before import = 0Number of asset objects unloaded after import = 154

========================================================================
Received Import Request.
  Time since last request: 0.000051 seconds.
  path: Assets/Studio33 Interactive_[BasketBall] v1.1/Animations/Basketball Motions Humanoid/1820_DunkRA.fbx
  artifactKey: Guid(a7764a61c9aa4aa479e17d3d22928323) Importer(2089858483,b0f066a214c2f5e87bad3c948f4d605d)
Start importing Assets/Studio33 Interactive_[BasketBall] v1.1/Animations/Basketball Motions Humanoid/1820_DunkRA.fbx using Guid(a7764a61c9aa4aa479e17d3d22928323) Importer(2089858483,b0f066a214c2f5e87bad3c948f4d605d) (ScriptedImporter) -> (artifact id: 'ad501cd9ae61fd7f55e97f8511b49853') in 0.0319861 seconds
Number of updated asset objects reloaded before import = 0Number of asset objects unloaded after import = 154

========================================================================
Received Import Request.
  Time since last request: 0.000033 seconds.
  path: Assets/Studio33 Interactive_[BasketBall] v1.1/Animations/Basketball Motions_Generic/1995_DunkRA.fbx
  artifactKey: Guid(4e42dce4a31b4524a8036fd24659b73f) Importer(2089858483,b0f066a214c2f5e87bad3c948f4d605d)
Start importing Assets/Studio33 Interactive_[BasketBall] v1.1/Animations/Basketball Motions_Generic/1995_DunkRA.fbx using Guid(4e42dce4a31b4524a8036fd24659b73f) Importer(2089858483,b0f066a214c2f5e87bad3c948f4d605d) (ScriptedImporter) -> (artifact id: 'eedf5b94ff3d5c6e41d8ce87e1914724') in 0.0282012 seconds
Number of updated asset objects reloaded before import = 0Number of asset objects unloaded after import = 152

========================================================================
Received Import Request.
  Time since last request: 0.000044 seconds.
  path: Assets/Studio33 Interactive_[BasketBall] v1.1/Animations/Basketball Motions Humanoid/853_PostBackingpassKifA.fbx
  artifactKey: Guid(529ae6ce452c70647be89166f2d9b9d2) Importer(2089858483,b0f066a214c2f5e87bad3c948f4d605d)
Start importing Assets/Studio33 Interactive_[BasketBall] v1.1/Animations/Basketball Motions Humanoid/853_PostBackingpassKifA.fbx using Guid(529ae6ce452c70647be89166f2d9b9d2) Importer(2089858483,b0f066a214c2f5e87bad3c948f4d605d) (ScriptedImporter) -> (artifact id: '52992449d037bf66c1d8ad4d6ce1b8ea') in 0.0310849 seconds
Number of updated asset objects reloaded before import = 0Number of asset objects unloaded after import = 154

========================================================================
Received Import Request.
  Time since last request: 0.000056 seconds.
  path: Assets/Studio33 Interactive_[BasketBall] v1.1/Animations/Basketball Motions Humanoid/1227_LayupRA.fbx
  artifactKey: Guid(0bbe513d4bbe7c24baff513fbb11f7eb) Importer(2089858483,b0f066a214c2f5e87bad3c948f4d605d)
Start importing Assets/Studio33 Interactive_[BasketBall] v1.1/Animations/Basketball Motions Humanoid/1227_LayupRA.fbx using Guid(0bbe513d4bbe7c24baff513fbb11f7eb) Importer(2089858483,b0f066a214c2f5e87bad3c948f4d605d) (ScriptedImporter) -> (artifact id: 'c5095605190972e259e85d9432a86583') in 0.0321772 seconds
Number of updated asset objects reloaded before import = 0Number of asset objects unloaded after import = 154

========================================================================
Received Import Request.
  Time since last request: 0.000032 seconds.
  path: Assets/Studio33 Interactive_[BasketBall] v1.1/Animations/Basketball Motions Humanoid/1232_LayupRevRA.fbx
  artifactKey: Guid(ad0e8ae3f51063947953e3417309baed) Importer(2089858483,b0f066a214c2f5e87bad3c948f4d605d)
Start importing Assets/Studio33 Interactive_[BasketBall] v1.1/Animations/Basketball Motions Humanoid/1232_LayupRevRA.fbx using Guid(ad0e8ae3f51063947953e3417309baed) Importer(2089858483,b0f066a214c2f5e87bad3c948f4d605d) (ScriptedImporter) -> (artifact id: 'ddc0c14afca0370bf2781ad29db3ce7d') in 0.0352305 seconds
Number of updated asset objects reloaded before import = 0Number of asset objects unloaded after import = 154

========================================================================
Received Import Request.
  Time since last request: 0.000053 seconds.
  path: Assets/Studio33 Interactive_[BasketBall] v1.1/Animations/Basketball Motions Humanoid/1279_DclutchRLeftA.fbx
  artifactKey: Guid(0d469f0fd36aa5e47a8969910d023d05) Importer(2089858483,b0f066a214c2f5e87bad3c948f4d605d)
Start importing Assets/Studio33 Interactive_[BasketBall] v1.1/Animations/Basketball Motions Humanoid/1279_DclutchRLeftA.fbx using Guid(0d469f0fd36aa5e47a8969910d023d05) Importer(2089858483,b0f066a214c2f5e87bad3c948f4d605d) (ScriptedImporter) -> (artifact id: '2b99c1030c031bda62fb6d633069a36e') in 0.0341702 seconds
Number of updated asset objects reloaded before import = 0Number of asset objects unloaded after import = 154

========================================================================
Received Import Request.
  Time since last request: 0.000034 seconds.
  path: Assets/Studio33 Interactive_[BasketBall] v1.1/Animations/Basketball Motions Humanoid/1084_ScreeleftMoveA.fbx
  artifactKey: Guid(5f5237b2357186d469fd3d95903c31e3) Importer(2089858483,b0f066a214c2f5e87bad3c948f4d605d)
Start importing Assets/Studio33 Interactive_[BasketBall] v1.1/Animations/Basketball Motions Humanoid/1084_ScreeleftMoveA.fbx using Guid(5f5237b2357186d469fd3d95903c31e3) Importer(2089858483,b0f066a214c2f5e87bad3c948f4d605d) (ScriptedImporter) -> (artifact id: '9d05074b93f319f0a4213336be3ce52f') in 0.0296581 seconds
Number of updated asset objects reloaded before import = 0Number of asset objects unloaded after import = 154

========================================================================
Received Import Request.
  Time since last request: 0.000035 seconds.
  path: Assets/Studio33 Interactive_[BasketBall] v1.1/Animations/Basketball Motions_Generic/1273_AlleyoopRevSB.fbx
  artifactKey: Guid(e5059ed40795bc34abde3333c8755a68) Importer(2089858483,b0f066a214c2f5e87bad3c948f4d605d)
Start importing Assets/Studio33 Interactive_[BasketBall] v1.1/Animations/Basketball Motions_Generic/1273_AlleyoopRevSB.fbx using Guid(e5059ed40795bc34abde3333c8755a68) Importer(2089858483,b0f066a214c2f5e87bad3c948f4d605d) (ScriptedImporter) -> (artifact id: '9d143074de037e0680eb6f36dc24136a') in 0.0290544 seconds
Number of updated asset objects reloaded before import = 0Number of asset objects unloaded after import = 152

========================================================================
Received Import Request.
  Time since last request: 0.000047 seconds.
  path: Assets/Studio33 Interactive_[BasketBall] v1.1/Animations/Basketball Motions_Generic/746_PassBasebaA.fbx
  artifactKey: Guid(3384a1419f0bca24cb6e231c5640f73a) Importer(2089858483,b0f066a214c2f5e87bad3c948f4d605d)
Start importing Assets/Studio33 Interactive_[BasketBall] v1.1/Animations/Basketball Motions_Generic/746_PassBasebaA.fbx using Guid(3384a1419f0bca24cb6e231c5640f73a) Importer(2089858483,b0f066a214c2f5e87bad3c948f4d605d) (ScriptedImporter) -> (artifact id: '891e07e46df013e4da21a872c4cc2150') in 0.026577 seconds
Number of updated asset objects reloaded before import = 0Number of asset objects unloaded after import = 152

========================================================================
Received Import Request.
  Time since last request: 0.000056 seconds.
  path: Assets/Studio33 Interactive_[BasketBall] v1.1/Animations/Basketball Motions_Generic/1575_DunkCA.fbx
  artifactKey: Guid(e795661ab17b09b4f93ec2e08c1768d6) Importer(2089858483,b0f066a214c2f5e87bad3c948f4d605d)
Start importing Assets/Studio33 Interactive_[BasketBall] v1.1/Animations/Basketball Motions_Generic/1575_DunkCA.fbx using Guid(e795661ab17b09b4f93ec2e08c1768d6) Importer(2089858483,b0f066a214c2f5e87bad3c948f4d605d) (ScriptedImporter) -> (artifact id: 'b08c98a78ee58508e7be81a1eaae83f9') in 0.0300527 seconds
Number of updated asset objects reloaded before import = 0Number of asset objects unloaded after import = 152

========================================================================
Received Import Request.
  Time since last request: 0.000044 seconds.
  path: Assets/Studio33 Interactive_[BasketBall] v1.1/Animations/Basketball Motions_Generic/1977_JumpshotMFakeA.fbx
  artifactKey: Guid(5943c5c6a774a3e4f81b41709a8f9030) Importer(2089858483,b0f066a214c2f5e87bad3c948f4d605d)
Start importing Assets/Studio33 Interactive_[BasketBall] v1.1/Animations/Basketball Motions_Generic/1977_JumpshotMFakeA.fbx using Guid(5943c5c6a774a3e4f81b41709a8f9030) Importer(2089858483,b0f066a214c2f5e87bad3c948f4d605d) (ScriptedImporter) -> (artifact id: 'fa34968b6ebdff306a07ae797619b728') in 0.0340172 seconds
Number of updated asset objects reloaded before import = 0Number of asset objects unloaded after import = 152

========================================================================
Received Import Request.
  Time since last request: 0.000041 seconds.
  path: Assets/Studio33 Interactive_[BasketBall] v1.1/Animations/Basketball Motions Humanoid/935_CrossFakePostA.fbx
  artifactKey: Guid(c32e226912772ad46990aed900e34fc7) Importer(2089858483,b0f066a214c2f5e87bad3c948f4d605d)
Start importing Assets/Studio33 Interactive_[BasketBall] v1.1/Animations/Basketball Motions Humanoid/935_CrossFakePostA.fbx using Guid(c32e226912772ad46990aed900e34fc7) Importer(2089858483,b0f066a214c2f5e87bad3c948f4d605d) (ScriptedImporter) -> (artifact id: '6bbd95884cc3f9521bd1b2f23d4c9c85') in 0.0306689 seconds
Number of updated asset objects reloaded before import = 0Number of asset objects unloaded after import = 154

========================================================================
Received Import Request.
  Time since last request: 0.000052 seconds.
  path: Assets/Studio33 Interactive_[BasketBall] v1.1/Animations/Basketball Motions Humanoid/2017_DunkRA.fbx
  artifactKey: Guid(51878a4d4f2e3e944b198eeb7e4cd082) Importer(2089858483,b0f066a214c2f5e87bad3c948f4d605d)
Start importing Assets/Studio33 Interactive_[BasketBall] v1.1/Animations/Basketball Motions Humanoid/2017_DunkRA.fbx using Guid(51878a4d4f2e3e944b198eeb7e4cd082) Importer(2089858483,b0f066a214c2f5e87bad3c948f4d605d) (ScriptedImporter) -> (artifact id: '4c17ee37d379e6f46c44904f9320c320') in 0.0299902 seconds
Number of updated asset objects reloaded before import = 0Number of asset objects unloaded after import = 154

========================================================================
Received Import Request.
  Time since last request: 0.000047 seconds.
  path: Assets/Studio33 Interactive_[BasketBall] v1.1/Animations/Basketball Motions Humanoid/1494_DunkRRevA.fbx
  artifactKey: Guid(864d44d6a56b30b4c929ce9986f60d18) Importer(2089858483,b0f066a214c2f5e87bad3c948f4d605d)
Start importing Assets/Studio33 Interactive_[BasketBall] v1.1/Animations/Basketball Motions Humanoid/1494_DunkRRevA.fbx using Guid(864d44d6a56b30b4c929ce9986f60d18) Importer(2089858483,b0f066a214c2f5e87bad3c948f4d605d) (ScriptedImporter) -> (artifact id: 'ac30fbbe8783dd4858d38a2843c2e51c') in 0.032697 seconds
Number of updated asset objects reloaded before import = 0Number of asset objects unloaded after import = 154

========================================================================
Received Import Request.
  Time since last request: 0.000050 seconds.
  path: Assets/Studio33 Interactive_[BasketBall] v1.1/Animations/Basketball Motions_Generic/14_PostBackingpushA.fbx
  artifactKey: Guid(975f577dad9698546ad1272e85187aa3) Importer(2089858483,b0f066a214c2f5e87bad3c948f4d605d)
Start importing Assets/Studio33 Interactive_[BasketBall] v1.1/Animations/Basketball Motions_Generic/14_PostBackingpushA.fbx using Guid(975f577dad9698546ad1272e85187aa3) Importer(2089858483,b0f066a214c2f5e87bad3c948f4d605d) (ScriptedImporter) -> (artifact id: '0fce936bdda0babf469cda7cd8df3b12') in 0.0296199 seconds
Number of updated asset objects reloaded before import = 0Number of asset objects unloaded after import = 152

========================================================================
Received Import Request.
  Time since last request: 0.000053 seconds.
  path: Assets/Studio33 Interactive_[BasketBall] v1.1/Animations/Basketball Motions_Generic/680_Rru.fbx
  artifactKey: Guid(41d6e2c3aefb6eb4292a7c65a88a4c8a) Importer(2089858483,b0f066a214c2f5e87bad3c948f4d605d)
Start importing Assets/Studio33 Interactive_[BasketBall] v1.1/Animations/Basketball Motions_Generic/680_Rru.fbx using Guid(41d6e2c3aefb6eb4292a7c65a88a4c8a) Importer(2089858483,b0f066a214c2f5e87bad3c948f4d605d) (ScriptedImporter) -> (artifact id: '8ef6717b215ae5ea5787655532d0e661') in 0.0326687 seconds
Number of updated asset objects reloaded before import = 0Number of asset objects unloaded after import = 152

========================================================================
Received Import Request.
  Time since last request: 0.000037 seconds.
  path: Assets/Studio33 Interactive_[BasketBall] v1.1/Animations/Basketball Motions Humanoid/108_BlockingckpassLongFarLayupFFA.fbx
  artifactKey: Guid(1366e96054a2b4a47b934f52f42e297e) Importer(2089858483,b0f066a214c2f5e87bad3c948f4d605d)
Start importing Assets/Studio33 Interactive_[BasketBall] v1.1/Animations/Basketball Motions Humanoid/108_BlockingckpassLongFarLayupFFA.fbx using Guid(1366e96054a2b4a47b934f52f42e297e) Importer(2089858483,b0f066a214c2f5e87bad3c948f4d605d) (ScriptedImporter) -> (artifact id: '323252b9a1d489a6ebb6840d81e18624') in 0.0358801 seconds
Number of updated asset objects reloaded before import = 0Number of asset objects unloaded after import = 154

========================================================================
Received Import Request.
  Time since last request: 0.000042 seconds.
  path: Assets/Studio33 Interactive_[BasketBall] v1.1/Animations/Basketball Motions Humanoid/2179_MDribbleright.fbx
  artifactKey: Guid(689a9194efc380d4483c26a76387c9a9) Importer(2089858483,b0f066a214c2f5e87bad3c948f4d605d)
Start importing Assets/Studio33 Interactive_[BasketBall] v1.1/Animations/Basketball Motions Humanoid/2179_MDribbleright.fbx using Guid(689a9194efc380d4483c26a76387c9a9) Importer(2089858483,b0f066a214c2f5e87bad3c948f4d605d) (ScriptedImporter) -> (artifact id: '18268b033fa23086864c161f7e6a3ef1') in 0.0322269 seconds
Number of updated asset objects reloaded before import = 0Number of asset objects unloaded after import = 154

========================================================================
Received Import Request.
  Time since last request: 0.000053 seconds.
  path: Assets/Studio33 Interactive_[BasketBall] v1.1/Animations/Basketball Motions Humanoid/1844_DunkCAC.fbx
  artifactKey: Guid(27023ff1aae66b041bee0ce043226936) Importer(2089858483,b0f066a214c2f5e87bad3c948f4d605d)
Start importing Assets/Studio33 Interactive_[BasketBall] v1.1/Animations/Basketball Motions Humanoid/1844_DunkCAC.fbx using Guid(27023ff1aae66b041bee0ce043226936) Importer(2089858483,b0f066a214c2f5e87bad3c948f4d605d) (ScriptedImporter) -> (artifact id: 'fb9912bb7eed18c53fec3478317f381c') in 0.0302854 seconds
Number of updated asset objects reloaded before import = 0Number of asset objects unloaded after import = 154

========================================================================
Received Import Request.
  Time since last request: 0.000038 seconds.
  path: Assets/Studio33 Interactive_[BasketBall] v1.1/Animations/Basketball Motions_Generic/1122_DunkRA.fbx
  artifactKey: Guid(c9d1a53cabf8229418c3b886d3e20adb) Importer(2089858483,b0f066a214c2f5e87bad3c948f4d605d)
Start importing Assets/Studio33 Interactive_[BasketBall] v1.1/Animations/Basketball Motions_Generic/1122_DunkRA.fbx using Guid(c9d1a53cabf8229418c3b886d3e20adb) Importer(2089858483,b0f066a214c2f5e87bad3c948f4d605d) (ScriptedImporter) -> (artifact id: '648e88b05bd982e422800c1d1b21ac5e') in 0.0282118 seconds
Number of updated asset objects reloaded before import = 0Number of asset objects unloaded after import = 152

========================================================================
Received Import Request.
  Time since last request: 0.000033 seconds.
  path: Assets/Studio33 Interactive_[BasketBall] v1.1/Animations/Basketball Motions Humanoid/1982_DunkRA.fbx
  artifactKey: Guid(73df1db3260fe6948b0195683c769f4c) Importer(2089858483,b0f066a214c2f5e87bad3c948f4d605d)
Start importing Assets/Studio33 Interactive_[BasketBall] v1.1/Animations/Basketball Motions Humanoid/1982_DunkRA.fbx using Guid(73df1db3260fe6948b0195683c769f4c) Importer(2089858483,b0f066a214c2f5e87bad3c948f4d605d) (ScriptedImporter) -> (artifact id: '14b53268f9999c2ee28cf49e861784a7') in 0.0322039 seconds
Number of updated asset objects reloaded before import = 0Number of asset objects unloaded after import = 154

========================================================================
Received Import Request.
  Time since last request: 0.000046 seconds.
  path: Assets/Studio33 Interactive_[BasketBall] v1.1/Animations/Basketball Motions_Generic/1865_DunkRAG.fbx
  artifactKey: Guid(e5c1c340058271f48a17cfa6d949f510) Importer(2089858483,b0f066a214c2f5e87bad3c948f4d605d)
Start importing Assets/Studio33 Interactive_[BasketBall] v1.1/Animations/Basketball Motions_Generic/1865_DunkRAG.fbx using Guid(e5c1c340058271f48a17cfa6d949f510) Importer(2089858483,b0f066a214c2f5e87bad3c948f4d605d) (ScriptedImporter) -> (artifact id: 'c17334d6726036b11e35dea9a7af1e75') in 0.031831 seconds
Number of updated asset objects reloaded before import = 0Number of asset objects unloaded after import = 152

========================================================================
Received Import Request.
  Time since last request: 0.000061 seconds.
  path: Assets/Studio33 Interactive_[BasketBall] v1.1/Animations/Basketball Motions_Generic/43_BlockingckncatchLongNearFA.fbx
  artifactKey: Guid(7fd48d02a9e882f4c8b84a9539442a30) Importer(2089858483,b0f066a214c2f5e87bad3c948f4d605d)
Start importing Assets/Studio33 Interactive_[BasketBall] v1.1/Animations/Basketball Motions_Generic/43_BlockingckncatchLongNearFA.fbx using Guid(7fd48d02a9e882f4c8b84a9539442a30) Importer(2089858483,b0f066a214c2f5e87bad3c948f4d605d) (ScriptedImporter) -> (artifact id: 'f7882e3b1a92f683aadae5d7e579b624') in 0.027256 seconds
Number of updated asset objects reloaded before import = 0Number of asset objects unloaded after import = 152

========================================================================
Received Import Request.
  Time since last request: 0.000033 seconds.
  path: Assets/Studio33 Interactive_[BasketBall] v1.1/Animations/Basketball Motions Humanoid/1763_DunkRA.fbx
  artifactKey: Guid(84d6d0122c0deb54c9450fdb5402e7d1) Importer(2089858483,b0f066a214c2f5e87bad3c948f4d605d)
Start importing Assets/Studio33 Interactive_[BasketBall] v1.1/Animations/Basketball Motions Humanoid/1763_DunkRA.fbx using Guid(84d6d0122c0deb54c9450fdb5402e7d1) Importer(2089858483,b0f066a214c2f5e87bad3c948f4d605d) (ScriptedImporter) -> (artifact id: '36c5c009db2ba23d5677bb7b62b1c2c4') in 0.028707 seconds
Number of updated asset objects reloaded before import = 0Number of asset objects unloaded after import = 154

========================================================================
Received Import Request.
  Time since last request: 0.000040 seconds.
  path: Assets/Studio33 Interactive_[BasketBall] v1.1/Animations/Basketball Motions Humanoid/1976_JumpshotMA.fbx
  artifactKey: Guid(11a42cacaa4d5ab4fad132144081ea07) Importer(2089858483,b0f066a214c2f5e87bad3c948f4d605d)
Start importing Assets/Studio33 Interactive_[BasketBall] v1.1/Animations/Basketball Motions Humanoid/1976_JumpshotMA.fbx using Guid(11a42cacaa4d5ab4fad132144081ea07) Importer(2089858483,b0f066a214c2f5e87bad3c948f4d605d) (ScriptedImporter) -> (artifact id: '8560eadea5ab95289b242effe5b59eb1') in 0.030081 seconds
Number of updated asset objects reloaded before import = 0Number of asset objects unloaded after import = 154

========================================================================
Received Import Request.
  Time since last request: 0.000040 seconds.
  path: Assets/Studio33 Interactive_[BasketBall] v1.1/Animations/Basketball Motions Humanoid/601_LoosebahighA.fbx
  artifactKey: Guid(47a15630b4bb8334e986e941b8ea8179) Importer(2089858483,b0f066a214c2f5e87bad3c948f4d605d)
Start importing Assets/Studio33 Interactive_[BasketBall] v1.1/Animations/Basketball Motions Humanoid/601_LoosebahighA.fbx using Guid(47a15630b4bb8334e986e941b8ea8179) Importer(2089858483,b0f066a214c2f5e87bad3c948f4d605d) (ScriptedImporter) -> (artifact id: 'e835d5d237e45880e0022bdcb01bb727') in 0.0287017 seconds
Number of updated asset objects reloaded before import = 0Number of asset objects unloaded after import = 154

========================================================================
Received Import Request.
  Time since last request: 0.000054 seconds.
  path: Assets/Studio33 Interactive_[BasketBall] v1.1/Animations/Basketball Motions_Generic/1200_DunkRA.fbx
  artifactKey: Guid(88bbbb58498d3e7419cade402789a99f) Importer(2089858483,b0f066a214c2f5e87bad3c948f4d605d)
Start importing Assets/Studio33 Interactive_[BasketBall] v1.1/Animations/Basketball Motions_Generic/1200_DunkRA.fbx using Guid(88bbbb58498d3e7419cade402789a99f) Importer(2089858483,b0f066a214c2f5e87bad3c948f4d605d) (ScriptedImporter) -> (artifact id: 'f765d21237cc7b865885e4757f0d7b1f') in 0.0346963 seconds
Number of updated asset objects reloaded before import = 0Number of asset objects unloaded after import = 152

========================================================================
Received Import Request.
  Time since last request: 0.000038 seconds.
  path: Assets/Studio33 Interactive_[BasketBall] v1.1/Animations/Basketball Motions_Generic/399_CutoutRRA.fbx
  artifactKey: Guid(9f59a139c1e2d9942860fc6ae5fb829a) Importer(2089858483,b0f066a214c2f5e87bad3c948f4d605d)
Start importing Assets/Studio33 Interactive_[BasketBall] v1.1/Animations/Basketball Motions_Generic/399_CutoutRRA.fbx using Guid(9f59a139c1e2d9942860fc6ae5fb829a) Importer(2089858483,b0f066a214c2f5e87bad3c948f4d605d) (ScriptedImporter) -> (artifact id: '77795f0944163a0e715eab19748d6b07') in 0.031693 seconds
Number of updated asset objects reloaded before import = 0Number of asset objects unloaded after import = 152

========================================================================
Received Import Request.
  Time since last request: 0.000039 seconds.
  path: Assets/Studio33 Interactive_[BasketBall] v1.1/Animations/Basketball Motions_Generic/1922_DunkCA.fbx
  artifactKey: Guid(d9c91d4af32e3574280c9e9ff76a6af7) Importer(2089858483,b0f066a214c2f5e87bad3c948f4d605d)
Start importing Assets/Studio33 Interactive_[BasketBall] v1.1/Animations/Basketball Motions_Generic/1922_DunkCA.fbx using Guid(d9c91d4af32e3574280c9e9ff76a6af7) Importer(2089858483,b0f066a214c2f5e87bad3c948f4d605d) (ScriptedImporter) -> (artifact id: 'ee70229b1a755258683734950ea6dbec') in 0.0272433 seconds
Number of updated asset objects reloaded before import = 0Number of asset objects unloaded after import = 152

========================================================================
Received Import Request.
  Time since last request: 0.000048 seconds.
  path: Assets/Studio33 Interactive_[BasketBall] v1.1/Animations/Basketball Motions Humanoid/1833_DunkRA.fbx
  artifactKey: Guid(2760b6d17f93c0b4c9bccacf71ba90c0) Importer(2089858483,b0f066a214c2f5e87bad3c948f4d605d)
Start importing Assets/Studio33 Interactive_[BasketBall] v1.1/Animations/Basketball Motions Humanoid/1833_DunkRA.fbx using Guid(2760b6d17f93c0b4c9bccacf71ba90c0) Importer(2089858483,b0f066a214c2f5e87bad3c948f4d605d) (ScriptedImporter) -> (artifact id: 'e791521a91af3d0113fd4572cdc46a02') in 0.0277694 seconds
Number of updated asset objects reloaded before import = 0Number of asset objects unloaded after import = 154

========================================================================
Received Import Request.
  Time since last request: 0.000036 seconds.
  path: Assets/Studio33 Interactive_[BasketBall] v1.1/Animations/Basketball Motions_Generic/546_SpikeshootReadyFake.fbx
  artifactKey: Guid(9861667f32d614f4a8afd58596bd0f24) Importer(2089858483,b0f066a214c2f5e87bad3c948f4d605d)
Start importing Assets/Studio33 Interactive_[BasketBall] v1.1/Animations/Basketball Motions_Generic/546_SpikeshootReadyFake.fbx using Guid(9861667f32d614f4a8afd58596bd0f24) Importer(2089858483,b0f066a214c2f5e87bad3c948f4d605d) (ScriptedImporter) -> (artifact id: 'f057cf9555c239c7c895bc270fb58d1a') in 0.0269386 seconds
Number of updated asset objects reloaded before import = 0Number of asset objects unloaded after import = 152

========================================================================
Received Import Request.
  Time since last request: 0.000046 seconds.
  path: Assets/Studio33 Interactive_[BasketBall] v1.1/Animations/Basketball Motions Humanoid/872_AlleyooppassreqRightA.fbx
  artifactKey: Guid(6ddeffbd4538c8b499d8d418e08a5a8b) Importer(2089858483,b0f066a214c2f5e87bad3c948f4d605d)
Start importing Assets/Studio33 Interactive_[BasketBall] v1.1/Animations/Basketball Motions Humanoid/872_AlleyooppassreqRightA.fbx using Guid(6ddeffbd4538c8b499d8d418e08a5a8b) Importer(2089858483,b0f066a214c2f5e87bad3c948f4d605d) (ScriptedImporter) -> (artifact id: 'f84684ac12f77b2e1430303cf9e43807') in 0.0314617 seconds
Number of updated asset objects reloaded before import = 0Number of asset objects unloaded after import = 154

========================================================================
Received Import Request.
  Time since last request: 0.000036 seconds.
  path: Assets/Studio33 Interactive_[BasketBall] v1.1/Animations/Basketball Motions_Generic/1812_DunkRA.fbx
  artifactKey: Guid(d804b3545490a7447b3529e9df900707) Importer(2089858483,b0f066a214c2f5e87bad3c948f4d605d)
Start importing Assets/Studio33 Interactive_[BasketBall] v1.1/Animations/Basketball Motions_Generic/1812_DunkRA.fbx using Guid(d804b3545490a7447b3529e9df900707) Importer(2089858483,b0f066a214c2f5e87bad3c948f4d605d) (ScriptedImporter) -> (artifact id: '5a9d76a333050ae2dd0ff39e86ffa11b') in 0.0373206 seconds
Number of updated asset objects reloaded before import = 0Number of asset objects unloaded after import = 152

========================================================================
Received Import Request.
  Time since last request: 0.000062 seconds.
  path: Assets/Studio33 Interactive_[BasketBall] v1.1/Animations/Basketball Motions Humanoid/2133_JumpshotMFakeA.fbx
  artifactKey: Guid(07597188adb7ad84ea260b483e77ad53) Importer(2089858483,b0f066a214c2f5e87bad3c948f4d605d)
Start importing Assets/Studio33 Interactive_[BasketBall] v1.1/Animations/Basketball Motions Humanoid/2133_JumpshotMFakeA.fbx using Guid(07597188adb7ad84ea260b483e77ad53) Importer(2089858483,b0f066a214c2f5e87bad3c948f4d605d) (ScriptedImporter) -> (artifact id: 'c9f0df73b96614324345195d53b82e18') in 0.0330569 seconds
Number of updated asset objects reloaded before import = 0Number of asset objects unloaded after import = 154

========================================================================
Received Import Request.
  Time since last request: 0.000042 seconds.
  path: Assets/Studio33 Interactive_[BasketBall] v1.1/Animations/Basketball Motions_Generic/1983_JumpshotMA.fbx
  artifactKey: Guid(833046ae28664784db698c889fb83e7e) Importer(2089858483,b0f066a214c2f5e87bad3c948f4d605d)
Start importing Assets/Studio33 Interactive_[BasketBall] v1.1/Animations/Basketball Motions_Generic/1983_JumpshotMA.fbx using Guid(833046ae28664784db698c889fb83e7e) Importer(2089858483,b0f066a214c2f5e87bad3c948f4d605d) (ScriptedImporter) -> (artifact id: 'a57f4a35b8206786c7d85e0d56700811') in 0.0263223 seconds
Number of updated asset objects reloaded before import = 0Number of asset objects unloaded after import = 152

========================================================================
Received Import Request.
  Time since last request: 0.000035 seconds.
  path: Assets/Studio33 Interactive_[BasketBall] v1.1/Animations/Basketball Motions_Generic/186_AirBigRightA.fbx
  artifactKey: Guid(f422dbad9bca7634e9749a7217a116bd) Importer(2089858483,b0f066a214c2f5e87bad3c948f4d605d)
Start importing Assets/Studio33 Interactive_[BasketBall] v1.1/Animations/Basketball Motions_Generic/186_AirBigRightA.fbx using Guid(f422dbad9bca7634e9749a7217a116bd) Importer(2089858483,b0f066a214c2f5e87bad3c948f4d605d) (ScriptedImporter) -> (artifact id: 'a1ae405b8441b504f7ecbd86d6891b0a') in 0.0275649 seconds
Number of updated asset objects reloaded before import = 0Number of asset objects unloaded after import = 152

========================================================================
Received Import Request.
  Time since last request: 0.000041 seconds.
  path: Assets/Studio33 Interactive_[BasketBall] v1.1/Animations/Basketball Motions_Generic/417_MarkDefenceF.fbx
  artifactKey: Guid(6f402074d52769246b484c4c5a777e59) Importer(2089858483,b0f066a214c2f5e87bad3c948f4d605d)
Start importing Assets/Studio33 Interactive_[BasketBall] v1.1/Animations/Basketball Motions_Generic/417_MarkDefenceF.fbx using Guid(6f402074d52769246b484c4c5a777e59) Importer(2089858483,b0f066a214c2f5e87bad3c948f4d605d) (ScriptedImporter) -> (artifact id: 'cd33899a9cb98f1792e6b1e2ad588c14') in 0.026594 seconds
Number of updated asset objects reloaded before import = 0Number of asset objects unloaded after import = 152

========================================================================
Received Import Request.
  Time since last request: 0.000034 seconds.
  path: Assets/Studio33 Interactive_[BasketBall] v1.1/Animations/Basketball Motions Humanoid/232_UntamedWindupA.fbx
  artifactKey: Guid(4fd2366d67804da4f9207416b7a841d8) Importer(2089858483,b0f066a214c2f5e87bad3c948f4d605d)
Start importing Assets/Studio33 Interactive_[BasketBall] v1.1/Animations/Basketball Motions Humanoid/232_UntamedWindupA.fbx using Guid(4fd2366d67804da4f9207416b7a841d8) Importer(2089858483,b0f066a214c2f5e87bad3c948f4d605d) (ScriptedImporter) -> (artifact id: '55b6ca1c62d2a146ac70af21efa5e1db') in 0.0307659 seconds
Number of updated asset objects reloaded before import = 0Number of asset objects unloaded after import = 154

========================================================================
Received Import Request.
  Time since last request: 0.000040 seconds.
  path: Assets/Studio33 Interactive_[BasketBall] v1.1/Animations/Basketball Motions Humanoid/1876_DunkRA.fbx
  artifactKey: Guid(8334db815f405c745a39c5a6a1c4964d) Importer(2089858483,b0f066a214c2f5e87bad3c948f4d605d)
Start importing Assets/Studio33 Interactive_[BasketBall] v1.1/Animations/Basketball Motions Humanoid/1876_DunkRA.fbx using Guid(8334db815f405c745a39c5a6a1c4964d) Importer(2089858483,b0f066a214c2f5e87bad3c948f4d605d) (ScriptedImporter) -> (artifact id: '46eea4405fedffa9b28846b78ff06686') in 0.0388594 seconds
Number of updated asset objects reloaded before import = 0Number of asset objects unloaded after import = 154

========================================================================
Received Import Request.
  Time since last request: 0.000050 seconds.
  path: Assets/Studio33 Interactive_[BasketBall] v1.1/Animations/Basketball Motions_Generic/753_PassShootfakepassF.fbx
  artifactKey: Guid(4e52d228ee4d1bf4b90b226614ea2990) Importer(2089858483,b0f066a214c2f5e87bad3c948f4d605d)
Start importing Assets/Studio33 Interactive_[BasketBall] v1.1/Animations/Basketball Motions_Generic/753_PassShootfakepassF.fbx using Guid(4e52d228ee4d1bf4b90b226614ea2990) Importer(2089858483,b0f066a214c2f5e87bad3c948f4d605d) (ScriptedImporter) -> (artifact id: '5cd56a1677156a052c9320cf9d501bd6') in 0.0269498 seconds
Number of updated asset objects reloaded before import = 0Number of asset objects unloaded after import = 152

========================================================================
Received Import Request.
  Time since last request: 0.000035 seconds.
  path: Assets/Studio33 Interactive_[BasketBall] v1.1/Animations/Basketball Motions_Generic/460_MarkFaceguardShoot.fbx
  artifactKey: Guid(7319f87d0bf564c4dba61eb1c7e12453) Importer(2089858483,b0f066a214c2f5e87bad3c948f4d605d)
Start importing Assets/Studio33 Interactive_[BasketBall] v1.1/Animations/Basketball Motions_Generic/460_MarkFaceguardShoot.fbx using Guid(7319f87d0bf564c4dba61eb1c7e12453) Importer(2089858483,b0f066a214c2f5e87bad3c948f4d605d) (ScriptedImporter) -> (artifact id: 'eb894728d7db6ec6e02f643e1c6426cd') in 0.0274406 seconds
Number of updated asset objects reloaded before import = 0Number of asset objects unloaded after import = 152

========================================================================
Received Import Request.
  Time since last request: 0.000033 seconds.
  path: Assets/Studio33 Interactive_[BasketBall] v1.1/Animations/Basketball Motions_Generic/254_CrossFakeStepRTrB.fbx
  artifactKey: Guid(adde6e9e88a92af4293f465481a6e9e4) Importer(2089858483,b0f066a214c2f5e87bad3c948f4d605d)
Start importing Assets/Studio33 Interactive_[BasketBall] v1.1/Animations/Basketball Motions_Generic/254_CrossFakeStepRTrB.fbx using Guid(adde6e9e88a92af4293f465481a6e9e4) Importer(2089858483,b0f066a214c2f5e87bad3c948f4d605d) (ScriptedImporter) -> (artifact id: 'e323b9e76cc272c8c3c91b194cc8376c') in 0.0293307 seconds
Number of updated asset objects reloaded before import = 0Number of asset objects unloaded after import = 152

========================================================================
Received Import Request.
  Time since last request: 0.000037 seconds.
  path: Assets/Studio33 Interactive_[BasketBall] v1.1/Animations/Basketball Motions_Generic/1715_DunkRA.fbx
  artifactKey: Guid(564e00051a6b5b841a4e0dcf69af9b4d) Importer(2089858483,b0f066a214c2f5e87bad3c948f4d605d)
Start importing Assets/Studio33 Interactive_[BasketBall] v1.1/Animations/Basketball Motions_Generic/1715_DunkRA.fbx using Guid(564e00051a6b5b841a4e0dcf69af9b4d) Importer(2089858483,b0f066a214c2f5e87bad3c948f4d605d) (ScriptedImporter) -> (artifact id: '5947b678a0f1cc74e00771d7d2a16cc6') in 0.0300944 seconds
Number of updated asset objects reloaded before import = 0Number of asset objects unloaded after import = 152

========================================================================
Received Import Request.
  Time since last request: 0.000055 seconds.
  path: Assets/Studio33 Interactive_[BasketBall] v1.1/Animations/Basketball Motions Humanoid/2205_StealfailA.fbx
  artifactKey: Guid(eda5ee8ca04fa584ba81f58dcf2624c1) Importer(2089858483,b0f066a214c2f5e87bad3c948f4d605d)
Start importing Assets/Studio33 Interactive_[BasketBall] v1.1/Animations/Basketball Motions Humanoid/2205_StealfailA.fbx using Guid(eda5ee8ca04fa584ba81f58dcf2624c1) Importer(2089858483,b0f066a214c2f5e87bad3c948f4d605d) (ScriptedImporter) -> (artifact id: '706261e843ffa36ea3c2e34e05fb1812') in 0.0304851 seconds
Number of updated asset objects reloaded before import = 0Number of asset objects unloaded after import = 154

========================================================================
Received Import Request.
  Time since last request: 0.000045 seconds.
  path: Assets/Studio33 Interactive_[BasketBall] v1.1/Animations/Basketball Motions_Generic/1797_DunkCA.fbx
  artifactKey: Guid(e5004d473db65654f8604a3cfa0d4d51) Importer(2089858483,b0f066a214c2f5e87bad3c948f4d605d)
Start importing Assets/Studio33 Interactive_[BasketBall] v1.1/Animations/Basketball Motions_Generic/1797_DunkCA.fbx using Guid(e5004d473db65654f8604a3cfa0d4d51) Importer(2089858483,b0f066a214c2f5e87bad3c948f4d605d) (ScriptedImporter) -> (artifact id: '5d55ec80820dd9fdaf76d3537273ba44') in 0.0281919 seconds
Number of updated asset objects reloaded before import = 0Number of asset objects unloaded after import = 152

========================================================================
Received Import Request.
  Time since last request: 0.000046 seconds.
  path: Assets/Studio33 Interactive_[BasketBall] v1.1/33_basket ball test animations/player/Back_number/Back_number_R/Rack_number_R_c13.png
  artifactKey: Guid(e6fc47a099d29b74ab389e75ece09feb) Importer(2089858483,b0f066a214c2f5e87bad3c948f4d605d)
Start importing Assets/Studio33 Interactive_[BasketBall] v1.1/33_basket ball test animations/player/Back_number/Back_number_R/Rack_number_R_c13.png using Guid(e6fc47a099d29b74ab389e75ece09feb) Importer(2089858483,b0f066a214c2f5e87bad3c948f4d605d) (ScriptedImporter) -> (artifact id: '64c0ce9a9f480660154dac333208839e') in 0.0192349 seconds
Number of updated asset objects reloaded before import = 0Number of asset objects unloaded after import = 1

========================================================================
Received Import Request.
  Time since last request: 0.000041 seconds.
  path: Assets/Studio33 Interactive_[BasketBall] v1.1/Animations/Basketball Motions Humanoid/1618_JumpshotReadyFake.fbx
  artifactKey: Guid(1ffdeea4627d0f942a1d1657c39b518e) Importer(2089858483,b0f066a214c2f5e87bad3c948f4d605d)
Start importing Assets/Studio33 Interactive_[BasketBall] v1.1/Animations/Basketball Motions Humanoid/1618_JumpshotReadyFake.fbx using Guid(1ffdeea4627d0f942a1d1657c39b518e) Importer(2089858483,b0f066a214c2f5e87bad3c948f4d605d) (ScriptedImporter) -> (artifact id: 'dbf57ba381f868457ad33a8aa91f3394') in 0.0298395 seconds
Number of updated asset objects reloaded before import = 0Number of asset objects unloaded after import = 154

========================================================================
Received Import Request.
  Time since last request: 0.000059 seconds.
  path: Assets/Studio33 Interactive_[BasketBall] v1.1/Animations/Basketball Motions Humanoid/625_LoosebalowA.fbx
  artifactKey: Guid(4f9066b9229b1a040810f5f674dd4f30) Importer(2089858483,b0f066a214c2f5e87bad3c948f4d605d)
Start importing Assets/Studio33 Interactive_[BasketBall] v1.1/Animations/Basketball Motions Humanoid/625_LoosebalowA.fbx using Guid(4f9066b9229b1a040810f5f674dd4f30) Importer(2089858483,b0f066a214c2f5e87bad3c948f4d605d) (ScriptedImporter) -> (artifact id: '16b3923d97b8b84cd551d8dc84ec7d75') in 0.0287799 seconds
Number of updated asset objects reloaded before import = 0Number of asset objects unloaded after import = 154

========================================================================
Received Import Request.
  Time since last request: 0.000042 seconds.
  path: Assets/Studio33 Interactive_[BasketBall] v1.1/Animations/Basketball Motions Humanoid/2137_DunkCA.fbx
  artifactKey: Guid(5cb03e0f67bdbe94699d5ce3c5f5c30c) Importer(2089858483,b0f066a214c2f5e87bad3c948f4d605d)
Start importing Assets/Studio33 Interactive_[BasketBall] v1.1/Animations/Basketball Motions Humanoid/2137_DunkCA.fbx using Guid(5cb03e0f67bdbe94699d5ce3c5f5c30c) Importer(2089858483,b0f066a214c2f5e87bad3c948f4d605d) (ScriptedImporter) -> (artifact id: '3ad8c8706bd7924bb32103c1d30c3d55') in 0.0282253 seconds
Number of updated asset objects reloaded before import = 0Number of asset objects unloaded after import = 154

========================================================================
Received Import Request.
  Time since last request: 0.000038 seconds.
  path: Assets/Studio33 Interactive_[BasketBall] v1.1/Animations/Basketball Motions_Generic/1494_DunkRRevA.fbx
  artifactKey: Guid(c8fbb6eb0be7ecf4cb6d513d6ce59e42) Importer(2089858483,b0f066a214c2f5e87bad3c948f4d605d)
Start importing Assets/Studio33 Interactive_[BasketBall] v1.1/Animations/Basketball Motions_Generic/1494_DunkRRevA.fbx using Guid(c8fbb6eb0be7ecf4cb6d513d6ce59e42) Importer(2089858483,b0f066a214c2f5e87bad3c948f4d605d) (ScriptedImporter) -> (artifact id: '3ea1689ecf66771115504f79005c6a60') in 0.0337295 seconds
Number of updated asset objects reloaded before import = 0Number of asset objects unloaded after import = 152

========================================================================
Received Import Request.
  Time since last request: 0.000047 seconds.
  path: Assets/Studio33 Interactive_[BasketBall] v1.1/Animations/Basketball Motions_Generic/438_DefenceRightA.fbx
  artifactKey: Guid(34579ecc8ceeea648bcc39eab96c6eb6) Importer(2089858483,b0f066a214c2f5e87bad3c948f4d605d)
Start importing Assets/Studio33 Interactive_[BasketBall] v1.1/Animations/Basketball Motions_Generic/438_DefenceRightA.fbx using Guid(34579ecc8ceeea648bcc39eab96c6eb6) Importer(2089858483,b0f066a214c2f5e87bad3c948f4d605d) (ScriptedImporter) -> (artifact id: '5f2d5f4057a3f5cecff56be69265f04d') in 0.0238294 seconds
Number of updated asset objects reloaded before import = 0Number of asset objects unloaded after import = 152

========================================================================
Received Import Request.
  Time since last request: 0.000063 seconds.
  path: Assets/Studio33 Interactive_[BasketBall] v1.1/Animations/Basketball Motions Humanoid/1737_JumpshotMFakeA.fbx
  artifactKey: Guid(2dfee976d3638de41b6985a31ed28895) Importer(2089858483,b0f066a214c2f5e87bad3c948f4d605d)
Start importing Assets/Studio33 Interactive_[BasketBall] v1.1/Animations/Basketball Motions Humanoid/1737_JumpshotMFakeA.fbx using Guid(2dfee976d3638de41b6985a31ed28895) Importer(2089858483,b0f066a214c2f5e87bad3c948f4d605d) (ScriptedImporter) -> (artifact id: '263dc2e783e8c1ccad533fc304b7bb6f') in 0.0284131 seconds
Number of updated asset objects reloaded before import = 0Number of asset objects unloaded after import = 154

========================================================================
Received Import Request.
  Time since last request: 0.000033 seconds.
  path: Assets/Studio33 Interactive_[BasketBall] v1.1/Animations/Basketball Motions_Generic/1464_JumpshotMFakeA.fbx
  artifactKey: Guid(1c3ca49aa9f83ab499138267d710f522) Importer(2089858483,b0f066a214c2f5e87bad3c948f4d605d)
Start importing Assets/Studio33 Interactive_[BasketBall] v1.1/Animations/Basketball Motions_Generic/1464_JumpshotMFakeA.fbx using Guid(1c3ca49aa9f83ab499138267d710f522) Importer(2089858483,b0f066a214c2f5e87bad3c948f4d605d) (ScriptedImporter) -> (artifact id: '36b07f3d4199432fb337adbaed5996b0') in 0.0276977 seconds
Number of updated asset objects reloaded before import = 0Number of asset objects unloaded after import = 152

========================================================================
Received Import Request.
  Time since last request: 0.000038 seconds.
  path: Assets/Studio33 Interactive_[BasketBall] v1.1/Animations/Basketball Motions Humanoid/98_BlockinglongNearF.fbx
  artifactKey: Guid(e8fe584135321d944af08911da62ee80) Importer(2089858483,b0f066a214c2f5e87bad3c948f4d605d)
Start importing Assets/Studio33 Interactive_[BasketBall] v1.1/Animations/Basketball Motions Humanoid/98_BlockinglongNearF.fbx using Guid(e8fe584135321d944af08911da62ee80) Importer(2089858483,b0f066a214c2f5e87bad3c948f4d605d) (ScriptedImporter) -> (artifact id: '1d37b9b9721b07fe0ae7e7e8a07256c2') in 0.0304653 seconds
Number of updated asset objects reloaded before import = 0Number of asset objects unloaded after import = 154

========================================================================
Received Import Request.
  Time since last request: 0.000036 seconds.
  path: Assets/Studio33 Interactive_[BasketBall] v1.1/Animations/Basketball Motions_Generic/2197_RstaDribbleleright.fbx
  artifactKey: Guid(a0ae6c7af0e91fb4996ace461a323690) Importer(2089858483,b0f066a214c2f5e87bad3c948f4d605d)
Start importing Assets/Studio33 Interactive_[BasketBall] v1.1/Animations/Basketball Motions_Generic/2197_RstaDribbleleright.fbx using Guid(a0ae6c7af0e91fb4996ace461a323690) Importer(2089858483,b0f066a214c2f5e87bad3c948f4d605d) (ScriptedImporter) -> (artifact id: 'e3c74f154422b9c78f982be5fd851784') in 0.0260454 seconds
Number of updated asset objects reloaded before import = 0Number of asset objects unloaded after import = 152

========================================================================
Received Import Request.
  Time since last request: 0.000042 seconds.
  path: Assets/Studio33 Interactive_[BasketBall] v1.1/Animations/Basketball Motions Humanoid/1443_DunkRA.fbx
  artifactKey: Guid(b9af5184b31da234ab4f339208ae1f4d) Importer(2089858483,b0f066a214c2f5e87bad3c948f4d605d)
Start importing Assets/Studio33 Interactive_[BasketBall] v1.1/Animations/Basketball Motions Humanoid/1443_DunkRA.fbx using Guid(b9af5184b31da234ab4f339208ae1f4d) Importer(2089858483,b0f066a214c2f5e87bad3c948f4d605d) (ScriptedImporter) -> (artifact id: '24869cbb2675b45ac2196e8d7d27c6af') in 0.035619 seconds
Number of updated asset objects reloaded before import = 0Number of asset objects unloaded after import = 154

========================================================================
Received Import Request.
  Time since last request: 0.000038 seconds.
  path: Assets/Studio33 Interactive_[BasketBall] v1.1/Animations/Basketball Motions_Generic/490_Dribbleright.fbx
  artifactKey: Guid(80de20c67fb36a64a806b68b36c17311) Importer(2089858483,b0f066a214c2f5e87bad3c948f4d605d)
Start importing Assets/Studio33 Interactive_[BasketBall] v1.1/Animations/Basketball Motions_Generic/490_Dribbleright.fbx using Guid(80de20c67fb36a64a806b68b36c17311) Importer(2089858483,b0f066a214c2f5e87bad3c948f4d605d) (ScriptedImporter) -> (artifact id: '7af2a46b4f83e49c0619f4127b1761f8') in 0.0273036 seconds
Number of updated asset objects reloaded before import = 0Number of asset objects unloaded after import = 152

========================================================================
Received Import Request.
  Time since last request: 0.000038 seconds.
  path: Assets/Studio33 Interactive_[BasketBall] v1.1/Animations/Basketball Motions Humanoid/1853_DunkCA.fbx
  artifactKey: Guid(6fb864e19db144445be42f944aea6784) Importer(2089858483,b0f066a214c2f5e87bad3c948f4d605d)
Start importing Assets/Studio33 Interactive_[BasketBall] v1.1/Animations/Basketball Motions Humanoid/1853_DunkCA.fbx using Guid(6fb864e19db144445be42f944aea6784) Importer(2089858483,b0f066a214c2f5e87bad3c948f4d605d) (ScriptedImporter) -> (artifact id: '9c31ecd33f91691527ab12a25f7bb8d7') in 0.0295484 seconds
Number of updated asset objects reloaded before import = 0Number of asset objects unloaded after import = 154

========================================================================
Received Import Request.
  Time since last request: 0.000042 seconds.
  path: Assets/Studio33 Interactive_[BasketBall] v1.1/Animations/Basketball Motions_Generic/224_CrossEurostepRA.fbx
  artifactKey: Guid(c83da3e874056dc45b5fbaa7e6b9fd41) Importer(2089858483,b0f066a214c2f5e87bad3c948f4d605d)
Start importing Assets/Studio33 Interactive_[BasketBall] v1.1/Animations/Basketball Motions_Generic/224_CrossEurostepRA.fbx using Guid(c83da3e874056dc45b5fbaa7e6b9fd41) Importer(2089858483,b0f066a214c2f5e87bad3c948f4d605d) (ScriptedImporter) -> (artifact id: 'a6feb65b55f41c0888db7612257c5246') in 0.0266501 seconds
Number of updated asset objects reloaded before import = 0Number of asset objects unloaded after import = 152

========================================================================
Received Import Request.
  Time since last request: 0.000050 seconds.
  path: Assets/Studio33 Interactive_[BasketBall] v1.1/Animations/Basketball Motions Humanoid/1547_JumpshotUA.fbx
  artifactKey: Guid(073855f8963c0774c8e480df71757b49) Importer(2089858483,b0f066a214c2f5e87bad3c948f4d605d)
Start importing Assets/Studio33 Interactive_[BasketBall] v1.1/Animations/Basketball Motions Humanoid/1547_JumpshotUA.fbx using Guid(073855f8963c0774c8e480df71757b49) Importer(2089858483,b0f066a214c2f5e87bad3c948f4d605d) (ScriptedImporter) -> (artifact id: 'f5a34e0d7907da468916eb1059e1c69f') in 0.0306487 seconds
Number of updated asset objects reloaded before import = 0Number of asset objects unloaded after import = 154

========================================================================
Received Import Request.
  Time since last request: 0.000040 seconds.
  path: Assets/Studio33 Interactive_[BasketBall] v1.1/Animations/Basketball Motions_Generic/834_AlleyoopNpassFA.fbx
  artifactKey: Guid(b19d9783a0509ca42868c3a6b874aa12) Importer(2089858483,b0f066a214c2f5e87bad3c948f4d605d)
Start importing Assets/Studio33 Interactive_[BasketBall] v1.1/Animations/Basketball Motions_Generic/834_AlleyoopNpassFA.fbx using Guid(b19d9783a0509ca42868c3a6b874aa12) Importer(2089858483,b0f066a214c2f5e87bad3c948f4d605d) (ScriptedImporter) -> (artifact id: '9d69e2cc352881c517f4313bb4220619') in 0.0299464 seconds
Number of updated asset objects reloaded before import = 0Number of asset objects unloaded after import = 152

========================================================================
Received Import Request.
  Time since last request: 0.000037 seconds.
  path: Assets/Studio33 Interactive_[BasketBall] v1.1/Animations/Basketball Motions Humanoid/1330_JumpshotCAFakeA.fbx
  artifactKey: Guid(3cdc6d8dc89415a4b82322452217967d) Importer(2089858483,b0f066a214c2f5e87bad3c948f4d605d)
Start importing Assets/Studio33 Interactive_[BasketBall] v1.1/Animations/Basketball Motions Humanoid/1330_JumpshotCAFakeA.fbx using Guid(3cdc6d8dc89415a4b82322452217967d) Importer(2089858483,b0f066a214c2f5e87bad3c948f4d605d) (ScriptedImporter) -> (artifact id: '95c331306b6d01d06709898e20ff0542') in 0.0337179 seconds
Number of updated asset objects reloaded before import = 0Number of asset objects unloaded after import = 154

========================================================================
Received Import Request.
  Time since last request: 0.000054 seconds.
  path: Assets/Studio33 Interactive_[BasketBall] v1.1/Animations/Basketball Motions Humanoid/1200_DunkRA.fbx
  artifactKey: Guid(2f871622a44b1b74cac9299e0c3205d2) Importer(2089858483,b0f066a214c2f5e87bad3c948f4d605d)
Start importing Assets/Studio33 Interactive_[BasketBall] v1.1/Animations/Basketball Motions Humanoid/1200_DunkRA.fbx using Guid(2f871622a44b1b74cac9299e0c3205d2) Importer(2089858483,b0f066a214c2f5e87bad3c948f4d605d) (ScriptedImporter) -> (artifact id: '102a51d4312372d221f31f6740da23e6') in 0.0288789 seconds
Number of updated asset objects reloaded before import = 0Number of asset objects unloaded after import = 154

========================================================================
Received Import Request.
  Time since last request: 0.000035 seconds.
  path: Assets/Studio33 Interactive_[BasketBall] v1.1/Animations/Basketball Motions_Generic/1171_DunkCA.fbx
  artifactKey: Guid(9805b63e50003c34aba8560b1c1f2cf6) Importer(2089858483,b0f066a214c2f5e87bad3c948f4d605d)
Start importing Assets/Studio33 Interactive_[BasketBall] v1.1/Animations/Basketball Motions_Generic/1171_DunkCA.fbx using Guid(9805b63e50003c34aba8560b1c1f2cf6) Importer(2089858483,b0f066a214c2f5e87bad3c948f4d605d) (ScriptedImporter) -> (artifact id: '737ba2fa5f8e0c6bad90bdbde68e09d2') in 0.0276992 seconds
Number of updated asset objects reloaded before import = 0Number of asset objects unloaded after import = 152

========================================================================
Received Import Request.
  Time since last request: 0.000036 seconds.
  path: Assets/Studio33 Interactive_[BasketBall] v1.1/Animations/Basketball Motions Humanoid/683_AlleyoopNpassA.fbx
  artifactKey: Guid(3f6a2ff24b472514ebab8bc6d0312338) Importer(2089858483,b0f066a214c2f5e87bad3c948f4d605d)
Start importing Assets/Studio33 Interactive_[BasketBall] v1.1/Animations/Basketball Motions Humanoid/683_AlleyoopNpassA.fbx using Guid(3f6a2ff24b472514ebab8bc6d0312338) Importer(2089858483,b0f066a214c2f5e87bad3c948f4d605d) (ScriptedImporter) -> (artifact id: '0228a521966365d4999f6e9c5131b163') in 0.0270838 seconds
Number of updated asset objects reloaded before import = 0Number of asset objects unloaded after import = 154

========================================================================
Received Import Request.
  Time since last request: 0.000045 seconds.
  path: Assets/Studio33 Interactive_[BasketBall] v1.1/Animations/Basketball Motions_Generic/1996_JumpshotMA.fbx
  artifactKey: Guid(bdc10479a267d454cac8563d45dd9773) Importer(2089858483,b0f066a214c2f5e87bad3c948f4d605d)
Start importing Assets/Studio33 Interactive_[BasketBall] v1.1/Animations/Basketball Motions_Generic/1996_JumpshotMA.fbx using Guid(bdc10479a267d454cac8563d45dd9773) Importer(2089858483,b0f066a214c2f5e87bad3c948f4d605d) (ScriptedImporter) -> (artifact id: '8825787df8acc4f1a6e6a738f2ad78b7') in 0.0270961 seconds
Number of updated asset objects reloaded before import = 0Number of asset objects unloaded after import = 152

========================================================================
Received Import Request.
  Time since last request: 0.000144 seconds.
  path: Assets/Studio33 Interactive_[BasketBall] v1.1/Animations/Basketball Motions Humanoid/1090_Screebaa.fbx
  artifactKey: Guid(da65a2600e9ed294694648dd09db47d5) Importer(2089858483,b0f066a214c2f5e87bad3c948f4d605d)
Start importing Assets/Studio33 Interactive_[BasketBall] v1.1/Animations/Basketball Motions Humanoid/1090_Screebaa.fbx using Guid(da65a2600e9ed294694648dd09db47d5) Importer(2089858483,b0f066a214c2f5e87bad3c948f4d605d) (ScriptedImporter) -> (artifact id: '2c5b8bba1ea974ad522f1566dd0d05c4') in 0.0364216 seconds
Number of updated asset objects reloaded before import = 0Number of asset objects unloaded after import = 154

========================================================================
Received Import Request.
  Time since last request: 0.000077 seconds.
  path: Assets/Studio33 Interactive_[BasketBall] v1.1/Animations/Basketball Motions Humanoid/129_ReboundAndBoxOutHoldFrontA.fbx
  artifactKey: Guid(bc8ff5a532f73e548a08b7af3dfb1693) Importer(2089858483,b0f066a214c2f5e87bad3c948f4d605d)
Start importing Assets/Studio33 Interactive_[BasketBall] v1.1/Animations/Basketball Motions Humanoid/129_ReboundAndBoxOutHoldFrontA.fbx using Guid(bc8ff5a532f73e548a08b7af3dfb1693) Importer(2089858483,b0f066a214c2f5e87bad3c948f4d605d) (ScriptedImporter) -> (artifact id: '4660f0d83212953fccc044d617eb0196') in 0.0299301 seconds
Number of updated asset objects reloaded before import = 0Number of asset objects unloaded after import = 154

========================================================================
Received Import Request.
  Time since last request: 0.000042 seconds.
  path: Assets/Studio33 Interactive_[BasketBall] v1.1/Animations/Basketball Motions Humanoid/1570_LayupCA.fbx
  artifactKey: Guid(c5e2bd602ef42cc40a8f3c7bccf29df0) Importer(2089858483,b0f066a214c2f5e87bad3c948f4d605d)
Start importing Assets/Studio33 Interactive_[BasketBall] v1.1/Animations/Basketball Motions Humanoid/1570_LayupCA.fbx using Guid(c5e2bd602ef42cc40a8f3c7bccf29df0) Importer(2089858483,b0f066a214c2f5e87bad3c948f4d605d) (ScriptedImporter) -> (artifact id: '2ba20f161c15033c6122878e51b58ca7') in 0.028922 seconds
Number of updated asset objects reloaded before import = 0Number of asset objects unloaded after import = 154

========================================================================
Received Import Request.
  Time since last request: 0.000063 seconds.
  path: Assets/Studio33 Interactive_[BasketBall] v1.1/Animations/Basketball Motions_Generic/2158_TravNorLA.fbx
  artifactKey: Guid(65afcc2d75b67ea4b9f3bcfde53609a9) Importer(2089858483,b0f066a214c2f5e87bad3c948f4d605d)
Start importing Assets/Studio33 Interactive_[BasketBall] v1.1/Animations/Basketball Motions_Generic/2158_TravNorLA.fbx using Guid(65afcc2d75b67ea4b9f3bcfde53609a9) Importer(2089858483,b0f066a214c2f5e87bad3c948f4d605d) (ScriptedImporter) -> (artifact id: '08a700663bd11ea7d15c61e4113ed402') in 0.0266278 seconds
Number of updated asset objects reloaded before import = 0Number of asset objects unloaded after import = 152

========================================================================
Received Import Request.
  Time since last request: 0.000039 seconds.
  path: Assets/Studio33 Interactive_[BasketBall] v1.1/Animations/Basketball Motions_Generic/1841_DunkCAC.fbx
  artifactKey: Guid(f9b02d24346ea7f43bbf45532c467717) Importer(2089858483,b0f066a214c2f5e87bad3c948f4d605d)
Start importing Assets/Studio33 Interactive_[BasketBall] v1.1/Animations/Basketball Motions_Generic/1841_DunkCAC.fbx using Guid(f9b02d24346ea7f43bbf45532c467717) Importer(2089858483,b0f066a214c2f5e87bad3c948f4d605d) (ScriptedImporter) -> (artifact id: 'ae919f99ab1813d363e1dd8c81711268') in 0.0271123 seconds
Number of updated asset objects reloaded before import = 0Number of asset objects unloaded after import = 152

========================================================================
Received Import Request.
  Time since last request: 0.000037 seconds.
  path: Assets/Studio33 Interactive_[BasketBall] v1.1/Animations/Basketball Motions Humanoid/363_CrossEurostepLayupR.fbx
  artifactKey: Guid(36ca3c233a0acd048a128978a6d40960) Importer(2089858483,b0f066a214c2f5e87bad3c948f4d605d)
Start importing Assets/Studio33 Interactive_[BasketBall] v1.1/Animations/Basketball Motions Humanoid/363_CrossEurostepLayupR.fbx using Guid(36ca3c233a0acd048a128978a6d40960) Importer(2089858483,b0f066a214c2f5e87bad3c948f4d605d) (ScriptedImporter) -> (artifact id: 'fa9eb780c1d93d9b54f080884dc5c748') in 0.0288568 seconds
Number of updated asset objects reloaded before import = 0Number of asset objects unloaded after import = 154

========================================================================
Received Import Request.
  Time since last request: 0.000049 seconds.
  path: Assets/Studio33 Interactive_[BasketBall] v1.1/Animations/Basketball Motions_Generic/221_CrossEurostepLayupR.fbx
  artifactKey: Guid(65b528243a481a64d9478703f88a4b47) Importer(2089858483,b0f066a214c2f5e87bad3c948f4d605d)
Start importing Assets/Studio33 Interactive_[BasketBall] v1.1/Animations/Basketball Motions_Generic/221_CrossEurostepLayupR.fbx using Guid(65b528243a481a64d9478703f88a4b47) Importer(2089858483,b0f066a214c2f5e87bad3c948f4d605d) (ScriptedImporter) -> (artifact id: '3639992a24e1706435988e8f80200403') in 0.0349894 seconds
Number of updated asset objects reloaded before import = 0Number of asset objects unloaded after import = 152

========================================================================
Received Import Request.
  Time since last request: 0.000048 seconds.
  path: Assets/Studio33 Interactive_[BasketBall] v1.1/Animations/Basketball Motions_Generic/649_Run.fbx
  artifactKey: Guid(6669b3b64626eb741841f8ef13222c6d) Importer(2089858483,b0f066a214c2f5e87bad3c948f4d605d)
Start importing Assets/Studio33 Interactive_[BasketBall] v1.1/Animations/Basketball Motions_Generic/649_Run.fbx using Guid(6669b3b64626eb741841f8ef13222c6d) Importer(2089858483,b0f066a214c2f5e87bad3c948f4d605d) (ScriptedImporter) -> (artifact id: '35f323a8f13cf5e6cd15c843c156abee') in 0.0255916 seconds
Number of updated asset objects reloaded before import = 0Number of asset objects unloaded after import = 152

========================================================================
Received Import Request.
  Time since last request: 0.000037 seconds.
  path: Assets/Studio33 Interactive_[BasketBall] v1.1/Animations/Basketball Motions Humanoid/620_SlidingpassA.fbx
  artifactKey: Guid(eb54e61e1da04f74cab791db4e2d77d7) Importer(2089858483,b0f066a214c2f5e87bad3c948f4d605d)
Start importing Assets/Studio33 Interactive_[BasketBall] v1.1/Animations/Basketball Motions Humanoid/620_SlidingpassA.fbx using Guid(eb54e61e1da04f74cab791db4e2d77d7) Importer(2089858483,b0f066a214c2f5e87bad3c948f4d605d) (ScriptedImporter) -> (artifact id: '59c3833da71aa8c8b5080eb3f747425d') in 0.0284027 seconds
Number of updated asset objects reloaded before import = 0Number of asset objects unloaded after import = 154

========================================================================
Received Import Request.
  Time since last request: 0.000037 seconds.
  path: Assets/Studio33 Interactive_[BasketBall] v1.1/Animations/Basketball Motions_Generic/384_SpinStepRLA.fbx
  artifactKey: Guid(76782e33ce719cd49943388069c33f0a) Importer(2089858483,b0f066a214c2f5e87bad3c948f4d605d)
Start importing Assets/Studio33 Interactive_[BasketBall] v1.1/Animations/Basketball Motions_Generic/384_SpinStepRLA.fbx using Guid(76782e33ce719cd49943388069c33f0a) Importer(2089858483,b0f066a214c2f5e87bad3c948f4d605d) (ScriptedImporter) -> (artifact id: '63e4aab6c53562a0d72d3410bb55c666') in 0.0251061 seconds
Number of updated asset objects reloaded before import = 0Number of asset objects unloaded after import = 152

========================================================================
Received Import Request.
  Time since last request: 0.000046 seconds.
  path: Assets/Studio33 Interactive_[BasketBall] v1.1/Animations/Basketball Motions Humanoid/834_AlleyoopNpassFA.fbx
  artifactKey: Guid(be28a7988df917b4fb99648e401c0d0f) Importer(2089858483,b0f066a214c2f5e87bad3c948f4d605d)
Start importing Assets/Studio33 Interactive_[BasketBall] v1.1/Animations/Basketball Motions Humanoid/834_AlleyoopNpassFA.fbx using Guid(be28a7988df917b4fb99648e401c0d0f) Importer(2089858483,b0f066a214c2f5e87bad3c948f4d605d) (ScriptedImporter) -> (artifact id: 'f61e987a138d9bc9cb08b7623b3dcb96') in 0.0293278 seconds
Number of updated asset objects reloaded before import = 0Number of asset objects unloaded after import = 154

========================================================================
Received Import Request.
  Time since last request: 0.000056 seconds.
  path: Assets/Studio33 Interactive_[BasketBall] v1.1/Animations/Basketball Motions Humanoid/2094_DunkCA.fbx
  artifactKey: Guid(084ba58d273f62740a113fdac73c394a) Importer(2089858483,b0f066a214c2f5e87bad3c948f4d605d)
Start importing Assets/Studio33 Interactive_[BasketBall] v1.1/Animations/Basketball Motions Humanoid/2094_DunkCA.fbx using Guid(084ba58d273f62740a113fdac73c394a) Importer(2089858483,b0f066a214c2f5e87bad3c948f4d605d) (ScriptedImporter) -> (artifact id: '85419f11e658e681f4f8fffd97798287') in 0.0324716 seconds
Number of updated asset objects reloaded before import = 0Number of asset objects unloaded after import = 154

========================================================================
Received Import Request.
  Time since last request: 0.000041 seconds.
  path: Assets/Studio33 Interactive_[BasketBall] v1.1/Animations/Basketball Motions Humanoid/1499_LayupCA.fbx
  artifactKey: Guid(6e6da6d7a793caf4c88468310f7a64e1) Importer(2089858483,b0f066a214c2f5e87bad3c948f4d605d)
Start importing Assets/Studio33 Interactive_[BasketBall] v1.1/Animations/Basketball Motions Humanoid/1499_LayupCA.fbx using Guid(6e6da6d7a793caf4c88468310f7a64e1) Importer(2089858483,b0f066a214c2f5e87bad3c948f4d605d) (ScriptedImporter) -> (artifact id: 'af1aadab7916df49428dd4b1f42b417b') in 0.0332048 seconds
Number of updated asset objects reloaded before import = 0Number of asset objects unloaded after import = 154

========================================================================
Received Import Request.
  Time since last request: 0.000045 seconds.
  path: Assets/Studio33 Interactive_[BasketBall] v1.1/Animations/Basketball Motions_Generic/1803_DunkClutchFLeftA.fbx
  artifactKey: Guid(87964b86ff6782b469193e4e6a73b432) Importer(2089858483,b0f066a214c2f5e87bad3c948f4d605d)
Start importing Assets/Studio33 Interactive_[BasketBall] v1.1/Animations/Basketball Motions_Generic/1803_DunkClutchFLeftA.fbx using Guid(87964b86ff6782b469193e4e6a73b432) Importer(2089858483,b0f066a214c2f5e87bad3c948f4d605d) (ScriptedImporter) -> (artifact id: '113c4c61a1fa318716cbc47ca6255850') in 0.0280136 seconds
Number of updated asset objects reloaded before import = 0Number of asset objects unloaded after import = 152

========================================================================
Received Import Request.
  Time since last request: 0.000051 seconds.
  path: Assets/Studio33 Interactive_[BasketBall] v1.1/Animations/Basketball Motions Humanoid/1841_DunkCAC.fbx
  artifactKey: Guid(bdf9e98bebf8ea44fbe6f112be8701e0) Importer(2089858483,b0f066a214c2f5e87bad3c948f4d605d)
Start importing Assets/Studio33 Interactive_[BasketBall] v1.1/Animations/Basketball Motions Humanoid/1841_DunkCAC.fbx using Guid(bdf9e98bebf8ea44fbe6f112be8701e0) Importer(2089858483,b0f066a214c2f5e87bad3c948f4d605d) (ScriptedImporter) -> (artifact id: 'eb7abe0b704c7375fd4d8db4a8ec8413') in 0.0309405 seconds
Number of updated asset objects reloaded before import = 0Number of asset objects unloaded after import = 154

========================================================================
Received Import Request.
  Time since last request: 0.000038 seconds.
  path: Assets/Studio33 Interactive_[BasketBall] v1.1/Animations/Basketball Motions Humanoid/179_BlockingckedBaA.fbx
  artifactKey: Guid(edba82da01bf0df4c851e12be3416cef) Importer(2089858483,b0f066a214c2f5e87bad3c948f4d605d)
Start importing Assets/Studio33 Interactive_[BasketBall] v1.1/Animations/Basketball Motions Humanoid/179_BlockingckedBaA.fbx using Guid(edba82da01bf0df4c851e12be3416cef) Importer(2089858483,b0f066a214c2f5e87bad3c948f4d605d) (ScriptedImporter) -> (artifact id: '30705aed918317f2f2372cb378b8c8f1') in 0.0280489 seconds
Number of updated asset objects reloaded before import = 0Number of asset objects unloaded after import = 154

========================================================================
Received Import Request.
  Time since last request: 0.000044 seconds.
  path: Assets/Studio33 Interactive_[BasketBall] v1.1/Animations/Basketball Motions Humanoid/225_CrossEurostepRA.fbx
  artifactKey: Guid(230b56d3ff03fb9468b5bafcfa3713e3) Importer(2089858483,b0f066a214c2f5e87bad3c948f4d605d)
Start importing Assets/Studio33 Interactive_[BasketBall] v1.1/Animations/Basketball Motions Humanoid/225_CrossEurostepRA.fbx using Guid(230b56d3ff03fb9468b5bafcfa3713e3) Importer(2089858483,b0f066a214c2f5e87bad3c948f4d605d) (ScriptedImporter) -> (artifact id: 'd742fbb9844dabb87f1243cfaff265dc') in 0.0306294 seconds
Number of updated asset objects reloaded before import = 0Number of asset objects unloaded after import = 154

========================================================================
Received Import Request.
  Time since last request: 0.000043 seconds.
  path: Assets/Studio33 Interactive_[BasketBall] v1.1/Animations/Basketball Motions_Generic/2078_DunkRA.fbx
  artifactKey: Guid(d69fc5c01c54f5546a187d43113e6e2c) Importer(2089858483,b0f066a214c2f5e87bad3c948f4d605d)
Start importing Assets/Studio33 Interactive_[BasketBall] v1.1/Animations/Basketball Motions_Generic/2078_DunkRA.fbx using Guid(d69fc5c01c54f5546a187d43113e6e2c) Importer(2089858483,b0f066a214c2f5e87bad3c948f4d605d) (ScriptedImporter) -> (artifact id: 'b38a93097c087e7fa36b8118475a326c') in 0.0334026 seconds
Number of updated asset objects reloaded before import = 0Number of asset objects unloaded after import = 152

========================================================================
Received Import Request.
  Time since last request: 0.000044 seconds.
  path: Assets/Studio33 Interactive_[BasketBall] v1.1/Animations/Basketball Motions_Generic/1869_DunkRA.fbx
  artifactKey: Guid(b992a81156cceca4b9be0b98b5d864d0) Importer(2089858483,b0f066a214c2f5e87bad3c948f4d605d)
Start importing Assets/Studio33 Interactive_[BasketBall] v1.1/Animations/Basketball Motions_Generic/1869_DunkRA.fbx using Guid(b992a81156cceca4b9be0b98b5d864d0) Importer(2089858483,b0f066a214c2f5e87bad3c948f4d605d) (ScriptedImporter) -> (artifact id: '98d39a2cfd2a0977e2b00f2db41a7119') in 0.0294883 seconds
Number of updated asset objects reloaded before import = 0Number of asset objects unloaded after import = 152

========================================================================
Received Import Request.
  Time since last request: 0.000041 seconds.
  path: Assets/Studio33 Interactive_[BasketBall] v1.1/Animations/Basketball Motions_Generic/709_PassChestA.fbx
  artifactKey: Guid(85af05ca353b1bf4996b861c441813aa) Importer(2089858483,b0f066a214c2f5e87bad3c948f4d605d)
Start importing Assets/Studio33 Interactive_[BasketBall] v1.1/Animations/Basketball Motions_Generic/709_PassChestA.fbx using Guid(85af05ca353b1bf4996b861c441813aa) Importer(2089858483,b0f066a214c2f5e87bad3c948f4d605d) (ScriptedImporter) -> (artifact id: '42bde5c249ef1b9b69978abd5c6cd0a7') in 0.0286672 seconds
Number of updated asset objects reloaded before import = 0Number of asset objects unloaded after import = 152

========================================================================
Received Import Request.
  Time since last request: 0.000045 seconds.
  path: Assets/Studio33 Interactive_[BasketBall] v1.1/Animations/Basketball Motions Humanoid/311_TurnstepFRA.fbx
  artifactKey: Guid(682e64256d6db7147ba99b12833e4e68) Importer(2089858483,b0f066a214c2f5e87bad3c948f4d605d)
Start importing Assets/Studio33 Interactive_[BasketBall] v1.1/Animations/Basketball Motions Humanoid/311_TurnstepFRA.fbx using Guid(682e64256d6db7147ba99b12833e4e68) Importer(2089858483,b0f066a214c2f5e87bad3c948f4d605d) (ScriptedImporter) -> (artifact id: 'f6aac713c71b6434a58e485cb3c96ec3') in 0.0295013 seconds
Number of updated asset objects reloaded before import = 0Number of asset objects unloaded after import = 154

========================================================================
Received Import Request.
  Time since last request: 0.000034 seconds.
  path: Assets/Studio33 Interactive_[BasketBall] v1.1/Animations/Basketball Motions_Generic/40_BlockingckncatchLongFarJumpFA.fbx
  artifactKey: Guid(6b744796affed454f8293e988634b6ba) Importer(2089858483,b0f066a214c2f5e87bad3c948f4d605d)
Start importing Assets/Studio33 Interactive_[BasketBall] v1.1/Animations/Basketball Motions_Generic/40_BlockingckncatchLongFarJumpFA.fbx using Guid(6b744796affed454f8293e988634b6ba) Importer(2089858483,b0f066a214c2f5e87bad3c948f4d605d) (ScriptedImporter) -> (artifact id: 'a4aa615a9e31d90551d64a004549db93') in 0.0291986 seconds
Number of updated asset objects reloaded before import = 0Number of asset objects unloaded after import = 152

========================================================================
Received Import Request.
  Time since last request: 0.000047 seconds.
  path: Assets/Studio33 Interactive_[BasketBall] v1.1/Animations/Basketball Motions Humanoid/264_CrossFakeTurrTr.fbx
  artifactKey: Guid(17522ec330291254cb173f056e161a89) Importer(2089858483,b0f066a214c2f5e87bad3c948f4d605d)
Start importing Assets/Studio33 Interactive_[BasketBall] v1.1/Animations/Basketball Motions Humanoid/264_CrossFakeTurrTr.fbx using Guid(17522ec330291254cb173f056e161a89) Importer(2089858483,b0f066a214c2f5e87bad3c948f4d605d) (ScriptedImporter) -> (artifact id: '06dbebb59557d574c4005f6720d7b49c') in 0.0340552 seconds
Number of updated asset objects reloaded before import = 0Number of asset objects unloaded after import = 154

========================================================================
Received Import Request.
  Time since last request: 0.000042 seconds.
  path: Assets/Studio33 Interactive_[BasketBall] v1.1/Animations/Basketball Motions_Generic/706_AlleyooppassRevA.fbx
  artifactKey: Guid(e5640c85be6790d45b46d5c253aaf814) Importer(2089858483,b0f066a214c2f5e87bad3c948f4d605d)
Start importing Assets/Studio33 Interactive_[BasketBall] v1.1/Animations/Basketball Motions_Generic/706_AlleyooppassRevA.fbx using Guid(e5640c85be6790d45b46d5c253aaf814) Importer(2089858483,b0f066a214c2f5e87bad3c948f4d605d) (ScriptedImporter) -> (artifact id: '3c1b4d371b697da71f3218b64fea14dd') in 0.0330711 seconds
Number of updated asset objects reloaded before import = 0Number of asset objects unloaded after import = 152

========================================================================
Received Import Request.
  Time since last request: 0.000033 seconds.
  path: Assets/Studio33 Interactive_[BasketBall] v1.1/Animations/Basketball Motions Humanoid/515_Dribbleright.fbx
  artifactKey: Guid(852475f12eea0a243bfaf3f48a88ff17) Importer(2089858483,b0f066a214c2f5e87bad3c948f4d605d)
Start importing Assets/Studio33 Interactive_[BasketBall] v1.1/Animations/Basketball Motions Humanoid/515_Dribbleright.fbx using Guid(852475f12eea0a243bfaf3f48a88ff17) Importer(2089858483,b0f066a214c2f5e87bad3c948f4d605d) (ScriptedImporter) -> (artifact id: 'e045aa83b2ed2e0f3c0751d52cb0c5d4') in 0.0333756 seconds
Number of updated asset objects reloaded before import = 0Number of asset objects unloaded after import = 154

========================================================================
Received Import Request.
  Time since last request: 0.000067 seconds.
  path: Assets/Studio33 Interactive_[BasketBall] v1.1/Animations/Basketball Motions Humanoid/1059_SceneEntHome.fbx
  artifactKey: Guid(d4ff5684e84da0d4b9bfcbb05cab9a2c) Importer(2089858483,b0f066a214c2f5e87bad3c948f4d605d)
Start importing Assets/Studio33 Interactive_[BasketBall] v1.1/Animations/Basketball Motions Humanoid/1059_SceneEntHome.fbx using Guid(d4ff5684e84da0d4b9bfcbb05cab9a2c) Importer(2089858483,b0f066a214c2f5e87bad3c948f4d605d) (ScriptedImporter) -> (artifact id: 'b7ddf6a398fc620f315e237f76233f1a') in 0.0301513 seconds
Number of updated asset objects reloaded before import = 0Number of asset objects unloaded after import = 154

========================================================================
Received Import Request.
  Time since last request: 0.000043 seconds.
  path: Assets/Studio33 Interactive_[BasketBall] v1.1/Animations/Basketball Motions_Generic/1419_TipirA.fbx
  artifactKey: Guid(7bab2c5e15329b743a0c64e5337a1b27) Importer(2089858483,b0f066a214c2f5e87bad3c948f4d605d)
Start importing Assets/Studio33 Interactive_[BasketBall] v1.1/Animations/Basketball Motions_Generic/1419_TipirA.fbx using Guid(7bab2c5e15329b743a0c64e5337a1b27) Importer(2089858483,b0f066a214c2f5e87bad3c948f4d605d) (ScriptedImporter) -> (artifact id: 'ba107458bdc3855e10e27c4bf0d4fda8') in 0.0317921 seconds
Number of updated asset objects reloaded before import = 0Number of asset objects unloaded after import = 152

========================================================================
Received Import Request.
  Time since last request: 0.000049 seconds.
  path: Assets/Studio33 Interactive_[BasketBall] v1.1/Animations/Basketball Motions_Generic/342_JabstepRLA.fbx
  artifactKey: Guid(070818b10d8bf564db0a337cce20ac11) Importer(2089858483,b0f066a214c2f5e87bad3c948f4d605d)
Start importing Assets/Studio33 Interactive_[BasketBall] v1.1/Animations/Basketball Motions_Generic/342_JabstepRLA.fbx using Guid(070818b10d8bf564db0a337cce20ac11) Importer(2089858483,b0f066a214c2f5e87bad3c948f4d605d) (ScriptedImporter) -> (artifact id: '0a89afddc1706415939366ab6d10a256') in 0.0304703 seconds
Number of updated asset objects reloaded before import = 0Number of asset objects unloaded after import = 152

========================================================================
Received Import Request.
  Time since last request: 0.000041 seconds.
  path: Assets/Studio33 Interactive_[BasketBall] v1.1/Animations/Basketball Motions Humanoid/1124_JumpshotMFakeA.fbx
  artifactKey: Guid(adfae58e00bc1fc498820fadf1ee0cd4) Importer(2089858483,b0f066a214c2f5e87bad3c948f4d605d)
Start importing Assets/Studio33 Interactive_[BasketBall] v1.1/Animations/Basketball Motions Humanoid/1124_JumpshotMFakeA.fbx using Guid(adfae58e00bc1fc498820fadf1ee0cd4) Importer(2089858483,b0f066a214c2f5e87bad3c948f4d605d) (ScriptedImporter) -> (artifact id: 'd1887a483260a81c9a7bc8e7183a0e01') in 0.0333294 seconds
Number of updated asset objects reloaded before import = 0Number of asset objects unloaded after import = 154

========================================================================
Received Import Request.
  Time since last request: 0.000048 seconds.
  path: Assets/Studio33 Interactive_[BasketBall] v1.1/Animations/Basketball Motions_Generic/1388_JumpshotReadyFake.fbx
  artifactKey: Guid(63557b6178282ae4491f441f0843984d) Importer(2089858483,b0f066a214c2f5e87bad3c948f4d605d)
Start importing Assets/Studio33 Interactive_[BasketBall] v1.1/Animations/Basketball Motions_Generic/1388_JumpshotReadyFake.fbx using Guid(63557b6178282ae4491f441f0843984d) Importer(2089858483,b0f066a214c2f5e87bad3c948f4d605d) (ScriptedImporter) -> (artifact id: '0265a76594edfca88a84695e36c7c24c') in 0.0260776 seconds
Number of updated asset objects reloaded before import = 0Number of asset objects unloaded after import = 152

========================================================================
Received Import Request.
  Time since last request: 0.000032 seconds.
  path: Assets/Studio33 Interactive_[BasketBall] v1.1/Animations/Basketball Motions_Generic/1491_DunkCA.fbx
  artifactKey: Guid(e083af98a4247404a9bf78f9936a07a7) Importer(2089858483,b0f066a214c2f5e87bad3c948f4d605d)
Start importing Assets/Studio33 Interactive_[BasketBall] v1.1/Animations/Basketball Motions_Generic/1491_DunkCA.fbx using Guid(e083af98a4247404a9bf78f9936a07a7) Importer(2089858483,b0f066a214c2f5e87bad3c948f4d605d) (ScriptedImporter) -> (artifact id: 'c76ab352b7c65a61d171e494a442ee03') in 0.0305538 seconds
Number of updated asset objects reloaded before import = 0Number of asset objects unloaded after import = 152

========================================================================
Received Import Request.
  Time since last request: 0.000053 seconds.
  path: Assets/Studio33 Interactive_[BasketBall] v1.1/Animations/Basketball Motions Humanoid/176_AirBigFrontA.fbx
  artifactKey: Guid(44bc893b5dc16724084c1e87cb9d1073) Importer(2089858483,b0f066a214c2f5e87bad3c948f4d605d)
Start importing Assets/Studio33 Interactive_[BasketBall] v1.1/Animations/Basketball Motions Humanoid/176_AirBigFrontA.fbx using Guid(44bc893b5dc16724084c1e87cb9d1073) Importer(2089858483,b0f066a214c2f5e87bad3c948f4d605d) (ScriptedImporter) -> (artifact id: '840fe2d83858f9c7f7797587894c3073') in 0.0283603 seconds
Number of updated asset objects reloaded before import = 0Number of asset objects unloaded after import = 154

========================================================================
Received Import Request.
  Time since last request: 0.000035 seconds.
  path: Assets/Studio33 Interactive_[BasketBall] v1.1/Animations/Basketball Motions_Generic/168_CollisiotwostepFFaA.fbx
  artifactKey: Guid(da301688f95a95a4ebdd709dac1fa992) Importer(2089858483,b0f066a214c2f5e87bad3c948f4d605d)
Start importing Assets/Studio33 Interactive_[BasketBall] v1.1/Animations/Basketball Motions_Generic/168_CollisiotwostepFFaA.fbx using Guid(da301688f95a95a4ebdd709dac1fa992) Importer(2089858483,b0f066a214c2f5e87bad3c948f4d605d) (ScriptedImporter) -> (artifact id: '812089b3f14f77f9fb7c3615cd5aac16') in 0.0275305 seconds
Number of updated asset objects reloaded before import = 0Number of asset objects unloaded after import = 152

========================================================================
Received Import Request.
  Time since last request: 0.000038 seconds.
  path: Assets/Studio33 Interactive_[BasketBall] v1.1/Animations/Basketball Motions_Generic/615_LoosebalowA.fbx
  artifactKey: Guid(fe051d4e4cda65a4187e3fa0cbffa4a0) Importer(2089858483,b0f066a214c2f5e87bad3c948f4d605d)
Start importing Assets/Studio33 Interactive_[BasketBall] v1.1/Animations/Basketball Motions_Generic/615_LoosebalowA.fbx using Guid(fe051d4e4cda65a4187e3fa0cbffa4a0) Importer(2089858483,b0f066a214c2f5e87bad3c948f4d605d) (ScriptedImporter) -> (artifact id: '582f78ad88825fdee90814a93402298f') in 0.0303043 seconds
Number of updated asset objects reloaded before import = 0Number of asset objects unloaded after import = 152

========================================================================
Received Import Request.
  Time since last request: 0.000050 seconds.
  path: Assets/Studio33 Interactive_[BasketBall] v1.1/Animations/Basketball Motions_Generic/1768_JumpshotReadyFake.fbx
  artifactKey: Guid(96addba6caff99c4ca28be7ef330b12e) Importer(2089858483,b0f066a214c2f5e87bad3c948f4d605d)
Start importing Assets/Studio33 Interactive_[BasketBall] v1.1/Animations/Basketball Motions_Generic/1768_JumpshotReadyFake.fbx using Guid(96addba6caff99c4ca28be7ef330b12e) Importer(2089858483,b0f066a214c2f5e87bad3c948f4d605d) (ScriptedImporter) -> (artifact id: '9043623b6cf0c221b066fc2d8cf02d58') in 0.0303093 seconds
Number of updated asset objects reloaded before import = 0Number of asset objects unloaded after import = 152

========================================================================
Received Import Request.
  Time since last request: 0.000048 seconds.
  path: Assets/Studio33 Interactive_[BasketBall] v1.1/Animations/Basketball Motions_Generic/1789_DunkCA.fbx
  artifactKey: Guid(9447dd39f2e4ce643a67ce14a47484c2) Importer(2089858483,b0f066a214c2f5e87bad3c948f4d605d)
Start importing Assets/Studio33 Interactive_[BasketBall] v1.1/Animations/Basketball Motions_Generic/1789_DunkCA.fbx using Guid(9447dd39f2e4ce643a67ce14a47484c2) Importer(2089858483,b0f066a214c2f5e87bad3c948f4d605d) (ScriptedImporter) -> (artifact id: 'becfa7114c6aed8c5b55e96be4d5c8e0') in 0.02986 seconds
Number of updated asset objects reloaded before import = 0Number of asset objects unloaded after import = 152

========================================================================
Received Import Request.
  Time since last request: 0.000039 seconds.
  path: Assets/Studio33 Interactive_[BasketBall] v1.1/Animations/Basketball Motions Humanoid/1508_AlleyoopCSA.fbx
  artifactKey: Guid(6c774204e963c144dbb3b3af78057017) Importer(2089858483,b0f066a214c2f5e87bad3c948f4d605d)
Start importing Assets/Studio33 Interactive_[BasketBall] v1.1/Animations/Basketball Motions Humanoid/1508_AlleyoopCSA.fbx using Guid(6c774204e963c144dbb3b3af78057017) Importer(2089858483,b0f066a214c2f5e87bad3c948f4d605d) (ScriptedImporter) -> (artifact id: '0274fb049d6f11f82a2e0c7cec7b2ef2') in 0.031418 seconds
Number of updated asset objects reloaded before import = 0Number of asset objects unloaded after import = 154

========================================================================
Received Import Request.
  Time since last request: 0.000039 seconds.
  path: Assets/Studio33 Interactive_[BasketBall] v1.1/Animations/Basketball Motions_Generic/1142_DclutchFRightA.fbx
  artifactKey: Guid(01698c32ae615804c9e72a5dbdfc93d0) Importer(2089858483,b0f066a214c2f5e87bad3c948f4d605d)
Start importing Assets/Studio33 Interactive_[BasketBall] v1.1/Animations/Basketball Motions_Generic/1142_DclutchFRightA.fbx using Guid(01698c32ae615804c9e72a5dbdfc93d0) Importer(2089858483,b0f066a214c2f5e87bad3c948f4d605d) (ScriptedImporter) -> (artifact id: '374a304bae037474b7251c2d5a526f4b') in 0.0288038 seconds
Number of updated asset objects reloaded before import = 0Number of asset objects unloaded after import = 152

========================================================================
Received Import Request.
  Time since last request: 0.000039 seconds.
  path: Assets/Studio33 Interactive_[BasketBall] v1.1/Animations/Basketball Motions Humanoid/1135_AlleyoopDclutchRRightA.fbx
  artifactKey: Guid(a20d081fc6c971d4e8b69589492a6bc5) Importer(2089858483,b0f066a214c2f5e87bad3c948f4d605d)
Start importing Assets/Studio33 Interactive_[BasketBall] v1.1/Animations/Basketball Motions Humanoid/1135_AlleyoopDclutchRRightA.fbx using Guid(a20d081fc6c971d4e8b69589492a6bc5) Importer(2089858483,b0f066a214c2f5e87bad3c948f4d605d) (ScriptedImporter) -> (artifact id: '026aa15a85c3f94da38da97fd6cf86e4') in 0.030118 seconds
Number of updated asset objects reloaded before import = 0Number of asset objects unloaded after import = 154

========================================================================
Received Import Request.
  Time since last request: 0.000042 seconds.
  path: Assets/Studio33 Interactive_[BasketBall] v1.1/Animations/Basketball Motions Humanoid/1735_JumpshotReadyFake.fbx
  artifactKey: Guid(ccecc45886e13064f97f2711a2f75310) Importer(2089858483,b0f066a214c2f5e87bad3c948f4d605d)
Start importing Assets/Studio33 Interactive_[BasketBall] v1.1/Animations/Basketball Motions Humanoid/1735_JumpshotReadyFake.fbx using Guid(ccecc45886e13064f97f2711a2f75310) Importer(2089858483,b0f066a214c2f5e87bad3c948f4d605d) (ScriptedImporter) -> (artifact id: 'b62a809187b66963794508e010829e09') in 0.0311762 seconds
Number of updated asset objects reloaded before import = 0Number of asset objects unloaded after import = 154

========================================================================
Received Import Request.
  Time since last request: 0.000044 seconds.
  path: Assets/Studio33 Interactive_[BasketBall] v1.1/Animations/Basketball Motions Humanoid/1789_DunkCA.fbx
  artifactKey: Guid(d3057f1fba1817746af86c3fda34c324) Importer(2089858483,b0f066a214c2f5e87bad3c948f4d605d)
Start importing Assets/Studio33 Interactive_[BasketBall] v1.1/Animations/Basketball Motions Humanoid/1789_DunkCA.fbx using Guid(d3057f1fba1817746af86c3fda34c324) Importer(2089858483,b0f066a214c2f5e87bad3c948f4d605d) (ScriptedImporter) -> (artifact id: 'd0461d1ba65e663cd7ee33ab0c70c37c') in 0.0300849 seconds
Number of updated asset objects reloaded before import = 0Number of asset objects unloaded after import = 154

========================================================================
Received Import Request.
  Time since last request: 0.000064 seconds.
  path: Assets/Studio33 Interactive_[BasketBall] v1.1/Animations/Basketball Motions Humanoid/138_PostPushBaA.fbx
  artifactKey: Guid(c05562b7e09bf864295a2893391bef6d) Importer(2089858483,b0f066a214c2f5e87bad3c948f4d605d)
Start importing Assets/Studio33 Interactive_[BasketBall] v1.1/Animations/Basketball Motions Humanoid/138_PostPushBaA.fbx using Guid(c05562b7e09bf864295a2893391bef6d) Importer(2089858483,b0f066a214c2f5e87bad3c948f4d605d) (ScriptedImporter) -> (artifact id: 'e04108ef0520c7e277853adc5975e73e') in 0.0327978 seconds
Number of updated asset objects reloaded before import = 0Number of asset objects unloaded after import = 154

========================================================================
Received Import Request.
  Time since last request: 0.000039 seconds.
  path: Assets/Studio33 Interactive_[BasketBall] v1.1/Animations/Basketball Motions_Generic/683_AlleyoopNpassA.fbx
  artifactKey: Guid(e6a18483a98c32d4ab2b232a2425a8a9) Importer(2089858483,b0f066a214c2f5e87bad3c948f4d605d)
Start importing Assets/Studio33 Interactive_[BasketBall] v1.1/Animations/Basketball Motions_Generic/683_AlleyoopNpassA.fbx using Guid(e6a18483a98c32d4ab2b232a2425a8a9) Importer(2089858483,b0f066a214c2f5e87bad3c948f4d605d) (ScriptedImporter) -> (artifact id: 'b68e3d9dc8b4630f788607312af63d46') in 0.0272754 seconds
Number of updated asset objects reloaded before import = 0Number of asset objects unloaded after import = 152

========================================================================
Received Import Request.
  Time since last request: 0.000045 seconds.
  path: Assets/Studio33 Interactive_[BasketBall] v1.1/Animations/Basketball Motions_Generic/573_StealA.fbx
  artifactKey: Guid(3a23ddcaad4e56946b00955fcf7b668d) Importer(2089858483,b0f066a214c2f5e87bad3c948f4d605d)
Start importing Assets/Studio33 Interactive_[BasketBall] v1.1/Animations/Basketball Motions_Generic/573_StealA.fbx using Guid(3a23ddcaad4e56946b00955fcf7b668d) Importer(2089858483,b0f066a214c2f5e87bad3c948f4d605d) (ScriptedImporter) -> (artifact id: '3eb5b6bef59560c62bb27937b8105046') in 0.0352785 seconds
Number of updated asset objects reloaded before import = 0Number of asset objects unloaded after import = 152

========================================================================
Received Import Request.
  Time since last request: 0.000056 seconds.
  path: Assets/Studio33 Interactive_[BasketBall] v1.1/Animations/Basketball Motions_Generic/1295_DunkCA.fbx
  artifactKey: Guid(ea46a714fb809ca43bb4103234f58313) Importer(2089858483,b0f066a214c2f5e87bad3c948f4d605d)
Start importing Assets/Studio33 Interactive_[BasketBall] v1.1/Animations/Basketball Motions_Generic/1295_DunkCA.fbx using Guid(ea46a714fb809ca43bb4103234f58313) Importer(2089858483,b0f066a214c2f5e87bad3c948f4d605d) (ScriptedImporter) -> (artifact id: 'e4911a768cd216aba41257023e49f61c') in 0.0316247 seconds
Number of updated asset objects reloaded before import = 0Number of asset objects unloaded after import = 152

========================================================================
Received Import Request.
  Time since last request: 0.000043 seconds.
  path: Assets/Studio33 Interactive_[BasketBall] v1.1/Animations/Basketball Motions Humanoid/1599_DunkRB.fbx
  artifactKey: Guid(691108f8f8f2ad24bb776b119d8e8d7d) Importer(2089858483,b0f066a214c2f5e87bad3c948f4d605d)
Start importing Assets/Studio33 Interactive_[BasketBall] v1.1/Animations/Basketball Motions Humanoid/1599_DunkRB.fbx using Guid(691108f8f8f2ad24bb776b119d8e8d7d) Importer(2089858483,b0f066a214c2f5e87bad3c948f4d605d) (ScriptedImporter) -> (artifact id: '8ebf2f086e6c94f14af247f9c2cce23f') in 0.03061 seconds
Number of updated asset objects reloaded before import = 0Number of asset objects unloaded after import = 154

========================================================================
Received Import Request.
  Time since last request: 0.000095 seconds.
  path: Assets/Studio33 Interactive_[BasketBall] v1.1/Animations/Basketball Motions Humanoid/439_DefenceRightAC.fbx
  artifactKey: Guid(5e9608f91d4357c4cb8f2e0f00e33a3a) Importer(2089858483,b0f066a214c2f5e87bad3c948f4d605d)
Start importing Assets/Studio33 Interactive_[BasketBall] v1.1/Animations/Basketball Motions Humanoid/439_DefenceRightAC.fbx using Guid(5e9608f91d4357c4cb8f2e0f00e33a3a) Importer(2089858483,b0f066a214c2f5e87bad3c948f4d605d) (ScriptedImporter) -> (artifact id: '00d14e271b45a414113c881971c0f4eb') in 0.0284443 seconds
Number of updated asset objects reloaded before import = 0Number of asset objects unloaded after import = 154

========================================================================
Received Import Request.
  Time since last request: 0.000050 seconds.
  path: Assets/Studio33 Interactive_[BasketBall] v1.1/Animations/Basketball Motions Humanoid/1665_LayupRevRA.fbx
  artifactKey: Guid(d01ccf23f9566f241808e93846af4ac4) Importer(2089858483,b0f066a214c2f5e87bad3c948f4d605d)
Start importing Assets/Studio33 Interactive_[BasketBall] v1.1/Animations/Basketball Motions Humanoid/1665_LayupRevRA.fbx using Guid(d01ccf23f9566f241808e93846af4ac4) Importer(2089858483,b0f066a214c2f5e87bad3c948f4d605d) (ScriptedImporter) -> (artifact id: '9ac877efa1d74c7c3e04fa65c5468f49') in 0.0292807 seconds
Number of updated asset objects reloaded before import = 0Number of asset objects unloaded after import = 154

========================================================================
Received Import Request.
  Time since last request: 0.000037 seconds.
  path: Assets/Studio33 Interactive_[BasketBall] v1.1/Animations/Basketball Motions_Generic/1847_DunkCA.fbx
  artifactKey: Guid(49118c696cc62364aabe8ad8bb8273f5) Importer(2089858483,b0f066a214c2f5e87bad3c948f4d605d)
Start importing Assets/Studio33 Interactive_[BasketBall] v1.1/Animations/Basketball Motions_Generic/1847_DunkCA.fbx using Guid(49118c696cc62364aabe8ad8bb8273f5) Importer(2089858483,b0f066a214c2f5e87bad3c948f4d605d) (ScriptedImporter) -> (artifact id: 'd43163f9ade4857ff2595b4f79be8783') in 0.0296849 seconds
Number of updated asset objects reloaded before import = 0Number of asset objects unloaded after import = 152

========================================================================
Received Import Request.
  Time since last request: 0.000044 seconds.
  path: Assets/Studio33 Interactive_[BasketBall] v1.1/Animations/Basketball Motions Humanoid/81_BlockingckpassLongLA.fbx
  artifactKey: Guid(5f7263cc366833f4a91ec77f32992096) Importer(2089858483,b0f066a214c2f5e87bad3c948f4d605d)
Start importing Assets/Studio33 Interactive_[BasketBall] v1.1/Animations/Basketball Motions Humanoid/81_BlockingckpassLongLA.fbx using Guid(5f7263cc366833f4a91ec77f32992096) Importer(2089858483,b0f066a214c2f5e87bad3c948f4d605d) (ScriptedImporter) -> (artifact id: 'ab99543ae5903d4dd48556b02cf91ebf') in 0.0335256 seconds
Number of updated asset objects reloaded before import = 0Number of asset objects unloaded after import = 154

========================================================================
Received Import Request.
  Time since last request: 0.000051 seconds.
  path: Assets/Studio33 Interactive_[BasketBall] v1.1/Animations/Basketball Motions_Generic/1046_TappassTapFRA.fbx
  artifactKey: Guid(ccef28e0e61ce4846a654ed091204339) Importer(2089858483,b0f066a214c2f5e87bad3c948f4d605d)
Start importing Assets/Studio33 Interactive_[BasketBall] v1.1/Animations/Basketball Motions_Generic/1046_TappassTapFRA.fbx using Guid(ccef28e0e61ce4846a654ed091204339) Importer(2089858483,b0f066a214c2f5e87bad3c948f4d605d) (ScriptedImporter) -> (artifact id: '035a9f5527bdc786a8c129f0cbea186a') in 0.0314109 seconds
Number of updated asset objects reloaded before import = 0Number of asset objects unloaded after import = 152

========================================================================
Received Import Request.
  Time since last request: 0.000050 seconds.
  path: Assets/Studio33 Interactive_[BasketBall] v1.1/Animations/Basketball Motions Humanoid/331_CrossThRRRA.fbx
  artifactKey: Guid(6e2eeb40c857284459cc76ead0b15627) Importer(2089858483,b0f066a214c2f5e87bad3c948f4d605d)
Start importing Assets/Studio33 Interactive_[BasketBall] v1.1/Animations/Basketball Motions Humanoid/331_CrossThRRRA.fbx using Guid(6e2eeb40c857284459cc76ead0b15627) Importer(2089858483,b0f066a214c2f5e87bad3c948f4d605d) (ScriptedImporter) -> (artifact id: 'b3e6cb41f6385668701009728523ee59') in 0.0294081 seconds
Number of updated asset objects reloaded before import = 0Number of asset objects unloaded after import = 154

========================================================================
Received Import Request.
  Time since last request: 0.000044 seconds.
  path: Assets/Studio33 Interactive_[BasketBall] v1.1/Animations/Basketball Motions Humanoid/1373_JumpshotNomarkReadyFake.fbx
  artifactKey: Guid(5488d13999c9e2344a1b9ebbe852981d) Importer(2089858483,b0f066a214c2f5e87bad3c948f4d605d)
Start importing Assets/Studio33 Interactive_[BasketBall] v1.1/Animations/Basketball Motions Humanoid/1373_JumpshotNomarkReadyFake.fbx using Guid(5488d13999c9e2344a1b9ebbe852981d) Importer(2089858483,b0f066a214c2f5e87bad3c948f4d605d) (ScriptedImporter) -> (artifact id: '3f1e75a9cde4f07d3aeee9eb3a481d78') in 0.0284029 seconds
Number of updated asset objects reloaded before import = 0Number of asset objects unloaded after import = 154

========================================================================
Received Import Request.
  Time since last request: 0.000063 seconds.
  path: Assets/Studio33 Interactive_[BasketBall] v1.1/Animations/Basketball Motions Humanoid/204_PushPostpushA.fbx
  artifactKey: Guid(19bc66904d9749542b718cf20a5093f4) Importer(2089858483,b0f066a214c2f5e87bad3c948f4d605d)
Start importing Assets/Studio33 Interactive_[BasketBall] v1.1/Animations/Basketball Motions Humanoid/204_PushPostpushA.fbx using Guid(19bc66904d9749542b718cf20a5093f4) Importer(2089858483,b0f066a214c2f5e87bad3c948f4d605d) (ScriptedImporter) -> (artifact id: '3c2def0b1eeb9f4d2fc830a97af167f8') in 0.0286957 seconds
Number of updated asset objects reloaded before import = 0Number of asset objects unloaded after import = 154

========================================================================
Received Import Request.
  Time since last request: 0.000037 seconds.
  path: Assets/Studio33 Interactive_[BasketBall] v1.1/Animations/Basketball Motions Humanoid/1886_DunkCA.fbx
  artifactKey: Guid(32feb095df46b884ab3440dfd7af889c) Importer(2089858483,b0f066a214c2f5e87bad3c948f4d605d)
Start importing Assets/Studio33 Interactive_[BasketBall] v1.1/Animations/Basketball Motions Humanoid/1886_DunkCA.fbx using Guid(32feb095df46b884ab3440dfd7af889c) Importer(2089858483,b0f066a214c2f5e87bad3c948f4d605d) (ScriptedImporter) -> (artifact id: '3cf152de45c79d436322e77c49e56e19') in 0.0374901 seconds
Number of updated asset objects reloaded before import = 0Number of asset objects unloaded after import = 154

========================================================================
Received Import Request.
  Time since last request: 0.000048 seconds.
  path: Assets/Studio33 Interactive_[BasketBall] v1.1/Animations/Basketball Motions_Generic/435_DefenceFrontAC.fbx
  artifactKey: Guid(19e433290177ab94daacb4781984a9ac) Importer(2089858483,b0f066a214c2f5e87bad3c948f4d605d)
Start importing Assets/Studio33 Interactive_[BasketBall] v1.1/Animations/Basketball Motions_Generic/435_DefenceFrontAC.fbx using Guid(19e433290177ab94daacb4781984a9ac) Importer(2089858483,b0f066a214c2f5e87bad3c948f4d605d) (ScriptedImporter) -> (artifact id: '2b8905831868602806bdfabd7cc2ecf2') in 0.0342817 seconds
Number of updated asset objects reloaded before import = 0Number of asset objects unloaded after import = 152

========================================================================
Received Import Request.
  Time since last request: 0.000046 seconds.
  path: Assets/Studio33 Interactive_[BasketBall] v1.1/Animations/Basketball Motions Humanoid/1880_DunkRA.fbx
  artifactKey: Guid(1b58a49b0dad9fb44acd496a76fd9ddf) Importer(2089858483,b0f066a214c2f5e87bad3c948f4d605d)
Start importing Assets/Studio33 Interactive_[BasketBall] v1.1/Animations/Basketball Motions Humanoid/1880_DunkRA.fbx using Guid(1b58a49b0dad9fb44acd496a76fd9ddf) Importer(2089858483,b0f066a214c2f5e87bad3c948f4d605d) (ScriptedImporter) -> (artifact id: '0fcb8d3baf183f6413e6345853a2c285') in 0.0315801 seconds
Number of updated asset objects reloaded before import = 0Number of asset objects unloaded after import = 154

========================================================================
Received Import Request.
  Time since last request: 0.000054 seconds.
  path: Assets/Studio33 Interactive_[BasketBall] v1.1/Animations/Basketball Motions Humanoid/960_Rebound fB.fbx
  artifactKey: Guid(9ceeb7f01fc567e4e8e71f9c14682618) Importer(2089858483,b0f066a214c2f5e87bad3c948f4d605d)
Start importing Assets/Studio33 Interactive_[BasketBall] v1.1/Animations/Basketball Motions Humanoid/960_Rebound fB.fbx using Guid(9ceeb7f01fc567e4e8e71f9c14682618) Importer(2089858483,b0f066a214c2f5e87bad3c948f4d605d) (ScriptedImporter) -> (artifact id: '0d440ffb46b73f0fc1d322cbf8bec242') in 0.0296489 seconds
Number of updated asset objects reloaded before import = 0Number of asset objects unloaded after import = 154

========================================================================
Received Import Request.
  Time since last request: 0.000031 seconds.
  path: Assets/Studio33 Interactive_[BasketBall] v1.1/Animations/Basketball Motions Humanoid/1151_DunkCA.fbx
  artifactKey: Guid(1efcdb23c5928984a820d352e78d7a05) Importer(2089858483,b0f066a214c2f5e87bad3c948f4d605d)
Start importing Assets/Studio33 Interactive_[BasketBall] v1.1/Animations/Basketball Motions Humanoid/1151_DunkCA.fbx using Guid(1efcdb23c5928984a820d352e78d7a05) Importer(2089858483,b0f066a214c2f5e87bad3c948f4d605d) (ScriptedImporter) -> (artifact id: '22112ab8acb783261b195c7f077208e1') in 0.0304333 seconds
Number of updated asset objects reloaded before import = 0Number of asset objects unloaded after import = 154

========================================================================
Received Import Request.
  Time since last request: 0.000039 seconds.
  path: Assets/Studio33 Interactive_[BasketBall] v1.1/Animations/Basketball Motions_Generic/404_UntamedWindupA.fbx
  artifactKey: Guid(19bd7204d3dd8c347a08e92328716bbb) Importer(2089858483,b0f066a214c2f5e87bad3c948f4d605d)
Start importing Assets/Studio33 Interactive_[BasketBall] v1.1/Animations/Basketball Motions_Generic/404_UntamedWindupA.fbx using Guid(19bd7204d3dd8c347a08e92328716bbb) Importer(2089858483,b0f066a214c2f5e87bad3c948f4d605d) (ScriptedImporter) -> (artifact id: '3c4529cc4906a5def4c7fdc9d17b122e') in 0.0295347 seconds
Number of updated asset objects reloaded before import = 0Number of asset objects unloaded after import = 152

========================================================================
Received Import Request.
  Time since last request: 0.000048 seconds.
  path: Assets/Studio33 Interactive_[BasketBall] v1.1/Animations/Basketball Motions Humanoid/612_DivpassFA.fbx
  artifactKey: Guid(a48c67ad99b8c8146a2dd9dd4a7981e4) Importer(2089858483,b0f066a214c2f5e87bad3c948f4d605d)
Start importing Assets/Studio33 Interactive_[BasketBall] v1.1/Animations/Basketball Motions Humanoid/612_DivpassFA.fbx using Guid(a48c67ad99b8c8146a2dd9dd4a7981e4) Importer(2089858483,b0f066a214c2f5e87bad3c948f4d605d) (ScriptedImporter) -> (artifact id: 'a23d78d5e7b91fe14955c149788bef59') in 0.0363686 seconds
Number of updated asset objects reloaded before import = 0Number of asset objects unloaded after import = 154

========================================================================
Received Import Request.
  Time since last request: 0.000048 seconds.
  path: Assets/Studio33 Interactive_[BasketBall] v1.1/Animations/Basketball Motions Humanoid/1556_LayupCA.fbx
  artifactKey: Guid(9327d70ea95dafb46b72dc11bc6f4318) Importer(2089858483,b0f066a214c2f5e87bad3c948f4d605d)
Start importing Assets/Studio33 Interactive_[BasketBall] v1.1/Animations/Basketball Motions Humanoid/1556_LayupCA.fbx using Guid(9327d70ea95dafb46b72dc11bc6f4318) Importer(2089858483,b0f066a214c2f5e87bad3c948f4d605d) (ScriptedImporter) -> (artifact id: 'ad1a4891dde7d7f4afb4844786c4a519') in 0.0289866 seconds
Number of updated asset objects reloaded before import = 0Number of asset objects unloaded after import = 154

========================================================================
Received Import Request.
  Time since last request: 0.000039 seconds.
  path: Assets/Studio33 Interactive_[BasketBall] v1.1/Animations/Basketball Motions_Generic/1489_DclutchRLeftA.fbx
  artifactKey: Guid(b5566072a9e71994e8860a93a3a5a493) Importer(2089858483,b0f066a214c2f5e87bad3c948f4d605d)
Start importing Assets/Studio33 Interactive_[BasketBall] v1.1/Animations/Basketball Motions_Generic/1489_DclutchRLeftA.fbx using Guid(b5566072a9e71994e8860a93a3a5a493) Importer(2089858483,b0f066a214c2f5e87bad3c948f4d605d) (ScriptedImporter) -> (artifact id: 'a416a955dc757d8df5bb6098f227becd') in 0.0299837 seconds
Number of updated asset objects reloaded before import = 0Number of asset objects unloaded after import = 152

========================================================================
Received Import Request.
  Time since last request: 0.000040 seconds.
  path: Assets/Studio33 Interactive_[BasketBall] v1.1/Animations/Basketball Motions Humanoid/972_Rebound C.fbx
  artifactKey: Guid(7e2109caa611e844a95f36415be962bb) Importer(2089858483,b0f066a214c2f5e87bad3c948f4d605d)
Start importing Assets/Studio33 Interactive_[BasketBall] v1.1/Animations/Basketball Motions Humanoid/972_Rebound C.fbx using Guid(7e2109caa611e844a95f36415be962bb) Importer(2089858483,b0f066a214c2f5e87bad3c948f4d605d) (ScriptedImporter) -> (artifact id: 'a2c965dadc216424f7413f99a99f0c79') in 0.0306102 seconds
Number of updated asset objects reloaded before import = 0Number of asset objects unloaded after import = 154

========================================================================
Received Import Request.
  Time since last request: 0.000047 seconds.
  path: Assets/Studio33 Interactive_[BasketBall] v1.1/Animations/Basketball Motions Humanoid/1386_JumpshotReadyFake.fbx
  artifactKey: Guid(901a92e0e2ae75040ad4b2b48d1d13dd) Importer(2089858483,b0f066a214c2f5e87bad3c948f4d605d)
Start importing Assets/Studio33 Interactive_[BasketBall] v1.1/Animations/Basketball Motions Humanoid/1386_JumpshotReadyFake.fbx using Guid(901a92e0e2ae75040ad4b2b48d1d13dd) Importer(2089858483,b0f066a214c2f5e87bad3c948f4d605d) (ScriptedImporter) -> (artifact id: '9dfc79d5d697ae3c64c17d1d8505d700') in 0.0269055 seconds
Number of updated asset objects reloaded before import = 0Number of asset objects unloaded after import = 154

========================================================================
Received Import Request.
  Time since last request: 0.000067 seconds.
  path: Assets/Studio33 Interactive_[BasketBall] v1.1/Animations/Basketball Motions_Generic/463_MarkResistancefaceupF.fbx
  artifactKey: Guid(93743c85d3e82aa46ae6132161c4129c) Importer(2089858483,b0f066a214c2f5e87bad3c948f4d605d)
Start importing Assets/Studio33 Interactive_[BasketBall] v1.1/Animations/Basketball Motions_Generic/463_MarkResistancefaceupF.fbx using Guid(93743c85d3e82aa46ae6132161c4129c) Importer(2089858483,b0f066a214c2f5e87bad3c948f4d605d) (ScriptedImporter) -> (artifact id: 'f08000c9dc50c209f4d8817d785f5b39') in 0.0312996 seconds
Number of updated asset objects reloaded before import = 0Number of asset objects unloaded after import = 152

========================================================================
Received Import Request.
  Time since last request: 0.000031 seconds.
  path: Assets/Studio33 Interactive_[BasketBall] v1.1/Animations/Basketball Motions_Generic/1093_ScreeescapeSidefrontA.fbx
  artifactKey: Guid(02fa7e8851c00f44aa4649dc2b24c326) Importer(2089858483,b0f066a214c2f5e87bad3c948f4d605d)
Start importing Assets/Studio33 Interactive_[BasketBall] v1.1/Animations/Basketball Motions_Generic/1093_ScreeescapeSidefrontA.fbx using Guid(02fa7e8851c00f44aa4649dc2b24c326) Importer(2089858483,b0f066a214c2f5e87bad3c948f4d605d) (ScriptedImporter) -> (artifact id: 'b67dadd2b2d0e3d00750e602883e1c4a') in 0.0310798 seconds
Number of updated asset objects reloaded before import = 0Number of asset objects unloaded after import = 152

========================================================================
Received Import Request.
  Time since last request: 0.000033 seconds.
  path: Assets/Studio33 Interactive_[BasketBall] v1.1/Animations/Basketball Motions_Generic/1164_DunkCA.fbx
  artifactKey: Guid(e79b7bcb0a40207499a58b56696a365b) Importer(2089858483,b0f066a214c2f5e87bad3c948f4d605d)
Start importing Assets/Studio33 Interactive_[BasketBall] v1.1/Animations/Basketball Motions_Generic/1164_DunkCA.fbx using Guid(e79b7bcb0a40207499a58b56696a365b) Importer(2089858483,b0f066a214c2f5e87bad3c948f4d605d) (ScriptedImporter) -> (artifact id: '646ead9607681883f9d9734525ad5e66') in 0.0310438 seconds
Number of updated asset objects reloaded before import = 0Number of asset objects unloaded after import = 152

========================================================================
Received Import Request.
  Time since last request: 0.000054 seconds.
  path: Assets/Studio33 Interactive_[BasketBall] v1.1/Animations/Basketball Motions_Generic/1203_DunkRA.fbx
  artifactKey: Guid(c8fad3893ce65204e88b75422e95abd9) Importer(2089858483,b0f066a214c2f5e87bad3c948f4d605d)
Start importing Assets/Studio33 Interactive_[BasketBall] v1.1/Animations/Basketball Motions_Generic/1203_DunkRA.fbx using Guid(c8fad3893ce65204e88b75422e95abd9) Importer(2089858483,b0f066a214c2f5e87bad3c948f4d605d) (ScriptedImporter) -> (artifact id: '6bdcd7389eb206fea4fbcd9373b463e3') in 0.0290931 seconds
Number of updated asset objects reloaded before import = 0Number of asset objects unloaded after import = 152

========================================================================
Received Import Request.
  Time since last request: 0.000048 seconds.
  path: Assets/Studio33 Interactive_[BasketBall] v1.1/Animations/Basketball Motions Humanoid/498_DribblestartDashC.fbx
  artifactKey: Guid(865aeac36526f904883e8a5a86ff7d69) Importer(2089858483,b0f066a214c2f5e87bad3c948f4d605d)
Start importing Assets/Studio33 Interactive_[BasketBall] v1.1/Animations/Basketball Motions Humanoid/498_DribblestartDashC.fbx using Guid(865aeac36526f904883e8a5a86ff7d69) Importer(2089858483,b0f066a214c2f5e87bad3c948f4d605d) (ScriptedImporter) -> (artifact id: '13d9ef2e8d331af06d4edf40c0a93923') in 0.0314968 seconds
Number of updated asset objects reloaded before import = 0Number of asset objects unloaded after import = 154

========================================================================
Received Import Request.
  Time since last request: 0.000048 seconds.
  path: Assets/Studio33 Interactive_[BasketBall] v1.1/Animations/Basketball Motions_Generic/1207_DunkRA.fbx
  artifactKey: Guid(89ed326123a1ba34c9d660494e581d62) Importer(2089858483,b0f066a214c2f5e87bad3c948f4d605d)
Start importing Assets/Studio33 Interactive_[BasketBall] v1.1/Animations/Basketball Motions_Generic/1207_DunkRA.fbx using Guid(89ed326123a1ba34c9d660494e581d62) Importer(2089858483,b0f066a214c2f5e87bad3c948f4d605d) (ScriptedImporter) -> (artifact id: '2e8970a0d73bd1952c40404e293fecc5') in 0.028131 seconds
Number of updated asset objects reloaded before import = 0Number of asset objects unloaded after import = 152

========================================================================
Received Import Request.
  Time since last request: 0.000051 seconds.
  path: Assets/Studio33 Interactive_[BasketBall] v1.1/Animations/Basketball Motions_Generic/1806_DunkClutchRRightA.fbx
  artifactKey: Guid(0fa75ffc9710ff24a82a6a0ec75af9c1) Importer(2089858483,b0f066a214c2f5e87bad3c948f4d605d)
Start importing Assets/Studio33 Interactive_[BasketBall] v1.1/Animations/Basketball Motions_Generic/1806_DunkClutchRRightA.fbx using Guid(0fa75ffc9710ff24a82a6a0ec75af9c1) Importer(2089858483,b0f066a214c2f5e87bad3c948f4d605d) (ScriptedImporter) -> (artifact id: '99326a8ac436e4b9f91b905c3e6ceb8d') in 0.0285596 seconds
Number of updated asset objects reloaded before import = 0Number of asset objects unloaded after import = 152

========================================================================
Received Import Request.
  Time since last request: 0.000030 seconds.
  path: Assets/Studio33 Interactive_[BasketBall] v1.1/Animations/Basketball Motions Humanoid/1912_DunkCA.fbx
  artifactKey: Guid(14b4139c982161b45b712befde60ac15) Importer(2089858483,b0f066a214c2f5e87bad3c948f4d605d)
Start importing Assets/Studio33 Interactive_[BasketBall] v1.1/Animations/Basketball Motions Humanoid/1912_DunkCA.fbx using Guid(14b4139c982161b45b712befde60ac15) Importer(2089858483,b0f066a214c2f5e87bad3c948f4d605d) (ScriptedImporter) -> (artifact id: 'e4f9fd203ef13d0cf05f429706a2951a') in 0.0359714 seconds
Number of updated asset objects reloaded before import = 0Number of asset objects unloaded after import = 154

========================================================================
Received Import Request.
  Time since last request: 0.000044 seconds.
  path: Assets/Studio33 Interactive_[BasketBall] v1.1/Animations/Basketball Motions_Generic/212_ShoulderdunkTeba.fbx
  artifactKey: Guid(b834b443c5e636942992334ce416ed63) Importer(2089858483,b0f066a214c2f5e87bad3c948f4d605d)
Start importing Assets/Studio33 Interactive_[BasketBall] v1.1/Animations/Basketball Motions_Generic/212_ShoulderdunkTeba.fbx using Guid(b834b443c5e636942992334ce416ed63) Importer(2089858483,b0f066a214c2f5e87bad3c948f4d605d) (ScriptedImporter) -> (artifact id: 'd15dc7fe99732a473f806143ff6d0a75') in 0.0276513 seconds
Number of updated asset objects reloaded before import = 0Number of asset objects unloaded after import = 152

========================================================================
Received Import Request.
  Time since last request: 0.000055 seconds.
  path: Assets/Studio33 Interactive_[BasketBall] v1.1/Animations/Basketball Motions Humanoid/990_Rebound rB.fbx
  artifactKey: Guid(f742b81ab9ce92549b1044230d6a7a69) Importer(2089858483,b0f066a214c2f5e87bad3c948f4d605d)
Start importing Assets/Studio33 Interactive_[BasketBall] v1.1/Animations/Basketball Motions Humanoid/990_Rebound rB.fbx using Guid(f742b81ab9ce92549b1044230d6a7a69) Importer(2089858483,b0f066a214c2f5e87bad3c948f4d605d) (ScriptedImporter) -> (artifact id: '0be383518d682b3a910f38fad1523118') in 0.0299911 seconds
Number of updated asset objects reloaded before import = 0Number of asset objects unloaded after import = 154

========================================================================
Received Import Request.
  Time since last request: 0.000045 seconds.
  path: Assets/Studio33 Interactive_[BasketBall] v1.1/Animations/Basketball Motions_Generic/2047_JumpshotReadyFake.fbx
  artifactKey: Guid(5baf2e2ef303293439cc1decb5078f8a) Importer(2089858483,b0f066a214c2f5e87bad3c948f4d605d)
Start importing Assets/Studio33 Interactive_[BasketBall] v1.1/Animations/Basketball Motions_Generic/2047_JumpshotReadyFake.fbx using Guid(5baf2e2ef303293439cc1decb5078f8a) Importer(2089858483,b0f066a214c2f5e87bad3c948f4d605d) (ScriptedImporter) -> (artifact id: 'de820f97fc94c043e7115ce62a74cfb2') in 0.0259156 seconds
Number of updated asset objects reloaded before import = 0Number of asset objects unloaded after import = 152

========================================================================
Received Import Request.
  Time since last request: 0.000041 seconds.
  path: Assets/Studio33 Interactive_[BasketBall] v1.1/Animations/Basketball Motions_Generic/211_Falldowa.fbx
  artifactKey: Guid(71095fb62e507614aa61c57ce7c5d983) Importer(2089858483,b0f066a214c2f5e87bad3c948f4d605d)
Start importing Assets/Studio33 Interactive_[BasketBall] v1.1/Animations/Basketball Motions_Generic/211_Falldowa.fbx using Guid(71095fb62e507614aa61c57ce7c5d983) Importer(2089858483,b0f066a214c2f5e87bad3c948f4d605d) (ScriptedImporter) -> (artifact id: 'b73c3c64aadd1492d3de0d35ecbf61ba') in 0.0291387 seconds
Number of updated asset objects reloaded before import = 0Number of asset objects unloaded after import = 152

========================================================================
Received Import Request.
  Time since last request: 0.000048 seconds.
  path: Assets/Studio33 Interactive_[BasketBall] v1.1/Animations/Basketball Motions_Generic/1355_JumpshotMFakeAC.fbx
  artifactKey: Guid(b642728bcba96a842bf37a870f98f182) Importer(2089858483,b0f066a214c2f5e87bad3c948f4d605d)
Start importing Assets/Studio33 Interactive_[BasketBall] v1.1/Animations/Basketball Motions_Generic/1355_JumpshotMFakeAC.fbx using Guid(b642728bcba96a842bf37a870f98f182) Importer(2089858483,b0f066a214c2f5e87bad3c948f4d605d) (ScriptedImporter) -> (artifact id: 'f405fbad45c9c38ef0744d1ad33bde7f') in 0.0322525 seconds
Number of updated asset objects reloaded before import = 0Number of asset objects unloaded after import = 152

========================================================================
Received Import Request.
  Time since last request: 0.000045 seconds.
  path: Assets/Studio33 Interactive_[BasketBall] v1.1/Animations/Basketball Motions_Generic/1932_DunkRA.fbx
  artifactKey: Guid(3b05cb6b6c53f41469bbc785c62a3919) Importer(2089858483,b0f066a214c2f5e87bad3c948f4d605d)
Start importing Assets/Studio33 Interactive_[BasketBall] v1.1/Animations/Basketball Motions_Generic/1932_DunkRA.fbx using Guid(3b05cb6b6c53f41469bbc785c62a3919) Importer(2089858483,b0f066a214c2f5e87bad3c948f4d605d) (ScriptedImporter) -> (artifact id: '8503d45730b3783058f4073c40f37ea0') in 0.0366122 seconds
Number of updated asset objects reloaded before import = 0Number of asset objects unloaded after import = 152

========================================================================
Received Import Request.
  Time since last request: 0.000039 seconds.
  path: Assets/Studio33 Interactive_[BasketBall] v1.1/Animations/Basketball Motions_Generic/748_PassKiA.fbx
  artifactKey: Guid(b9fc9c8e8521b5b459a03969c7a3db8e) Importer(2089858483,b0f066a214c2f5e87bad3c948f4d605d)
Start importing Assets/Studio33 Interactive_[BasketBall] v1.1/Animations/Basketball Motions_Generic/748_PassKiA.fbx using Guid(b9fc9c8e8521b5b459a03969c7a3db8e) Importer(2089858483,b0f066a214c2f5e87bad3c948f4d605d) (ScriptedImporter) -> (artifact id: '35e8ebe32d6edc814799f3efe55db460') in 0.0274001 seconds
Number of updated asset objects reloaded before import = 0Number of asset objects unloaded after import = 152

========================================================================
Received Import Request.
  Time since last request: 0.000039 seconds.
  path: Assets/Studio33 Interactive_[BasketBall] v1.1/Animations/Basketball Motions_Generic/524_TrapcardCA.fbx
  artifactKey: Guid(77dfc229d30ae904ba7c93b9be3f9325) Importer(2089858483,b0f066a214c2f5e87bad3c948f4d605d)
Start importing Assets/Studio33 Interactive_[BasketBall] v1.1/Animations/Basketball Motions_Generic/524_TrapcardCA.fbx using Guid(77dfc229d30ae904ba7c93b9be3f9325) Importer(2089858483,b0f066a214c2f5e87bad3c948f4d605d) (ScriptedImporter) -> (artifact id: '19fd608b02cf54236b6065ee7ce00579') in 0.0287006 seconds
Number of updated asset objects reloaded before import = 0Number of asset objects unloaded after import = 152

========================================================================
Received Import Request.
  Time since last request: 0.000061 seconds.
  path: Assets/Studio33 Interactive_[BasketBall] v1.1/Animations/Basketball Motions_Generic/1051_BackboardDestructiowiA.fbx
  artifactKey: Guid(79c6b476fd26ee84da96d6417e36a1cc) Importer(2089858483,b0f066a214c2f5e87bad3c948f4d605d)
Start importing Assets/Studio33 Interactive_[BasketBall] v1.1/Animations/Basketball Motions_Generic/1051_BackboardDestructiowiA.fbx using Guid(79c6b476fd26ee84da96d6417e36a1cc) Importer(2089858483,b0f066a214c2f5e87bad3c948f4d605d) (ScriptedImporter) -> (artifact id: '322ae7adda51230aa39197cf23f800d5') in 0.0283396 seconds
Number of updated asset objects reloaded before import = 0Number of asset objects unloaded after import = 152

========================================================================
Received Import Request.
  Time since last request: 0.000049 seconds.
  path: Assets/Studio33 Interactive_[BasketBall] v1.1/Animations/Basketball Motions Humanoid/693_CrossPassOverA.fbx
  artifactKey: Guid(9fb24fe89c02c6f4d9e8407277dea337) Importer(2089858483,b0f066a214c2f5e87bad3c948f4d605d)
Start importing Assets/Studio33 Interactive_[BasketBall] v1.1/Animations/Basketball Motions Humanoid/693_CrossPassOverA.fbx using Guid(9fb24fe89c02c6f4d9e8407277dea337) Importer(2089858483,b0f066a214c2f5e87bad3c948f4d605d) (ScriptedImporter) -> (artifact id: 'adf85201a603863cdd4af727b584b29c') in 0.0278711 seconds
Number of updated asset objects reloaded before import = 0Number of asset objects unloaded after import = 154

========================================================================
Received Import Request.
  Time since last request: 0.000039 seconds.
  path: Assets/Studio33 Interactive_[BasketBall] v1.1/Animations/Basketball Motions Humanoid/114_Shadowbloshort.fbx
  artifactKey: Guid(c4aa569d092e6c541aaf27c85c7ad0a8) Importer(2089858483,b0f066a214c2f5e87bad3c948f4d605d)
Start importing Assets/Studio33 Interactive_[BasketBall] v1.1/Animations/Basketball Motions Humanoid/114_Shadowbloshort.fbx using Guid(c4aa569d092e6c541aaf27c85c7ad0a8) Importer(2089858483,b0f066a214c2f5e87bad3c948f4d605d) (ScriptedImporter) -> (artifact id: '65024376013bde12b1e74fdc5b3a6170') in 0.0341808 seconds
Number of updated asset objects reloaded before import = 0Number of asset objects unloaded after import = 154

========================================================================
Received Import Request.
  Time since last request: 0.000045 seconds.
  path: Assets/Studio33 Interactive_[BasketBall] v1.1/Animations/Basketball Motions Humanoid/1558_LayupRA.fbx
  artifactKey: Guid(5b8a9f39c973ebd4a900a863fc510d6c) Importer(2089858483,b0f066a214c2f5e87bad3c948f4d605d)
Start importing Assets/Studio33 Interactive_[BasketBall] v1.1/Animations/Basketball Motions Humanoid/1558_LayupRA.fbx using Guid(5b8a9f39c973ebd4a900a863fc510d6c) Importer(2089858483,b0f066a214c2f5e87bad3c948f4d605d) (ScriptedImporter) -> (artifact id: '31be37de46ef0b444cc40bac2ebbae28') in 0.0324644 seconds
Number of updated asset objects reloaded before import = 0Number of asset objects unloaded after import = 154

========================================================================
Received Import Request.
  Time since last request: 0.000033 seconds.
  path: Assets/Studio33 Interactive_[BasketBall] v1.1/Animations/Basketball Motions_Generic/1064_RsceneEntAway.fbx
  artifactKey: Guid(e2227d63f100b824491c49ea970b769e) Importer(2089858483,b0f066a214c2f5e87bad3c948f4d605d)
Start importing Assets/Studio33 Interactive_[BasketBall] v1.1/Animations/Basketball Motions_Generic/1064_RsceneEntAway.fbx using Guid(e2227d63f100b824491c49ea970b769e) Importer(2089858483,b0f066a214c2f5e87bad3c948f4d605d) (ScriptedImporter) -> (artifact id: '2f513bae603be801bc71312063d96e40') in 0.0279177 seconds
Number of updated asset objects reloaded before import = 0Number of asset objects unloaded after import = 152

========================================================================
Received Import Request.
  Time since last request: 0.000032 seconds.
  path: Assets/Studio33 Interactive_[BasketBall] v1.1/Animations/Basketball Motions Humanoid/44_BlockingckncatchLongNearLA.fbx
  artifactKey: Guid(00bdecf9720aaff4ca5cd2b8476f5ba9) Importer(2089858483,b0f066a214c2f5e87bad3c948f4d605d)
Start importing Assets/Studio33 Interactive_[BasketBall] v1.1/Animations/Basketball Motions Humanoid/44_BlockingckncatchLongNearLA.fbx using Guid(00bdecf9720aaff4ca5cd2b8476f5ba9) Importer(2089858483,b0f066a214c2f5e87bad3c948f4d605d) (ScriptedImporter) -> (artifact id: '76eb4f9a96f33dad421707ae89fb8f14') in 0.0304328 seconds
Number of updated asset objects reloaded before import = 0Number of asset objects unloaded after import = 154

========================================================================
Received Import Request.
  Time since last request: 0.000046 seconds.
  path: Assets/Studio33 Interactive_[BasketBall] v1.1/33_basket ball test animations/player/Back_number/Back_number_R/Rack_number_R_c03.png
  artifactKey: Guid(69f7e0e1b4a6e2d42bdb19d42a41affa) Importer(2089858483,b0f066a214c2f5e87bad3c948f4d605d)
Start importing Assets/Studio33 Interactive_[BasketBall] v1.1/33_basket ball test animations/player/Back_number/Back_number_R/Rack_number_R_c03.png using Guid(69f7e0e1b4a6e2d42bdb19d42a41affa) Importer(2089858483,b0f066a214c2f5e87bad3c948f4d605d) (ScriptedImporter) -> (artifact id: '003dd2e55e0a58f47a17db3b79b84bbb') in 0.0214181 seconds
Number of updated asset objects reloaded before import = 0Number of asset objects unloaded after import = 1

========================================================================
Received Import Request.
  Time since last request: 0.000040 seconds.
  path: Assets/Studio33 Interactive_[BasketBall] v1.1/Animations/Basketball Motions_Generic/1120_DunkRA.fbx
  artifactKey: Guid(7e2fdfe3595b4f040b33b1979903fee3) Importer(2089858483,b0f066a214c2f5e87bad3c948f4d605d)
Start importing Assets/Studio33 Interactive_[BasketBall] v1.1/Animations/Basketball Motions_Generic/1120_DunkRA.fbx using Guid(7e2fdfe3595b4f040b33b1979903fee3) Importer(2089858483,b0f066a214c2f5e87bad3c948f4d605d) (ScriptedImporter) -> (artifact id: '8412bddc50f140ee9b94cb36b1ffff68') in 0.0282654 seconds
Number of updated asset objects reloaded before import = 0Number of asset objects unloaded after import = 152

========================================================================
Received Import Request.
  Time since last request: 0.000040 seconds.
  path: Assets/Studio33 Interactive_[BasketBall] v1.1/Animations/Basketball Motions Humanoid/1563_LayupRA.fbx
  artifactKey: Guid(57d0a3719205be74d9bb6d95056ef925) Importer(2089858483,b0f066a214c2f5e87bad3c948f4d605d)
Start importing Assets/Studio33 Interactive_[BasketBall] v1.1/Animations/Basketball Motions Humanoid/1563_LayupRA.fbx using Guid(57d0a3719205be74d9bb6d95056ef925) Importer(2089858483,b0f066a214c2f5e87bad3c948f4d605d) (ScriptedImporter) -> (artifact id: '7375b5ebc3e054fe68dade8cc5fd189c') in 0.0309014 seconds
Number of updated asset objects reloaded before import = 0Number of asset objects unloaded after import = 154

========================================================================
Received Import Request.
  Time since last request: 0.000040 seconds.
  path: Assets/Studio33 Interactive_[BasketBall] v1.1/Animations/Basketball Motions_Generic/1284_DunkCA.fbx
  artifactKey: Guid(d49d6b27d662dc1498d17eaf53131b42) Importer(2089858483,b0f066a214c2f5e87bad3c948f4d605d)
Start importing Assets/Studio33 Interactive_[BasketBall] v1.1/Animations/Basketball Motions_Generic/1284_DunkCA.fbx using Guid(d49d6b27d662dc1498d17eaf53131b42) Importer(2089858483,b0f066a214c2f5e87bad3c948f4d605d) (ScriptedImporter) -> (artifact id: 'fa77dcd1f50048fbc20773220d70bba6') in 0.0349057 seconds
Number of updated asset objects reloaded before import = 0Number of asset objects unloaded after import = 152

========================================================================
Received Import Request.
  Time since last request: 0.000046 seconds.
  path: Assets/Studio33 Interactive_[BasketBall] v1.1/Animations/Basketball Motions_Generic/1705_TipiA.fbx
  artifactKey: Guid(da91fa76a1d41b34cb7b9972336b3b92) Importer(2089858483,b0f066a214c2f5e87bad3c948f4d605d)
Start importing Assets/Studio33 Interactive_[BasketBall] v1.1/Animations/Basketball Motions_Generic/1705_TipiA.fbx using Guid(da91fa76a1d41b34cb7b9972336b3b92) Importer(2089858483,b0f066a214c2f5e87bad3c948f4d605d) (ScriptedImporter) -> (artifact id: 'c9eca95ab394959752a95b1bc876f66c') in 0.0277511 seconds
Number of updated asset objects reloaded before import = 0Number of asset objects unloaded after import = 152

========================================================================
Received Import Request.
  Time since last request: 0.000045 seconds.
  path: Assets/Studio33 Interactive_[BasketBall] v1.1/Animations/Basketball Motions_Generic/1356_JumpshotMFakeA.fbx
  artifactKey: Guid(6efd6bcfd0371664699ae85899a0d0a4) Importer(2089858483,b0f066a214c2f5e87bad3c948f4d605d)
Start importing Assets/Studio33 Interactive_[BasketBall] v1.1/Animations/Basketball Motions_Generic/1356_JumpshotMFakeA.fbx using Guid(6efd6bcfd0371664699ae85899a0d0a4) Importer(2089858483,b0f066a214c2f5e87bad3c948f4d605d) (ScriptedImporter) -> (artifact id: '9b2df096a519f2cf2e89ecb4c7c431d6') in 0.0266156 seconds
Number of updated asset objects reloaded before import = 0Number of asset objects unloaded after import = 152

========================================================================
Received Import Request.
  Time since last request: 0.000038 seconds.
  path: Assets/Studio33 Interactive_[BasketBall] v1.1/Animations/Basketball Motions_Generic/354_CutirLA.fbx
  artifactKey: Guid(bc7483e3328698344867303bfb781a8a) Importer(2089858483,b0f066a214c2f5e87bad3c948f4d605d)
Start importing Assets/Studio33 Interactive_[BasketBall] v1.1/Animations/Basketball Motions_Generic/354_CutirLA.fbx using Guid(bc7483e3328698344867303bfb781a8a) Importer(2089858483,b0f066a214c2f5e87bad3c948f4d605d) (ScriptedImporter) -> (artifact id: '3fb2b542d7a4dccfc8c0ecf12f3a8665') in 0.0274237 seconds
Number of updated asset objects reloaded before import = 0Number of asset objects unloaded after import = 152

========================================================================
Received Import Request.
  Time since last request: 0.000041 seconds.
  path: Assets/Studio33 Interactive_[BasketBall] v1.1/Animations/Basketball Motions Humanoid/1548_JumpshotUFakeA.fbx
  artifactKey: Guid(05883c97551048441941bfe07fa06754) Importer(2089858483,b0f066a214c2f5e87bad3c948f4d605d)
Start importing Assets/Studio33 Interactive_[BasketBall] v1.1/Animations/Basketball Motions Humanoid/1548_JumpshotUFakeA.fbx using Guid(05883c97551048441941bfe07fa06754) Importer(2089858483,b0f066a214c2f5e87bad3c948f4d605d) (ScriptedImporter) -> (artifact id: '33ea2a8f2e17a7f8fb8011eb97bc40a5') in 0.0291527 seconds
Number of updated asset objects reloaded before import = 0Number of asset objects unloaded after import = 154

========================================================================
Received Import Request.
  Time since last request: 0.000046 seconds.
  path: Assets/Studio33 Interactive_[BasketBall] v1.1/Animations/Basketball Motions Humanoid/2210_Dribblele.fbx
  artifactKey: Guid(401fea075d4bf974b8585de5a8c743ec) Importer(2089858483,b0f066a214c2f5e87bad3c948f4d605d)
Start importing Assets/Studio33 Interactive_[BasketBall] v1.1/Animations/Basketball Motions Humanoid/2210_Dribblele.fbx using Guid(401fea075d4bf974b8585de5a8c743ec) Importer(2089858483,b0f066a214c2f5e87bad3c948f4d605d) (ScriptedImporter) -> (artifact id: '8fc1fc3330b5d2546b0d79dbc9502375') in 0.0357512 seconds
Number of updated asset objects reloaded before import = 0Number of asset objects unloaded after import = 154

========================================================================
Received Import Request.
  Time since last request: 0.000038 seconds.
  path: Assets/Studio33 Interactive_[BasketBall] v1.1/Animations/Basketball Motions_Generic/740_PostBackingpassKifA.fbx
  artifactKey: Guid(a7c1a60f7a560454ea6a69b0576da87d) Importer(2089858483,b0f066a214c2f5e87bad3c948f4d605d)
Start importing Assets/Studio33 Interactive_[BasketBall] v1.1/Animations/Basketball Motions_Generic/740_PostBackingpassKifA.fbx using Guid(a7c1a60f7a560454ea6a69b0576da87d) Importer(2089858483,b0f066a214c2f5e87bad3c948f4d605d) (ScriptedImporter) -> (artifact id: '1eeb7d01aedc66a79ac8983247043aba') in 0.0339149 seconds
Number of updated asset objects reloaded before import = 0Number of asset objects unloaded after import = 152

========================================================================
Received Import Request.
  Time since last request: 0.000039 seconds.
  path: Assets/Studio33 Interactive_[BasketBall] v1.1/Animations/Basketball Motions Humanoid/12_PostBackingpushedA.fbx
  artifactKey: Guid(d3cc4fa9c666add43b1cf5d838afd24a) Importer(2089858483,b0f066a214c2f5e87bad3c948f4d605d)
Start importing Assets/Studio33 Interactive_[BasketBall] v1.1/Animations/Basketball Motions Humanoid/12_PostBackingpushedA.fbx using Guid(d3cc4fa9c666add43b1cf5d838afd24a) Importer(2089858483,b0f066a214c2f5e87bad3c948f4d605d) (ScriptedImporter) -> (artifact id: '6dd4bf48dee68d4022456c33f6b097be') in 0.0308059 seconds
Number of updated asset objects reloaded before import = 0Number of asset objects unloaded after import = 154

========================================================================
Received Import Request.
  Time since last request: 0.000044 seconds.
  path: Assets/Studio33 Interactive_[BasketBall] v1.1/Animations/Basketball Motions_Generic/1144_DclutchRLeftA.fbx
  artifactKey: Guid(968fd0d0e472e6147b899b1ea1a3173a) Importer(2089858483,b0f066a214c2f5e87bad3c948f4d605d)
Start importing Assets/Studio33 Interactive_[BasketBall] v1.1/Animations/Basketball Motions_Generic/1144_DclutchRLeftA.fbx using Guid(968fd0d0e472e6147b899b1ea1a3173a) Importer(2089858483,b0f066a214c2f5e87bad3c948f4d605d) (ScriptedImporter) -> (artifact id: '7e3bf79e5bc35f4e70b2b6316c2fbabd') in 0.0283243 seconds
Number of updated asset objects reloaded before import = 0Number of asset objects unloaded after import = 152

========================================================================
Received Import Request.
  Time since last request: 0.000033 seconds.
  path: Assets/Studio33 Interactive_[BasketBall] v1.1/Animations/Basketball Motions Humanoid/816_PassKiA.fbx
  artifactKey: Guid(1917f229498235945835dac046ca130a) Importer(2089858483,b0f066a214c2f5e87bad3c948f4d605d)
Start importing Assets/Studio33 Interactive_[BasketBall] v1.1/Animations/Basketball Motions Humanoid/816_PassKiA.fbx using Guid(1917f229498235945835dac046ca130a) Importer(2089858483,b0f066a214c2f5e87bad3c948f4d605d) (ScriptedImporter) -> (artifact id: '6e582e5e842b8d04e52904d97f558dc0') in 0.0314214 seconds
Number of updated asset objects reloaded before import = 0Number of asset objects unloaded after import = 154

========================================================================
Received Import Request.
  Time since last request: 0.000045 seconds.
  path: Assets/Studio33 Interactive_[BasketBall] v1.1/Animations/Basketball Motions Humanoid/652_Rage.fbx
  artifactKey: Guid(daa43a8a967fd6f49a9ace60cef9fca7) Importer(2089858483,b0f066a214c2f5e87bad3c948f4d605d)
Start importing Assets/Studio33 Interactive_[BasketBall] v1.1/Animations/Basketball Motions Humanoid/652_Rage.fbx using Guid(daa43a8a967fd6f49a9ace60cef9fca7) Importer(2089858483,b0f066a214c2f5e87bad3c948f4d605d) (ScriptedImporter) -> (artifact id: 'a4659ae804b26c43d860ae4624311177') in 0.0291523 seconds
Number of updated asset objects reloaded before import = 0Number of asset objects unloaded after import = 154

========================================================================
Received Import Request.
  Time since last request: 0.000050 seconds.
  path: Assets/Studio33 Interactive_[BasketBall] v1.1/Animations/Basketball Motions Humanoid/1742_RstajumpshotMA.fbx
  artifactKey: Guid(faaa4094bea73b949a684374d8f268bc) Importer(2089858483,b0f066a214c2f5e87bad3c948f4d605d)
Start importing Assets/Studio33 Interactive_[BasketBall] v1.1/Animations/Basketball Motions Humanoid/1742_RstajumpshotMA.fbx using Guid(faaa4094bea73b949a684374d8f268bc) Importer(2089858483,b0f066a214c2f5e87bad3c948f4d605d) (ScriptedImporter) -> (artifact id: '32d491fe9ccc65a64bb872469990b6cd') in 0.0373781 seconds
Number of updated asset objects reloaded before import = 0Number of asset objects unloaded after import = 154

========================================================================
Received Import Request.
  Time since last request: 0.000035 seconds.
  path: Assets/Studio33 Interactive_[BasketBall] v1.1/Animations/Basketball Motions_Generic/147_TravRB.fbx
  artifactKey: Guid(baeb8142f2c57224f99008cbf097ef4a) Importer(815301076,1909f56bfc062723c751e8b465ee728b)
Start importing Assets/Studio33 Interactive_[BasketBall] v1.1/Animations/Basketball Motions_Generic/147_TravRB.fbx using Guid(baeb8142f2c57224f99008cbf097ef4a) Importer(815301076,1909f56bfc062723c751e8b465ee728b) (PreviewImporter) -> (artifact id: 'ea72d5952ce8e8b0d3c534699bba4f62') in 0.0451735 seconds
Number of updated asset objects reloaded before import = 0Number of asset objects unloaded after import = 152

========================================================================
Received Import Request.
  Time since last request: 0.000041 seconds.
  path: Assets/Studio33 Interactive_[BasketBall] v1.1/Animations/Basketball Motions_Generic/176_AirBigFrontA.fbx
  artifactKey: Guid(b1332a3fbe6498a40be57e38af18229f) Importer(815301076,1909f56bfc062723c751e8b465ee728b)
Start importing Assets/Studio33 Interactive_[BasketBall] v1.1/Animations/Basketball Motions_Generic/176_AirBigFrontA.fbx using Guid(b1332a3fbe6498a40be57e38af18229f) Importer(815301076,1909f56bfc062723c751e8b465ee728b) (PreviewImporter) -> (artifact id: '943778f599564f61e0af52f413030f67') in 0.0478174 seconds
Number of updated asset objects reloaded before import = 0Number of asset objects unloaded after import = 152

========================================================================
Received Import Request.
  Time since last request: 0.000059 seconds.
  path: Assets/Studio33 Interactive_[BasketBall] v1.1/Animations/Basketball Motions_Generic/86_BlockingckpassShortJumpFLA.fbx
  artifactKey: Guid(09451b149f42bfb4ea5dcca8baac7021) Importer(815301076,1909f56bfc062723c751e8b465ee728b)
Start importing Assets/Studio33 Interactive_[BasketBall] v1.1/Animations/Basketball Motions_Generic/86_BlockingckpassShortJumpFLA.fbx using Guid(09451b149f42bfb4ea5dcca8baac7021) Importer(815301076,1909f56bfc062723c751e8b465ee728b) (PreviewImporter) -> (artifact id: 'f5aee30e0f9d8ed30998fec8d595a88c') in 0.0473912 seconds
Number of updated asset objects reloaded before import = 0Number of asset objects unloaded after import = 152

========================================================================
Received Import Request.
  Time since last request: 0.000061 seconds.
  path: Assets/Studio33 Interactive_[BasketBall] v1.1/Animations/Basketball Motions_Generic/15_PostBackingpushedA.fbx
  artifactKey: Guid(c4d05a7f489c5eb4d981b8e54cdb9945) Importer(815301076,1909f56bfc062723c751e8b465ee728b)
Start importing Assets/Studio33 Interactive_[BasketBall] v1.1/Animations/Basketball Motions_Generic/15_PostBackingpushedA.fbx using Guid(c4d05a7f489c5eb4d981b8e54cdb9945) Importer(815301076,1909f56bfc062723c751e8b465ee728b) (PreviewImporter) -> (artifact id: '89ce007ec5be1d4bf23639e3c7e5ec27') in 0.0444515 seconds
Number of updated asset objects reloaded before import = 0Number of asset objects unloaded after import = 152

========================================================================
Received Import Request.
  Time since last request: 0.000044 seconds.
  path: Assets/Studio33 Interactive_[BasketBall] v1.1/Animations/Basketball Motions_Generic/1289_DunkCA.fbx
  artifactKey: Guid(e158e3c473b46834d930e76d94c7f3cd) Importer(2089858483,b0f066a214c2f5e87bad3c948f4d605d)
Start importing Assets/Studio33 Interactive_[BasketBall] v1.1/Animations/Basketball Motions_Generic/1289_DunkCA.fbx using Guid(e158e3c473b46834d930e76d94c7f3cd) Importer(2089858483,b0f066a214c2f5e87bad3c948f4d605d) (ScriptedImporter) -> (artifact id: '47d5ddec1e1caaae69819ed501e63a92') in 0.029008 seconds
Number of updated asset objects reloaded before import = 0Number of asset objects unloaded after import = 152

========================================================================
Received Import Request.
  Time since last request: 0.000063 seconds.
  path: Assets/Studio33 Interactive_[BasketBall] v1.1/Animations/Basketball Motions_Generic/37_BlockingshortJumpF.fbx
  artifactKey: Guid(7afa5401fe390c54ca42061236318cb0) Importer(2089858483,b0f066a214c2f5e87bad3c948f4d605d)
Start importing Assets/Studio33 Interactive_[BasketBall] v1.1/Animations/Basketball Motions_Generic/37_BlockingshortJumpF.fbx using Guid(7afa5401fe390c54ca42061236318cb0) Importer(2089858483,b0f066a214c2f5e87bad3c948f4d605d) (ScriptedImporter) -> (artifact id: '2b33213414fb030718554bbcd394465f') in 0.0291835 seconds
Number of updated asset objects reloaded before import = 0Number of asset objects unloaded after import = 152

========================================================================
Received Import Request.
  Time since last request: 0.000044 seconds.
  path: Assets/Studio33 Interactive_[BasketBall] v1.1/Animations/Basketball Motions_Generic/191_InsideTackeA.fbx
  artifactKey: Guid(df1cd4542ce7d014f8f9f71720a17fb2) Importer(2089858483,b0f066a214c2f5e87bad3c948f4d605d)
Start importing Assets/Studio33 Interactive_[BasketBall] v1.1/Animations/Basketball Motions_Generic/191_InsideTackeA.fbx using Guid(df1cd4542ce7d014f8f9f71720a17fb2) Importer(2089858483,b0f066a214c2f5e87bad3c948f4d605d) (ScriptedImporter) -> (artifact id: 'c1a88f7d12c0beaaf31e4bb91c413250') in 0.0267093 seconds
Number of updated asset objects reloaded before import = 0Number of asset objects unloaded after import = 152

========================================================================
Received Import Request.
  Time since last request: 0.000055 seconds.
  path: Assets/Studio33 Interactive_[BasketBall] v1.1/Animations/Basketball Motions_Generic/68_Shadowblolong.fbx
  artifactKey: Guid(55262e3c3bf4be64397ceb29a10059ee) Importer(815301076,1909f56bfc062723c751e8b465ee728b)
Start importing Assets/Studio33 Interactive_[BasketBall] v1.1/Animations/Basketball Motions_Generic/68_Shadowblolong.fbx using Guid(55262e3c3bf4be64397ceb29a10059ee) Importer(815301076,1909f56bfc062723c751e8b465ee728b) (PreviewImporter) -> (artifact id: 'da239800bddd7dba3ee9c742903ad5c3') in 0.0461665 seconds
Number of updated asset objects reloaded before import = 0Number of asset objects unloaded after import = 152

========================================================================
Received Import Request.
  Time since last request: 0.000045 seconds.
  path: Assets/Studio33 Interactive_[BasketBall] v1.1/Animations/Basketball Motions_Generic/206_PushPushRightA.fbx
  artifactKey: Guid(dd71aa6a75e792841be2db99e9235555) Importer(2089858483,b0f066a214c2f5e87bad3c948f4d605d)
Start importing Assets/Studio33 Interactive_[BasketBall] v1.1/Animations/Basketball Motions_Generic/206_PushPushRightA.fbx using Guid(dd71aa6a75e792841be2db99e9235555) Importer(2089858483,b0f066a214c2f5e87bad3c948f4d605d) (ScriptedImporter) -> (artifact id: '423923c4ab6a823455c568d32c19236c') in 0.0260224 seconds
Number of updated asset objects reloaded before import = 0Number of asset objects unloaded after import = 152

========================================================================
Received Import Request.
  Time since last request: 0.000063 seconds.
  path: Assets/Studio33 Interactive_[BasketBall] v1.1/Animations/Basketball Motions Humanoid/411_DefenceLeftA.fbx
  artifactKey: Guid(534a1deaf00121040a8d05bc105a71b4) Importer(2089858483,b0f066a214c2f5e87bad3c948f4d605d)
Start importing Assets/Studio33 Interactive_[BasketBall] v1.1/Animations/Basketball Motions Humanoid/411_DefenceLeftA.fbx using Guid(534a1deaf00121040a8d05bc105a71b4) Importer(2089858483,b0f066a214c2f5e87bad3c948f4d605d) (ScriptedImporter) -> (artifact id: 'caabaf217f36644c5637f8386007c6ad') in 0.0327897 seconds
Number of updated asset objects reloaded before import = 0Number of asset objects unloaded after import = 154

========================================================================
Received Import Request.
  Time since last request: 0.000040 seconds.
  path: Assets/Studio33 Interactive_[BasketBall] v1.1/Animations/Basketball Motions_Generic/641_MSlidingCFailA.fbx
  artifactKey: Guid(9d33fb6be56f6a94d81fbbbeb77d7449) Importer(2089858483,b0f066a214c2f5e87bad3c948f4d605d)
Start importing Assets/Studio33 Interactive_[BasketBall] v1.1/Animations/Basketball Motions_Generic/641_MSlidingCFailA.fbx using Guid(9d33fb6be56f6a94d81fbbbeb77d7449) Importer(2089858483,b0f066a214c2f5e87bad3c948f4d605d) (ScriptedImporter) -> (artifact id: '85fa6fd702d7ac9dd1849f090fa1e89f') in 0.0325473 seconds
Number of updated asset objects reloaded before import = 0Number of asset objects unloaded after import = 152

========================================================================
Received Import Request.
  Time since last request: 0.000047 seconds.
  path: Assets/Studio33 Interactive_[BasketBall] v1.1/Animations/Basketball Motions_Generic/119_ReboundAndBoxOutBaa.fbx
  artifactKey: Guid(a35237008af82a14296cc7bb1af704f2) Importer(815301076,1909f56bfc062723c751e8b465ee728b)
Start importing Assets/Studio33 Interactive_[BasketBall] v1.1/Animations/Basketball Motions_Generic/119_ReboundAndBoxOutBaa.fbx using Guid(a35237008af82a14296cc7bb1af704f2) Importer(815301076,1909f56bfc062723c751e8b465ee728b) (PreviewImporter) -> (artifact id: '3e92621848ba1dc04c29ee948c92a216') in 0.0470845 seconds
Number of updated asset objects reloaded before import = 0Number of asset objects unloaded after import = 152

========================================================================
Received Import Request.
  Time since last request: 0.000072 seconds.
  path: Assets/Studio33 Interactive_[BasketBall] v1.1/Animations/Basketball Motions Humanoid/1044_TappassTapFLA.fbx
  artifactKey: Guid(e9d159de70fe3534c9cb394d1c26c2fd) Importer(2089858483,b0f066a214c2f5e87bad3c948f4d605d)
Start importing Assets/Studio33 Interactive_[BasketBall] v1.1/Animations/Basketball Motions Humanoid/1044_TappassTapFLA.fbx using Guid(e9d159de70fe3534c9cb394d1c26c2fd) Importer(2089858483,b0f066a214c2f5e87bad3c948f4d605d) (ScriptedImporter) -> (artifact id: 'd0db9addbeb88b863e8a04194cebc9fb') in 0.034329 seconds
Number of updated asset objects reloaded before import = 0Number of asset objects unloaded after import = 154

========================================================================
Received Import Request.
  Time since last request: 0.000041 seconds.
  path: Assets/Studio33 Interactive_[BasketBall] v1.1/Animations/Basketball Motions_Generic/1286_DunkCA.fbx
  artifactKey: Guid(69c7cba3a89021a4e8a790cd2f03a8de) Importer(2089858483,b0f066a214c2f5e87bad3c948f4d605d)
Start importing Assets/Studio33 Interactive_[BasketBall] v1.1/Animations/Basketball Motions_Generic/1286_DunkCA.fbx using Guid(69c7cba3a89021a4e8a790cd2f03a8de) Importer(2089858483,b0f066a214c2f5e87bad3c948f4d605d) (ScriptedImporter) -> (artifact id: 'fb147c27c0808ebef79a7c460f2f8b9d') in 0.0278647 seconds
Number of updated asset objects reloaded before import = 0Number of asset objects unloaded after import = 152

========================================================================
Received Import Request.
  Time since last request: 0.000051 seconds.
  path: Assets/Studio33 Interactive_[BasketBall] v1.1/Animations/Basketball Motions_Generic/163_PushPushFrontA.fbx
  artifactKey: Guid(adbf5f9ab2e2ac1419249b6cc6ccda05) Importer(815301076,1909f56bfc062723c751e8b465ee728b)
Start importing Assets/Studio33 Interactive_[BasketBall] v1.1/Animations/Basketball Motions_Generic/163_PushPushFrontA.fbx using Guid(adbf5f9ab2e2ac1419249b6cc6ccda05) Importer(815301076,1909f56bfc062723c751e8b465ee728b) (PreviewImporter) -> (artifact id: 'db368cea14c89b81f49b8cd31ceb35b1') in 0.0524396 seconds
Number of updated asset objects reloaded before import = 0Number of asset objects unloaded after import = 152

========================================================================
Received Import Request.
  Time since last request: 0.000064 seconds.
  path: Assets/Studio33 Interactive_[BasketBall] v1.1/Animations/Basketball Motions Humanoid/431_MarkQuistepR.fbx
  artifactKey: Guid(820e641862c5599478bbe30eeb97c689) Importer(2089858483,b0f066a214c2f5e87bad3c948f4d605d)
Start importing Assets/Studio33 Interactive_[BasketBall] v1.1/Animations/Basketball Motions Humanoid/431_MarkQuistepR.fbx using Guid(820e641862c5599478bbe30eeb97c689) Importer(2089858483,b0f066a214c2f5e87bad3c948f4d605d) (ScriptedImporter) -> (artifact id: '4e0472ebc8c748a9557893f936dbdb69') in 0.029389 seconds
Number of updated asset objects reloaded before import = 0Number of asset objects unloaded after import = 154

========================================================================
Received Import Request.
  Time since last request: 0.000041 seconds.
  path: Assets/Studio33 Interactive_[BasketBall] v1.1/Animations/Basketball Motions_Generic/2096_DunkShoulderCA.fbx
  artifactKey: Guid(b7c0b244a80c13a45bf477bd6394868d) Importer(2089858483,b0f066a214c2f5e87bad3c948f4d605d)
Start importing Assets/Studio33 Interactive_[BasketBall] v1.1/Animations/Basketball Motions_Generic/2096_DunkShoulderCA.fbx using Guid(b7c0b244a80c13a45bf477bd6394868d) Importer(2089858483,b0f066a214c2f5e87bad3c948f4d605d) (ScriptedImporter) -> (artifact id: 'da5a7097b0bf52f587ae8aaf6492b32f') in 0.031155 seconds
Number of updated asset objects reloaded before import = 0Number of asset objects unloaded after import = 152

========================================================================
Received Import Request.
  Time since last request: 0.000037 seconds.
  path: Assets/Studio33 Interactive_[BasketBall] v1.1/Animations/Basketball Motions Humanoid/2178_Dribbleright.fbx
  artifactKey: Guid(60a65220c5203c640874562dbfcaa7ee) Importer(2089858483,b0f066a214c2f5e87bad3c948f4d605d)
Start importing Assets/Studio33 Interactive_[BasketBall] v1.1/Animations/Basketball Motions Humanoid/2178_Dribbleright.fbx using Guid(60a65220c5203c640874562dbfcaa7ee) Importer(2089858483,b0f066a214c2f5e87bad3c948f4d605d) (ScriptedImporter) -> (artifact id: '59bf5ddd723dbf13ef5ef22d81b1dbee') in 0.031944 seconds
Number of updated asset objects reloaded before import = 0Number of asset objects unloaded after import = 154

========================================================================
Received Import Request.
  Time since last request: 0.000044 seconds.
  path: Assets/Studio33 Interactive_[BasketBall] v1.1/Animations/Basketball Motions Humanoid/312_TurnstepOverLA.fbx
  artifactKey: Guid(b6265bee7121ee540af519996c9edace) Importer(2089858483,b0f066a214c2f5e87bad3c948f4d605d)
Start importing Assets/Studio33 Interactive_[BasketBall] v1.1/Animations/Basketball Motions Humanoid/312_TurnstepOverLA.fbx using Guid(b6265bee7121ee540af519996c9edace) Importer(2089858483,b0f066a214c2f5e87bad3c948f4d605d) (ScriptedImporter) -> (artifact id: '50e7d0c551025944e322a3d0159f868b') in 0.029057 seconds
Number of updated asset objects reloaded before import = 0Number of asset objects unloaded after import = 154

========================================================================
Received Import Request.
  Time since last request: 0.000059 seconds.
  path: Assets/Studio33 Interactive_[BasketBall] v1.1/Animations/Basketball Motions Humanoid/646_Run.fbx
  artifactKey: Guid(4e3f67bf38499e24eaf0be7c35b6a544) Importer(2089858483,b0f066a214c2f5e87bad3c948f4d605d)
Start importing Assets/Studio33 Interactive_[BasketBall] v1.1/Animations/Basketball Motions Humanoid/646_Run.fbx using Guid(4e3f67bf38499e24eaf0be7c35b6a544) Importer(2089858483,b0f066a214c2f5e87bad3c948f4d605d) (ScriptedImporter) -> (artifact id: '92532eec0355a8dce1d843dd30c61212') in 0.0291704 seconds
Number of updated asset objects reloaded before import = 0Number of asset objects unloaded after import = 154

========================================================================
Received Import Request.
  Time since last request: 0.000047 seconds.
  path: Assets/Studio33 Interactive_[BasketBall] v1.1/Animations/Basketball Motions_Generic/1082_Screebaa.fbx
  artifactKey: Guid(89774610b15a571439dde1dd4f003423) Importer(2089858483,b0f066a214c2f5e87bad3c948f4d605d)
Start importing Assets/Studio33 Interactive_[BasketBall] v1.1/Animations/Basketball Motions_Generic/1082_Screebaa.fbx using Guid(89774610b15a571439dde1dd4f003423) Importer(2089858483,b0f066a214c2f5e87bad3c948f4d605d) (ScriptedImporter) -> (artifact id: '2e0796a8f1956367fe75f602c68e52bc') in 0.0286958 seconds
Number of updated asset objects reloaded before import = 0Number of asset objects unloaded after import = 152

========================================================================
Received Import Request.
  Time since last request: 0.000041 seconds.
  path: Assets/Studio33 Interactive_[BasketBall] v1.1/Animations/Basketball Motions Humanoid/145_StopRA.fbx
  artifactKey: Guid(b226443fce156b541b1f9cea28e11956) Importer(2089858483,b0f066a214c2f5e87bad3c948f4d605d)
Start importing Assets/Studio33 Interactive_[BasketBall] v1.1/Animations/Basketball Motions Humanoid/145_StopRA.fbx using Guid(b226443fce156b541b1f9cea28e11956) Importer(2089858483,b0f066a214c2f5e87bad3c948f4d605d) (ScriptedImporter) -> (artifact id: 'f8ef071e28ca7b74a88df60e2a498d62') in 0.0277142 seconds
Number of updated asset objects reloaded before import = 0Number of asset objects unloaded after import = 154

========================================================================
Received Import Request.
  Time since last request: 0.000055 seconds.
  path: Assets/Studio33 Interactive_[BasketBall] v1.1/Animations/Basketball Motions Humanoid/2089_DunkCA.fbx
  artifactKey: Guid(baaf1c7f695cbe440af4ef53c049c93c) Importer(2089858483,b0f066a214c2f5e87bad3c948f4d605d)
Start importing Assets/Studio33 Interactive_[BasketBall] v1.1/Animations/Basketball Motions Humanoid/2089_DunkCA.fbx using Guid(baaf1c7f695cbe440af4ef53c049c93c) Importer(2089858483,b0f066a214c2f5e87bad3c948f4d605d) (ScriptedImporter) -> (artifact id: '6cdbca42fdce40c945684173e00acbb2') in 0.037607 seconds
Number of updated asset objects reloaded before import = 0Number of asset objects unloaded after import = 154

========================================================================
Received Import Request.
  Time since last request: 0.000040 seconds.
  path: Assets/Studio33 Interactive_[BasketBall] v1.1/33_basket ball test animations/player/Back_number/Back_number_B/Back_number_B_c13.png
  artifactKey: Guid(36e09c1f795424b4bae4e3a8164a8c7f) Importer(2089858483,b0f066a214c2f5e87bad3c948f4d605d)
Start importing Assets/Studio33 Interactive_[BasketBall] v1.1/33_basket ball test animations/player/Back_number/Back_number_B/Back_number_B_c13.png using Guid(36e09c1f795424b4bae4e3a8164a8c7f) Importer(2089858483,b0f066a214c2f5e87bad3c948f4d605d) (ScriptedImporter) -> (artifact id: '0ca838fb7e2c47c6bbb63d3a895e049e') in 0.0197123 seconds
Number of updated asset objects reloaded before import = 0Number of asset objects unloaded after import = 1

========================================================================
Received Import Request.
  Time since last request: 0.000048 seconds.
  path: Assets/Studio33 Interactive_[BasketBall] v1.1/Animations/Basketball Motions Humanoid/2039_JumpshotMFakeA.fbx
  artifactKey: Guid(30e960a6b3bc6804093e04489e35a992) Importer(2089858483,b0f066a214c2f5e87bad3c948f4d605d)
Start importing Assets/Studio33 Interactive_[BasketBall] v1.1/Animations/Basketball Motions Humanoid/2039_JumpshotMFakeA.fbx using Guid(30e960a6b3bc6804093e04489e35a992) Importer(2089858483,b0f066a214c2f5e87bad3c948f4d605d) (ScriptedImporter) -> (artifact id: '092f3cb44e1e3f53430e0c49e9d57190') in 0.0302179 seconds
Number of updated asset objects reloaded before import = 0Number of asset objects unloaded after import = 154

========================================================================
Received Import Request.
  Time since last request: 0.000062 seconds.
  path: Assets/Studio33 Interactive_[BasketBall] v1.1/Animations/Basketball Motions_Generic/141_CollisiohopstepFFaA.fbx
  artifactKey: Guid(cb1ffb08f8404e646afa9390eda1dbe2) Importer(815301076,1909f56bfc062723c751e8b465ee728b)
Start importing Assets/Studio33 Interactive_[BasketBall] v1.1/Animations/Basketball Motions_Generic/141_CollisiohopstepFFaA.fbx using Guid(cb1ffb08f8404e646afa9390eda1dbe2) Importer(815301076,1909f56bfc062723c751e8b465ee728b) (PreviewImporter) -> (artifact id: '4dbe3a2da21a783aa91bc638344059c0') in 0.0400034 seconds
Number of updated asset objects reloaded before import = 0Number of asset objects unloaded after import = 152

========================================================================
Received Import Request.
  Time since last request: 0.000035 seconds.
  path: Assets/Studio33 Interactive_[BasketBall] v1.1/Animations/Basketball Motions Humanoid/1332_JumpshotCFakeA.fbx
  artifactKey: Guid(3e02784e1f7589143883a88e4cfa9087) Importer(2089858483,b0f066a214c2f5e87bad3c948f4d605d)
Start importing Assets/Studio33 Interactive_[BasketBall] v1.1/Animations/Basketball Motions Humanoid/1332_JumpshotCFakeA.fbx using Guid(3e02784e1f7589143883a88e4cfa9087) Importer(2089858483,b0f066a214c2f5e87bad3c948f4d605d) (ScriptedImporter) -> (artifact id: '03b0fd50206a05961f02f25e7b5d3573') in 0.0292165 seconds
Number of updated asset objects reloaded before import = 0Number of asset objects unloaded after import = 154

========================================================================
Received Import Request.
  Time since last request: 0.000041 seconds.
  path: Assets/Studio33 Interactive_[BasketBall] v1.1/Animations/Basketball Motions Humanoid/2060_DunkRA.fbx
  artifactKey: Guid(b6695ee28607d564eaff51039378096b) Importer(2089858483,b0f066a214c2f5e87bad3c948f4d605d)
Start importing Assets/Studio33 Interactive_[BasketBall] v1.1/Animations/Basketball Motions Humanoid/2060_DunkRA.fbx using Guid(b6695ee28607d564eaff51039378096b) Importer(2089858483,b0f066a214c2f5e87bad3c948f4d605d) (ScriptedImporter) -> (artifact id: '3a6d04f543591ac82e924ce4959f2311') in 0.0295892 seconds
Number of updated asset objects reloaded before import = 0Number of asset objects unloaded after import = 154

========================================================================
Received Import Request.
  Time since last request: 0.000040 seconds.
  path: Assets/Studio33 Interactive_[BasketBall] v1.1/Animations/Basketball Motions_Generic/1_PostBackingStepA.fbx
  artifactKey: Guid(3aa5e50fe7738f74e98de0f92bd6b45f) Importer(815301076,1909f56bfc062723c751e8b465ee728b)
Start importing Assets/Studio33 Interactive_[BasketBall] v1.1/Animations/Basketball Motions_Generic/1_PostBackingStepA.fbx using Guid(3aa5e50fe7738f74e98de0f92bd6b45f) Importer(815301076,1909f56bfc062723c751e8b465ee728b) (PreviewImporter) -> (artifact id: 'ef5dc19df73dc7fd18d0f185a6d44c6d') in 0.0437845 seconds
Number of updated asset objects reloaded before import = 0Number of asset objects unloaded after import = 152

========================================================================
Received Import Request.
  Time since last request: 0.000037 seconds.
  path: Assets/Studio33 Interactive_[BasketBall] v1.1/Animations/Basketball Motions_Generic/89_BlockingdashF.fbx
  artifactKey: Guid(bd7ac5e723c32a040868a0e646da7a77) Importer(815301076,1909f56bfc062723c751e8b465ee728b)
Start importing Assets/Studio33 Interactive_[BasketBall] v1.1/Animations/Basketball Motions_Generic/89_BlockingdashF.fbx using Guid(bd7ac5e723c32a040868a0e646da7a77) Importer(815301076,1909f56bfc062723c751e8b465ee728b) (PreviewImporter) -> (artifact id: 'f687e6388f874c94f0f5682165b4f408') in 0.0444646 seconds
Number of updated asset objects reloaded before import = 0Number of asset objects unloaded after import = 152

========================================================================
Received Import Request.
  Time since last request: 0.000033 seconds.
  path: Assets/Studio33 Interactive_[BasketBall] v1.1/Animations/Basketball Motions Humanoid/1939_DunkRA.fbx
  artifactKey: Guid(2f547274e9409d34fa05e0335e9c85c2) Importer(2089858483,b0f066a214c2f5e87bad3c948f4d605d)
Start importing Assets/Studio33 Interactive_[BasketBall] v1.1/Animations/Basketball Motions Humanoid/1939_DunkRA.fbx using Guid(2f547274e9409d34fa05e0335e9c85c2) Importer(2089858483,b0f066a214c2f5e87bad3c948f4d605d) (ScriptedImporter) -> (artifact id: '353ae96f2a207ea25e2bdd782a25ced3') in 0.0349569 seconds
Number of updated asset objects reloaded before import = 0Number of asset objects unloaded after import = 154

========================================================================
Received Import Request.
  Time since last request: 0.000044 seconds.
  path: Assets/Studio33 Interactive_[BasketBall] v1.1/Animations/Basketball Motions_Generic/1740_RrulayupRA.fbx
  artifactKey: Guid(d62df404def2e8249b1f7cd57214adba) Importer(2089858483,b0f066a214c2f5e87bad3c948f4d605d)
Start importing Assets/Studio33 Interactive_[BasketBall] v1.1/Animations/Basketball Motions_Generic/1740_RrulayupRA.fbx using Guid(d62df404def2e8249b1f7cd57214adba) Importer(2089858483,b0f066a214c2f5e87bad3c948f4d605d) (ScriptedImporter) -> (artifact id: 'eac57c13024332990555520021137c21') in 0.0298273 seconds
Number of updated asset objects reloaded before import = 0Number of asset objects unloaded after import = 152

========================================================================
Received Import Request.
  Time since last request: 0.000040 seconds.
  path: Assets/Studio33 Interactive_[BasketBall] v1.1/Animations/Basketball Motions Humanoid/1776_DunkCAG.fbx
  artifactKey: Guid(a07f6ed5bfe1e4049811a55f2ad6e302) Importer(2089858483,b0f066a214c2f5e87bad3c948f4d605d)
Start importing Assets/Studio33 Interactive_[BasketBall] v1.1/Animations/Basketball Motions Humanoid/1776_DunkCAG.fbx using Guid(a07f6ed5bfe1e4049811a55f2ad6e302) Importer(2089858483,b0f066a214c2f5e87bad3c948f4d605d) (ScriptedImporter) -> (artifact id: '9f33ef2e77833b817f200a0a208a2430') in 0.0307923 seconds
Number of updated asset objects reloaded before import = 0Number of asset objects unloaded after import = 154

========================================================================
Received Import Request.
  Time since last request: 0.000051 seconds.
  path: Assets/Studio33 Interactive_[BasketBall] v1.1/Animations/Basketball Motions Humanoid/7_PostBackingpushedA.fbx
  artifactKey: Guid(208bc9357c5bd2c4b83760d7609c4a4a) Importer(2089858483,b0f066a214c2f5e87bad3c948f4d605d)
Start importing Assets/Studio33 Interactive_[BasketBall] v1.1/Animations/Basketball Motions Humanoid/7_PostBackingpushedA.fbx using Guid(208bc9357c5bd2c4b83760d7609c4a4a) Importer(2089858483,b0f066a214c2f5e87bad3c948f4d605d) (ScriptedImporter) -> (artifact id: '8ee38636d21335de95b21dad95a45605') in 0.0306041 seconds
Number of updated asset objects reloaded before import = 0Number of asset objects unloaded after import = 154

========================================================================
Received Import Request.
  Time since last request: 0.000058 seconds.
  path: Assets/Studio33 Interactive_[BasketBall] v1.1/Animations/Basketball Motions Humanoid/217_CrossEurostepLayupC.fbx
  artifactKey: Guid(875e474ebafe0b04e80b24c3f9d4e5a9) Importer(2089858483,b0f066a214c2f5e87bad3c948f4d605d)
Start importing Assets/Studio33 Interactive_[BasketBall] v1.1/Animations/Basketball Motions Humanoid/217_CrossEurostepLayupC.fbx using Guid(875e474ebafe0b04e80b24c3f9d4e5a9) Importer(2089858483,b0f066a214c2f5e87bad3c948f4d605d) (ScriptedImporter) -> (artifact id: '07d101b90cf2c076d032945f601745b0') in 0.0287713 seconds
Number of updated asset objects reloaded before import = 0Number of asset objects unloaded after import = 154

========================================================================
Received Import Request.
  Time since last request: 0.000038 seconds.
  path: Assets/Studio33 Interactive_[BasketBall] v1.1/Animations/Basketball Motions Humanoid/576_StealpassFA.fbx
  artifactKey: Guid(feaa3534c73032a4fbf1979f38adad88) Importer(2089858483,b0f066a214c2f5e87bad3c948f4d605d)
Start importing Assets/Studio33 Interactive_[BasketBall] v1.1/Animations/Basketball Motions Humanoid/576_StealpassFA.fbx using Guid(feaa3534c73032a4fbf1979f38adad88) Importer(2089858483,b0f066a214c2f5e87bad3c948f4d605d) (ScriptedImporter) -> (artifact id: '7037e4fff2cb7bf87be7d845beff3ac5') in 0.0300415 seconds
Number of updated asset objects reloaded before import = 0Number of asset objects unloaded after import = 154

========================================================================
Received Import Request.
  Time since last request: 0.000051 seconds.
  path: Assets/Studio33 Interactive_[BasketBall] v1.1/Animations/Basketball Motions_Generic/69_Shadowbloshort.fbx
  artifactKey: Guid(019ed7a6873af8443a440820d98f3851) Importer(815301076,1909f56bfc062723c751e8b465ee728b)
Start importing Assets/Studio33 Interactive_[BasketBall] v1.1/Animations/Basketball Motions_Generic/69_Shadowbloshort.fbx using Guid(019ed7a6873af8443a440820d98f3851) Importer(815301076,1909f56bfc062723c751e8b465ee728b) (PreviewImporter) -> (artifact id: 'b5d8c1429d5475c463b2120a7eba835c') in 0.0447031 seconds
Number of updated asset objects reloaded before import = 0Number of asset objects unloaded after import = 152

========================================================================
Received Import Request.
  Time since last request: 0.000049 seconds.
  path: Assets/Studio33 Interactive_[BasketBall] v1.1/Animations/Basketball Motions_Generic/171_TravRA.fbx
  artifactKey: Guid(15b290ce4cf647a40baa1a757c96103e) Importer(815301076,1909f56bfc062723c751e8b465ee728b)
Start importing Assets/Studio33 Interactive_[BasketBall] v1.1/Animations/Basketball Motions_Generic/171_TravRA.fbx using Guid(15b290ce4cf647a40baa1a757c96103e) Importer(815301076,1909f56bfc062723c751e8b465ee728b) (PreviewImporter) -> (artifact id: '65943ff399ef7b5a0edd188aa7244217') in 0.0440689 seconds
Number of updated asset objects reloaded before import = 0Number of asset objects unloaded after import = 152

========================================================================
Received Import Request.
  Time since last request: 0.000045 seconds.
  path: Assets/Studio33 Interactive_[BasketBall] v1.1/Animations/Basketball Motions Humanoid/419_MarkSideStifL.fbx
  artifactKey: Guid(1fa77ebcc044f8b41959603dffb7d968) Importer(2089858483,b0f066a214c2f5e87bad3c948f4d605d)
Start importing Assets/Studio33 Interactive_[BasketBall] v1.1/Animations/Basketball Motions Humanoid/419_MarkSideStifL.fbx using Guid(1fa77ebcc044f8b41959603dffb7d968) Importer(2089858483,b0f066a214c2f5e87bad3c948f4d605d) (ScriptedImporter) -> (artifact id: '1eec609337ea074f01a11826c48edcd1') in 0.0364986 seconds
Number of updated asset objects reloaded before import = 0Number of asset objects unloaded after import = 154

========================================================================
Received Import Request.
  Time since last request: 0.000045 seconds.
  path: Assets/Studio33 Interactive_[BasketBall] v1.1/Animations/Basketball Motions Humanoid/2114_RstajumpshotMFakeA.fbx
  artifactKey: Guid(561c3d30d1423c44181300e5d4484395) Importer(2089858483,b0f066a214c2f5e87bad3c948f4d605d)
Start importing Assets/Studio33 Interactive_[BasketBall] v1.1/Animations/Basketball Motions Humanoid/2114_RstajumpshotMFakeA.fbx using Guid(561c3d30d1423c44181300e5d4484395) Importer(2089858483,b0f066a214c2f5e87bad3c948f4d605d) (ScriptedImporter) -> (artifact id: '96c8ece5724a7cf4c404705098c3808d') in 0.0307384 seconds
Number of updated asset objects reloaded before import = 0Number of asset objects unloaded after import = 154

========================================================================
Received Import Request.
  Time since last request: 0.000055 seconds.
  path: Assets/Studio33 Interactive_[BasketBall] v1.1/Animations/Basketball Motions_Generic/737_AlleyooppassCA.fbx
  artifactKey: Guid(e36a75e654c2e9c43bba77d7326ab755) Importer(2089858483,b0f066a214c2f5e87bad3c948f4d605d)
Start importing Assets/Studio33 Interactive_[BasketBall] v1.1/Animations/Basketball Motions_Generic/737_AlleyooppassCA.fbx using Guid(e36a75e654c2e9c43bba77d7326ab755) Importer(2089858483,b0f066a214c2f5e87bad3c948f4d605d) (ScriptedImporter) -> (artifact id: 'bb979b4ef8edbcca4ba7ec837a314ef8') in 0.0266691 seconds
Number of updated asset objects reloaded before import = 0Number of asset objects unloaded after import = 152

========================================================================
Received Import Request.
  Time since last request: 0.000041 seconds.
  path: Assets/Studio33 Interactive_[BasketBall] v1.1/Animations/Basketball Motions_Generic/253_CrossFakeStepRTrA.fbx
  artifactKey: Guid(e35b5bd1c3f77c148bcfb7d090f3a6ed) Importer(2089858483,b0f066a214c2f5e87bad3c948f4d605d)
Start importing Assets/Studio33 Interactive_[BasketBall] v1.1/Animations/Basketball Motions_Generic/253_CrossFakeStepRTrA.fbx using Guid(e35b5bd1c3f77c148bcfb7d090f3a6ed) Importer(2089858483,b0f066a214c2f5e87bad3c948f4d605d) (ScriptedImporter) -> (artifact id: '109986d710dd0b2270ea474ecf88e42a') in 0.0279634 seconds
Number of updated asset objects reloaded before import = 0Number of asset objects unloaded after import = 152

========================================================================
Received Import Request.
  Time since last request: 0.000042 seconds.
  path: Assets/Studio33 Interactive_[BasketBall] v1.1/Animations/Basketball Motions Humanoid/111_BlockingckpassShortJumpFFA.fbx
  artifactKey: Guid(155c537fbfeaf6b41b7a261f60892ac1) Importer(2089858483,b0f066a214c2f5e87bad3c948f4d605d)
Start importing Assets/Studio33 Interactive_[BasketBall] v1.1/Animations/Basketball Motions Humanoid/111_BlockingckpassShortJumpFFA.fbx using Guid(155c537fbfeaf6b41b7a261f60892ac1) Importer(2089858483,b0f066a214c2f5e87bad3c948f4d605d) (ScriptedImporter) -> (artifact id: '2d753f9549c38600ad164a8211c2cb2d') in 0.0285229 seconds
Number of updated asset objects reloaded before import = 0Number of asset objects unloaded after import = 154

========================================================================
Received Import Request.
  Time since last request: 0.000044 seconds.
  path: Assets/Studio33 Interactive_[BasketBall] v1.1/Animations/Basketball Motions Humanoid/1812_DunkRA.fbx
  artifactKey: Guid(89eb15da2ea88bf45b8d1bc579ccf66b) Importer(2089858483,b0f066a214c2f5e87bad3c948f4d605d)
Start importing Assets/Studio33 Interactive_[BasketBall] v1.1/Animations/Basketball Motions Humanoid/1812_DunkRA.fbx using Guid(89eb15da2ea88bf45b8d1bc579ccf66b) Importer(2089858483,b0f066a214c2f5e87bad3c948f4d605d) (ScriptedImporter) -> (artifact id: '092c94f8e02e7cf89a761bdf40e3307e') in 0.0303077 seconds
Number of updated asset objects reloaded before import = 0Number of asset objects unloaded after import = 154

========================================================================
Received Import Request.
  Time since last request: 0.000042 seconds.
  path: Assets/Studio33 Interactive_[BasketBall] v1.1/Animations/Basketball Motions_Generic/175_AirBigBaA.fbx
  artifactKey: Guid(295b160ff8467e744ba7b04aee7b7bfd) Importer(815301076,1909f56bfc062723c751e8b465ee728b)
Start importing Assets/Studio33 Interactive_[BasketBall] v1.1/Animations/Basketball Motions_Generic/175_AirBigBaA.fbx using Guid(295b160ff8467e744ba7b04aee7b7bfd) Importer(815301076,1909f56bfc062723c751e8b465ee728b) (PreviewImporter) -> (artifact id: '7856b313fcd438161a8e8da2d9e26ce5') in 0.0493434 seconds
Number of updated asset objects reloaded before import = 0Number of asset objects unloaded after import = 152

========================================================================
Received Import Request.
  Time since last request: 0.000044 seconds.
  path: Assets/Studio33 Interactive_[BasketBall] v1.1/Animations/Basketball Motions Humanoid/342_JabstepRLA.fbx
  artifactKey: Guid(c74220873add5f342afe0bd8efc1a31e) Importer(2089858483,b0f066a214c2f5e87bad3c948f4d605d)
Start importing Assets/Studio33 Interactive_[BasketBall] v1.1/Animations/Basketball Motions Humanoid/342_JabstepRLA.fbx using Guid(c74220873add5f342afe0bd8efc1a31e) Importer(2089858483,b0f066a214c2f5e87bad3c948f4d605d) (ScriptedImporter) -> (artifact id: '95763d801a691d1114f91815f43c7219') in 0.034961 seconds
Number of updated asset objects reloaded before import = 0Number of asset objects unloaded after import = 154

========================================================================
Received Import Request.
  Time since last request: 0.000056 seconds.
  path: Assets/Studio33 Interactive_[BasketBall] v1.1/Animations/Basketball Motions_Generic/1704_SkyhookRA.fbx
  artifactKey: Guid(974196d0c66870c46af79bf68754d963) Importer(2089858483,b0f066a214c2f5e87bad3c948f4d605d)
Start importing Assets/Studio33 Interactive_[BasketBall] v1.1/Animations/Basketball Motions_Generic/1704_SkyhookRA.fbx using Guid(974196d0c66870c46af79bf68754d963) Importer(2089858483,b0f066a214c2f5e87bad3c948f4d605d) (ScriptedImporter) -> (artifact id: '296fc8f0673129fe66fe8cebca8c9dee') in 0.044371 seconds
Number of updated asset objects reloaded before import = 0Number of asset objects unloaded after import = 152

========================================================================
Received Import Request.
  Time since last request: 0.000055 seconds.
  path: Assets/Studio33 Interactive_[BasketBall] v1.1/Animations/Basketball Motions_Generic/112_BlockingckpassShortLayupFFA.fbx
  artifactKey: Guid(30ce0778d70e19a42b636717f22861dd) Importer(815301076,1909f56bfc062723c751e8b465ee728b)
Start importing Assets/Studio33 Interactive_[BasketBall] v1.1/Animations/Basketball Motions_Generic/112_BlockingckpassShortLayupFFA.fbx using Guid(30ce0778d70e19a42b636717f22861dd) Importer(815301076,1909f56bfc062723c751e8b465ee728b) (PreviewImporter) -> (artifact id: 'ea5a327deeb907ed1aa9c071ab737380') in 0.044586 seconds
Number of updated asset objects reloaded before import = 0Number of asset objects unloaded after import = 152

========================================================================
Received Import Request.
  Time since last request: 0.000036 seconds.
  path: Assets/Studio33 Interactive_[BasketBall] v1.1/33_basket ball test animations/player/basketballPlayer_NoRootBone.fbx
  artifactKey: Guid(5a0bc87dfed24a748a4762318235c2de) Importer(2089858483,b0f066a214c2f5e87bad3c948f4d605d)
Start importing Assets/Studio33 Interactive_[BasketBall] v1.1/33_basket ball test animations/player/basketballPlayer_NoRootBone.fbx using Guid(5a0bc87dfed24a748a4762318235c2de) Importer(2089858483,b0f066a214c2f5e87bad3c948f4d605d) (ScriptedImporter) -> (artifact id: '0d75e9be910b8469ed40126ae2b48263') in 0.0488456 seconds
Number of updated asset objects reloaded before import = 0Number of asset objects unloaded after import = 159

========================================================================
Received Import Request.
  Time since last request: 0.000043 seconds.
  path: Assets/Studio33 Interactive_[BasketBall] v1.1/Animations/Basketball Motions Humanoid/532_KneehemFakeA.fbx
  artifactKey: Guid(252943dad9d62304bae748873249406f) Importer(2089858483,b0f066a214c2f5e87bad3c948f4d605d)
Start importing Assets/Studio33 Interactive_[BasketBall] v1.1/Animations/Basketball Motions Humanoid/532_KneehemFakeA.fbx using Guid(252943dad9d62304bae748873249406f) Importer(2089858483,b0f066a214c2f5e87bad3c948f4d605d) (ScriptedImporter) -> (artifact id: 'e55309e57643ddcfe2d60c7435f94ea3') in 0.0316953 seconds
Number of updated asset objects reloaded before import = 0Number of asset objects unloaded after import = 154

